23-Aug-2026 12:44:25.911 INFOS [main] org.apache.catalina.startup.VersionLoggerListener.log Nom version serveur :              Apache Tomcat/10.1.42
23-Aug-2026 12:44:25.918 INFOS [main] org.apache.catalina.startup.VersionLoggerListener.log Serveur compilé :                  Jun 5 2025 22:35:46 UTC
23-Aug-2026 12:44:25.918 INFOS [main] org.apache.catalina.startup.VersionLoggerListener.log Version du serveur :               10.1.42.0
23-Aug-2026 12:44:25.919 INFOS [main] org.apache.catalina.startup.VersionLoggerListener.log Nom de l'OS :                      Windows 11
23-Aug-2026 12:44:25.919 INFOS [main] org.apache.catalina.startup.VersionLoggerListener.log Version OS :                       10.0
23-Aug-2026 12:44:25.919 INFOS [main] org.apache.catalina.startup.VersionLoggerListener.log Architecture :                     amd64
23-Aug-2026 12:44:25.919 INFOS [main] org.apache.catalina.startup.VersionLoggerListener.log Java Home :                        C:\Users\HP\.jdks\jbrsdk_jcef-21.0.9
23-Aug-2026 12:44:25.919 INFOS [main] org.apache.catalina.startup.VersionLoggerListener.log Version JVM :                      21.0.9+1-b1038.75
23-Aug-2026 12:44:25.919 INFOS [main] org.apache.catalina.startup.VersionLoggerListener.log Fournisseur de la JVM :            JetBrains s.r.o.
23-Aug-2026 12:44:25.920 INFOS [main] org.apache.catalina.startup.VersionLoggerListener.log CATALINA_BASE :                    C:\Users\HP\Desktop\samasuker\.smarttomcat
23-Aug-2026 12:44:25.920 INFOS [main] org.apache.catalina.startup.VersionLoggerListener.log CATALINA_HOME :                    C:\Users\HP\Desktop\apache-tomcat-10.1.42
23-Aug-2026 12:44:25.944 INFOS [main] org.apache.catalina.startup.VersionLoggerListener.log Argument de la ligne de commande : --add-opens=java.base/java.lang=ALL-UNNAMED
23-Aug-2026 12:44:25.944 INFOS [main] org.apache.catalina.startup.VersionLoggerListener.log Argument de la ligne de commande : --add-opens=java.base/java.io=ALL-UNNAMED
23-Aug-2026 12:44:25.944 INFOS [main] org.apache.catalina.startup.VersionLoggerListener.log Argument de la ligne de commande : --add-opens=java.base/java.util=ALL-UNNAMED
23-Aug-2026 12:44:25.944 INFOS [main] org.apache.catalina.startup.VersionLoggerListener.log Argument de la ligne de commande : --add-opens=java.base/java.util.concurrent=ALL-UNNAMED
23-Aug-2026 12:44:25.945 INFOS [main] org.apache.catalina.startup.VersionLoggerListener.log Argument de la ligne de commande : --add-opens=java.rmi/sun.rmi.transport=ALL-UNNAMED
23-Aug-2026 12:44:25.945 INFOS [main] org.apache.catalina.startup.VersionLoggerListener.log Argument de la ligne de commande : -Dcatalina.home=C:\Users\HP\Desktop\apache-tomcat-10.1.42
23-Aug-2026 12:44:25.946 INFOS [main] org.apache.catalina.startup.VersionLoggerListener.log Argument de la ligne de commande : -Dcatalina.base=C:\Users\HP\Desktop\samasuker\.smarttomcat
23-Aug-2026 12:44:25.946 INFOS [main] org.apache.catalina.startup.VersionLoggerListener.log Argument de la ligne de commande : -Djava.io.tmpdir=C:\Users\HP\Desktop\samasuker\.smarttomcat\temp
23-Aug-2026 12:44:25.946 INFOS [main] org.apache.catalina.startup.VersionLoggerListener.log Argument de la ligne de commande : -Djava.util.logging.config.file=C:\Users\HP\Desktop\samasuker\.smarttomcat\conf\logging.properties
23-Aug-2026 12:44:25.946 INFOS [main] org.apache.catalina.startup.VersionLoggerListener.log Argument de la ligne de commande : -Djava.util.logging.manager=org.apache.juli.ClassLoaderLogManager
23-Aug-2026 12:44:25.946 INFOS [main] org.apache.catalina.startup.VersionLoggerListener.log Argument de la ligne de commande : -javaagent:C:\Program Files\JetBrains\IntelliJ IDEA 2025.2.2\lib\idea_rt.jar=49239
23-Aug-2026 12:44:25.947 INFOS [main] org.apache.catalina.startup.VersionLoggerListener.log Argument de la ligne de commande : -Dfile.encoding=UTF-8
23-Aug-2026 12:44:25.947 INFOS [main] org.apache.catalina.startup.VersionLoggerListener.log Argument de la ligne de commande : -Dsun.stdout.encoding=UTF-8
23-Aug-2026 12:44:25.947 INFOS [main] org.apache.catalina.startup.VersionLoggerListener.log Argument de la ligne de commande : -Dsun.stderr.encoding=UTF-8
23-Aug-2026 12:44:26.113 INFOS [main] org.apache.catalina.core.AprLifecycleListener.lifecycleEvent Chargement de la librairie Apache Tomcat Native [2.0.9] en utilisant APR version [1.7.6]
23-Aug-2026 12:44:26.152 INFOS [main] org.apache.catalina.core.AprLifecycleListener.initializeSSL OpenSSL a été initialisé avec succès [OpenSSL 3.5.0 8 Apr 2025]
23-Aug-2026 12:44:26.917 INFOS [main] org.apache.coyote.AbstractProtocol.init Initialisation du gestionnaire de protocole ["http-nio-8080"]
23-Aug-2026 12:44:26.956 INFOS [main] org.apache.catalina.startup.Catalina.load L'initialisation du serveur a pris [1712] millisecondes
23-Aug-2026 12:44:27.085 INFOS [main] org.apache.catalina.core.StandardService.startInternal Démarrage du service [Catalina]
23-Aug-2026 12:44:27.085 INFOS [main] org.apache.catalina.core.StandardEngine.startInternal Démarrage du moteur de Servlets : [Apache Tomcat/10.1.42]
23-Aug-2026 12:44:27.106 INFOS [main] org.apache.catalina.startup.HostConfig.deployDescriptor Déploiement du descripteur de configuration [C:\Users\HP\Desktop\samasuker\.smarttomcat\conf\Catalina\localhost\MDD.xml]
23-Aug-2026 12:44:36.950 INFOS [main] org.apache.jasper.servlet.TldScanner.scanJars Au moins un fichier JAR a été analysé pour trouver des TLDs mais il n'en contenait pas, le mode "debug" du journal peut être activé pour obtenir une liste complète de JAR scannés sans succès ; éviter d'analyser des JARs inutilement peut améliorer sensiblement le temps de démarrage et le temps de compilation des JSPs
23-Aug-2026 12:44:37.159 INFOS [main] org.apache.catalina.startup.HostConfig.deployDescriptor Le traitement du descripteur de déploiement [C:\Users\HP\Desktop\samasuker\.smarttomcat\conf\Catalina\localhost\MDD.xml] a pris [10 042] ms
23-Aug-2026 12:44:37.160 INFOS [main] org.apache.catalina.startup.HostConfig.deployDescriptor Déploiement du descripteur de configuration [C:\Users\HP\Desktop\samasuker\.smarttomcat\conf\Catalina\localhost\ROOT.xml]
23-Aug-2026 12:44:43.582 INFOS [main] org.apache.jasper.servlet.TldScanner.scanJars Au moins un fichier JAR a été analysé pour trouver des TLDs mais il n'en contenait pas, le mode "debug" du journal peut être activé pour obtenir une liste complète de JAR scannés sans succès ; éviter d'analyser des JARs inutilement peut améliorer sensiblement le temps de démarrage et le temps de compilation des JSPs
23-Aug-2026 12:44:43.642 INFOS [main] org.apache.catalina.startup.HostConfig.deployDescriptor Le traitement du descripteur de déploiement [C:\Users\HP\Desktop\samasuker\.smarttomcat\conf\Catalina\localhost\ROOT.xml] a pris [6 482] ms
23-Aug-2026 12:44:43.652 INFOS [main] org.apache.coyote.AbstractProtocol.start Démarrage du gestionnaire de protocole ["http-nio-8080"]
23-Aug-2026 12:44:43.713 INFOS [main] org.apache.catalina.startup.Catalina.start Le démarrage du serveur a pris [16754] millisecondes
23-Aug-2026 12:51:52.676 INFOS [Thread-1] org.apache.coyote.AbstractProtocol.pause Le gestionnaire de protocole ["http-nio-8080"] est mis en pause
23-Aug-2026 12:51:52.698 INFOS [Thread-1] org.apache.catalina.core.StandardService.stopInternal Arrêt du service [Catalina]
23-Aug-2026 12:51:52.732 INFOS [Thread-1] org.apache.coyote.AbstractProtocol.stop Arrêt du gestionnaire de protocole ["http-nio-8080"]
23-Aug-2026 12:51:52.741 INFOS [Thread-1] org.apache.coyote.AbstractProtocol.destroy Destruction du gestionnaire de protocole ["http-nio-8080"]
23-Aug-2026 12:51:55.952 INFOS [main] org.apache.catalina.startup.VersionLoggerListener.log Nom version serveur :              Apache Tomcat/10.1.42
23-Aug-2026 12:51:55.958 INFOS [main] org.apache.catalina.startup.VersionLoggerListener.log Serveur compilé :                  Jun 5 2025 22:35:46 UTC
23-Aug-2026 12:51:55.959 INFOS [main] org.apache.catalina.startup.VersionLoggerListener.log Version du serveur :               10.1.42.0
23-Aug-2026 12:51:55.959 INFOS [main] org.apache.catalina.startup.VersionLoggerListener.log Nom de l'OS :                      Windows 11
23-Aug-2026 12:51:55.959 INFOS [main] org.apache.catalina.startup.VersionLoggerListener.log Version OS :                       10.0
23-Aug-2026 12:51:55.959 INFOS [main] org.apache.catalina.startup.VersionLoggerListener.log Architecture :                     amd64
23-Aug-2026 12:51:55.959 INFOS [main] org.apache.catalina.startup.VersionLoggerListener.log Java Home :                        C:\Users\HP\.jdks\jbrsdk_jcef-21.0.9
23-Aug-2026 12:51:55.959 INFOS [main] org.apache.catalina.startup.VersionLoggerListener.log Version JVM :                      21.0.9+1-b1038.75
23-Aug-2026 12:51:55.960 INFOS [main] org.apache.catalina.startup.VersionLoggerListener.log Fournisseur de la JVM :            JetBrains s.r.o.
23-Aug-2026 12:51:55.960 INFOS [main] org.apache.catalina.startup.VersionLoggerListener.log CATALINA_BASE :                    C:\Users\HP\Desktop\samasuker\.smarttomcat
23-Aug-2026 12:51:55.960 INFOS [main] org.apache.catalina.startup.VersionLoggerListener.log CATALINA_HOME :                    C:\Users\HP\Desktop\apache-tomcat-10.1.42
23-Aug-2026 12:51:55.983 INFOS [main] org.apache.catalina.startup.VersionLoggerListener.log Argument de la ligne de commande : --add-opens=java.base/java.lang=ALL-UNNAMED
23-Aug-2026 12:51:55.984 INFOS [main] org.apache.catalina.startup.VersionLoggerListener.log Argument de la ligne de commande : --add-opens=java.base/java.io=ALL-UNNAMED
23-Aug-2026 12:51:55.984 INFOS [main] org.apache.catalina.startup.VersionLoggerListener.log Argument de la ligne de commande : --add-opens=java.base/java.util=ALL-UNNAMED
23-Aug-2026 12:51:55.984 INFOS [main] org.apache.catalina.startup.VersionLoggerListener.log Argument de la ligne de commande : --add-opens=java.base/java.util.concurrent=ALL-UNNAMED
23-Aug-2026 12:51:55.984 INFOS [main] org.apache.catalina.startup.VersionLoggerListener.log Argument de la ligne de commande : --add-opens=java.rmi/sun.rmi.transport=ALL-UNNAMED
23-Aug-2026 12:51:55.985 INFOS [main] org.apache.catalina.startup.VersionLoggerListener.log Argument de la ligne de commande : -Dcatalina.home=C:\Users\HP\Desktop\apache-tomcat-10.1.42
23-Aug-2026 12:51:55.985 INFOS [main] org.apache.catalina.startup.VersionLoggerListener.log Argument de la ligne de commande : -Dcatalina.base=C:\Users\HP\Desktop\samasuker\.smarttomcat
23-Aug-2026 12:51:55.985 INFOS [main] org.apache.catalina.startup.VersionLoggerListener.log Argument de la ligne de commande : -Djava.io.tmpdir=C:\Users\HP\Desktop\samasuker\.smarttomcat\temp
23-Aug-2026 12:51:55.986 INFOS [main] org.apache.catalina.startup.VersionLoggerListener.log Argument de la ligne de commande : -Djava.util.logging.config.file=C:\Users\HP\Desktop\samasuker\.smarttomcat\conf\logging.properties
23-Aug-2026 12:51:55.986 INFOS [main] org.apache.catalina.startup.VersionLoggerListener.log Argument de la ligne de commande : -Djava.util.logging.manager=org.apache.juli.ClassLoaderLogManager
23-Aug-2026 12:51:55.986 INFOS [main] org.apache.catalina.startup.VersionLoggerListener.log Argument de la ligne de commande : -javaagent:C:\Program Files\JetBrains\IntelliJ IDEA 2025.2.2\lib\idea_rt.jar=60683
23-Aug-2026 12:51:55.986 INFOS [main] org.apache.catalina.startup.VersionLoggerListener.log Argument de la ligne de commande : -Dfile.encoding=UTF-8
23-Aug-2026 12:51:55.986 INFOS [main] org.apache.catalina.startup.VersionLoggerListener.log Argument de la ligne de commande : -Dsun.stdout.encoding=UTF-8
23-Aug-2026 12:51:55.986 INFOS [main] org.apache.catalina.startup.VersionLoggerListener.log Argument de la ligne de commande : -Dsun.stderr.encoding=UTF-8
23-Aug-2026 12:51:55.994 INFOS [main] org.apache.catalina.core.AprLifecycleListener.lifecycleEvent Chargement de la librairie Apache Tomcat Native [2.0.9] en utilisant APR version [1.7.6]
23-Aug-2026 12:51:56.006 INFOS [main] org.apache.catalina.core.AprLifecycleListener.initializeSSL OpenSSL a été initialisé avec succès [OpenSSL 3.5.0 8 Apr 2025]
23-Aug-2026 12:51:56.586 INFOS [main] org.apache.coyote.AbstractProtocol.init Initialisation du gestionnaire de protocole ["http-nio-8080"]
23-Aug-2026 12:51:56.617 INFOS [main] org.apache.catalina.startup.Catalina.load L'initialisation du serveur a pris [1048] millisecondes
23-Aug-2026 12:51:56.703 INFOS [main] org.apache.catalina.core.StandardService.startInternal Démarrage du service [Catalina]
23-Aug-2026 12:51:56.703 INFOS [main] org.apache.catalina.core.StandardEngine.startInternal Démarrage du moteur de Servlets : [Apache Tomcat/10.1.42]
23-Aug-2026 12:51:56.722 INFOS [main] org.apache.catalina.startup.HostConfig.deployDescriptor Déploiement du descripteur de configuration [C:\Users\HP\Desktop\samasuker\.smarttomcat\conf\Catalina\localhost\MDD.xml]
23-Aug-2026 12:52:03.961 INFOS [main] org.apache.jasper.servlet.TldScanner.scanJars Au moins un fichier JAR a été analysé pour trouver des TLDs mais il n'en contenait pas, le mode "debug" du journal peut être activé pour obtenir une liste complète de JAR scannés sans succès ; éviter d'analyser des JARs inutilement peut améliorer sensiblement le temps de démarrage et le temps de compilation des JSPs
23-Aug-2026 12:52:04.162 INFOS [main] org.apache.catalina.startup.HostConfig.deployDescriptor Le traitement du descripteur de déploiement [C:\Users\HP\Desktop\samasuker\.smarttomcat\conf\Catalina\localhost\MDD.xml] a pris [7 431] ms
23-Aug-2026 12:52:04.163 INFOS [main] org.apache.catalina.startup.HostConfig.deployDescriptor Déploiement du descripteur de configuration [C:\Users\HP\Desktop\samasuker\.smarttomcat\conf\Catalina\localhost\ROOT.xml]
23-Aug-2026 12:52:09.130 INFOS [main] org.apache.jasper.servlet.TldScanner.scanJars Au moins un fichier JAR a été analysé pour trouver des TLDs mais il n'en contenait pas, le mode "debug" du journal peut être activé pour obtenir une liste complète de JAR scannés sans succès ; éviter d'analyser des JARs inutilement peut améliorer sensiblement le temps de démarrage et le temps de compilation des JSPs
23-Aug-2026 12:52:09.215 INFOS [main] org.apache.catalina.startup.HostConfig.deployDescriptor Le traitement du descripteur de déploiement [C:\Users\HP\Desktop\samasuker\.smarttomcat\conf\Catalina\localhost\ROOT.xml] a pris [5 053] ms
23-Aug-2026 12:52:09.226 INFOS [main] org.apache.coyote.AbstractProtocol.start Démarrage du gestionnaire de protocole ["http-nio-8080"]
23-Aug-2026 12:52:09.288 INFOS [main] org.apache.catalina.startup.Catalina.start Le démarrage du serveur a pris [12668] millisecondes
23-Aug-2026 12:57:42.496 INFOS [Thread-1] org.apache.coyote.AbstractProtocol.pause Le gestionnaire de protocole ["http-nio-8080"] est mis en pause
23-Aug-2026 12:57:42.543 INFOS [Thread-1] org.apache.catalina.core.StandardService.stopInternal Arrêt du service [Catalina]
23-Aug-2026 12:57:42.575 INFOS [Thread-1] org.apache.coyote.AbstractProtocol.stop Arrêt du gestionnaire de protocole ["http-nio-8080"]
23-Aug-2026 12:57:42.591 INFOS [Thread-1] org.apache.coyote.AbstractProtocol.destroy Destruction du gestionnaire de protocole ["http-nio-8080"]
23-Aug-2026 12:57:45.705 INFOS [main] org.apache.catalina.startup.VersionLoggerListener.log Nom version serveur :              Apache Tomcat/10.1.42
23-Aug-2026 12:57:45.712 INFOS [main] org.apache.catalina.startup.VersionLoggerListener.log Serveur compilé :                  Jun 5 2025 22:35:46 UTC
23-Aug-2026 12:57:45.712 INFOS [main] org.apache.catalina.startup.VersionLoggerListener.log Version du serveur :               10.1.42.0
23-Aug-2026 12:57:45.713 INFOS [main] org.apache.catalina.startup.VersionLoggerListener.log Nom de l'OS :                      Windows 11
23-Aug-2026 12:57:45.713 INFOS [main] org.apache.catalina.startup.VersionLoggerListener.log Version OS :                       10.0
23-Aug-2026 12:57:45.713 INFOS [main] org.apache.catalina.startup.VersionLoggerListener.log Architecture :                     amd64
23-Aug-2026 12:57:45.713 INFOS [main] org.apache.catalina.startup.VersionLoggerListener.log Java Home :                        C:\Users\HP\.jdks\jbrsdk_jcef-21.0.9
23-Aug-2026 12:57:45.713 INFOS [main] org.apache.catalina.startup.VersionLoggerListener.log Version JVM :                      21.0.9+1-b1038.75
23-Aug-2026 12:57:45.713 INFOS [main] org.apache.catalina.startup.VersionLoggerListener.log Fournisseur de la JVM :            JetBrains s.r.o.
23-Aug-2026 12:57:45.713 INFOS [main] org.apache.catalina.startup.VersionLoggerListener.log CATALINA_BASE :                    C:\Users\HP\Desktop\samasuker\.smarttomcat
23-Aug-2026 12:57:45.713 INFOS [main] org.apache.catalina.startup.VersionLoggerListener.log CATALINA_HOME :                    C:\Users\HP\Desktop\apache-tomcat-10.1.42
23-Aug-2026 12:57:45.733 INFOS [main] org.apache.catalina.startup.VersionLoggerListener.log Argument de la ligne de commande : --add-opens=java.base/java.lang=ALL-UNNAMED
23-Aug-2026 12:57:45.733 INFOS [main] org.apache.catalina.startup.VersionLoggerListener.log Argument de la ligne de commande : --add-opens=java.base/java.io=ALL-UNNAMED
23-Aug-2026 12:57:45.733 INFOS [main] org.apache.catalina.startup.VersionLoggerListener.log Argument de la ligne de commande : --add-opens=java.base/java.util=ALL-UNNAMED
23-Aug-2026 12:57:45.733 INFOS [main] org.apache.catalina.startup.VersionLoggerListener.log Argument de la ligne de commande : --add-opens=java.base/java.util.concurrent=ALL-UNNAMED
23-Aug-2026 12:57:45.733 INFOS [main] org.apache.catalina.startup.VersionLoggerListener.log Argument de la ligne de commande : --add-opens=java.rmi/sun.rmi.transport=ALL-UNNAMED
23-Aug-2026 12:57:45.733 INFOS [main] org.apache.catalina.startup.VersionLoggerListener.log Argument de la ligne de commande : -Dcatalina.home=C:\Users\HP\Desktop\apache-tomcat-10.1.42
23-Aug-2026 12:57:45.733 INFOS [main] org.apache.catalina.startup.VersionLoggerListener.log Argument de la ligne de commande : -Dcatalina.base=C:\Users\HP\Desktop\samasuker\.smarttomcat
23-Aug-2026 12:57:45.734 INFOS [main] org.apache.catalina.startup.VersionLoggerListener.log Argument de la ligne de commande : -Djava.io.tmpdir=C:\Users\HP\Desktop\samasuker\.smarttomcat\temp
23-Aug-2026 12:57:45.734 INFOS [main] org.apache.catalina.startup.VersionLoggerListener.log Argument de la ligne de commande : -Djava.util.logging.config.file=C:\Users\HP\Desktop\samasuker\.smarttomcat\conf\logging.properties
23-Aug-2026 12:57:45.734 INFOS [main] org.apache.catalina.startup.VersionLoggerListener.log Argument de la ligne de commande : -Djava.util.logging.manager=org.apache.juli.ClassLoaderLogManager
23-Aug-2026 12:57:45.734 INFOS [main] org.apache.catalina.startup.VersionLoggerListener.log Argument de la ligne de commande : -javaagent:C:\Program Files\JetBrains\IntelliJ IDEA 2025.2.2\lib\idea_rt.jar=56094
23-Aug-2026 12:57:45.734 INFOS [main] org.apache.catalina.startup.VersionLoggerListener.log Argument de la ligne de commande : -Dfile.encoding=UTF-8
23-Aug-2026 12:57:45.734 INFOS [main] org.apache.catalina.startup.VersionLoggerListener.log Argument de la ligne de commande : -Dsun.stdout.encoding=UTF-8
23-Aug-2026 12:57:45.734 INFOS [main] org.apache.catalina.startup.VersionLoggerListener.log Argument de la ligne de commande : -Dsun.stderr.encoding=UTF-8
23-Aug-2026 12:57:45.740 INFOS [main] org.apache.catalina.core.AprLifecycleListener.lifecycleEvent Chargement de la librairie Apache Tomcat Native [2.0.9] en utilisant APR version [1.7.6]
23-Aug-2026 12:57:45.753 INFOS [main] org.apache.catalina.core.AprLifecycleListener.initializeSSL OpenSSL a été initialisé avec succès [OpenSSL 3.5.0 8 Apr 2025]
23-Aug-2026 12:57:46.314 INFOS [main] org.apache.coyote.AbstractProtocol.init Initialisation du gestionnaire de protocole ["http-nio-8080"]
23-Aug-2026 12:57:46.349 INFOS [main] org.apache.catalina.startup.Catalina.load L'initialisation du serveur a pris [1065] millisecondes
23-Aug-2026 12:57:46.465 INFOS [main] org.apache.catalina.core.StandardService.startInternal Démarrage du service [Catalina]
23-Aug-2026 12:57:46.465 INFOS [main] org.apache.catalina.core.StandardEngine.startInternal Démarrage du moteur de Servlets : [Apache Tomcat/10.1.42]
23-Aug-2026 12:57:46.492 INFOS [main] org.apache.catalina.startup.HostConfig.deployDescriptor Déploiement du descripteur de configuration [C:\Users\HP\Desktop\samasuker\.smarttomcat\conf\Catalina\localhost\MDD.xml]
23-Aug-2026 12:57:53.815 INFOS [main] org.apache.jasper.servlet.TldScanner.scanJars Au moins un fichier JAR a été analysé pour trouver des TLDs mais il n'en contenait pas, le mode "debug" du journal peut être activé pour obtenir une liste complète de JAR scannés sans succès ; éviter d'analyser des JARs inutilement peut améliorer sensiblement le temps de démarrage et le temps de compilation des JSPs
23-Aug-2026 12:57:54.033 INFOS [main] org.apache.catalina.startup.HostConfig.deployDescriptor Le traitement du descripteur de déploiement [C:\Users\HP\Desktop\samasuker\.smarttomcat\conf\Catalina\localhost\MDD.xml] a pris [7 535] ms
23-Aug-2026 12:57:54.034 INFOS [main] org.apache.catalina.startup.HostConfig.deployDescriptor Déploiement du descripteur de configuration [C:\Users\HP\Desktop\samasuker\.smarttomcat\conf\Catalina\localhost\ROOT.xml]
23-Aug-2026 12:57:59.796 INFOS [main] org.apache.jasper.servlet.TldScanner.scanJars Au moins un fichier JAR a été analysé pour trouver des TLDs mais il n'en contenait pas, le mode "debug" du journal peut être activé pour obtenir une liste complète de JAR scannés sans succès ; éviter d'analyser des JARs inutilement peut améliorer sensiblement le temps de démarrage et le temps de compilation des JSPs
23-Aug-2026 12:57:59.885 INFOS [main] org.apache.catalina.startup.HostConfig.deployDescriptor Le traitement du descripteur de déploiement [C:\Users\HP\Desktop\samasuker\.smarttomcat\conf\Catalina\localhost\ROOT.xml] a pris [5 851] ms
23-Aug-2026 12:57:59.897 INFOS [main] org.apache.coyote.AbstractProtocol.start Démarrage du gestionnaire de protocole ["http-nio-8080"]
23-Aug-2026 12:57:59.954 INFOS [main] org.apache.catalina.startup.Catalina.start Le démarrage du serveur a pris [13603] millisecondes
23-Aug-2026 13:01:54.905 AVERTISSEMENT [http-nio-8080-exec-4] jakarta.persistence.spi.PersistenceProviderResolverHolder$DefaultPersistenceProviderResolver.log jakarta.persistence.spi::No valid providers found.
23-Aug-2026 13:15:17.954 INFOS [Thread-1] org.apache.coyote.AbstractProtocol.pause Le gestionnaire de protocole ["http-nio-8080"] est mis en pause
23-Aug-2026 13:15:17.973 INFOS [Thread-1] org.apache.catalina.core.StandardService.stopInternal Arrêt du service [Catalina]
23-Aug-2026 13:15:18.008 INFOS [Thread-1] org.apache.coyote.AbstractProtocol.stop Arrêt du gestionnaire de protocole ["http-nio-8080"]
23-Aug-2026 13:15:18.021 INFOS [Thread-1] org.apache.coyote.AbstractProtocol.destroy Destruction du gestionnaire de protocole ["http-nio-8080"]
23-Aug-2026 13:15:24.354 INFOS [main] org.apache.catalina.startup.VersionLoggerListener.log Nom version serveur :              Apache Tomcat/10.1.42
23-Aug-2026 13:15:24.362 INFOS [main] org.apache.catalina.startup.VersionLoggerListener.log Serveur compilé :                  Jun 5 2025 22:35:46 UTC
23-Aug-2026 13:15:24.362 INFOS [main] org.apache.catalina.startup.VersionLoggerListener.log Version du serveur :               10.1.42.0
23-Aug-2026 13:15:24.362 INFOS [main] org.apache.catalina.startup.VersionLoggerListener.log Nom de l'OS :                      Windows 11
23-Aug-2026 13:15:24.363 INFOS [main] org.apache.catalina.startup.VersionLoggerListener.log Version OS :                       10.0
23-Aug-2026 13:15:24.363 INFOS [main] org.apache.catalina.startup.VersionLoggerListener.log Architecture :                     amd64
23-Aug-2026 13:15:24.363 INFOS [main] org.apache.catalina.startup.VersionLoggerListener.log Java Home :                        C:\Users\HP\.jdks\jbrsdk_jcef-21.0.9
23-Aug-2026 13:15:24.363 INFOS [main] org.apache.catalina.startup.VersionLoggerListener.log Version JVM :                      21.0.9+1-b1038.75
23-Aug-2026 13:15:24.363 INFOS [main] org.apache.catalina.startup.VersionLoggerListener.log Fournisseur de la JVM :            JetBrains s.r.o.
23-Aug-2026 13:15:24.363 INFOS [main] org.apache.catalina.startup.VersionLoggerListener.log CATALINA_BASE :                    C:\Users\HP\Desktop\samasuker\.smarttomcat
23-Aug-2026 13:15:24.364 INFOS [main] org.apache.catalina.startup.VersionLoggerListener.log CATALINA_HOME :                    C:\Users\HP\Desktop\apache-tomcat-10.1.42
23-Aug-2026 13:15:24.385 INFOS [main] org.apache.catalina.startup.VersionLoggerListener.log Argument de la ligne de commande : --add-opens=java.base/java.lang=ALL-UNNAMED
23-Aug-2026 13:15:24.385 INFOS [main] org.apache.catalina.startup.VersionLoggerListener.log Argument de la ligne de commande : --add-opens=java.base/java.io=ALL-UNNAMED
23-Aug-2026 13:15:24.386 INFOS [main] org.apache.catalina.startup.VersionLoggerListener.log Argument de la ligne de commande : --add-opens=java.base/java.util=ALL-UNNAMED
23-Aug-2026 13:15:24.386 INFOS [main] org.apache.catalina.startup.VersionLoggerListener.log Argument de la ligne de commande : --add-opens=java.base/java.util.concurrent=ALL-UNNAMED
23-Aug-2026 13:15:24.386 INFOS [main] org.apache.catalina.startup.VersionLoggerListener.log Argument de la ligne de commande : --add-opens=java.rmi/sun.rmi.transport=ALL-UNNAMED
23-Aug-2026 13:15:24.386 INFOS [main] org.apache.catalina.startup.VersionLoggerListener.log Argument de la ligne de commande : -Dcatalina.home=C:\Users\HP\Desktop\apache-tomcat-10.1.42
23-Aug-2026 13:15:24.387 INFOS [main] org.apache.catalina.startup.VersionLoggerListener.log Argument de la ligne de commande : -Dcatalina.base=C:\Users\HP\Desktop\samasuker\.smarttomcat
23-Aug-2026 13:15:24.387 INFOS [main] org.apache.catalina.startup.VersionLoggerListener.log Argument de la ligne de commande : -Djava.io.tmpdir=C:\Users\HP\Desktop\samasuker\.smarttomcat\temp
23-Aug-2026 13:15:24.387 INFOS [main] org.apache.catalina.startup.VersionLoggerListener.log Argument de la ligne de commande : -Djava.util.logging.config.file=C:\Users\HP\Desktop\samasuker\.smarttomcat\conf\logging.properties
23-Aug-2026 13:15:24.387 INFOS [main] org.apache.catalina.startup.VersionLoggerListener.log Argument de la ligne de commande : -Djava.util.logging.manager=org.apache.juli.ClassLoaderLogManager
23-Aug-2026 13:15:24.388 INFOS [main] org.apache.catalina.startup.VersionLoggerListener.log Argument de la ligne de commande : -javaagent:C:\Program Files\JetBrains\IntelliJ IDEA 2025.2.2\lib\idea_rt.jar=58158
23-Aug-2026 13:15:24.388 INFOS [main] org.apache.catalina.startup.VersionLoggerListener.log Argument de la ligne de commande : -Dfile.encoding=UTF-8
23-Aug-2026 13:15:24.388 INFOS [main] org.apache.catalina.startup.VersionLoggerListener.log Argument de la ligne de commande : -Dsun.stdout.encoding=UTF-8
23-Aug-2026 13:15:24.388 INFOS [main] org.apache.catalina.startup.VersionLoggerListener.log Argument de la ligne de commande : -Dsun.stderr.encoding=UTF-8
23-Aug-2026 13:15:24.413 INFOS [main] org.apache.catalina.core.AprLifecycleListener.lifecycleEvent Chargement de la librairie Apache Tomcat Native [2.0.9] en utilisant APR version [1.7.6]
23-Aug-2026 13:15:24.428 INFOS [main] org.apache.catalina.core.AprLifecycleListener.initializeSSL OpenSSL a été initialisé avec succès [OpenSSL 3.5.0 8 Apr 2025]
23-Aug-2026 13:15:25.189 INFOS [main] org.apache.coyote.AbstractProtocol.init Initialisation du gestionnaire de protocole ["http-nio-8080"]
23-Aug-2026 13:15:25.223 INFOS [main] org.apache.catalina.startup.Catalina.load L'initialisation du serveur a pris [1317] millisecondes
23-Aug-2026 13:15:25.318 INFOS [main] org.apache.catalina.core.StandardService.startInternal Démarrage du service [Catalina]
23-Aug-2026 13:15:25.319 INFOS [main] org.apache.catalina.core.StandardEngine.startInternal Démarrage du moteur de Servlets : [Apache Tomcat/10.1.42]
23-Aug-2026 13:15:25.345 INFOS [main] org.apache.catalina.startup.HostConfig.deployDescriptor Déploiement du descripteur de configuration [C:\Users\HP\Desktop\samasuker\.smarttomcat\conf\Catalina\localhost\MDD.xml]
23-Aug-2026 13:15:32.500 INFOS [main] org.apache.jasper.servlet.TldScanner.scanJars Au moins un fichier JAR a été analysé pour trouver des TLDs mais il n'en contenait pas, le mode "debug" du journal peut être activé pour obtenir une liste complète de JAR scannés sans succès ; éviter d'analyser des JARs inutilement peut améliorer sensiblement le temps de démarrage et le temps de compilation des JSPs
23-Aug-2026 13:15:32.757 INFOS [main] org.apache.catalina.startup.HostConfig.deployDescriptor Le traitement du descripteur de déploiement [C:\Users\HP\Desktop\samasuker\.smarttomcat\conf\Catalina\localhost\MDD.xml] a pris [7 401] ms
23-Aug-2026 13:15:32.758 INFOS [main] org.apache.catalina.startup.HostConfig.deployDescriptor Déploiement du descripteur de configuration [C:\Users\HP\Desktop\samasuker\.smarttomcat\conf\Catalina\localhost\ROOT.xml]
23-Aug-2026 13:15:38.551 INFOS [main] org.apache.jasper.servlet.TldScanner.scanJars Au moins un fichier JAR a été analysé pour trouver des TLDs mais il n'en contenait pas, le mode "debug" du journal peut être activé pour obtenir une liste complète de JAR scannés sans succès ; éviter d'analyser des JARs inutilement peut améliorer sensiblement le temps de démarrage et le temps de compilation des JSPs
23-Aug-2026 13:15:38.601 INFOS [main] org.apache.catalina.startup.HostConfig.deployDescriptor Le traitement du descripteur de déploiement [C:\Users\HP\Desktop\samasuker\.smarttomcat\conf\Catalina\localhost\ROOT.xml] a pris [5 843] ms
23-Aug-2026 13:15:38.609 INFOS [main] org.apache.coyote.AbstractProtocol.start Démarrage du gestionnaire de protocole ["http-nio-8080"]
23-Aug-2026 13:15:38.663 INFOS [main] org.apache.catalina.startup.Catalina.start Le démarrage du serveur a pris [13438] millisecondes
23-Aug-2026 13:16:39.758 INFO [http-nio-8080-exec-4] org.hibernate.jpa.internal.util.LogHelper.logPersistenceUnitInformation HHH000204: Processing PersistenceUnitInfo [name: glycemiePU]
23-Aug-2026 13:16:40.416 INFO [http-nio-8080-exec-4] org.hibernate.Version.logVersion HHH000412: Hibernate ORM core version 6.2.7.Final
23-Aug-2026 13:16:40.437 INFO [http-nio-8080-exec-4] org.hibernate.cfg.Environment.<clinit> HHH000406: Using bytecode reflection optimizer
23-Aug-2026 13:16:42.302 WARN [http-nio-8080-exec-4] org.hibernate.engine.jdbc.connections.internal.DriverManagerConnectionProviderImpl.configure HHH10001002: Using built-in connection pool (not intended for production use)
23-Aug-2026 13:16:42.340 INFO [http-nio-8080-exec-4] org.hibernate.engine.jdbc.connections.internal.DriverManagerConnectionProviderImpl.buildCreator HHH10001005: Loaded JDBC driver class: com.mysql.cj.jdbc.Driver
23-Aug-2026 13:16:42.341 INFO [http-nio-8080-exec-4] org.hibernate.engine.jdbc.connections.internal.DriverManagerConnectionProviderImpl.buildCreator HHH10001012: Connecting with JDBC URL [jdbc:mysql://localhost:3306/suivi_glycemie_db?useSSL=false&serverTimezone=UTC]
23-Aug-2026 13:16:42.342 INFO [http-nio-8080-exec-4] org.hibernate.engine.jdbc.connections.internal.DriverManagerConnectionProviderImpl.buildCreator HHH10001001: Connection properties: {password=****, user=root}
23-Aug-2026 13:16:42.343 INFO [http-nio-8080-exec-4] org.hibernate.engine.jdbc.connections.internal.DriverManagerConnectionProviderImpl.buildCreator HHH10001003: Autocommit mode: false
23-Aug-2026 13:16:42.376 INFO [http-nio-8080-exec-4] org.hibernate.engine.jdbc.connections.internal.DriverManagerConnectionProviderImpl$PooledConnections.<init> HHH10001115: Connection pool size: 20 (min=1)
23-Aug-2026 13:16:43.385 WARN [http-nio-8080-exec-4] org.hibernate.dialect.Dialect.checkVersion HHH000511: The 5.6.17 version for [org.hibernate.dialect.MySQLDialect] is no longer supported, hence certain features may not work properly. The minimum supported version is 5.7.0. Check the community dialects project for available legacy versions.
23-Aug-2026 13:16:45.824 INFO [http-nio-8080-exec-4] org.hibernate.bytecode.internal.BytecodeProviderInitiator.buildBytecodeProvider HHH000021: Bytecode provider name : bytebuddy
23-Aug-2026 13:16:52.102 INFO [http-nio-8080-exec-4] org.hibernate.engine.transaction.jta.platform.internal.JtaPlatformInitiator.initiateService HHH000490: Using JtaPlatform implementation: [org.hibernate.engine.transaction.jta.platform.internal.NoJtaPlatform]
23-Aug-2026 13:16:52.238 INFO [http-nio-8080-exec-4] org.hibernate.resource.transaction.backend.jdbc.internal.DdlTransactionIsolatorNonJtaImpl.getIsolatedConnection HHH10001501: Connection obtained from JdbcConnectionAccess [org.hibernate.engine.jdbc.env.internal.JdbcEnvironmentInitiator$ConnectionProviderJdbcConnectionAccess@2c38877] for (non-JTA) DDL execution was not in auto-commit mode; the Connection 'local transaction' will be committed and the Connection will be set into auto-commit mode.
23-Aug-2026 13:16:56.903 INFO [http-nio-8080-exec-7] org.hibernate.jpa.internal.util.LogHelper.logPersistenceUnitInformation HHH000204: Processing PersistenceUnitInfo [name: glycemiePU]
23-Aug-2026 13:16:57.021 WARN [http-nio-8080-exec-7] org.hibernate.engine.jdbc.connections.internal.DriverManagerConnectionProviderImpl.configure HHH10001002: Using built-in connection pool (not intended for production use)
23-Aug-2026 13:16:57.021 INFO [http-nio-8080-exec-7] org.hibernate.engine.jdbc.connections.internal.DriverManagerConnectionProviderImpl.buildCreator HHH10001005: Loaded JDBC driver class: com.mysql.cj.jdbc.Driver
23-Aug-2026 13:16:57.023 INFO [http-nio-8080-exec-7] org.hibernate.engine.jdbc.connections.internal.DriverManagerConnectionProviderImpl.buildCreator HHH10001012: Connecting with JDBC URL [jdbc:mysql://localhost:3306/suivi_glycemie_db?useSSL=false&serverTimezone=UTC]
23-Aug-2026 13:16:57.023 INFO [http-nio-8080-exec-7] org.hibernate.engine.jdbc.connections.internal.DriverManagerConnectionProviderImpl.buildCreator HHH10001001: Connection properties: {password=****, user=root}
23-Aug-2026 13:16:57.025 INFO [http-nio-8080-exec-7] org.hibernate.engine.jdbc.connections.internal.DriverManagerConnectionProviderImpl.buildCreator HHH10001003: Autocommit mode: false
23-Aug-2026 13:16:57.026 INFO [http-nio-8080-exec-7] org.hibernate.engine.jdbc.connections.internal.DriverManagerConnectionProviderImpl$PooledConnections.<init> HHH10001115: Connection pool size: 20 (min=1)
23-Aug-2026 13:16:57.037 WARN [http-nio-8080-exec-7] org.hibernate.dialect.Dialect.checkVersion HHH000511: The 5.6.17 version for [org.hibernate.dialect.MySQLDialect] is no longer supported, hence certain features may not work properly. The minimum supported version is 5.7.0. Check the community dialects project for available legacy versions.
23-Aug-2026 13:16:57.099 INFO [http-nio-8080-exec-7] org.hibernate.bytecode.internal.BytecodeProviderInitiator.buildBytecodeProvider HHH000021: Bytecode provider name : bytebuddy
23-Aug-2026 13:16:57.262 INFO [http-nio-8080-exec-7] org.hibernate.engine.transaction.jta.platform.internal.JtaPlatformInitiator.initiateService HHH000490: Using JtaPlatform implementation: [org.hibernate.engine.transaction.jta.platform.internal.NoJtaPlatform]
23-Aug-2026 13:16:57.263 INFO [http-nio-8080-exec-7] org.hibernate.resource.transaction.backend.jdbc.internal.DdlTransactionIsolatorNonJtaImpl.getIsolatedConnection HHH10001501: Connection obtained from JdbcConnectionAccess [org.hibernate.engine.jdbc.env.internal.JdbcEnvironmentInitiator$ConnectionProviderJdbcConnectionAccess@112266d5] for (non-JTA) DDL execution was not in auto-commit mode; the Connection 'local transaction' will be committed and the Connection will be set into auto-commit mode.
23-Aug-2026 13:31:25.828 INFOS [Thread-1] org.apache.coyote.AbstractProtocol.pause Le gestionnaire de protocole ["http-nio-8080"] est mis en pause
23-Aug-2026 13:31:25.853 INFOS [Thread-1] org.apache.catalina.core.StandardService.stopInternal Arrêt du service [Catalina]
23-Aug-2026 13:31:25.862 AVERTISSEMENT [Thread-1] org.apache.catalina.loader.WebappClassLoaderBase.clearReferencesJdbc L'application web [ROOT] a enregistré un pilote JDBC [com.mysql.cj.jdbc.Driver], mais ne l'a pas désenregistré avant l'arrêt de l'application.  Pour éviter une fuite de mémoire, le pilote JDBC a été désenregistré de force.
23-Aug-2026 13:31:25.865 AVERTISSEMENT [Thread-1] org.apache.catalina.loader.WebappClassLoaderBase.clearReferencesThreads L'application web [ROOT] semble avoir démarré un thread nommé [mysql-cj-abandoned-connection-cleanup] mais ne l'a pas arrêté, ce qui va probablement créer une fuite de mémoire ; la trace du thread est : 
 java.base/jdk.internal.misc.Unsafe.park(Native Method)
 java.base/java.util.concurrent.locks.LockSupport.parkNanos(LockSupport.java:269)
 java.base/java.util.concurrent.locks.AbstractQueuedSynchronizer$ConditionObject.await(AbstractQueuedSynchronizer.java:1886)
 java.base/java.lang.ref.ReferenceQueue.await(ReferenceQueue.java:71)
 java.base/java.lang.ref.ReferenceQueue.remove0(ReferenceQueue.java:143)
 java.base/java.lang.ref.ReferenceQueue.remove(ReferenceQueue.java:218)
 com.mysql.cj.jdbc.AbandonedConnectionCleanupThread.run(AbandonedConnectionCleanupThread.java:93)
 java.base/java.util.concurrent.ThreadPoolExecutor.runWorker(ThreadPoolExecutor.java:1144)
 java.base/java.util.concurrent.ThreadPoolExecutor$Worker.run(ThreadPoolExecutor.java:642)
 java.base/java.lang.Thread.run(Thread.java:1583)
23-Aug-2026 13:31:25.867 AVERTISSEMENT [Thread-1] org.apache.catalina.loader.WebappClassLoaderBase.clearReferencesThreads L'application web [ROOT] semble avoir démarré un thread nommé [Hibernate Connection Pool Validation Thread] mais ne l'a pas arrêté, ce qui va probablement créer une fuite de mémoire ; la trace du thread est : 
 java.base/jdk.internal.misc.Unsafe.park(Native Method)
 java.base/java.util.concurrent.locks.LockSupport.parkNanos(LockSupport.java:269)
 java.base/java.util.concurrent.locks.AbstractQueuedSynchronizer$ConditionObject.awaitNanos(AbstractQueuedSynchronizer.java:1797)
 java.base/java.util.concurrent.ScheduledThreadPoolExecutor$DelayedWorkQueue.take(ScheduledThreadPoolExecutor.java:1182)
 java.base/java.util.concurrent.ScheduledThreadPoolExecutor$DelayedWorkQueue.take(ScheduledThreadPoolExecutor.java:899)
 java.base/java.util.concurrent.ThreadPoolExecutor.getTask(ThreadPoolExecutor.java:1070)
 java.base/java.util.concurrent.ThreadPoolExecutor.runWorker(ThreadPoolExecutor.java:1130)
 java.base/java.util.concurrent.ThreadPoolExecutor$Worker.run(ThreadPoolExecutor.java:642)
 java.base/java.lang.Thread.run(Thread.java:1583)
23-Aug-2026 13:31:25.868 AVERTISSEMENT [Thread-1] org.apache.catalina.loader.WebappClassLoaderBase.clearReferencesThreads L'application web [ROOT] semble avoir démarré un thread nommé [Hibernate Connection Pool Validation Thread] mais ne l'a pas arrêté, ce qui va probablement créer une fuite de mémoire ; la trace du thread est : 
 java.base/jdk.internal.misc.Unsafe.park(Native Method)
 java.base/java.util.concurrent.locks.LockSupport.parkNanos(LockSupport.java:269)
 java.base/java.util.concurrent.locks.AbstractQueuedSynchronizer$ConditionObject.awaitNanos(AbstractQueuedSynchronizer.java:1797)
 java.base/java.util.concurrent.ScheduledThreadPoolExecutor$DelayedWorkQueue.take(ScheduledThreadPoolExecutor.java:1182)
 java.base/java.util.concurrent.ScheduledThreadPoolExecutor$DelayedWorkQueue.take(ScheduledThreadPoolExecutor.java:899)
 java.base/java.util.concurrent.ThreadPoolExecutor.getTask(ThreadPoolExecutor.java:1070)
 java.base/java.util.concurrent.ThreadPoolExecutor.runWorker(ThreadPoolExecutor.java:1130)
 java.base/java.util.concurrent.ThreadPoolExecutor$Worker.run(ThreadPoolExecutor.java:642)
 java.base/java.lang.Thread.run(Thread.java:1583)
23-Aug-2026 13:31:25.882 INFOS [Thread-1] org.apache.coyote.AbstractProtocol.stop Arrêt du gestionnaire de protocole ["http-nio-8080"]
23-Aug-2026 13:31:25.902 INFOS [Thread-1] org.apache.coyote.AbstractProtocol.destroy Destruction du gestionnaire de protocole ["http-nio-8080"]
23-Aug-2026 13:33:04.249 INFOS [main] org.apache.catalina.startup.VersionLoggerListener.log Nom version serveur :              Apache Tomcat/10.1.42
23-Aug-2026 13:33:04.273 INFOS [main] org.apache.catalina.startup.VersionLoggerListener.log Serveur compilé :                  Jun 5 2025 22:35:46 UTC
23-Aug-2026 13:33:04.274 INFOS [main] org.apache.catalina.startup.VersionLoggerListener.log Version du serveur :               10.1.42.0
23-Aug-2026 13:33:04.274 INFOS [main] org.apache.catalina.startup.VersionLoggerListener.log Nom de l'OS :                      Windows 11
23-Aug-2026 13:33:04.275 INFOS [main] org.apache.catalina.startup.VersionLoggerListener.log Version OS :                       10.0
23-Aug-2026 13:33:04.275 INFOS [main] org.apache.catalina.startup.VersionLoggerListener.log Architecture :                     amd64
23-Aug-2026 13:33:04.276 INFOS [main] org.apache.catalina.startup.VersionLoggerListener.log Java Home :                        C:\Users\HP\.jdks\jbrsdk_jcef-21.0.9
23-Aug-2026 13:33:04.277 INFOS [main] org.apache.catalina.startup.VersionLoggerListener.log Version JVM :                      21.0.9+1-b1038.75
23-Aug-2026 13:33:04.277 INFOS [main] org.apache.catalina.startup.VersionLoggerListener.log Fournisseur de la JVM :            JetBrains s.r.o.
23-Aug-2026 13:33:04.278 INFOS [main] org.apache.catalina.startup.VersionLoggerListener.log CATALINA_BASE :                    C:\Users\HP\Desktop\samasuker\.smarttomcat
23-Aug-2026 13:33:04.278 INFOS [main] org.apache.catalina.startup.VersionLoggerListener.log CATALINA_HOME :                    C:\Users\HP\Desktop\apache-tomcat-10.1.42
23-Aug-2026 13:33:04.294 INFOS [main] org.apache.catalina.startup.VersionLoggerListener.log Argument de la ligne de commande : --add-opens=java.base/java.lang=ALL-UNNAMED
23-Aug-2026 13:33:04.294 INFOS [main] org.apache.catalina.startup.VersionLoggerListener.log Argument de la ligne de commande : --add-opens=java.base/java.io=ALL-UNNAMED
23-Aug-2026 13:33:04.295 INFOS [main] org.apache.catalina.startup.VersionLoggerListener.log Argument de la ligne de commande : --add-opens=java.base/java.util=ALL-UNNAMED
23-Aug-2026 13:33:04.295 INFOS [main] org.apache.catalina.startup.VersionLoggerListener.log Argument de la ligne de commande : --add-opens=java.base/java.util.concurrent=ALL-UNNAMED
23-Aug-2026 13:33:04.295 INFOS [main] org.apache.catalina.startup.VersionLoggerListener.log Argument de la ligne de commande : --add-opens=java.rmi/sun.rmi.transport=ALL-UNNAMED
23-Aug-2026 13:33:04.295 INFOS [main] org.apache.catalina.startup.VersionLoggerListener.log Argument de la ligne de commande : -Dcatalina.home=C:\Users\HP\Desktop\apache-tomcat-10.1.42
23-Aug-2026 13:33:04.296 INFOS [main] org.apache.catalina.startup.VersionLoggerListener.log Argument de la ligne de commande : -Dcatalina.base=C:\Users\HP\Desktop\samasuker\.smarttomcat
23-Aug-2026 13:33:04.296 INFOS [main] org.apache.catalina.startup.VersionLoggerListener.log Argument de la ligne de commande : -Djava.io.tmpdir=C:\Users\HP\Desktop\samasuker\.smarttomcat\temp
23-Aug-2026 13:33:04.296 INFOS [main] org.apache.catalina.startup.VersionLoggerListener.log Argument de la ligne de commande : -Djava.util.logging.config.file=C:\Users\HP\Desktop\samasuker\.smarttomcat\conf\logging.properties
23-Aug-2026 13:33:04.297 INFOS [main] org.apache.catalina.startup.VersionLoggerListener.log Argument de la ligne de commande : -Djava.util.logging.manager=org.apache.juli.ClassLoaderLogManager
23-Aug-2026 13:33:04.297 INFOS [main] org.apache.catalina.startup.VersionLoggerListener.log Argument de la ligne de commande : -javaagent:C:\Program Files\JetBrains\IntelliJ IDEA 2025.2.2\lib\idea_rt.jar=60279
23-Aug-2026 13:33:04.297 INFOS [main] org.apache.catalina.startup.VersionLoggerListener.log Argument de la ligne de commande : -Dfile.encoding=UTF-8
23-Aug-2026 13:33:04.297 INFOS [main] org.apache.catalina.startup.VersionLoggerListener.log Argument de la ligne de commande : -Dsun.stdout.encoding=UTF-8
23-Aug-2026 13:33:04.297 INFOS [main] org.apache.catalina.startup.VersionLoggerListener.log Argument de la ligne de commande : -Dsun.stderr.encoding=UTF-8
23-Aug-2026 13:33:04.302 INFOS [main] org.apache.catalina.core.AprLifecycleListener.lifecycleEvent Chargement de la librairie Apache Tomcat Native [2.0.9] en utilisant APR version [1.7.6]
23-Aug-2026 13:33:04.315 INFOS [main] org.apache.catalina.core.AprLifecycleListener.initializeSSL OpenSSL a été initialisé avec succès [OpenSSL 3.5.0 8 Apr 2025]
23-Aug-2026 13:33:04.974 INFOS [main] org.apache.coyote.AbstractProtocol.init Initialisation du gestionnaire de protocole ["http-nio-8080"]
23-Aug-2026 13:33:05.003 INFOS [main] org.apache.catalina.startup.Catalina.load L'initialisation du serveur a pris [1212] millisecondes
23-Aug-2026 13:33:05.107 INFOS [main] org.apache.catalina.core.StandardService.startInternal Démarrage du service [Catalina]
23-Aug-2026 13:33:05.107 INFOS [main] org.apache.catalina.core.StandardEngine.startInternal Démarrage du moteur de Servlets : [Apache Tomcat/10.1.42]
23-Aug-2026 13:33:05.129 INFOS [main] org.apache.catalina.startup.HostConfig.deployDescriptor Déploiement du descripteur de configuration [C:\Users\HP\Desktop\samasuker\.smarttomcat\conf\Catalina\localhost\MDD.xml]
23-Aug-2026 13:33:11.848 INFOS [main] org.apache.jasper.servlet.TldScanner.scanJars Au moins un fichier JAR a été analysé pour trouver des TLDs mais il n'en contenait pas, le mode "debug" du journal peut être activé pour obtenir une liste complète de JAR scannés sans succès ; éviter d'analyser des JARs inutilement peut améliorer sensiblement le temps de démarrage et le temps de compilation des JSPs
23-Aug-2026 13:33:12.079 INFOS [main] org.apache.catalina.startup.HostConfig.deployDescriptor Le traitement du descripteur de déploiement [C:\Users\HP\Desktop\samasuker\.smarttomcat\conf\Catalina\localhost\MDD.xml] a pris [6 942] ms
23-Aug-2026 13:33:12.080 INFOS [main] org.apache.catalina.startup.HostConfig.deployDescriptor Déploiement du descripteur de configuration [C:\Users\HP\Desktop\samasuker\.smarttomcat\conf\Catalina\localhost\ROOT.xml]
23-Aug-2026 13:33:18.351 INFOS [main] org.apache.jasper.servlet.TldScanner.scanJars Au moins un fichier JAR a été analysé pour trouver des TLDs mais il n'en contenait pas, le mode "debug" du journal peut être activé pour obtenir une liste complète de JAR scannés sans succès ; éviter d'analyser des JARs inutilement peut améliorer sensiblement le temps de démarrage et le temps de compilation des JSPs
23-Aug-2026 13:33:18.430 INFOS [main] org.apache.catalina.startup.HostConfig.deployDescriptor Le traitement du descripteur de déploiement [C:\Users\HP\Desktop\samasuker\.smarttomcat\conf\Catalina\localhost\ROOT.xml] a pris [6 350] ms
23-Aug-2026 13:33:18.441 INFOS [main] org.apache.coyote.AbstractProtocol.start Démarrage du gestionnaire de protocole ["http-nio-8080"]
23-Aug-2026 13:33:18.642 INFOS [main] org.apache.catalina.startup.Catalina.start Le démarrage du serveur a pris [13636] millisecondes
23-Aug-2026 13:34:07.237 INFO [http-nio-8080-exec-4] org.hibernate.jpa.internal.util.LogHelper.logPersistenceUnitInformation HHH000204: Processing PersistenceUnitInfo [name: glycemiePU]
23-Aug-2026 13:34:07.546 INFO [http-nio-8080-exec-4] org.hibernate.Version.logVersion HHH000412: Hibernate ORM core version 6.2.7.Final
23-Aug-2026 13:34:07.554 INFO [http-nio-8080-exec-4] org.hibernate.cfg.Environment.<clinit> HHH000406: Using bytecode reflection optimizer
23-Aug-2026 13:34:08.706 WARN [http-nio-8080-exec-4] org.hibernate.engine.jdbc.connections.internal.DriverManagerConnectionProviderImpl.configure HHH10001002: Using built-in connection pool (not intended for production use)
23-Aug-2026 13:34:08.716 INFO [http-nio-8080-exec-4] org.hibernate.engine.jdbc.connections.internal.DriverManagerConnectionProviderImpl.buildCreator HHH10001005: Loaded JDBC driver class: com.mysql.cj.jdbc.Driver
23-Aug-2026 13:34:08.716 INFO [http-nio-8080-exec-4] org.hibernate.engine.jdbc.connections.internal.DriverManagerConnectionProviderImpl.buildCreator HHH10001012: Connecting with JDBC URL [jdbc:mysql://localhost:3306/suivi_glycemie_db?useSSL=false&serverTimezone=UTC]
23-Aug-2026 13:34:08.716 INFO [http-nio-8080-exec-4] org.hibernate.engine.jdbc.connections.internal.DriverManagerConnectionProviderImpl.buildCreator HHH10001001: Connection properties: {password=****, user=root}
23-Aug-2026 13:34:08.716 INFO [http-nio-8080-exec-4] org.hibernate.engine.jdbc.connections.internal.DriverManagerConnectionProviderImpl.buildCreator HHH10001003: Autocommit mode: false
23-Aug-2026 13:34:08.755 INFO [http-nio-8080-exec-4] org.hibernate.engine.jdbc.connections.internal.DriverManagerConnectionProviderImpl$PooledConnections.<init> HHH10001115: Connection pool size: 20 (min=1)
23-Aug-2026 13:34:09.774 WARN [http-nio-8080-exec-4] org.hibernate.dialect.Dialect.checkVersion HHH000511: The 5.6.17 version for [org.hibernate.dialect.MySQLDialect] is no longer supported, hence certain features may not work properly. The minimum supported version is 5.7.0. Check the community dialects project for available legacy versions.
23-Aug-2026 13:34:11.792 INFO [http-nio-8080-exec-4] org.hibernate.bytecode.internal.BytecodeProviderInitiator.buildBytecodeProvider HHH000021: Bytecode provider name : bytebuddy
23-Aug-2026 13:34:18.788 INFO [http-nio-8080-exec-4] org.hibernate.engine.transaction.jta.platform.internal.JtaPlatformInitiator.initiateService HHH000490: Using JtaPlatform implementation: [org.hibernate.engine.transaction.jta.platform.internal.NoJtaPlatform]
23-Aug-2026 13:34:19.105 INFO [http-nio-8080-exec-4] org.hibernate.resource.transaction.backend.jdbc.internal.DdlTransactionIsolatorNonJtaImpl.getIsolatedConnection HHH10001501: Connection obtained from JdbcConnectionAccess [org.hibernate.engine.jdbc.env.internal.JdbcEnvironmentInitiator$ConnectionProviderJdbcConnectionAccess@7d197043] for (non-JTA) DDL execution was not in auto-commit mode; the Connection 'local transaction' will be committed and the Connection will be set into auto-commit mode.
23-Aug-2026 13:35:44.286 INFOS [Thread-1] org.apache.coyote.AbstractProtocol.pause Le gestionnaire de protocole ["http-nio-8080"] est mis en pause
23-Aug-2026 13:35:44.313 INFOS [Thread-1] org.apache.catalina.core.StandardService.stopInternal Arrêt du service [Catalina]
23-Aug-2026 13:35:44.327 AVERTISSEMENT [Thread-1] org.apache.catalina.loader.WebappClassLoaderBase.clearReferencesJdbc L'application web [ROOT] a enregistré un pilote JDBC [com.mysql.cj.jdbc.Driver], mais ne l'a pas désenregistré avant l'arrêt de l'application.  Pour éviter une fuite de mémoire, le pilote JDBC a été désenregistré de force.
23-Aug-2026 13:35:44.329 AVERTISSEMENT [Thread-1] org.apache.catalina.loader.WebappClassLoaderBase.clearReferencesThreads L'application web [ROOT] semble avoir démarré un thread nommé [mysql-cj-abandoned-connection-cleanup] mais ne l'a pas arrêté, ce qui va probablement créer une fuite de mémoire ; la trace du thread est : 
 java.base/jdk.internal.misc.Unsafe.park(Native Method)
 java.base/java.util.concurrent.locks.LockSupport.parkNanos(LockSupport.java:269)
 java.base/java.util.concurrent.locks.AbstractQueuedSynchronizer$ConditionObject.await(AbstractQueuedSynchronizer.java:1886)
 java.base/java.lang.ref.ReferenceQueue.await(ReferenceQueue.java:71)
 java.base/java.lang.ref.ReferenceQueue.remove0(ReferenceQueue.java:143)
 java.base/java.lang.ref.ReferenceQueue.remove(ReferenceQueue.java:218)
 com.mysql.cj.jdbc.AbandonedConnectionCleanupThread.run(AbandonedConnectionCleanupThread.java:93)
 java.base/java.util.concurrent.ThreadPoolExecutor.runWorker(ThreadPoolExecutor.java:1144)
 java.base/java.util.concurrent.ThreadPoolExecutor$Worker.run(ThreadPoolExecutor.java:642)
 java.base/java.lang.Thread.run(Thread.java:1583)
23-Aug-2026 13:35:44.329 AVERTISSEMENT [Thread-1] org.apache.catalina.loader.WebappClassLoaderBase.clearReferencesThreads L'application web [ROOT] semble avoir démarré un thread nommé [Hibernate Connection Pool Validation Thread] mais ne l'a pas arrêté, ce qui va probablement créer une fuite de mémoire ; la trace du thread est : 
 java.base/jdk.internal.misc.Unsafe.park(Native Method)
 java.base/java.util.concurrent.locks.LockSupport.parkNanos(LockSupport.java:269)
 java.base/java.util.concurrent.locks.AbstractQueuedSynchronizer$ConditionObject.awaitNanos(AbstractQueuedSynchronizer.java:1797)
 java.base/java.util.concurrent.ScheduledThreadPoolExecutor$DelayedWorkQueue.take(ScheduledThreadPoolExecutor.java:1182)
 java.base/java.util.concurrent.ScheduledThreadPoolExecutor$DelayedWorkQueue.take(ScheduledThreadPoolExecutor.java:899)
 java.base/java.util.concurrent.ThreadPoolExecutor.getTask(ThreadPoolExecutor.java:1070)
 java.base/java.util.concurrent.ThreadPoolExecutor.runWorker(ThreadPoolExecutor.java:1130)
 java.base/java.util.concurrent.ThreadPoolExecutor$Worker.run(ThreadPoolExecutor.java:642)
 java.base/java.lang.Thread.run(Thread.java:1583)
23-Aug-2026 13:35:44.351 INFOS [Thread-1] org.apache.coyote.AbstractProtocol.stop Arrêt du gestionnaire de protocole ["http-nio-8080"]
23-Aug-2026 13:35:44.372 INFOS [Thread-1] org.apache.coyote.AbstractProtocol.destroy Destruction du gestionnaire de protocole ["http-nio-8080"]
23-Aug-2026 13:35:49.880 INFOS [main] org.apache.catalina.startup.VersionLoggerListener.log Nom version serveur :              Apache Tomcat/10.1.42
23-Aug-2026 13:35:49.887 INFOS [main] org.apache.catalina.startup.VersionLoggerListener.log Serveur compilé :                  Jun 5 2025 22:35:46 UTC
23-Aug-2026 13:35:49.888 INFOS [main] org.apache.catalina.startup.VersionLoggerListener.log Version du serveur :               10.1.42.0
23-Aug-2026 13:35:49.888 INFOS [main] org.apache.catalina.startup.VersionLoggerListener.log Nom de l'OS :                      Windows 11
23-Aug-2026 13:35:49.889 INFOS [main] org.apache.catalina.startup.VersionLoggerListener.log Version OS :                       10.0
23-Aug-2026 13:35:49.889 INFOS [main] org.apache.catalina.startup.VersionLoggerListener.log Architecture :                     amd64
23-Aug-2026 13:35:49.889 INFOS [main] org.apache.catalina.startup.VersionLoggerListener.log Java Home :                        C:\Users\HP\.jdks\jbrsdk_jcef-21.0.9
23-Aug-2026 13:35:49.889 INFOS [main] org.apache.catalina.startup.VersionLoggerListener.log Version JVM :                      21.0.9+1-b1038.75
23-Aug-2026 13:35:49.889 INFOS [main] org.apache.catalina.startup.VersionLoggerListener.log Fournisseur de la JVM :            JetBrains s.r.o.
23-Aug-2026 13:35:49.889 INFOS [main] org.apache.catalina.startup.VersionLoggerListener.log CATALINA_BASE :                    C:\Users\HP\Desktop\samasuker\.smarttomcat
23-Aug-2026 13:35:49.890 INFOS [main] org.apache.catalina.startup.VersionLoggerListener.log CATALINA_HOME :                    C:\Users\HP\Desktop\apache-tomcat-10.1.42
23-Aug-2026 13:35:49.918 INFOS [main] org.apache.catalina.startup.VersionLoggerListener.log Argument de la ligne de commande : --add-opens=java.base/java.lang=ALL-UNNAMED
23-Aug-2026 13:35:49.919 INFOS [main] org.apache.catalina.startup.VersionLoggerListener.log Argument de la ligne de commande : --add-opens=java.base/java.io=ALL-UNNAMED
23-Aug-2026 13:35:49.920 INFOS [main] org.apache.catalina.startup.VersionLoggerListener.log Argument de la ligne de commande : --add-opens=java.base/java.util=ALL-UNNAMED
23-Aug-2026 13:35:49.920 INFOS [main] org.apache.catalina.startup.VersionLoggerListener.log Argument de la ligne de commande : --add-opens=java.base/java.util.concurrent=ALL-UNNAMED
23-Aug-2026 13:35:49.920 INFOS [main] org.apache.catalina.startup.VersionLoggerListener.log Argument de la ligne de commande : --add-opens=java.rmi/sun.rmi.transport=ALL-UNNAMED
23-Aug-2026 13:35:49.920 INFOS [main] org.apache.catalina.startup.VersionLoggerListener.log Argument de la ligne de commande : -Dcatalina.home=C:\Users\HP\Desktop\apache-tomcat-10.1.42
23-Aug-2026 13:35:49.921 INFOS [main] org.apache.catalina.startup.VersionLoggerListener.log Argument de la ligne de commande : -Dcatalina.base=C:\Users\HP\Desktop\samasuker\.smarttomcat
23-Aug-2026 13:35:49.921 INFOS [main] org.apache.catalina.startup.VersionLoggerListener.log Argument de la ligne de commande : -Djava.io.tmpdir=C:\Users\HP\Desktop\samasuker\.smarttomcat\temp
23-Aug-2026 13:35:49.922 INFOS [main] org.apache.catalina.startup.VersionLoggerListener.log Argument de la ligne de commande : -Djava.util.logging.config.file=C:\Users\HP\Desktop\samasuker\.smarttomcat\conf\logging.properties
23-Aug-2026 13:35:49.922 INFOS [main] org.apache.catalina.startup.VersionLoggerListener.log Argument de la ligne de commande : -Djava.util.logging.manager=org.apache.juli.ClassLoaderLogManager
23-Aug-2026 13:35:49.923 INFOS [main] org.apache.catalina.startup.VersionLoggerListener.log Argument de la ligne de commande : -javaagent:C:\Program Files\JetBrains\IntelliJ IDEA 2025.2.2\lib\idea_rt.jar=60758
23-Aug-2026 13:35:49.924 INFOS [main] org.apache.catalina.startup.VersionLoggerListener.log Argument de la ligne de commande : -Dfile.encoding=UTF-8
23-Aug-2026 13:35:49.924 INFOS [main] org.apache.catalina.startup.VersionLoggerListener.log Argument de la ligne de commande : -Dsun.stdout.encoding=UTF-8
23-Aug-2026 13:35:49.925 INFOS [main] org.apache.catalina.startup.VersionLoggerListener.log Argument de la ligne de commande : -Dsun.stderr.encoding=UTF-8
23-Aug-2026 13:35:49.930 INFOS [main] org.apache.catalina.core.AprLifecycleListener.lifecycleEvent Chargement de la librairie Apache Tomcat Native [2.0.9] en utilisant APR version [1.7.6]
23-Aug-2026 13:35:49.943 INFOS [main] org.apache.catalina.core.AprLifecycleListener.initializeSSL OpenSSL a été initialisé avec succès [OpenSSL 3.5.0 8 Apr 2025]
23-Aug-2026 13:35:50.666 INFOS [main] org.apache.coyote.AbstractProtocol.init Initialisation du gestionnaire de protocole ["http-nio-8080"]
23-Aug-2026 13:35:50.695 INFOS [main] org.apache.catalina.startup.Catalina.load L'initialisation du serveur a pris [1221] millisecondes
23-Aug-2026 13:35:50.787 INFOS [main] org.apache.catalina.core.StandardService.startInternal Démarrage du service [Catalina]
23-Aug-2026 13:35:50.787 INFOS [main] org.apache.catalina.core.StandardEngine.startInternal Démarrage du moteur de Servlets : [Apache Tomcat/10.1.42]
23-Aug-2026 13:35:50.811 INFOS [main] org.apache.catalina.startup.HostConfig.deployDescriptor Déploiement du descripteur de configuration [C:\Users\HP\Desktop\samasuker\.smarttomcat\conf\Catalina\localhost\MDD.xml]
23-Aug-2026 13:35:57.632 INFOS [main] org.apache.jasper.servlet.TldScanner.scanJars Au moins un fichier JAR a été analysé pour trouver des TLDs mais il n'en contenait pas, le mode "debug" du journal peut être activé pour obtenir une liste complète de JAR scannés sans succès ; éviter d'analyser des JARs inutilement peut améliorer sensiblement le temps de démarrage et le temps de compilation des JSPs
23-Aug-2026 13:35:57.794 INFOS [main] org.apache.catalina.startup.HostConfig.deployDescriptor Le traitement du descripteur de déploiement [C:\Users\HP\Desktop\samasuker\.smarttomcat\conf\Catalina\localhost\MDD.xml] a pris [6 972] ms
23-Aug-2026 13:35:57.795 INFOS [main] org.apache.catalina.startup.HostConfig.deployDescriptor Déploiement du descripteur de configuration [C:\Users\HP\Desktop\samasuker\.smarttomcat\conf\Catalina\localhost\ROOT.xml]
23-Aug-2026 13:36:03.360 INFOS [main] org.apache.jasper.servlet.TldScanner.scanJars Au moins un fichier JAR a été analysé pour trouver des TLDs mais il n'en contenait pas, le mode "debug" du journal peut être activé pour obtenir une liste complète de JAR scannés sans succès ; éviter d'analyser des JARs inutilement peut améliorer sensiblement le temps de démarrage et le temps de compilation des JSPs
23-Aug-2026 13:36:03.444 INFOS [main] org.apache.catalina.startup.HostConfig.deployDescriptor Le traitement du descripteur de déploiement [C:\Users\HP\Desktop\samasuker\.smarttomcat\conf\Catalina\localhost\ROOT.xml] a pris [5 649] ms
23-Aug-2026 13:36:03.458 INFOS [main] org.apache.coyote.AbstractProtocol.start Démarrage du gestionnaire de protocole ["http-nio-8080"]
23-Aug-2026 13:36:03.535 INFOS [main] org.apache.catalina.startup.Catalina.start Le démarrage du serveur a pris [12838] millisecondes
23-Aug-2026 13:36:32.200 INFO [http-nio-8080-exec-2] org.hibernate.jpa.internal.util.LogHelper.logPersistenceUnitInformation HHH000204: Processing PersistenceUnitInfo [name: glycemiePU]
23-Aug-2026 13:36:32.846 INFO [http-nio-8080-exec-2] org.hibernate.Version.logVersion HHH000412: Hibernate ORM core version 6.2.7.Final
23-Aug-2026 13:36:32.864 INFO [http-nio-8080-exec-2] org.hibernate.cfg.Environment.<clinit> HHH000406: Using bytecode reflection optimizer
23-Aug-2026 13:36:34.753 WARN [http-nio-8080-exec-2] org.hibernate.engine.jdbc.connections.internal.DriverManagerConnectionProviderImpl.configure HHH10001002: Using built-in connection pool (not intended for production use)
23-Aug-2026 13:36:34.790 INFO [http-nio-8080-exec-2] org.hibernate.engine.jdbc.connections.internal.DriverManagerConnectionProviderImpl.buildCreator HHH10001005: Loaded JDBC driver class: com.mysql.cj.jdbc.Driver
23-Aug-2026 13:36:34.790 INFO [http-nio-8080-exec-2] org.hibernate.engine.jdbc.connections.internal.DriverManagerConnectionProviderImpl.buildCreator HHH10001012: Connecting with JDBC URL [jdbc:mysql://localhost:3306/suivi_glycemie_db?useSSL=false&serverTimezone=UTC]
23-Aug-2026 13:36:34.790 INFO [http-nio-8080-exec-2] org.hibernate.engine.jdbc.connections.internal.DriverManagerConnectionProviderImpl.buildCreator HHH10001001: Connection properties: {password=****, user=root}
23-Aug-2026 13:36:34.790 INFO [http-nio-8080-exec-2] org.hibernate.engine.jdbc.connections.internal.DriverManagerConnectionProviderImpl.buildCreator HHH10001003: Autocommit mode: false
23-Aug-2026 13:36:34.830 INFO [http-nio-8080-exec-2] org.hibernate.engine.jdbc.connections.internal.DriverManagerConnectionProviderImpl$PooledConnections.<init> HHH10001115: Connection pool size: 20 (min=1)
23-Aug-2026 13:36:36.112 WARN [http-nio-8080-exec-2] org.hibernate.dialect.Dialect.checkVersion HHH000511: The 5.6.17 version for [org.hibernate.dialect.MySQLDialect] is no longer supported, hence certain features may not work properly. The minimum supported version is 5.7.0. Check the community dialects project for available legacy versions.
23-Aug-2026 13:36:38.146 INFO [http-nio-8080-exec-2] org.hibernate.bytecode.internal.BytecodeProviderInitiator.buildBytecodeProvider HHH000021: Bytecode provider name : bytebuddy
23-Aug-2026 13:36:42.826 INFO [http-nio-8080-exec-2] org.hibernate.engine.transaction.jta.platform.internal.JtaPlatformInitiator.initiateService HHH000490: Using JtaPlatform implementation: [org.hibernate.engine.transaction.jta.platform.internal.NoJtaPlatform]
23-Aug-2026 13:36:43.143 INFO [http-nio-8080-exec-2] org.hibernate.resource.transaction.backend.jdbc.internal.DdlTransactionIsolatorNonJtaImpl.getIsolatedConnection HHH10001501: Connection obtained from JdbcConnectionAccess [org.hibernate.engine.jdbc.env.internal.JdbcEnvironmentInitiator$ConnectionProviderJdbcConnectionAccess@642f0395] for (non-JTA) DDL execution was not in auto-commit mode; the Connection 'local transaction' will be committed and the Connection will be set into auto-commit mode.
23-Aug-2026 13:40:05.921 INFOS [Thread-1] org.apache.coyote.AbstractProtocol.pause Le gestionnaire de protocole ["http-nio-8080"] est mis en pause
23-Aug-2026 13:40:05.947 INFOS [Thread-1] org.apache.catalina.core.StandardService.stopInternal Arrêt du service [Catalina]
23-Aug-2026 13:40:05.962 AVERTISSEMENT [Thread-1] org.apache.catalina.loader.WebappClassLoaderBase.clearReferencesJdbc L'application web [ROOT] a enregistré un pilote JDBC [com.mysql.cj.jdbc.Driver], mais ne l'a pas désenregistré avant l'arrêt de l'application.  Pour éviter une fuite de mémoire, le pilote JDBC a été désenregistré de force.
23-Aug-2026 13:40:05.963 AVERTISSEMENT [Thread-1] org.apache.catalina.loader.WebappClassLoaderBase.clearReferencesThreads L'application web [ROOT] semble avoir démarré un thread nommé [mysql-cj-abandoned-connection-cleanup] mais ne l'a pas arrêté, ce qui va probablement créer une fuite de mémoire ; la trace du thread est : 
 java.base/jdk.internal.misc.Unsafe.park(Native Method)
 java.base/java.util.concurrent.locks.LockSupport.parkNanos(LockSupport.java:269)
 java.base/java.util.concurrent.locks.AbstractQueuedSynchronizer$ConditionObject.await(AbstractQueuedSynchronizer.java:1886)
 java.base/java.lang.ref.ReferenceQueue.await(ReferenceQueue.java:71)
 java.base/java.lang.ref.ReferenceQueue.remove0(ReferenceQueue.java:143)
 java.base/java.lang.ref.ReferenceQueue.remove(ReferenceQueue.java:218)
 com.mysql.cj.jdbc.AbandonedConnectionCleanupThread.run(AbandonedConnectionCleanupThread.java:93)
 java.base/java.util.concurrent.ThreadPoolExecutor.runWorker(ThreadPoolExecutor.java:1144)
 java.base/java.util.concurrent.ThreadPoolExecutor$Worker.run(ThreadPoolExecutor.java:642)
 java.base/java.lang.Thread.run(Thread.java:1583)
23-Aug-2026 13:40:05.963 AVERTISSEMENT [Thread-1] org.apache.catalina.loader.WebappClassLoaderBase.clearReferencesThreads L'application web [ROOT] semble avoir démarré un thread nommé [Hibernate Connection Pool Validation Thread] mais ne l'a pas arrêté, ce qui va probablement créer une fuite de mémoire ; la trace du thread est : 
 java.base/jdk.internal.misc.Unsafe.park(Native Method)
 java.base/java.util.concurrent.locks.LockSupport.parkNanos(LockSupport.java:269)
 java.base/java.util.concurrent.locks.AbstractQueuedSynchronizer$ConditionObject.awaitNanos(AbstractQueuedSynchronizer.java:1797)
 java.base/java.util.concurrent.ScheduledThreadPoolExecutor$DelayedWorkQueue.take(ScheduledThreadPoolExecutor.java:1182)
 java.base/java.util.concurrent.ScheduledThreadPoolExecutor$DelayedWorkQueue.take(ScheduledThreadPoolExecutor.java:899)
 java.base/java.util.concurrent.ThreadPoolExecutor.getTask(ThreadPoolExecutor.java:1070)
 java.base/java.util.concurrent.ThreadPoolExecutor.runWorker(ThreadPoolExecutor.java:1130)
 java.base/java.util.concurrent.ThreadPoolExecutor$Worker.run(ThreadPoolExecutor.java:642)
 java.base/java.lang.Thread.run(Thread.java:1583)
23-Aug-2026 13:40:05.986 INFOS [Thread-1] org.apache.coyote.AbstractProtocol.stop Arrêt du gestionnaire de protocole ["http-nio-8080"]
23-Aug-2026 13:40:05.995 INFOS [Thread-1] org.apache.coyote.AbstractProtocol.destroy Destruction du gestionnaire de protocole ["http-nio-8080"]
23-Aug-2026 13:40:09.168 INFOS [main] org.apache.catalina.startup.VersionLoggerListener.log Nom version serveur :              Apache Tomcat/10.1.42
23-Aug-2026 13:40:09.174 INFOS [main] org.apache.catalina.startup.VersionLoggerListener.log Serveur compilé :                  Jun 5 2025 22:35:46 UTC
23-Aug-2026 13:40:09.174 INFOS [main] org.apache.catalina.startup.VersionLoggerListener.log Version du serveur :               10.1.42.0
23-Aug-2026 13:40:09.174 INFOS [main] org.apache.catalina.startup.VersionLoggerListener.log Nom de l'OS :                      Windows 11
23-Aug-2026 13:40:09.174 INFOS [main] org.apache.catalina.startup.VersionLoggerListener.log Version OS :                       10.0
23-Aug-2026 13:40:09.175 INFOS [main] org.apache.catalina.startup.VersionLoggerListener.log Architecture :                     amd64
23-Aug-2026 13:40:09.175 INFOS [main] org.apache.catalina.startup.VersionLoggerListener.log Java Home :                        C:\Users\HP\.jdks\jbrsdk_jcef-21.0.9
23-Aug-2026 13:40:09.176 INFOS [main] org.apache.catalina.startup.VersionLoggerListener.log Version JVM :                      21.0.9+1-b1038.75
23-Aug-2026 13:40:09.176 INFOS [main] org.apache.catalina.startup.VersionLoggerListener.log Fournisseur de la JVM :            JetBrains s.r.o.
23-Aug-2026 13:40:09.176 INFOS [main] org.apache.catalina.startup.VersionLoggerListener.log CATALINA_BASE :                    C:\Users\HP\Desktop\samasuker\.smarttomcat
23-Aug-2026 13:40:09.176 INFOS [main] org.apache.catalina.startup.VersionLoggerListener.log CATALINA_HOME :                    C:\Users\HP\Desktop\apache-tomcat-10.1.42
23-Aug-2026 13:40:09.196 INFOS [main] org.apache.catalina.startup.VersionLoggerListener.log Argument de la ligne de commande : --add-opens=java.base/java.lang=ALL-UNNAMED
23-Aug-2026 13:40:09.197 INFOS [main] org.apache.catalina.startup.VersionLoggerListener.log Argument de la ligne de commande : --add-opens=java.base/java.io=ALL-UNNAMED
23-Aug-2026 13:40:09.197 INFOS [main] org.apache.catalina.startup.VersionLoggerListener.log Argument de la ligne de commande : --add-opens=java.base/java.util=ALL-UNNAMED
23-Aug-2026 13:40:09.197 INFOS [main] org.apache.catalina.startup.VersionLoggerListener.log Argument de la ligne de commande : --add-opens=java.base/java.util.concurrent=ALL-UNNAMED
23-Aug-2026 13:40:09.197 INFOS [main] org.apache.catalina.startup.VersionLoggerListener.log Argument de la ligne de commande : --add-opens=java.rmi/sun.rmi.transport=ALL-UNNAMED
23-Aug-2026 13:40:09.198 INFOS [main] org.apache.catalina.startup.VersionLoggerListener.log Argument de la ligne de commande : -Dcatalina.home=C:\Users\HP\Desktop\apache-tomcat-10.1.42
23-Aug-2026 13:40:09.198 INFOS [main] org.apache.catalina.startup.VersionLoggerListener.log Argument de la ligne de commande : -Dcatalina.base=C:\Users\HP\Desktop\samasuker\.smarttomcat
23-Aug-2026 13:40:09.198 INFOS [main] org.apache.catalina.startup.VersionLoggerListener.log Argument de la ligne de commande : -Djava.io.tmpdir=C:\Users\HP\Desktop\samasuker\.smarttomcat\temp
23-Aug-2026 13:40:09.198 INFOS [main] org.apache.catalina.startup.VersionLoggerListener.log Argument de la ligne de commande : -Djava.util.logging.config.file=C:\Users\HP\Desktop\samasuker\.smarttomcat\conf\logging.properties
23-Aug-2026 13:40:09.198 INFOS [main] org.apache.catalina.startup.VersionLoggerListener.log Argument de la ligne de commande : -Djava.util.logging.manager=org.apache.juli.ClassLoaderLogManager
23-Aug-2026 13:40:09.198 INFOS [main] org.apache.catalina.startup.VersionLoggerListener.log Argument de la ligne de commande : -javaagent:C:\Program Files\JetBrains\IntelliJ IDEA 2025.2.2\lib\idea_rt.jar=61447
23-Aug-2026 13:40:09.198 INFOS [main] org.apache.catalina.startup.VersionLoggerListener.log Argument de la ligne de commande : -Dfile.encoding=UTF-8
23-Aug-2026 13:40:09.199 INFOS [main] org.apache.catalina.startup.VersionLoggerListener.log Argument de la ligne de commande : -Dsun.stdout.encoding=UTF-8
23-Aug-2026 13:40:09.199 INFOS [main] org.apache.catalina.startup.VersionLoggerListener.log Argument de la ligne de commande : -Dsun.stderr.encoding=UTF-8
23-Aug-2026 13:40:09.204 INFOS [main] org.apache.catalina.core.AprLifecycleListener.lifecycleEvent Chargement de la librairie Apache Tomcat Native [2.0.9] en utilisant APR version [1.7.6]
23-Aug-2026 13:40:09.214 INFOS [main] org.apache.catalina.core.AprLifecycleListener.initializeSSL OpenSSL a été initialisé avec succès [OpenSSL 3.5.0 8 Apr 2025]
23-Aug-2026 13:40:09.833 INFOS [main] org.apache.coyote.AbstractProtocol.init Initialisation du gestionnaire de protocole ["http-nio-8080"]
23-Aug-2026 13:40:09.866 INFOS [main] org.apache.catalina.startup.Catalina.load L'initialisation du serveur a pris [1141] millisecondes
23-Aug-2026 13:40:09.957 INFOS [main] org.apache.catalina.core.StandardService.startInternal Démarrage du service [Catalina]
23-Aug-2026 13:40:09.958 INFOS [main] org.apache.catalina.core.StandardEngine.startInternal Démarrage du moteur de Servlets : [Apache Tomcat/10.1.42]
23-Aug-2026 13:40:09.983 INFOS [main] org.apache.catalina.startup.HostConfig.deployDescriptor Déploiement du descripteur de configuration [C:\Users\HP\Desktop\samasuker\.smarttomcat\conf\Catalina\localhost\MDD.xml]
23-Aug-2026 13:40:17.144 INFOS [main] org.apache.jasper.servlet.TldScanner.scanJars Au moins un fichier JAR a été analysé pour trouver des TLDs mais il n'en contenait pas, le mode "debug" du journal peut être activé pour obtenir une liste complète de JAR scannés sans succès ; éviter d'analyser des JARs inutilement peut améliorer sensiblement le temps de démarrage et le temps de compilation des JSPs
23-Aug-2026 13:40:17.363 INFOS [main] org.apache.catalina.startup.HostConfig.deployDescriptor Le traitement du descripteur de déploiement [C:\Users\HP\Desktop\samasuker\.smarttomcat\conf\Catalina\localhost\MDD.xml] a pris [7 374] ms
23-Aug-2026 13:40:17.364 INFOS [main] org.apache.catalina.startup.HostConfig.deployDescriptor Déploiement du descripteur de configuration [C:\Users\HP\Desktop\samasuker\.smarttomcat\conf\Catalina\localhost\ROOT.xml]
23-Aug-2026 13:40:22.855 INFOS [main] org.apache.jasper.servlet.TldScanner.scanJars Au moins un fichier JAR a été analysé pour trouver des TLDs mais il n'en contenait pas, le mode "debug" du journal peut être activé pour obtenir une liste complète de JAR scannés sans succès ; éviter d'analyser des JARs inutilement peut améliorer sensiblement le temps de démarrage et le temps de compilation des JSPs
23-Aug-2026 13:40:22.923 INFOS [main] org.apache.catalina.startup.HostConfig.deployDescriptor Le traitement du descripteur de déploiement [C:\Users\HP\Desktop\samasuker\.smarttomcat\conf\Catalina\localhost\ROOT.xml] a pris [5 558] ms
23-Aug-2026 13:40:22.931 INFOS [main] org.apache.coyote.AbstractProtocol.start Démarrage du gestionnaire de protocole ["http-nio-8080"]
23-Aug-2026 13:40:22.970 INFOS [main] org.apache.catalina.startup.Catalina.start Le démarrage du serveur a pris [13102] millisecondes
23-Aug-2026 13:40:49.396 INFO [http-nio-8080-exec-3] org.hibernate.jpa.internal.util.LogHelper.logPersistenceUnitInformation HHH000204: Processing PersistenceUnitInfo [name: glycemiePU]
23-Aug-2026 13:40:50.064 INFO [http-nio-8080-exec-3] org.hibernate.Version.logVersion HHH000412: Hibernate ORM core version 6.2.7.Final
23-Aug-2026 13:40:50.083 INFO [http-nio-8080-exec-3] org.hibernate.cfg.Environment.<clinit> HHH000406: Using bytecode reflection optimizer
23-Aug-2026 13:40:51.606 WARN [http-nio-8080-exec-3] org.hibernate.engine.jdbc.connections.internal.DriverManagerConnectionProviderImpl.configure HHH10001002: Using built-in connection pool (not intended for production use)
23-Aug-2026 13:40:51.622 INFO [http-nio-8080-exec-3] org.hibernate.engine.jdbc.connections.internal.DriverManagerConnectionProviderImpl.buildCreator HHH10001005: Loaded JDBC driver class: com.mysql.cj.jdbc.Driver
23-Aug-2026 13:40:51.622 INFO [http-nio-8080-exec-3] org.hibernate.engine.jdbc.connections.internal.DriverManagerConnectionProviderImpl.buildCreator HHH10001012: Connecting with JDBC URL [jdbc:mysql://localhost:3306/suivi_glycemie_db?useSSL=false&serverTimezone=UTC]
23-Aug-2026 13:40:51.622 INFO [http-nio-8080-exec-3] org.hibernate.engine.jdbc.connections.internal.DriverManagerConnectionProviderImpl.buildCreator HHH10001001: Connection properties: {password=****, user=root}
23-Aug-2026 13:40:51.622 INFO [http-nio-8080-exec-3] org.hibernate.engine.jdbc.connections.internal.DriverManagerConnectionProviderImpl.buildCreator HHH10001003: Autocommit mode: false
23-Aug-2026 13:40:51.640 INFO [http-nio-8080-exec-3] org.hibernate.engine.jdbc.connections.internal.DriverManagerConnectionProviderImpl$PooledConnections.<init> HHH10001115: Connection pool size: 20 (min=1)
23-Aug-2026 13:40:52.375 WARN [http-nio-8080-exec-3] org.hibernate.dialect.Dialect.checkVersion HHH000511: The 5.6.17 version for [org.hibernate.dialect.MySQLDialect] is no longer supported, hence certain features may not work properly. The minimum supported version is 5.7.0. Check the community dialects project for available legacy versions.
23-Aug-2026 13:40:54.222 INFO [http-nio-8080-exec-3] org.hibernate.bytecode.internal.BytecodeProviderInitiator.buildBytecodeProvider HHH000021: Bytecode provider name : bytebuddy
23-Aug-2026 13:40:59.418 INFO [http-nio-8080-exec-3] org.hibernate.engine.transaction.jta.platform.internal.JtaPlatformInitiator.initiateService HHH000490: Using JtaPlatform implementation: [org.hibernate.engine.transaction.jta.platform.internal.NoJtaPlatform]
23-Aug-2026 13:40:59.587 INFO [http-nio-8080-exec-3] org.hibernate.resource.transaction.backend.jdbc.internal.DdlTransactionIsolatorNonJtaImpl.getIsolatedConnection HHH10001501: Connection obtained from JdbcConnectionAccess [org.hibernate.engine.jdbc.env.internal.JdbcEnvironmentInitiator$ConnectionProviderJdbcConnectionAccess@4d14f53d] for (non-JTA) DDL execution was not in auto-commit mode; the Connection 'local transaction' will be committed and the Connection will be set into auto-commit mode.
23-Aug-2026 13:50:31.385 INFOS [Thread-1] org.apache.coyote.AbstractProtocol.pause Le gestionnaire de protocole ["http-nio-8080"] est mis en pause
23-Aug-2026 13:50:31.414 INFOS [Thread-1] org.apache.catalina.core.StandardService.stopInternal Arrêt du service [Catalina]
23-Aug-2026 13:50:31.428 AVERTISSEMENT [Thread-1] org.apache.catalina.loader.WebappClassLoaderBase.clearReferencesJdbc L'application web [ROOT] a enregistré un pilote JDBC [com.mysql.cj.jdbc.Driver], mais ne l'a pas désenregistré avant l'arrêt de l'application.  Pour éviter une fuite de mémoire, le pilote JDBC a été désenregistré de force.
23-Aug-2026 13:50:31.429 AVERTISSEMENT [Thread-1] org.apache.catalina.loader.WebappClassLoaderBase.clearReferencesThreads L'application web [ROOT] semble avoir démarré un thread nommé [mysql-cj-abandoned-connection-cleanup] mais ne l'a pas arrêté, ce qui va probablement créer une fuite de mémoire ; la trace du thread est : 
 java.base/jdk.internal.misc.Unsafe.park(Native Method)
 java.base/java.util.concurrent.locks.LockSupport.parkNanos(LockSupport.java:269)
 java.base/java.util.concurrent.locks.AbstractQueuedSynchronizer$ConditionObject.await(AbstractQueuedSynchronizer.java:1886)
 java.base/java.lang.ref.ReferenceQueue.await(ReferenceQueue.java:71)
 java.base/java.lang.ref.ReferenceQueue.remove0(ReferenceQueue.java:143)
 java.base/java.lang.ref.ReferenceQueue.remove(ReferenceQueue.java:218)
 com.mysql.cj.jdbc.AbandonedConnectionCleanupThread.run(AbandonedConnectionCleanupThread.java:93)
 java.base/java.util.concurrent.ThreadPoolExecutor.runWorker(ThreadPoolExecutor.java:1144)
 java.base/java.util.concurrent.ThreadPoolExecutor$Worker.run(ThreadPoolExecutor.java:642)
 java.base/java.lang.Thread.run(Thread.java:1583)
23-Aug-2026 13:50:31.431 AVERTISSEMENT [Thread-1] org.apache.catalina.loader.WebappClassLoaderBase.clearReferencesThreads L'application web [ROOT] semble avoir démarré un thread nommé [Hibernate Connection Pool Validation Thread] mais ne l'a pas arrêté, ce qui va probablement créer une fuite de mémoire ; la trace du thread est : 
 java.base/jdk.internal.misc.Unsafe.park(Native Method)
 java.base/java.util.concurrent.locks.LockSupport.parkNanos(LockSupport.java:269)
 java.base/java.util.concurrent.locks.AbstractQueuedSynchronizer$ConditionObject.awaitNanos(AbstractQueuedSynchronizer.java:1797)
 java.base/java.util.concurrent.ScheduledThreadPoolExecutor$DelayedWorkQueue.take(ScheduledThreadPoolExecutor.java:1182)
 java.base/java.util.concurrent.ScheduledThreadPoolExecutor$DelayedWorkQueue.take(ScheduledThreadPoolExecutor.java:899)
 java.base/java.util.concurrent.ThreadPoolExecutor.getTask(ThreadPoolExecutor.java:1070)
 java.base/java.util.concurrent.ThreadPoolExecutor.runWorker(ThreadPoolExecutor.java:1130)
 java.base/java.util.concurrent.ThreadPoolExecutor$Worker.run(ThreadPoolExecutor.java:642)
 java.base/java.lang.Thread.run(Thread.java:1583)
23-Aug-2026 13:50:31.451 INFOS [Thread-1] org.apache.coyote.AbstractProtocol.stop Arrêt du gestionnaire de protocole ["http-nio-8080"]
23-Aug-2026 13:50:31.459 INFOS [Thread-1] org.apache.coyote.AbstractProtocol.destroy Destruction du gestionnaire de protocole ["http-nio-8080"]
23-Aug-2026 13:50:34.759 INFOS [main] org.apache.catalina.startup.VersionLoggerListener.log Nom version serveur :              Apache Tomcat/10.1.42
23-Aug-2026 13:50:34.765 INFOS [main] org.apache.catalina.startup.VersionLoggerListener.log Serveur compilé :                  Jun 5 2025 22:35:46 UTC
23-Aug-2026 13:50:34.765 INFOS [main] org.apache.catalina.startup.VersionLoggerListener.log Version du serveur :               10.1.42.0
23-Aug-2026 13:50:34.766 INFOS [main] org.apache.catalina.startup.VersionLoggerListener.log Nom de l'OS :                      Windows 11
23-Aug-2026 13:50:34.766 INFOS [main] org.apache.catalina.startup.VersionLoggerListener.log Version OS :                       10.0
23-Aug-2026 13:50:34.766 INFOS [main] org.apache.catalina.startup.VersionLoggerListener.log Architecture :                     amd64
23-Aug-2026 13:50:34.766 INFOS [main] org.apache.catalina.startup.VersionLoggerListener.log Java Home :                        C:\Users\HP\.jdks\jbrsdk_jcef-21.0.9
23-Aug-2026 13:50:34.766 INFOS [main] org.apache.catalina.startup.VersionLoggerListener.log Version JVM :                      21.0.9+1-b1038.75
23-Aug-2026 13:50:34.767 INFOS [main] org.apache.catalina.startup.VersionLoggerListener.log Fournisseur de la JVM :            JetBrains s.r.o.
23-Aug-2026 13:50:34.767 INFOS [main] org.apache.catalina.startup.VersionLoggerListener.log CATALINA_BASE :                    C:\Users\HP\Desktop\samasuker\.smarttomcat
23-Aug-2026 13:50:34.767 INFOS [main] org.apache.catalina.startup.VersionLoggerListener.log CATALINA_HOME :                    C:\Users\HP\Desktop\apache-tomcat-10.1.42
23-Aug-2026 13:50:34.785 INFOS [main] org.apache.catalina.startup.VersionLoggerListener.log Argument de la ligne de commande : --add-opens=java.base/java.lang=ALL-UNNAMED
23-Aug-2026 13:50:34.786 INFOS [main] org.apache.catalina.startup.VersionLoggerListener.log Argument de la ligne de commande : --add-opens=java.base/java.io=ALL-UNNAMED
23-Aug-2026 13:50:34.786 INFOS [main] org.apache.catalina.startup.VersionLoggerListener.log Argument de la ligne de commande : --add-opens=java.base/java.util=ALL-UNNAMED
23-Aug-2026 13:50:34.786 INFOS [main] org.apache.catalina.startup.VersionLoggerListener.log Argument de la ligne de commande : --add-opens=java.base/java.util.concurrent=ALL-UNNAMED
23-Aug-2026 13:50:34.786 INFOS [main] org.apache.catalina.startup.VersionLoggerListener.log Argument de la ligne de commande : --add-opens=java.rmi/sun.rmi.transport=ALL-UNNAMED
23-Aug-2026 13:50:34.786 INFOS [main] org.apache.catalina.startup.VersionLoggerListener.log Argument de la ligne de commande : -Dcatalina.home=C:\Users\HP\Desktop\apache-tomcat-10.1.42
23-Aug-2026 13:50:34.786 INFOS [main] org.apache.catalina.startup.VersionLoggerListener.log Argument de la ligne de commande : -Dcatalina.base=C:\Users\HP\Desktop\samasuker\.smarttomcat
23-Aug-2026 13:50:34.787 INFOS [main] org.apache.catalina.startup.VersionLoggerListener.log Argument de la ligne de commande : -Djava.io.tmpdir=C:\Users\HP\Desktop\samasuker\.smarttomcat\temp
23-Aug-2026 13:50:34.787 INFOS [main] org.apache.catalina.startup.VersionLoggerListener.log Argument de la ligne de commande : -Djava.util.logging.config.file=C:\Users\HP\Desktop\samasuker\.smarttomcat\conf\logging.properties
23-Aug-2026 13:50:34.787 INFOS [main] org.apache.catalina.startup.VersionLoggerListener.log Argument de la ligne de commande : -Djava.util.logging.manager=org.apache.juli.ClassLoaderLogManager
23-Aug-2026 13:50:34.787 INFOS [main] org.apache.catalina.startup.VersionLoggerListener.log Argument de la ligne de commande : -javaagent:C:\Program Files\JetBrains\IntelliJ IDEA 2025.2.2\lib\idea_rt.jar=50991
23-Aug-2026 13:50:34.787 INFOS [main] org.apache.catalina.startup.VersionLoggerListener.log Argument de la ligne de commande : -Dfile.encoding=UTF-8
23-Aug-2026 13:50:34.787 INFOS [main] org.apache.catalina.startup.VersionLoggerListener.log Argument de la ligne de commande : -Dsun.stdout.encoding=UTF-8
23-Aug-2026 13:50:34.787 INFOS [main] org.apache.catalina.startup.VersionLoggerListener.log Argument de la ligne de commande : -Dsun.stderr.encoding=UTF-8
23-Aug-2026 13:50:34.792 INFOS [main] org.apache.catalina.core.AprLifecycleListener.lifecycleEvent Chargement de la librairie Apache Tomcat Native [2.0.9] en utilisant APR version [1.7.6]
23-Aug-2026 13:50:34.804 INFOS [main] org.apache.catalina.core.AprLifecycleListener.initializeSSL OpenSSL a été initialisé avec succès [OpenSSL 3.5.0 8 Apr 2025]
23-Aug-2026 13:50:35.406 INFOS [main] org.apache.coyote.AbstractProtocol.init Initialisation du gestionnaire de protocole ["http-nio-8080"]
23-Aug-2026 13:50:35.434 INFOS [main] org.apache.catalina.startup.Catalina.load L'initialisation du serveur a pris [1121] millisecondes
23-Aug-2026 13:50:35.550 INFOS [main] org.apache.catalina.core.StandardService.startInternal Démarrage du service [Catalina]
23-Aug-2026 13:50:35.551 INFOS [main] org.apache.catalina.core.StandardEngine.startInternal Démarrage du moteur de Servlets : [Apache Tomcat/10.1.42]
23-Aug-2026 13:50:35.586 INFOS [main] org.apache.catalina.startup.HostConfig.deployDescriptor Déploiement du descripteur de configuration [C:\Users\HP\Desktop\samasuker\.smarttomcat\conf\Catalina\localhost\MDD.xml]
23-Aug-2026 13:50:42.497 INFOS [main] org.apache.jasper.servlet.TldScanner.scanJars Au moins un fichier JAR a été analysé pour trouver des TLDs mais il n'en contenait pas, le mode "debug" du journal peut être activé pour obtenir une liste complète de JAR scannés sans succès ; éviter d'analyser des JARs inutilement peut améliorer sensiblement le temps de démarrage et le temps de compilation des JSPs
23-Aug-2026 13:50:42.760 INFOS [main] org.apache.catalina.startup.HostConfig.deployDescriptor Le traitement du descripteur de déploiement [C:\Users\HP\Desktop\samasuker\.smarttomcat\conf\Catalina\localhost\MDD.xml] a pris [7 167] ms
23-Aug-2026 13:50:42.761 INFOS [main] org.apache.catalina.startup.HostConfig.deployDescriptor Déploiement du descripteur de configuration [C:\Users\HP\Desktop\samasuker\.smarttomcat\conf\Catalina\localhost\ROOT.xml]
23-Aug-2026 13:50:48.593 INFOS [main] org.apache.jasper.servlet.TldScanner.scanJars Au moins un fichier JAR a été analysé pour trouver des TLDs mais il n'en contenait pas, le mode "debug" du journal peut être activé pour obtenir une liste complète de JAR scannés sans succès ; éviter d'analyser des JARs inutilement peut améliorer sensiblement le temps de démarrage et le temps de compilation des JSPs
23-Aug-2026 13:50:48.692 INFOS [main] org.apache.catalina.startup.HostConfig.deployDescriptor Le traitement du descripteur de déploiement [C:\Users\HP\Desktop\samasuker\.smarttomcat\conf\Catalina\localhost\ROOT.xml] a pris [5 929] ms
23-Aug-2026 13:50:48.705 INFOS [main] org.apache.coyote.AbstractProtocol.start Démarrage du gestionnaire de protocole ["http-nio-8080"]
23-Aug-2026 13:50:48.765 INFOS [main] org.apache.catalina.startup.Catalina.start Le démarrage du serveur a pris [13329] millisecondes
23-Aug-2026 13:51:11.657 INFOS [Thread-1] org.apache.coyote.AbstractProtocol.pause Le gestionnaire de protocole ["http-nio-8080"] est mis en pause
23-Aug-2026 13:51:11.682 INFOS [Thread-1] org.apache.catalina.core.StandardService.stopInternal Arrêt du service [Catalina]
23-Aug-2026 13:51:11.718 INFOS [Thread-1] org.apache.coyote.AbstractProtocol.stop Arrêt du gestionnaire de protocole ["http-nio-8080"]
23-Aug-2026 13:51:11.728 INFOS [Thread-1] org.apache.coyote.AbstractProtocol.destroy Destruction du gestionnaire de protocole ["http-nio-8080"]
23-Aug-2026 13:51:14.680 INFOS [main] org.apache.catalina.startup.VersionLoggerListener.log Nom version serveur :              Apache Tomcat/10.1.42
23-Aug-2026 13:51:14.688 INFOS [main] org.apache.catalina.startup.VersionLoggerListener.log Serveur compilé :                  Jun 5 2025 22:35:46 UTC
23-Aug-2026 13:51:14.689 INFOS [main] org.apache.catalina.startup.VersionLoggerListener.log Version du serveur :               10.1.42.0
23-Aug-2026 13:51:14.689 INFOS [main] org.apache.catalina.startup.VersionLoggerListener.log Nom de l'OS :                      Windows 11
23-Aug-2026 13:51:14.689 INFOS [main] org.apache.catalina.startup.VersionLoggerListener.log Version OS :                       10.0
23-Aug-2026 13:51:14.689 INFOS [main] org.apache.catalina.startup.VersionLoggerListener.log Architecture :                     amd64
23-Aug-2026 13:51:14.689 INFOS [main] org.apache.catalina.startup.VersionLoggerListener.log Java Home :                        C:\Users\HP\.jdks\jbrsdk_jcef-21.0.9
23-Aug-2026 13:51:14.690 INFOS [main] org.apache.catalina.startup.VersionLoggerListener.log Version JVM :                      21.0.9+1-b1038.75
23-Aug-2026 13:51:14.690 INFOS [main] org.apache.catalina.startup.VersionLoggerListener.log Fournisseur de la JVM :            JetBrains s.r.o.
23-Aug-2026 13:51:14.690 INFOS [main] org.apache.catalina.startup.VersionLoggerListener.log CATALINA_BASE :                    C:\Users\HP\Desktop\samasuker\.smarttomcat
23-Aug-2026 13:51:14.691 INFOS [main] org.apache.catalina.startup.VersionLoggerListener.log CATALINA_HOME :                    C:\Users\HP\Desktop\apache-tomcat-10.1.42
23-Aug-2026 13:51:14.708 INFOS [main] org.apache.catalina.startup.VersionLoggerListener.log Argument de la ligne de commande : --add-opens=java.base/java.lang=ALL-UNNAMED
23-Aug-2026 13:51:14.708 INFOS [main] org.apache.catalina.startup.VersionLoggerListener.log Argument de la ligne de commande : --add-opens=java.base/java.io=ALL-UNNAMED
23-Aug-2026 13:51:14.709 INFOS [main] org.apache.catalina.startup.VersionLoggerListener.log Argument de la ligne de commande : --add-opens=java.base/java.util=ALL-UNNAMED
23-Aug-2026 13:51:14.709 INFOS [main] org.apache.catalina.startup.VersionLoggerListener.log Argument de la ligne de commande : --add-opens=java.base/java.util.concurrent=ALL-UNNAMED
23-Aug-2026 13:51:14.709 INFOS [main] org.apache.catalina.startup.VersionLoggerListener.log Argument de la ligne de commande : --add-opens=java.rmi/sun.rmi.transport=ALL-UNNAMED
23-Aug-2026 13:51:14.709 INFOS [main] org.apache.catalina.startup.VersionLoggerListener.log Argument de la ligne de commande : -Dcatalina.home=C:\Users\HP\Desktop\apache-tomcat-10.1.42
23-Aug-2026 13:51:14.710 INFOS [main] org.apache.catalina.startup.VersionLoggerListener.log Argument de la ligne de commande : -Dcatalina.base=C:\Users\HP\Desktop\samasuker\.smarttomcat
23-Aug-2026 13:51:14.710 INFOS [main] org.apache.catalina.startup.VersionLoggerListener.log Argument de la ligne de commande : -Djava.io.tmpdir=C:\Users\HP\Desktop\samasuker\.smarttomcat\temp
23-Aug-2026 13:51:14.710 INFOS [main] org.apache.catalina.startup.VersionLoggerListener.log Argument de la ligne de commande : -Djava.util.logging.config.file=C:\Users\HP\Desktop\samasuker\.smarttomcat\conf\logging.properties
23-Aug-2026 13:51:14.710 INFOS [main] org.apache.catalina.startup.VersionLoggerListener.log Argument de la ligne de commande : -Djava.util.logging.manager=org.apache.juli.ClassLoaderLogManager
23-Aug-2026 13:51:14.712 INFOS [main] org.apache.catalina.startup.VersionLoggerListener.log Argument de la ligne de commande : -javaagent:C:\Program Files\JetBrains\IntelliJ IDEA 2025.2.2\lib\idea_rt.jar=61511
23-Aug-2026 13:51:14.712 INFOS [main] org.apache.catalina.startup.VersionLoggerListener.log Argument de la ligne de commande : -Dfile.encoding=UTF-8
23-Aug-2026 13:51:14.712 INFOS [main] org.apache.catalina.startup.VersionLoggerListener.log Argument de la ligne de commande : -Dsun.stdout.encoding=UTF-8
23-Aug-2026 13:51:14.712 INFOS [main] org.apache.catalina.startup.VersionLoggerListener.log Argument de la ligne de commande : -Dsun.stderr.encoding=UTF-8
23-Aug-2026 13:51:14.715 INFOS [main] org.apache.catalina.core.AprLifecycleListener.lifecycleEvent Chargement de la librairie Apache Tomcat Native [2.0.9] en utilisant APR version [1.7.6]
23-Aug-2026 13:51:14.728 INFOS [main] org.apache.catalina.core.AprLifecycleListener.initializeSSL OpenSSL a été initialisé avec succès [OpenSSL 3.5.0 8 Apr 2025]
23-Aug-2026 13:51:15.333 INFOS [main] org.apache.coyote.AbstractProtocol.init Initialisation du gestionnaire de protocole ["http-nio-8080"]
23-Aug-2026 13:51:15.370 INFOS [main] org.apache.catalina.startup.Catalina.load L'initialisation du serveur a pris [1110] millisecondes
23-Aug-2026 13:51:15.516 INFOS [main] org.apache.catalina.core.StandardService.startInternal Démarrage du service [Catalina]
23-Aug-2026 13:51:15.516 INFOS [main] org.apache.catalina.core.StandardEngine.startInternal Démarrage du moteur de Servlets : [Apache Tomcat/10.1.42]
23-Aug-2026 13:51:15.546 INFOS [main] org.apache.catalina.startup.HostConfig.deployDescriptor Déploiement du descripteur de configuration [C:\Users\HP\Desktop\samasuker\.smarttomcat\conf\Catalina\localhost\MDD.xml]
23-Aug-2026 13:51:21.704 INFOS [main] org.apache.jasper.servlet.TldScanner.scanJars Au moins un fichier JAR a été analysé pour trouver des TLDs mais il n'en contenait pas, le mode "debug" du journal peut être activé pour obtenir une liste complète de JAR scannés sans succès ; éviter d'analyser des JARs inutilement peut améliorer sensiblement le temps de démarrage et le temps de compilation des JSPs
23-Aug-2026 13:51:21.920 INFOS [main] org.apache.catalina.startup.HostConfig.deployDescriptor Le traitement du descripteur de déploiement [C:\Users\HP\Desktop\samasuker\.smarttomcat\conf\Catalina\localhost\MDD.xml] a pris [6 364] ms
23-Aug-2026 13:51:21.921 INFOS [main] org.apache.catalina.startup.HostConfig.deployDescriptor Déploiement du descripteur de configuration [C:\Users\HP\Desktop\samasuker\.smarttomcat\conf\Catalina\localhost\ROOT.xml]
23-Aug-2026 13:51:26.516 INFOS [main] org.apache.jasper.servlet.TldScanner.scanJars Au moins un fichier JAR a été analysé pour trouver des TLDs mais il n'en contenait pas, le mode "debug" du journal peut être activé pour obtenir une liste complète de JAR scannés sans succès ; éviter d'analyser des JARs inutilement peut améliorer sensiblement le temps de démarrage et le temps de compilation des JSPs
23-Aug-2026 13:51:26.566 INFOS [main] org.apache.catalina.startup.HostConfig.deployDescriptor Le traitement du descripteur de déploiement [C:\Users\HP\Desktop\samasuker\.smarttomcat\conf\Catalina\localhost\ROOT.xml] a pris [4 645] ms
23-Aug-2026 13:51:26.579 INFOS [main] org.apache.coyote.AbstractProtocol.start Démarrage du gestionnaire de protocole ["http-nio-8080"]
23-Aug-2026 13:51:26.646 INFOS [main] org.apache.catalina.startup.Catalina.start Le démarrage du serveur a pris [11273] millisecondes
23-Aug-2026 13:54:59.958 INFOS [Thread-1] org.apache.coyote.AbstractProtocol.pause Le gestionnaire de protocole ["http-nio-8080"] est mis en pause
23-Aug-2026 13:54:59.984 INFOS [Thread-1] org.apache.catalina.core.StandardService.stopInternal Arrêt du service [Catalina]
23-Aug-2026 13:55:00.021 INFOS [Thread-1] org.apache.coyote.AbstractProtocol.stop Arrêt du gestionnaire de protocole ["http-nio-8080"]
23-Aug-2026 13:55:00.029 INFOS [Thread-1] org.apache.coyote.AbstractProtocol.destroy Destruction du gestionnaire de protocole ["http-nio-8080"]
23-Aug-2026 13:55:03.101 INFOS [main] org.apache.catalina.startup.VersionLoggerListener.log Nom version serveur :              Apache Tomcat/10.1.42
23-Aug-2026 13:55:03.107 INFOS [main] org.apache.catalina.startup.VersionLoggerListener.log Serveur compilé :                  Jun 5 2025 22:35:46 UTC
23-Aug-2026 13:55:03.108 INFOS [main] org.apache.catalina.startup.VersionLoggerListener.log Version du serveur :               10.1.42.0
23-Aug-2026 13:55:03.108 INFOS [main] org.apache.catalina.startup.VersionLoggerListener.log Nom de l'OS :                      Windows 11
23-Aug-2026 13:55:03.108 INFOS [main] org.apache.catalina.startup.VersionLoggerListener.log Version OS :                       10.0
23-Aug-2026 13:55:03.108 INFOS [main] org.apache.catalina.startup.VersionLoggerListener.log Architecture :                     amd64
23-Aug-2026 13:55:03.108 INFOS [main] org.apache.catalina.startup.VersionLoggerListener.log Java Home :                        C:\Users\HP\.jdks\jbrsdk_jcef-21.0.9
23-Aug-2026 13:55:03.109 INFOS [main] org.apache.catalina.startup.VersionLoggerListener.log Version JVM :                      21.0.9+1-b1038.75
23-Aug-2026 13:55:03.109 INFOS [main] org.apache.catalina.startup.VersionLoggerListener.log Fournisseur de la JVM :            JetBrains s.r.o.
23-Aug-2026 13:55:03.109 INFOS [main] org.apache.catalina.startup.VersionLoggerListener.log CATALINA_BASE :                    C:\Users\HP\Desktop\samasuker\.smarttomcat
23-Aug-2026 13:55:03.109 INFOS [main] org.apache.catalina.startup.VersionLoggerListener.log CATALINA_HOME :                    C:\Users\HP\Desktop\apache-tomcat-10.1.42
23-Aug-2026 13:55:03.124 INFOS [main] org.apache.catalina.startup.VersionLoggerListener.log Argument de la ligne de commande : --add-opens=java.base/java.lang=ALL-UNNAMED
23-Aug-2026 13:55:03.125 INFOS [main] org.apache.catalina.startup.VersionLoggerListener.log Argument de la ligne de commande : --add-opens=java.base/java.io=ALL-UNNAMED
23-Aug-2026 13:55:03.125 INFOS [main] org.apache.catalina.startup.VersionLoggerListener.log Argument de la ligne de commande : --add-opens=java.base/java.util=ALL-UNNAMED
23-Aug-2026 13:55:03.125 INFOS [main] org.apache.catalina.startup.VersionLoggerListener.log Argument de la ligne de commande : --add-opens=java.base/java.util.concurrent=ALL-UNNAMED
23-Aug-2026 13:55:03.125 INFOS [main] org.apache.catalina.startup.VersionLoggerListener.log Argument de la ligne de commande : --add-opens=java.rmi/sun.rmi.transport=ALL-UNNAMED
23-Aug-2026 13:55:03.125 INFOS [main] org.apache.catalina.startup.VersionLoggerListener.log Argument de la ligne de commande : -Dcatalina.home=C:\Users\HP\Desktop\apache-tomcat-10.1.42
23-Aug-2026 13:55:03.125 INFOS [main] org.apache.catalina.startup.VersionLoggerListener.log Argument de la ligne de commande : -Dcatalina.base=C:\Users\HP\Desktop\samasuker\.smarttomcat
23-Aug-2026 13:55:03.125 INFOS [main] org.apache.catalina.startup.VersionLoggerListener.log Argument de la ligne de commande : -Djava.io.tmpdir=C:\Users\HP\Desktop\samasuker\.smarttomcat\temp
23-Aug-2026 13:55:03.126 INFOS [main] org.apache.catalina.startup.VersionLoggerListener.log Argument de la ligne de commande : -Djava.util.logging.config.file=C:\Users\HP\Desktop\samasuker\.smarttomcat\conf\logging.properties
23-Aug-2026 13:55:03.126 INFOS [main] org.apache.catalina.startup.VersionLoggerListener.log Argument de la ligne de commande : -Djava.util.logging.manager=org.apache.juli.ClassLoaderLogManager
23-Aug-2026 13:55:03.126 INFOS [main] org.apache.catalina.startup.VersionLoggerListener.log Argument de la ligne de commande : -javaagent:C:\Program Files\JetBrains\IntelliJ IDEA 2025.2.2\lib\idea_rt.jar=65142
23-Aug-2026 13:55:03.126 INFOS [main] org.apache.catalina.startup.VersionLoggerListener.log Argument de la ligne de commande : -Dfile.encoding=UTF-8
23-Aug-2026 13:55:03.126 INFOS [main] org.apache.catalina.startup.VersionLoggerListener.log Argument de la ligne de commande : -Dsun.stdout.encoding=UTF-8
23-Aug-2026 13:55:03.126 INFOS [main] org.apache.catalina.startup.VersionLoggerListener.log Argument de la ligne de commande : -Dsun.stderr.encoding=UTF-8
23-Aug-2026 13:55:03.131 INFOS [main] org.apache.catalina.core.AprLifecycleListener.lifecycleEvent Chargement de la librairie Apache Tomcat Native [2.0.9] en utilisant APR version [1.7.6]
23-Aug-2026 13:55:03.140 INFOS [main] org.apache.catalina.core.AprLifecycleListener.initializeSSL OpenSSL a été initialisé avec succès [OpenSSL 3.5.0 8 Apr 2025]
23-Aug-2026 13:55:03.731 INFOS [main] org.apache.coyote.AbstractProtocol.init Initialisation du gestionnaire de protocole ["http-nio-8080"]
23-Aug-2026 13:55:03.763 INFOS [main] org.apache.catalina.startup.Catalina.load L'initialisation du serveur a pris [1119] millisecondes
23-Aug-2026 13:55:03.859 INFOS [main] org.apache.catalina.core.StandardService.startInternal Démarrage du service [Catalina]
23-Aug-2026 13:55:03.859 INFOS [main] org.apache.catalina.core.StandardEngine.startInternal Démarrage du moteur de Servlets : [Apache Tomcat/10.1.42]
23-Aug-2026 13:55:03.881 INFOS [main] org.apache.catalina.startup.HostConfig.deployDescriptor Déploiement du descripteur de configuration [C:\Users\HP\Desktop\samasuker\.smarttomcat\conf\Catalina\localhost\MDD.xml]
23-Aug-2026 13:55:10.381 INFOS [main] org.apache.jasper.servlet.TldScanner.scanJars Au moins un fichier JAR a été analysé pour trouver des TLDs mais il n'en contenait pas, le mode "debug" du journal peut être activé pour obtenir une liste complète de JAR scannés sans succès ; éviter d'analyser des JARs inutilement peut améliorer sensiblement le temps de démarrage et le temps de compilation des JSPs
23-Aug-2026 13:55:10.625 INFOS [main] org.apache.catalina.startup.HostConfig.deployDescriptor Le traitement du descripteur de déploiement [C:\Users\HP\Desktop\samasuker\.smarttomcat\conf\Catalina\localhost\MDD.xml] a pris [6 735] ms
23-Aug-2026 13:55:10.626 INFOS [main] org.apache.catalina.startup.HostConfig.deployDescriptor Déploiement du descripteur de configuration [C:\Users\HP\Desktop\samasuker\.smarttomcat\conf\Catalina\localhost\ROOT.xml]
23-Aug-2026 13:55:16.656 INFOS [main] org.apache.jasper.servlet.TldScanner.scanJars Au moins un fichier JAR a été analysé pour trouver des TLDs mais il n'en contenait pas, le mode "debug" du journal peut être activé pour obtenir une liste complète de JAR scannés sans succès ; éviter d'analyser des JARs inutilement peut améliorer sensiblement le temps de démarrage et le temps de compilation des JSPs
23-Aug-2026 13:55:16.733 INFOS [main] org.apache.catalina.startup.HostConfig.deployDescriptor Le traitement du descripteur de déploiement [C:\Users\HP\Desktop\samasuker\.smarttomcat\conf\Catalina\localhost\ROOT.xml] a pris [6 107] ms
23-Aug-2026 13:55:16.746 INFOS [main] org.apache.coyote.AbstractProtocol.start Démarrage du gestionnaire de protocole ["http-nio-8080"]
23-Aug-2026 13:55:16.810 INFOS [main] org.apache.catalina.startup.Catalina.start Le démarrage du serveur a pris [13045] millisecondes
23-Aug-2026 13:55:33.979 INFO [http-nio-8080-exec-1] org.hibernate.jpa.internal.util.LogHelper.logPersistenceUnitInformation HHH000204: Processing PersistenceUnitInfo [name: glycemiePU]
23-Aug-2026 13:55:34.744 INFO [http-nio-8080-exec-1] org.hibernate.Version.logVersion HHH000412: Hibernate ORM core version 6.2.7.Final
23-Aug-2026 13:55:34.760 INFO [http-nio-8080-exec-1] org.hibernate.cfg.Environment.<clinit> HHH000406: Using bytecode reflection optimizer
23-Aug-2026 13:55:36.719 WARN [http-nio-8080-exec-1] org.hibernate.engine.jdbc.connections.internal.DriverManagerConnectionProviderImpl.configure HHH10001002: Using built-in connection pool (not intended for production use)
23-Aug-2026 13:55:36.751 INFO [http-nio-8080-exec-1] org.hibernate.engine.jdbc.connections.internal.DriverManagerConnectionProviderImpl.buildCreator HHH10001005: Loaded JDBC driver class: com.mysql.cj.jdbc.Driver
23-Aug-2026 13:55:36.754 INFO [http-nio-8080-exec-1] org.hibernate.engine.jdbc.connections.internal.DriverManagerConnectionProviderImpl.buildCreator HHH10001012: Connecting with JDBC URL [jdbc:mysql://localhost:3306/suivi_glycemie_db?useSSL=false&serverTimezone=UTC]
23-Aug-2026 13:55:36.754 INFO [http-nio-8080-exec-1] org.hibernate.engine.jdbc.connections.internal.DriverManagerConnectionProviderImpl.buildCreator HHH10001001: Connection properties: {password=****, user=root}
23-Aug-2026 13:55:36.754 INFO [http-nio-8080-exec-1] org.hibernate.engine.jdbc.connections.internal.DriverManagerConnectionProviderImpl.buildCreator HHH10001003: Autocommit mode: false
23-Aug-2026 13:55:36.793 INFO [http-nio-8080-exec-1] org.hibernate.engine.jdbc.connections.internal.DriverManagerConnectionProviderImpl$PooledConnections.<init> HHH10001115: Connection pool size: 20 (min=1)
23-Aug-2026 13:55:37.957 WARN [http-nio-8080-exec-1] org.hibernate.dialect.Dialect.checkVersion HHH000511: The 5.6.17 version for [org.hibernate.dialect.MySQLDialect] is no longer supported, hence certain features may not work properly. The minimum supported version is 5.7.0. Check the community dialects project for available legacy versions.
23-Aug-2026 13:55:40.350 INFO [http-nio-8080-exec-1] org.hibernate.bytecode.internal.BytecodeProviderInitiator.buildBytecodeProvider HHH000021: Bytecode provider name : bytebuddy
23-Aug-2026 13:55:47.819 INFO [http-nio-8080-exec-1] org.hibernate.engine.transaction.jta.platform.internal.JtaPlatformInitiator.initiateService HHH000490: Using JtaPlatform implementation: [org.hibernate.engine.transaction.jta.platform.internal.NoJtaPlatform]
23-Aug-2026 13:55:48.041 INFO [http-nio-8080-exec-1] org.hibernate.resource.transaction.backend.jdbc.internal.DdlTransactionIsolatorNonJtaImpl.getIsolatedConnection HHH10001501: Connection obtained from JdbcConnectionAccess [org.hibernate.engine.jdbc.env.internal.JdbcEnvironmentInitiator$ConnectionProviderJdbcConnectionAccess@466a7c11] for (non-JTA) DDL execution was not in auto-commit mode; the Connection 'local transaction' will be committed and the Connection will be set into auto-commit mode.
23-Aug-2026 14:00:16.065 INFOS [Thread-1] org.apache.coyote.AbstractProtocol.pause Le gestionnaire de protocole ["http-nio-8080"] est mis en pause
23-Aug-2026 14:00:16.091 INFOS [Thread-1] org.apache.catalina.core.StandardService.stopInternal Arrêt du service [Catalina]
23-Aug-2026 14:00:16.104 AVERTISSEMENT [Thread-1] org.apache.catalina.loader.WebappClassLoaderBase.clearReferencesJdbc L'application web [ROOT] a enregistré un pilote JDBC [com.mysql.cj.jdbc.Driver], mais ne l'a pas désenregistré avant l'arrêt de l'application.  Pour éviter une fuite de mémoire, le pilote JDBC a été désenregistré de force.
23-Aug-2026 14:00:16.106 AVERTISSEMENT [Thread-1] org.apache.catalina.loader.WebappClassLoaderBase.clearReferencesThreads L'application web [ROOT] semble avoir démarré un thread nommé [mysql-cj-abandoned-connection-cleanup] mais ne l'a pas arrêté, ce qui va probablement créer une fuite de mémoire ; la trace du thread est : 
 java.base/jdk.internal.misc.Unsafe.park(Native Method)
 java.base/java.util.concurrent.locks.LockSupport.parkNanos(LockSupport.java:269)
 java.base/java.util.concurrent.locks.AbstractQueuedSynchronizer$ConditionObject.await(AbstractQueuedSynchronizer.java:1886)
 java.base/java.lang.ref.ReferenceQueue.await(ReferenceQueue.java:71)
 java.base/java.lang.ref.ReferenceQueue.remove0(ReferenceQueue.java:143)
 java.base/java.lang.ref.ReferenceQueue.remove(ReferenceQueue.java:218)
 com.mysql.cj.jdbc.AbandonedConnectionCleanupThread.run(AbandonedConnectionCleanupThread.java:93)
 java.base/java.util.concurrent.ThreadPoolExecutor.runWorker(ThreadPoolExecutor.java:1144)
 java.base/java.util.concurrent.ThreadPoolExecutor$Worker.run(ThreadPoolExecutor.java:642)
 java.base/java.lang.Thread.run(Thread.java:1583)
23-Aug-2026 14:00:16.108 AVERTISSEMENT [Thread-1] org.apache.catalina.loader.WebappClassLoaderBase.clearReferencesThreads L'application web [ROOT] semble avoir démarré un thread nommé [Hibernate Connection Pool Validation Thread] mais ne l'a pas arrêté, ce qui va probablement créer une fuite de mémoire ; la trace du thread est : 
 java.base/jdk.internal.misc.Unsafe.park(Native Method)
 java.base/java.util.concurrent.locks.LockSupport.parkNanos(LockSupport.java:269)
 java.base/java.util.concurrent.locks.AbstractQueuedSynchronizer$ConditionObject.awaitNanos(AbstractQueuedSynchronizer.java:1797)
 java.base/java.util.concurrent.ScheduledThreadPoolExecutor$DelayedWorkQueue.take(ScheduledThreadPoolExecutor.java:1182)
 java.base/java.util.concurrent.ScheduledThreadPoolExecutor$DelayedWorkQueue.take(ScheduledThreadPoolExecutor.java:899)
 java.base/java.util.concurrent.ThreadPoolExecutor.getTask(ThreadPoolExecutor.java:1070)
 java.base/java.util.concurrent.ThreadPoolExecutor.runWorker(ThreadPoolExecutor.java:1130)
 java.base/java.util.concurrent.ThreadPoolExecutor$Worker.run(ThreadPoolExecutor.java:642)
 java.base/java.lang.Thread.run(Thread.java:1583)
23-Aug-2026 14:00:16.130 INFOS [Thread-1] org.apache.coyote.AbstractProtocol.stop Arrêt du gestionnaire de protocole ["http-nio-8080"]
23-Aug-2026 14:00:16.141 INFOS [Thread-1] org.apache.coyote.AbstractProtocol.destroy Destruction du gestionnaire de protocole ["http-nio-8080"]
23-Aug-2026 14:00:21.888 INFOS [main] org.apache.catalina.startup.VersionLoggerListener.log Nom version serveur :              Apache Tomcat/10.1.42
23-Aug-2026 14:00:21.895 INFOS [main] org.apache.catalina.startup.VersionLoggerListener.log Serveur compilé :                  Jun 5 2025 22:35:46 UTC
23-Aug-2026 14:00:21.895 INFOS [main] org.apache.catalina.startup.VersionLoggerListener.log Version du serveur :               10.1.42.0
23-Aug-2026 14:00:21.895 INFOS [main] org.apache.catalina.startup.VersionLoggerListener.log Nom de l'OS :                      Windows 11
23-Aug-2026 14:00:21.895 INFOS [main] org.apache.catalina.startup.VersionLoggerListener.log Version OS :                       10.0
23-Aug-2026 14:00:21.896 INFOS [main] org.apache.catalina.startup.VersionLoggerListener.log Architecture :                     amd64
23-Aug-2026 14:00:21.896 INFOS [main] org.apache.catalina.startup.VersionLoggerListener.log Java Home :                        C:\Users\HP\.jdks\jbrsdk_jcef-21.0.9
23-Aug-2026 14:00:21.896 INFOS [main] org.apache.catalina.startup.VersionLoggerListener.log Version JVM :                      21.0.9+1-b1038.75
23-Aug-2026 14:00:21.896 INFOS [main] org.apache.catalina.startup.VersionLoggerListener.log Fournisseur de la JVM :            JetBrains s.r.o.
23-Aug-2026 14:00:21.896 INFOS [main] org.apache.catalina.startup.VersionLoggerListener.log CATALINA_BASE :                    C:\Users\HP\Desktop\samasuker\.smarttomcat
23-Aug-2026 14:00:21.896 INFOS [main] org.apache.catalina.startup.VersionLoggerListener.log CATALINA_HOME :                    C:\Users\HP\Desktop\apache-tomcat-10.1.42
23-Aug-2026 14:00:21.916 INFOS [main] org.apache.catalina.startup.VersionLoggerListener.log Argument de la ligne de commande : --add-opens=java.base/java.lang=ALL-UNNAMED
23-Aug-2026 14:00:21.916 INFOS [main] org.apache.catalina.startup.VersionLoggerListener.log Argument de la ligne de commande : --add-opens=java.base/java.io=ALL-UNNAMED
23-Aug-2026 14:00:21.916 INFOS [main] org.apache.catalina.startup.VersionLoggerListener.log Argument de la ligne de commande : --add-opens=java.base/java.util=ALL-UNNAMED
23-Aug-2026 14:00:21.916 INFOS [main] org.apache.catalina.startup.VersionLoggerListener.log Argument de la ligne de commande : --add-opens=java.base/java.util.concurrent=ALL-UNNAMED
23-Aug-2026 14:00:21.917 INFOS [main] org.apache.catalina.startup.VersionLoggerListener.log Argument de la ligne de commande : --add-opens=java.rmi/sun.rmi.transport=ALL-UNNAMED
23-Aug-2026 14:00:21.917 INFOS [main] org.apache.catalina.startup.VersionLoggerListener.log Argument de la ligne de commande : -Dcatalina.home=C:\Users\HP\Desktop\apache-tomcat-10.1.42
23-Aug-2026 14:00:21.917 INFOS [main] org.apache.catalina.startup.VersionLoggerListener.log Argument de la ligne de commande : -Dcatalina.base=C:\Users\HP\Desktop\samasuker\.smarttomcat
23-Aug-2026 14:00:21.917 INFOS [main] org.apache.catalina.startup.VersionLoggerListener.log Argument de la ligne de commande : -Djava.io.tmpdir=C:\Users\HP\Desktop\samasuker\.smarttomcat\temp
23-Aug-2026 14:00:21.917 INFOS [main] org.apache.catalina.startup.VersionLoggerListener.log Argument de la ligne de commande : -Djava.util.logging.config.file=C:\Users\HP\Desktop\samasuker\.smarttomcat\conf\logging.properties
23-Aug-2026 14:00:21.917 INFOS [main] org.apache.catalina.startup.VersionLoggerListener.log Argument de la ligne de commande : -Djava.util.logging.manager=org.apache.juli.ClassLoaderLogManager
23-Aug-2026 14:00:21.917 INFOS [main] org.apache.catalina.startup.VersionLoggerListener.log Argument de la ligne de commande : -javaagent:C:\Program Files\JetBrains\IntelliJ IDEA 2025.2.2\lib\idea_rt.jar=54007
23-Aug-2026 14:00:21.917 INFOS [main] org.apache.catalina.startup.VersionLoggerListener.log Argument de la ligne de commande : -Dfile.encoding=UTF-8
23-Aug-2026 14:00:21.918 INFOS [main] org.apache.catalina.startup.VersionLoggerListener.log Argument de la ligne de commande : -Dsun.stdout.encoding=UTF-8
23-Aug-2026 14:00:21.918 INFOS [main] org.apache.catalina.startup.VersionLoggerListener.log Argument de la ligne de commande : -Dsun.stderr.encoding=UTF-8
23-Aug-2026 14:00:21.923 INFOS [main] org.apache.catalina.core.AprLifecycleListener.lifecycleEvent Chargement de la librairie Apache Tomcat Native [2.0.9] en utilisant APR version [1.7.6]
23-Aug-2026 14:00:21.935 INFOS [main] org.apache.catalina.core.AprLifecycleListener.initializeSSL OpenSSL a été initialisé avec succès [OpenSSL 3.5.0 8 Apr 2025]
23-Aug-2026 14:00:22.621 INFOS [main] org.apache.coyote.AbstractProtocol.init Initialisation du gestionnaire de protocole ["http-nio-8080"]
23-Aug-2026 14:00:22.648 INFOS [main] org.apache.catalina.startup.Catalina.load L'initialisation du serveur a pris [1208] millisecondes
23-Aug-2026 14:00:22.737 INFOS [main] org.apache.catalina.core.StandardService.startInternal Démarrage du service [Catalina]
23-Aug-2026 14:00:22.737 INFOS [main] org.apache.catalina.core.StandardEngine.startInternal Démarrage du moteur de Servlets : [Apache Tomcat/10.1.42]
23-Aug-2026 14:00:22.759 INFOS [main] org.apache.catalina.startup.HostConfig.deployDescriptor Déploiement du descripteur de configuration [C:\Users\HP\Desktop\samasuker\.smarttomcat\conf\Catalina\localhost\MDD.xml]
23-Aug-2026 14:00:30.087 INFOS [main] org.apache.jasper.servlet.TldScanner.scanJars Au moins un fichier JAR a été analysé pour trouver des TLDs mais il n'en contenait pas, le mode "debug" du journal peut être activé pour obtenir une liste complète de JAR scannés sans succès ; éviter d'analyser des JARs inutilement peut améliorer sensiblement le temps de démarrage et le temps de compilation des JSPs
23-Aug-2026 14:00:30.272 INFOS [main] org.apache.catalina.startup.HostConfig.deployDescriptor Le traitement du descripteur de déploiement [C:\Users\HP\Desktop\samasuker\.smarttomcat\conf\Catalina\localhost\MDD.xml] a pris [7 506] ms
23-Aug-2026 14:00:30.272 INFOS [main] org.apache.catalina.startup.HostConfig.deployDescriptor Déploiement du descripteur de configuration [C:\Users\HP\Desktop\samasuker\.smarttomcat\conf\Catalina\localhost\ROOT.xml]
23-Aug-2026 14:00:36.202 INFOS [main] org.apache.jasper.servlet.TldScanner.scanJars Au moins un fichier JAR a été analysé pour trouver des TLDs mais il n'en contenait pas, le mode "debug" du journal peut être activé pour obtenir une liste complète de JAR scannés sans succès ; éviter d'analyser des JARs inutilement peut améliorer sensiblement le temps de démarrage et le temps de compilation des JSPs
23-Aug-2026 14:00:36.277 INFOS [main] org.apache.catalina.startup.HostConfig.deployDescriptor Le traitement du descripteur de déploiement [C:\Users\HP\Desktop\samasuker\.smarttomcat\conf\Catalina\localhost\ROOT.xml] a pris [6 005] ms
23-Aug-2026 14:00:36.289 INFOS [main] org.apache.coyote.AbstractProtocol.start Démarrage du gestionnaire de protocole ["http-nio-8080"]
23-Aug-2026 14:00:36.359 INFOS [main] org.apache.catalina.startup.Catalina.start Le démarrage du serveur a pris [13707] millisecondes
23-Aug-2026 14:01:13.497 INFO [http-nio-8080-exec-4] org.hibernate.jpa.internal.util.LogHelper.logPersistenceUnitInformation HHH000204: Processing PersistenceUnitInfo [name: glycemiePU]
23-Aug-2026 14:01:14.232 INFO [http-nio-8080-exec-4] org.hibernate.Version.logVersion HHH000412: Hibernate ORM core version 6.2.7.Final
23-Aug-2026 14:01:14.256 INFO [http-nio-8080-exec-4] org.hibernate.cfg.Environment.<clinit> HHH000406: Using bytecode reflection optimizer
23-Aug-2026 14:01:16.551 WARN [http-nio-8080-exec-4] org.hibernate.engine.jdbc.connections.internal.DriverManagerConnectionProviderImpl.configure HHH10001002: Using built-in connection pool (not intended for production use)
23-Aug-2026 14:01:16.588 INFO [http-nio-8080-exec-4] org.hibernate.engine.jdbc.connections.internal.DriverManagerConnectionProviderImpl.buildCreator HHH10001005: Loaded JDBC driver class: com.mysql.cj.jdbc.Driver
23-Aug-2026 14:01:16.588 INFO [http-nio-8080-exec-4] org.hibernate.engine.jdbc.connections.internal.DriverManagerConnectionProviderImpl.buildCreator HHH10001012: Connecting with JDBC URL [jdbc:mysql://localhost:3306/suivi_glycemie_db?useSSL=false&serverTimezone=UTC]
23-Aug-2026 14:01:16.588 INFO [http-nio-8080-exec-4] org.hibernate.engine.jdbc.connections.internal.DriverManagerConnectionProviderImpl.buildCreator HHH10001001: Connection properties: {password=****, user=root}
23-Aug-2026 14:01:16.588 INFO [http-nio-8080-exec-4] org.hibernate.engine.jdbc.connections.internal.DriverManagerConnectionProviderImpl.buildCreator HHH10001003: Autocommit mode: false
23-Aug-2026 14:01:16.612 INFO [http-nio-8080-exec-4] org.hibernate.engine.jdbc.connections.internal.DriverManagerConnectionProviderImpl$PooledConnections.<init> HHH10001115: Connection pool size: 20 (min=1)
23-Aug-2026 14:01:17.693 WARN [http-nio-8080-exec-4] org.hibernate.dialect.Dialect.checkVersion HHH000511: The 5.6.17 version for [org.hibernate.dialect.MySQLDialect] is no longer supported, hence certain features may not work properly. The minimum supported version is 5.7.0. Check the community dialects project for available legacy versions.
23-Aug-2026 14:01:19.593 INFO [http-nio-8080-exec-4] org.hibernate.bytecode.internal.BytecodeProviderInitiator.buildBytecodeProvider HHH000021: Bytecode provider name : bytebuddy
23-Aug-2026 14:01:26.494 INFO [http-nio-8080-exec-4] org.hibernate.engine.transaction.jta.platform.internal.JtaPlatformInitiator.initiateService HHH000490: Using JtaPlatform implementation: [org.hibernate.engine.transaction.jta.platform.internal.NoJtaPlatform]
23-Aug-2026 14:01:26.796 INFO [http-nio-8080-exec-4] org.hibernate.resource.transaction.backend.jdbc.internal.DdlTransactionIsolatorNonJtaImpl.getIsolatedConnection HHH10001501: Connection obtained from JdbcConnectionAccess [org.hibernate.engine.jdbc.env.internal.JdbcEnvironmentInitiator$ConnectionProviderJdbcConnectionAccess@237ab65c] for (non-JTA) DDL execution was not in auto-commit mode; the Connection 'local transaction' will be committed and the Connection will be set into auto-commit mode.
23-Aug-2026 14:01:30.167 INFO [http-nio-8080-exec-5] org.hibernate.jpa.internal.util.LogHelper.logPersistenceUnitInformation HHH000204: Processing PersistenceUnitInfo [name: glycemiePU]
23-Aug-2026 14:01:30.304 WARN [http-nio-8080-exec-5] org.hibernate.engine.jdbc.connections.internal.DriverManagerConnectionProviderImpl.configure HHH10001002: Using built-in connection pool (not intended for production use)
23-Aug-2026 14:01:30.304 INFO [http-nio-8080-exec-5] org.hibernate.engine.jdbc.connections.internal.DriverManagerConnectionProviderImpl.buildCreator HHH10001005: Loaded JDBC driver class: com.mysql.cj.jdbc.Driver
23-Aug-2026 14:01:30.305 INFO [http-nio-8080-exec-5] org.hibernate.engine.jdbc.connections.internal.DriverManagerConnectionProviderImpl.buildCreator HHH10001012: Connecting with JDBC URL [jdbc:mysql://localhost:3306/suivi_glycemie_db?useSSL=false&serverTimezone=UTC]
23-Aug-2026 14:01:30.305 INFO [http-nio-8080-exec-5] org.hibernate.engine.jdbc.connections.internal.DriverManagerConnectionProviderImpl.buildCreator HHH10001001: Connection properties: {password=****, user=root}
23-Aug-2026 14:01:30.305 INFO [http-nio-8080-exec-5] org.hibernate.engine.jdbc.connections.internal.DriverManagerConnectionProviderImpl.buildCreator HHH10001003: Autocommit mode: false
23-Aug-2026 14:01:30.306 INFO [http-nio-8080-exec-5] org.hibernate.engine.jdbc.connections.internal.DriverManagerConnectionProviderImpl$PooledConnections.<init> HHH10001115: Connection pool size: 20 (min=1)
23-Aug-2026 14:01:30.318 WARN [http-nio-8080-exec-5] org.hibernate.dialect.Dialect.checkVersion HHH000511: The 5.6.17 version for [org.hibernate.dialect.MySQLDialect] is no longer supported, hence certain features may not work properly. The minimum supported version is 5.7.0. Check the community dialects project for available legacy versions.
23-Aug-2026 14:01:30.389 INFO [http-nio-8080-exec-5] org.hibernate.bytecode.internal.BytecodeProviderInitiator.buildBytecodeProvider HHH000021: Bytecode provider name : bytebuddy
23-Aug-2026 14:01:30.579 INFO [http-nio-8080-exec-5] org.hibernate.engine.transaction.jta.platform.internal.JtaPlatformInitiator.initiateService HHH000490: Using JtaPlatform implementation: [org.hibernate.engine.transaction.jta.platform.internal.NoJtaPlatform]
23-Aug-2026 14:01:30.580 INFO [http-nio-8080-exec-5] org.hibernate.resource.transaction.backend.jdbc.internal.DdlTransactionIsolatorNonJtaImpl.getIsolatedConnection HHH10001501: Connection obtained from JdbcConnectionAccess [org.hibernate.engine.jdbc.env.internal.JdbcEnvironmentInitiator$ConnectionProviderJdbcConnectionAccess@44c56b65] for (non-JTA) DDL execution was not in auto-commit mode; the Connection 'local transaction' will be committed and the Connection will be set into auto-commit mode.
23-Aug-2026 14:02:17.685 INFO [http-nio-8080-exec-8] org.hibernate.jpa.internal.util.LogHelper.logPersistenceUnitInformation HHH000204: Processing PersistenceUnitInfo [name: glycemiePU]
23-Aug-2026 14:02:17.826 WARN [http-nio-8080-exec-8] org.hibernate.engine.jdbc.connections.internal.DriverManagerConnectionProviderImpl.configure HHH10001002: Using built-in connection pool (not intended for production use)
23-Aug-2026 14:02:17.827 INFO [http-nio-8080-exec-8] org.hibernate.engine.jdbc.connections.internal.DriverManagerConnectionProviderImpl.buildCreator HHH10001005: Loaded JDBC driver class: com.mysql.cj.jdbc.Driver
23-Aug-2026 14:02:17.827 INFO [http-nio-8080-exec-8] org.hibernate.engine.jdbc.connections.internal.DriverManagerConnectionProviderImpl.buildCreator HHH10001012: Connecting with JDBC URL [jdbc:mysql://localhost:3306/suivi_glycemie_db?useSSL=false&serverTimezone=UTC]
23-Aug-2026 14:02:17.827 INFO [http-nio-8080-exec-8] org.hibernate.engine.jdbc.connections.internal.DriverManagerConnectionProviderImpl.buildCreator HHH10001001: Connection properties: {password=****, user=root}
23-Aug-2026 14:02:17.827 INFO [http-nio-8080-exec-8] org.hibernate.engine.jdbc.connections.internal.DriverManagerConnectionProviderImpl.buildCreator HHH10001003: Autocommit mode: false
23-Aug-2026 14:02:17.828 INFO [http-nio-8080-exec-8] org.hibernate.engine.jdbc.connections.internal.DriverManagerConnectionProviderImpl$PooledConnections.<init> HHH10001115: Connection pool size: 20 (min=1)
23-Aug-2026 14:02:17.841 WARN [http-nio-8080-exec-8] org.hibernate.dialect.Dialect.checkVersion HHH000511: The 5.6.17 version for [org.hibernate.dialect.MySQLDialect] is no longer supported, hence certain features may not work properly. The minimum supported version is 5.7.0. Check the community dialects project for available legacy versions.
23-Aug-2026 14:02:17.894 INFO [http-nio-8080-exec-8] org.hibernate.bytecode.internal.BytecodeProviderInitiator.buildBytecodeProvider HHH000021: Bytecode provider name : bytebuddy
23-Aug-2026 14:02:18.032 INFO [http-nio-8080-exec-8] org.hibernate.engine.transaction.jta.platform.internal.JtaPlatformInitiator.initiateService HHH000490: Using JtaPlatform implementation: [org.hibernate.engine.transaction.jta.platform.internal.NoJtaPlatform]
23-Aug-2026 14:02:18.034 INFO [http-nio-8080-exec-8] org.hibernate.resource.transaction.backend.jdbc.internal.DdlTransactionIsolatorNonJtaImpl.getIsolatedConnection HHH10001501: Connection obtained from JdbcConnectionAccess [org.hibernate.engine.jdbc.env.internal.JdbcEnvironmentInitiator$ConnectionProviderJdbcConnectionAccess@1619068b] for (non-JTA) DDL execution was not in auto-commit mode; the Connection 'local transaction' will be committed and the Connection will be set into auto-commit mode.
23-Aug-2026 14:06:27.681 INFOS [Thread-1] org.apache.coyote.AbstractProtocol.pause Le gestionnaire de protocole ["http-nio-8080"] est mis en pause
23-Aug-2026 14:06:27.701 INFOS [Thread-1] org.apache.catalina.core.StandardService.stopInternal Arrêt du service [Catalina]
23-Aug-2026 14:06:27.715 AVERTISSEMENT [Thread-1] org.apache.catalina.loader.WebappClassLoaderBase.clearReferencesJdbc L'application web [ROOT] a enregistré un pilote JDBC [com.mysql.cj.jdbc.Driver], mais ne l'a pas désenregistré avant l'arrêt de l'application.  Pour éviter une fuite de mémoire, le pilote JDBC a été désenregistré de force.
23-Aug-2026 14:06:27.716 AVERTISSEMENT [Thread-1] org.apache.catalina.loader.WebappClassLoaderBase.clearReferencesThreads L'application web [ROOT] semble avoir démarré un thread nommé [mysql-cj-abandoned-connection-cleanup] mais ne l'a pas arrêté, ce qui va probablement créer une fuite de mémoire ; la trace du thread est : 
 java.base/jdk.internal.misc.Unsafe.park(Native Method)
 java.base/java.util.concurrent.locks.LockSupport.parkNanos(LockSupport.java:269)
 java.base/java.util.concurrent.locks.AbstractQueuedSynchronizer$ConditionObject.await(AbstractQueuedSynchronizer.java:1886)
 java.base/java.lang.ref.ReferenceQueue.await(ReferenceQueue.java:71)
 java.base/java.lang.ref.ReferenceQueue.remove0(ReferenceQueue.java:143)
 java.base/java.lang.ref.ReferenceQueue.remove(ReferenceQueue.java:218)
 com.mysql.cj.jdbc.AbandonedConnectionCleanupThread.run(AbandonedConnectionCleanupThread.java:93)
 java.base/java.util.concurrent.ThreadPoolExecutor.runWorker(ThreadPoolExecutor.java:1144)
 java.base/java.util.concurrent.ThreadPoolExecutor$Worker.run(ThreadPoolExecutor.java:642)
 java.base/java.lang.Thread.run(Thread.java:1583)
23-Aug-2026 14:06:27.716 AVERTISSEMENT [Thread-1] org.apache.catalina.loader.WebappClassLoaderBase.clearReferencesThreads L'application web [ROOT] semble avoir démarré un thread nommé [Hibernate Connection Pool Validation Thread] mais ne l'a pas arrêté, ce qui va probablement créer une fuite de mémoire ; la trace du thread est : 
 java.base/jdk.internal.misc.Unsafe.park(Native Method)
 java.base/java.util.concurrent.locks.LockSupport.parkNanos(LockSupport.java:269)
 java.base/java.util.concurrent.locks.AbstractQueuedSynchronizer$ConditionObject.awaitNanos(AbstractQueuedSynchronizer.java:1797)
 java.base/java.util.concurrent.ScheduledThreadPoolExecutor$DelayedWorkQueue.take(ScheduledThreadPoolExecutor.java:1182)
 java.base/java.util.concurrent.ScheduledThreadPoolExecutor$DelayedWorkQueue.take(ScheduledThreadPoolExecutor.java:899)
 java.base/java.util.concurrent.ThreadPoolExecutor.getTask(ThreadPoolExecutor.java:1070)
 java.base/java.util.concurrent.ThreadPoolExecutor.runWorker(ThreadPoolExecutor.java:1130)
 java.base/java.util.concurrent.ThreadPoolExecutor$Worker.run(ThreadPoolExecutor.java:642)
 java.base/java.lang.Thread.run(Thread.java:1583)
23-Aug-2026 14:06:27.717 AVERTISSEMENT [Thread-1] org.apache.catalina.loader.WebappClassLoaderBase.clearReferencesThreads L'application web [ROOT] semble avoir démarré un thread nommé [Hibernate Connection Pool Validation Thread] mais ne l'a pas arrêté, ce qui va probablement créer une fuite de mémoire ; la trace du thread est : 
 java.base/jdk.internal.misc.Unsafe.park(Native Method)
 java.base/java.util.concurrent.locks.LockSupport.parkNanos(LockSupport.java:269)
 java.base/java.util.concurrent.locks.AbstractQueuedSynchronizer$ConditionObject.awaitNanos(AbstractQueuedSynchronizer.java:1797)
 java.base/java.util.concurrent.ScheduledThreadPoolExecutor$DelayedWorkQueue.take(ScheduledThreadPoolExecutor.java:1182)
 java.base/java.util.concurrent.ScheduledThreadPoolExecutor$DelayedWorkQueue.take(ScheduledThreadPoolExecutor.java:899)
 java.base/java.util.concurrent.ThreadPoolExecutor.getTask(ThreadPoolExecutor.java:1070)
 java.base/java.util.concurrent.ThreadPoolExecutor.runWorker(ThreadPoolExecutor.java:1130)
 java.base/java.util.concurrent.ThreadPoolExecutor$Worker.run(ThreadPoolExecutor.java:642)
 java.base/java.lang.Thread.run(Thread.java:1583)
23-Aug-2026 14:06:27.717 AVERTISSEMENT [Thread-1] org.apache.catalina.loader.WebappClassLoaderBase.clearReferencesThreads L'application web [ROOT] semble avoir démarré un thread nommé [Hibernate Connection Pool Validation Thread] mais ne l'a pas arrêté, ce qui va probablement créer une fuite de mémoire ; la trace du thread est : 
 java.base/jdk.internal.misc.Unsafe.park(Native Method)
 java.base/java.util.concurrent.locks.LockSupport.parkNanos(LockSupport.java:269)
 java.base/java.util.concurrent.locks.AbstractQueuedSynchronizer$ConditionObject.awaitNanos(AbstractQueuedSynchronizer.java:1797)
 java.base/java.util.concurrent.ScheduledThreadPoolExecutor$DelayedWorkQueue.take(ScheduledThreadPoolExecutor.java:1182)
 java.base/java.util.concurrent.ScheduledThreadPoolExecutor$DelayedWorkQueue.take(ScheduledThreadPoolExecutor.java:899)
 java.base/java.util.concurrent.ThreadPoolExecutor.getTask(ThreadPoolExecutor.java:1070)
 java.base/java.util.concurrent.ThreadPoolExecutor.runWorker(ThreadPoolExecutor.java:1130)
 java.base/java.util.concurrent.ThreadPoolExecutor$Worker.run(ThreadPoolExecutor.java:642)
 java.base/java.lang.Thread.run(Thread.java:1583)
23-Aug-2026 14:06:27.744 INFOS [Thread-1] org.apache.coyote.AbstractProtocol.stop Arrêt du gestionnaire de protocole ["http-nio-8080"]
23-Aug-2026 14:06:27.752 INFOS [Thread-1] org.apache.coyote.AbstractProtocol.destroy Destruction du gestionnaire de protocole ["http-nio-8080"]
23-Aug-2026 14:06:33.402 INFOS [main] org.apache.catalina.startup.VersionLoggerListener.log Nom version serveur :              Apache Tomcat/10.1.42
23-Aug-2026 14:06:33.408 INFOS [main] org.apache.catalina.startup.VersionLoggerListener.log Serveur compilé :                  Jun 5 2025 22:35:46 UTC
23-Aug-2026 14:06:33.409 INFOS [main] org.apache.catalina.startup.VersionLoggerListener.log Version du serveur :               10.1.42.0
23-Aug-2026 14:06:33.409 INFOS [main] org.apache.catalina.startup.VersionLoggerListener.log Nom de l'OS :                      Windows 11
23-Aug-2026 14:06:33.409 INFOS [main] org.apache.catalina.startup.VersionLoggerListener.log Version OS :                       10.0
23-Aug-2026 14:06:33.409 INFOS [main] org.apache.catalina.startup.VersionLoggerListener.log Architecture :                     amd64
23-Aug-2026 14:06:33.409 INFOS [main] org.apache.catalina.startup.VersionLoggerListener.log Java Home :                        C:\Users\HP\.jdks\jbrsdk_jcef-21.0.9
23-Aug-2026 14:06:33.409 INFOS [main] org.apache.catalina.startup.VersionLoggerListener.log Version JVM :                      21.0.9+1-b1038.75
23-Aug-2026 14:06:33.410 INFOS [main] org.apache.catalina.startup.VersionLoggerListener.log Fournisseur de la JVM :            JetBrains s.r.o.
23-Aug-2026 14:06:33.410 INFOS [main] org.apache.catalina.startup.VersionLoggerListener.log CATALINA_BASE :                    C:\Users\HP\Desktop\samasuker\.smarttomcat
23-Aug-2026 14:06:33.410 INFOS [main] org.apache.catalina.startup.VersionLoggerListener.log CATALINA_HOME :                    C:\Users\HP\Desktop\apache-tomcat-10.1.42
23-Aug-2026 14:06:33.431 INFOS [main] org.apache.catalina.startup.VersionLoggerListener.log Argument de la ligne de commande : --add-opens=java.base/java.lang=ALL-UNNAMED
23-Aug-2026 14:06:33.432 INFOS [main] org.apache.catalina.startup.VersionLoggerListener.log Argument de la ligne de commande : --add-opens=java.base/java.io=ALL-UNNAMED
23-Aug-2026 14:06:33.432 INFOS [main] org.apache.catalina.startup.VersionLoggerListener.log Argument de la ligne de commande : --add-opens=java.base/java.util=ALL-UNNAMED
23-Aug-2026 14:06:33.432 INFOS [main] org.apache.catalina.startup.VersionLoggerListener.log Argument de la ligne de commande : --add-opens=java.base/java.util.concurrent=ALL-UNNAMED
23-Aug-2026 14:06:33.432 INFOS [main] org.apache.catalina.startup.VersionLoggerListener.log Argument de la ligne de commande : --add-opens=java.rmi/sun.rmi.transport=ALL-UNNAMED
23-Aug-2026 14:06:33.432 INFOS [main] org.apache.catalina.startup.VersionLoggerListener.log Argument de la ligne de commande : -Dcatalina.home=C:\Users\HP\Desktop\apache-tomcat-10.1.42
23-Aug-2026 14:06:33.432 INFOS [main] org.apache.catalina.startup.VersionLoggerListener.log Argument de la ligne de commande : -Dcatalina.base=C:\Users\HP\Desktop\samasuker\.smarttomcat
23-Aug-2026 14:06:33.434 INFOS [main] org.apache.catalina.startup.VersionLoggerListener.log Argument de la ligne de commande : -Djava.io.tmpdir=C:\Users\HP\Desktop\samasuker\.smarttomcat\temp
23-Aug-2026 14:06:33.434 INFOS [main] org.apache.catalina.startup.VersionLoggerListener.log Argument de la ligne de commande : -Djava.util.logging.config.file=C:\Users\HP\Desktop\samasuker\.smarttomcat\conf\logging.properties
23-Aug-2026 14:06:33.434 INFOS [main] org.apache.catalina.startup.VersionLoggerListener.log Argument de la ligne de commande : -Djava.util.logging.manager=org.apache.juli.ClassLoaderLogManager
23-Aug-2026 14:06:33.434 INFOS [main] org.apache.catalina.startup.VersionLoggerListener.log Argument de la ligne de commande : -javaagent:C:\Program Files\JetBrains\IntelliJ IDEA 2025.2.2\lib\idea_rt.jar=56731
23-Aug-2026 14:06:33.434 INFOS [main] org.apache.catalina.startup.VersionLoggerListener.log Argument de la ligne de commande : -Dfile.encoding=UTF-8
23-Aug-2026 14:06:33.434 INFOS [main] org.apache.catalina.startup.VersionLoggerListener.log Argument de la ligne de commande : -Dsun.stdout.encoding=UTF-8
23-Aug-2026 14:06:33.434 INFOS [main] org.apache.catalina.startup.VersionLoggerListener.log Argument de la ligne de commande : -Dsun.stderr.encoding=UTF-8
23-Aug-2026 14:06:33.440 INFOS [main] org.apache.catalina.core.AprLifecycleListener.lifecycleEvent Chargement de la librairie Apache Tomcat Native [2.0.9] en utilisant APR version [1.7.6]
23-Aug-2026 14:06:33.452 INFOS [main] org.apache.catalina.core.AprLifecycleListener.initializeSSL OpenSSL a été initialisé avec succès [OpenSSL 3.5.0 8 Apr 2025]
23-Aug-2026 14:06:34.045 INFOS [main] org.apache.coyote.AbstractProtocol.init Initialisation du gestionnaire de protocole ["http-nio-8080"]
23-Aug-2026 14:06:34.083 INFOS [main] org.apache.catalina.startup.Catalina.load L'initialisation du serveur a pris [1112] millisecondes
23-Aug-2026 14:06:34.169 INFOS [main] org.apache.catalina.core.StandardService.startInternal Démarrage du service [Catalina]
23-Aug-2026 14:06:34.169 INFOS [main] org.apache.catalina.core.StandardEngine.startInternal Démarrage du moteur de Servlets : [Apache Tomcat/10.1.42]
23-Aug-2026 14:06:34.192 INFOS [main] org.apache.catalina.startup.HostConfig.deployDescriptor Déploiement du descripteur de configuration [C:\Users\HP\Desktop\samasuker\.smarttomcat\conf\Catalina\localhost\MDD.xml]
23-Aug-2026 14:06:40.271 INFOS [main] org.apache.jasper.servlet.TldScanner.scanJars Au moins un fichier JAR a été analysé pour trouver des TLDs mais il n'en contenait pas, le mode "debug" du journal peut être activé pour obtenir une liste complète de JAR scannés sans succès ; éviter d'analyser des JARs inutilement peut améliorer sensiblement le temps de démarrage et le temps de compilation des JSPs
23-Aug-2026 14:06:40.441 INFOS [main] org.apache.catalina.startup.HostConfig.deployDescriptor Le traitement du descripteur de déploiement [C:\Users\HP\Desktop\samasuker\.smarttomcat\conf\Catalina\localhost\MDD.xml] a pris [6 241] ms
23-Aug-2026 14:06:40.442 INFOS [main] org.apache.catalina.startup.HostConfig.deployDescriptor Déploiement du descripteur de configuration [C:\Users\HP\Desktop\samasuker\.smarttomcat\conf\Catalina\localhost\ROOT.xml]
23-Aug-2026 14:06:45.823 INFOS [main] org.apache.jasper.servlet.TldScanner.scanJars Au moins un fichier JAR a été analysé pour trouver des TLDs mais il n'en contenait pas, le mode "debug" du journal peut être activé pour obtenir une liste complète de JAR scannés sans succès ; éviter d'analyser des JARs inutilement peut améliorer sensiblement le temps de démarrage et le temps de compilation des JSPs
23-Aug-2026 14:06:45.897 INFOS [main] org.apache.catalina.startup.HostConfig.deployDescriptor Le traitement du descripteur de déploiement [C:\Users\HP\Desktop\samasuker\.smarttomcat\conf\Catalina\localhost\ROOT.xml] a pris [5 455] ms
23-Aug-2026 14:06:45.907 INFOS [main] org.apache.coyote.AbstractProtocol.start Démarrage du gestionnaire de protocole ["http-nio-8080"]
23-Aug-2026 14:06:45.969 INFOS [main] org.apache.catalina.startup.Catalina.start Le démarrage du serveur a pris [11885] millisecondes
23-Aug-2026 14:07:36.381 INFO [http-nio-8080-exec-4] org.hibernate.jpa.internal.util.LogHelper.logPersistenceUnitInformation HHH000204: Processing PersistenceUnitInfo [name: glycemiePU]
23-Aug-2026 14:07:37.038 INFO [http-nio-8080-exec-4] org.hibernate.Version.logVersion HHH000412: Hibernate ORM core version 6.2.7.Final
23-Aug-2026 14:07:37.051 INFO [http-nio-8080-exec-4] org.hibernate.cfg.Environment.<clinit> HHH000406: Using bytecode reflection optimizer
23-Aug-2026 14:07:38.540 WARN [http-nio-8080-exec-4] org.hibernate.engine.jdbc.connections.internal.DriverManagerConnectionProviderImpl.configure HHH10001002: Using built-in connection pool (not intended for production use)
23-Aug-2026 14:07:38.581 INFO [http-nio-8080-exec-4] org.hibernate.engine.jdbc.connections.internal.DriverManagerConnectionProviderImpl.buildCreator HHH10001005: Loaded JDBC driver class: com.mysql.cj.jdbc.Driver
23-Aug-2026 14:07:38.581 INFO [http-nio-8080-exec-4] org.hibernate.engine.jdbc.connections.internal.DriverManagerConnectionProviderImpl.buildCreator HHH10001012: Connecting with JDBC URL [jdbc:mysql://localhost:3306/suivi_glycemie_db?useSSL=false&serverTimezone=UTC]
23-Aug-2026 14:07:38.582 INFO [http-nio-8080-exec-4] org.hibernate.engine.jdbc.connections.internal.DriverManagerConnectionProviderImpl.buildCreator HHH10001001: Connection properties: {password=****, user=root}
23-Aug-2026 14:07:38.582 INFO [http-nio-8080-exec-4] org.hibernate.engine.jdbc.connections.internal.DriverManagerConnectionProviderImpl.buildCreator HHH10001003: Autocommit mode: false
23-Aug-2026 14:07:38.610 INFO [http-nio-8080-exec-4] org.hibernate.engine.jdbc.connections.internal.DriverManagerConnectionProviderImpl$PooledConnections.<init> HHH10001115: Connection pool size: 20 (min=1)
23-Aug-2026 14:07:39.401 WARN [http-nio-8080-exec-4] org.hibernate.dialect.Dialect.checkVersion HHH000511: The 5.6.17 version for [org.hibernate.dialect.MySQLDialect] is no longer supported, hence certain features may not work properly. The minimum supported version is 5.7.0. Check the community dialects project for available legacy versions.
23-Aug-2026 14:07:41.091 INFO [http-nio-8080-exec-4] org.hibernate.bytecode.internal.BytecodeProviderInitiator.buildBytecodeProvider HHH000021: Bytecode provider name : bytebuddy
23-Aug-2026 14:07:46.918 INFO [http-nio-8080-exec-4] org.hibernate.engine.transaction.jta.platform.internal.JtaPlatformInitiator.initiateService HHH000490: Using JtaPlatform implementation: [org.hibernate.engine.transaction.jta.platform.internal.NoJtaPlatform]
23-Aug-2026 14:07:47.203 INFO [http-nio-8080-exec-4] org.hibernate.resource.transaction.backend.jdbc.internal.DdlTransactionIsolatorNonJtaImpl.getIsolatedConnection HHH10001501: Connection obtained from JdbcConnectionAccess [org.hibernate.engine.jdbc.env.internal.JdbcEnvironmentInitiator$ConnectionProviderJdbcConnectionAccess@6ab39423] for (non-JTA) DDL execution was not in auto-commit mode; the Connection 'local transaction' will be committed and the Connection will be set into auto-commit mode.
23-Aug-2026 14:09:55.073 INFOS [main] org.apache.catalina.startup.VersionLoggerListener.log Nom version serveur :              Apache Tomcat/10.1.42
23-Aug-2026 14:09:55.080 INFOS [main] org.apache.catalina.startup.VersionLoggerListener.log Serveur compilé :                  Jun 5 2025 22:35:46 UTC
23-Aug-2026 14:09:55.080 INFOS [main] org.apache.catalina.startup.VersionLoggerListener.log Version du serveur :               10.1.42.0
23-Aug-2026 14:09:55.080 INFOS [main] org.apache.catalina.startup.VersionLoggerListener.log Nom de l'OS :                      Windows 11
23-Aug-2026 14:09:55.080 INFOS [main] org.apache.catalina.startup.VersionLoggerListener.log Version OS :                       10.0
23-Aug-2026 14:09:55.080 INFOS [main] org.apache.catalina.startup.VersionLoggerListener.log Architecture :                     amd64
23-Aug-2026 14:09:55.080 INFOS [main] org.apache.catalina.startup.VersionLoggerListener.log Java Home :                        C:\Users\HP\.jdks\jbrsdk_jcef-21.0.9
23-Aug-2026 14:09:55.082 INFOS [main] org.apache.catalina.startup.VersionLoggerListener.log Version JVM :                      21.0.9+1-b1038.75
23-Aug-2026 14:09:55.082 INFOS [main] org.apache.catalina.startup.VersionLoggerListener.log Fournisseur de la JVM :            JetBrains s.r.o.
23-Aug-2026 14:09:55.082 INFOS [main] org.apache.catalina.startup.VersionLoggerListener.log CATALINA_BASE :                    C:\Users\HP\Desktop\samasuker\.smarttomcat
23-Aug-2026 14:09:55.082 INFOS [main] org.apache.catalina.startup.VersionLoggerListener.log CATALINA_HOME :                    C:\Users\HP\Desktop\apache-tomcat-10.1.42
23-Aug-2026 14:09:55.102 INFOS [main] org.apache.catalina.startup.VersionLoggerListener.log Argument de la ligne de commande : --add-opens=java.base/java.lang=ALL-UNNAMED
23-Aug-2026 14:09:55.102 INFOS [main] org.apache.catalina.startup.VersionLoggerListener.log Argument de la ligne de commande : --add-opens=java.base/java.io=ALL-UNNAMED
23-Aug-2026 14:09:55.102 INFOS [main] org.apache.catalina.startup.VersionLoggerListener.log Argument de la ligne de commande : --add-opens=java.base/java.util=ALL-UNNAMED
23-Aug-2026 14:09:55.102 INFOS [main] org.apache.catalina.startup.VersionLoggerListener.log Argument de la ligne de commande : --add-opens=java.base/java.util.concurrent=ALL-UNNAMED
23-Aug-2026 14:09:55.102 INFOS [main] org.apache.catalina.startup.VersionLoggerListener.log Argument de la ligne de commande : --add-opens=java.rmi/sun.rmi.transport=ALL-UNNAMED
23-Aug-2026 14:09:55.105 INFOS [main] org.apache.catalina.startup.VersionLoggerListener.log Argument de la ligne de commande : -Dcatalina.home=C:\Users\HP\Desktop\apache-tomcat-10.1.42
23-Aug-2026 14:09:55.105 INFOS [main] org.apache.catalina.startup.VersionLoggerListener.log Argument de la ligne de commande : -Dcatalina.base=C:\Users\HP\Desktop\samasuker\.smarttomcat
23-Aug-2026 14:09:55.105 INFOS [main] org.apache.catalina.startup.VersionLoggerListener.log Argument de la ligne de commande : -Djava.io.tmpdir=C:\Users\HP\Desktop\samasuker\.smarttomcat\temp
23-Aug-2026 14:09:55.105 INFOS [main] org.apache.catalina.startup.VersionLoggerListener.log Argument de la ligne de commande : -Djava.util.logging.config.file=C:\Users\HP\Desktop\samasuker\.smarttomcat\conf\logging.properties
23-Aug-2026 14:09:55.105 INFOS [main] org.apache.catalina.startup.VersionLoggerListener.log Argument de la ligne de commande : -Djava.util.logging.manager=org.apache.juli.ClassLoaderLogManager
23-Aug-2026 14:09:55.105 INFOS [main] org.apache.catalina.startup.VersionLoggerListener.log Argument de la ligne de commande : -javaagent:C:\Program Files\JetBrains\IntelliJ IDEA 2025.2.2\lib\idea_rt.jar=61577
23-Aug-2026 14:09:55.107 INFOS [main] org.apache.catalina.startup.VersionLoggerListener.log Argument de la ligne de commande : -Dfile.encoding=UTF-8
23-Aug-2026 14:09:55.107 INFOS [main] org.apache.catalina.startup.VersionLoggerListener.log Argument de la ligne de commande : -Dsun.stdout.encoding=UTF-8
23-Aug-2026 14:09:55.107 INFOS [main] org.apache.catalina.startup.VersionLoggerListener.log Argument de la ligne de commande : -Dsun.stderr.encoding=UTF-8
23-Aug-2026 14:09:55.217 INFOS [main] org.apache.catalina.core.AprLifecycleListener.lifecycleEvent Chargement de la librairie Apache Tomcat Native [2.0.9] en utilisant APR version [1.7.6]
23-Aug-2026 14:09:55.294 INFOS [main] org.apache.catalina.core.AprLifecycleListener.initializeSSL OpenSSL a été initialisé avec succès [OpenSSL 3.5.0 8 Apr 2025]
23-Aug-2026 14:09:56.064 INFOS [main] org.apache.coyote.AbstractProtocol.init Initialisation du gestionnaire de protocole ["http-nio-8080"]
23-Aug-2026 14:09:56.098 INFOS [main] org.apache.catalina.startup.Catalina.load L'initialisation du serveur a pris [1567] millisecondes
23-Aug-2026 14:09:56.219 INFOS [main] org.apache.catalina.core.StandardService.startInternal Démarrage du service [Catalina]
23-Aug-2026 14:09:56.219 INFOS [main] org.apache.catalina.core.StandardEngine.startInternal Démarrage du moteur de Servlets : [Apache Tomcat/10.1.42]
23-Aug-2026 14:09:56.250 INFOS [main] org.apache.catalina.startup.HostConfig.deployDescriptor Déploiement du descripteur de configuration [C:\Users\HP\Desktop\samasuker\.smarttomcat\conf\Catalina\localhost\MDD.xml]
23-Aug-2026 14:10:06.949 INFOS [main] org.apache.jasper.servlet.TldScanner.scanJars Au moins un fichier JAR a été analysé pour trouver des TLDs mais il n'en contenait pas, le mode "debug" du journal peut être activé pour obtenir une liste complète de JAR scannés sans succès ; éviter d'analyser des JARs inutilement peut améliorer sensiblement le temps de démarrage et le temps de compilation des JSPs
23-Aug-2026 14:10:07.575 INFOS [main] org.apache.catalina.startup.HostConfig.deployDescriptor Le traitement du descripteur de déploiement [C:\Users\HP\Desktop\samasuker\.smarttomcat\conf\Catalina\localhost\MDD.xml] a pris [11 323] ms
23-Aug-2026 14:10:07.575 INFOS [main] org.apache.catalina.startup.HostConfig.deployDescriptor Déploiement du descripteur de configuration [C:\Users\HP\Desktop\samasuker\.smarttomcat\conf\Catalina\localhost\ROOT.xml]
23-Aug-2026 14:10:13.796 INFOS [main] org.apache.jasper.servlet.TldScanner.scanJars Au moins un fichier JAR a été analysé pour trouver des TLDs mais il n'en contenait pas, le mode "debug" du journal peut être activé pour obtenir une liste complète de JAR scannés sans succès ; éviter d'analyser des JARs inutilement peut améliorer sensiblement le temps de démarrage et le temps de compilation des JSPs
23-Aug-2026 14:10:13.852 INFOS [main] org.apache.catalina.startup.HostConfig.deployDescriptor Le traitement du descripteur de déploiement [C:\Users\HP\Desktop\samasuker\.smarttomcat\conf\Catalina\localhost\ROOT.xml] a pris [6 277] ms
23-Aug-2026 14:10:13.858 INFOS [main] org.apache.coyote.AbstractProtocol.start Démarrage du gestionnaire de protocole ["http-nio-8080"]
23-Aug-2026 14:10:13.890 INFOS [main] org.apache.catalina.startup.Catalina.start Le démarrage du serveur a pris [17798] millisecondes
23-Aug-2026 14:12:44.853 INFOS [Thread-1] org.apache.coyote.AbstractProtocol.pause Le gestionnaire de protocole ["http-nio-8080"] est mis en pause
23-Aug-2026 14:12:44.867 INFOS [Thread-1] org.apache.catalina.core.StandardService.stopInternal Arrêt du service [Catalina]
23-Aug-2026 14:12:44.892 INFOS [Thread-1] org.apache.coyote.AbstractProtocol.stop Arrêt du gestionnaire de protocole ["http-nio-8080"]
23-Aug-2026 14:12:44.898 INFOS [Thread-1] org.apache.coyote.AbstractProtocol.destroy Destruction du gestionnaire de protocole ["http-nio-8080"]
23-Aug-2026 14:12:53.356 INFOS [main] org.apache.catalina.startup.VersionLoggerListener.log Nom version serveur :              Apache Tomcat/10.1.42
23-Aug-2026 14:12:53.356 INFOS [main] org.apache.catalina.startup.VersionLoggerListener.log Serveur compilé :                  Jun 5 2025 22:35:46 UTC
23-Aug-2026 14:12:53.356 INFOS [main] org.apache.catalina.startup.VersionLoggerListener.log Version du serveur :               10.1.42.0
23-Aug-2026 14:12:53.356 INFOS [main] org.apache.catalina.startup.VersionLoggerListener.log Nom de l'OS :                      Windows 11
23-Aug-2026 14:12:53.362 INFOS [main] org.apache.catalina.startup.VersionLoggerListener.log Version OS :                       10.0
23-Aug-2026 14:12:53.362 INFOS [main] org.apache.catalina.startup.VersionLoggerListener.log Architecture :                     amd64
23-Aug-2026 14:12:53.362 INFOS [main] org.apache.catalina.startup.VersionLoggerListener.log Java Home :                        C:\Users\HP\.jdks\jbrsdk_jcef-21.0.9
23-Aug-2026 14:12:53.362 INFOS [main] org.apache.catalina.startup.VersionLoggerListener.log Version JVM :                      21.0.9+1-b1038.75
23-Aug-2026 14:12:53.362 INFOS [main] org.apache.catalina.startup.VersionLoggerListener.log Fournisseur de la JVM :            JetBrains s.r.o.
23-Aug-2026 14:12:53.362 INFOS [main] org.apache.catalina.startup.VersionLoggerListener.log CATALINA_BASE :                    C:\Users\HP\Desktop\samasuker\.smarttomcat
23-Aug-2026 14:12:53.362 INFOS [main] org.apache.catalina.startup.VersionLoggerListener.log CATALINA_HOME :                    C:\Users\HP\Desktop\apache-tomcat-10.1.42
23-Aug-2026 14:12:53.377 INFOS [main] org.apache.catalina.startup.VersionLoggerListener.log Argument de la ligne de commande : --add-opens=java.base/java.lang=ALL-UNNAMED
23-Aug-2026 14:12:53.377 INFOS [main] org.apache.catalina.startup.VersionLoggerListener.log Argument de la ligne de commande : --add-opens=java.base/java.io=ALL-UNNAMED
23-Aug-2026 14:12:53.378 INFOS [main] org.apache.catalina.startup.VersionLoggerListener.log Argument de la ligne de commande : --add-opens=java.base/java.util=ALL-UNNAMED
23-Aug-2026 14:12:53.378 INFOS [main] org.apache.catalina.startup.VersionLoggerListener.log Argument de la ligne de commande : --add-opens=java.base/java.util.concurrent=ALL-UNNAMED
23-Aug-2026 14:12:53.378 INFOS [main] org.apache.catalina.startup.VersionLoggerListener.log Argument de la ligne de commande : --add-opens=java.rmi/sun.rmi.transport=ALL-UNNAMED
23-Aug-2026 14:12:53.378 INFOS [main] org.apache.catalina.startup.VersionLoggerListener.log Argument de la ligne de commande : -Dcatalina.home=C:\Users\HP\Desktop\apache-tomcat-10.1.42
23-Aug-2026 14:12:53.378 INFOS [main] org.apache.catalina.startup.VersionLoggerListener.log Argument de la ligne de commande : -Dcatalina.base=C:\Users\HP\Desktop\samasuker\.smarttomcat
23-Aug-2026 14:12:53.378 INFOS [main] org.apache.catalina.startup.VersionLoggerListener.log Argument de la ligne de commande : -Djava.io.tmpdir=C:\Users\HP\Desktop\samasuker\.smarttomcat\temp
23-Aug-2026 14:12:53.378 INFOS [main] org.apache.catalina.startup.VersionLoggerListener.log Argument de la ligne de commande : -Djava.util.logging.config.file=C:\Users\HP\Desktop\samasuker\.smarttomcat\conf\logging.properties
23-Aug-2026 14:12:53.379 INFOS [main] org.apache.catalina.startup.VersionLoggerListener.log Argument de la ligne de commande : -Djava.util.logging.manager=org.apache.juli.ClassLoaderLogManager
23-Aug-2026 14:12:53.379 INFOS [main] org.apache.catalina.startup.VersionLoggerListener.log Argument de la ligne de commande : -javaagent:C:\Program Files\JetBrains\IntelliJ IDEA 2025.2.2\lib\idea_rt.jar=59304
23-Aug-2026 14:12:53.379 INFOS [main] org.apache.catalina.startup.VersionLoggerListener.log Argument de la ligne de commande : -Dfile.encoding=UTF-8
23-Aug-2026 14:12:53.379 INFOS [main] org.apache.catalina.startup.VersionLoggerListener.log Argument de la ligne de commande : -Dsun.stdout.encoding=UTF-8
23-Aug-2026 14:12:53.379 INFOS [main] org.apache.catalina.startup.VersionLoggerListener.log Argument de la ligne de commande : -Dsun.stderr.encoding=UTF-8
23-Aug-2026 14:12:53.430 INFOS [main] org.apache.catalina.core.AprLifecycleListener.lifecycleEvent Chargement de la librairie Apache Tomcat Native [2.0.9] en utilisant APR version [1.7.6]
23-Aug-2026 14:12:53.439 INFOS [main] org.apache.catalina.core.AprLifecycleListener.initializeSSL OpenSSL a été initialisé avec succès [OpenSSL 3.5.0 8 Apr 2025]
23-Aug-2026 14:12:54.045 INFOS [main] org.apache.coyote.AbstractProtocol.init Initialisation du gestionnaire de protocole ["http-nio-8080"]
23-Aug-2026 14:12:54.076 INFOS [main] org.apache.catalina.startup.Catalina.load L'initialisation du serveur a pris [1162] millisecondes
23-Aug-2026 14:12:54.168 INFOS [main] org.apache.catalina.core.StandardService.startInternal Démarrage du service [Catalina]
23-Aug-2026 14:12:54.170 INFOS [main] org.apache.catalina.core.StandardEngine.startInternal Démarrage du moteur de Servlets : [Apache Tomcat/10.1.42]
23-Aug-2026 14:12:54.194 INFOS [main] org.apache.catalina.startup.HostConfig.deployDescriptor Déploiement du descripteur de configuration [C:\Users\HP\Desktop\samasuker\.smarttomcat\conf\Catalina\localhost\MDD.xml]
23-Aug-2026 14:12:59.693 INFOS [main] org.apache.jasper.servlet.TldScanner.scanJars Au moins un fichier JAR a été analysé pour trouver des TLDs mais il n'en contenait pas, le mode "debug" du journal peut être activé pour obtenir une liste complète de JAR scannés sans succès ; éviter d'analyser des JARs inutilement peut améliorer sensiblement le temps de démarrage et le temps de compilation des JSPs
23-Aug-2026 14:12:59.840 INFOS [main] org.apache.catalina.startup.HostConfig.deployDescriptor Le traitement du descripteur de déploiement [C:\Users\HP\Desktop\samasuker\.smarttomcat\conf\Catalina\localhost\MDD.xml] a pris [5 640] ms
23-Aug-2026 14:12:59.840 INFOS [main] org.apache.catalina.startup.HostConfig.deployDescriptor Déploiement du descripteur de configuration [C:\Users\HP\Desktop\samasuker\.smarttomcat\conf\Catalina\localhost\ROOT.xml]
23-Aug-2026 14:13:03.195 INFOS [main] org.apache.jasper.servlet.TldScanner.scanJars Au moins un fichier JAR a été analysé pour trouver des TLDs mais il n'en contenait pas, le mode "debug" du journal peut être activé pour obtenir une liste complète de JAR scannés sans succès ; éviter d'analyser des JARs inutilement peut améliorer sensiblement le temps de démarrage et le temps de compilation des JSPs
23-Aug-2026 14:13:03.306 INFOS [main] org.apache.catalina.startup.HostConfig.deployDescriptor Le traitement du descripteur de déploiement [C:\Users\HP\Desktop\samasuker\.smarttomcat\conf\Catalina\localhost\ROOT.xml] a pris [3 466] ms
23-Aug-2026 14:13:03.321 INFOS [main] org.apache.coyote.AbstractProtocol.start Démarrage du gestionnaire de protocole ["http-nio-8080"]
23-Aug-2026 14:13:03.379 INFOS [main] org.apache.catalina.startup.Catalina.start Le démarrage du serveur a pris [9302] millisecondes
23-Aug-2026 14:14:11.683 INFOS [Thread-1] org.apache.coyote.AbstractProtocol.pause Le gestionnaire de protocole ["http-nio-8080"] est mis en pause
23-Aug-2026 14:14:11.697 INFOS [Thread-1] org.apache.catalina.core.StandardService.stopInternal Arrêt du service [Catalina]
23-Aug-2026 14:14:11.725 INFOS [Thread-1] org.apache.coyote.AbstractProtocol.stop Arrêt du gestionnaire de protocole ["http-nio-8080"]
23-Aug-2026 14:14:11.737 INFOS [Thread-1] org.apache.coyote.AbstractProtocol.destroy Destruction du gestionnaire de protocole ["http-nio-8080"]
23-Aug-2026 14:15:34.323 INFOS [main] org.apache.catalina.startup.VersionLoggerListener.log Nom version serveur :              Apache Tomcat/10.1.42
23-Aug-2026 14:15:34.329 INFOS [main] org.apache.catalina.startup.VersionLoggerListener.log Serveur compilé :                  Jun 5 2025 22:35:46 UTC
23-Aug-2026 14:15:34.330 INFOS [main] org.apache.catalina.startup.VersionLoggerListener.log Version du serveur :               10.1.42.0
23-Aug-2026 14:15:34.330 INFOS [main] org.apache.catalina.startup.VersionLoggerListener.log Nom de l'OS :                      Windows 11
23-Aug-2026 14:15:34.331 INFOS [main] org.apache.catalina.startup.VersionLoggerListener.log Version OS :                       10.0
23-Aug-2026 14:15:34.331 INFOS [main] org.apache.catalina.startup.VersionLoggerListener.log Architecture :                     amd64
23-Aug-2026 14:15:34.331 INFOS [main] org.apache.catalina.startup.VersionLoggerListener.log Java Home :                        C:\Users\HP\.jdks\jbrsdk_jcef-21.0.9
23-Aug-2026 14:15:34.331 INFOS [main] org.apache.catalina.startup.VersionLoggerListener.log Version JVM :                      21.0.9+1-b1038.75
23-Aug-2026 14:15:34.331 INFOS [main] org.apache.catalina.startup.VersionLoggerListener.log Fournisseur de la JVM :            JetBrains s.r.o.
23-Aug-2026 14:15:34.331 INFOS [main] org.apache.catalina.startup.VersionLoggerListener.log CATALINA_BASE :                    C:\Users\HP\Desktop\samasuker\.smarttomcat
23-Aug-2026 14:15:34.331 INFOS [main] org.apache.catalina.startup.VersionLoggerListener.log CATALINA_HOME :                    C:\Users\HP\Desktop\apache-tomcat-10.1.42
23-Aug-2026 14:15:34.353 INFOS [main] org.apache.catalina.startup.VersionLoggerListener.log Argument de la ligne de commande : --add-opens=java.base/java.lang=ALL-UNNAMED
23-Aug-2026 14:15:34.353 INFOS [main] org.apache.catalina.startup.VersionLoggerListener.log Argument de la ligne de commande : --add-opens=java.base/java.io=ALL-UNNAMED
23-Aug-2026 14:15:34.353 INFOS [main] org.apache.catalina.startup.VersionLoggerListener.log Argument de la ligne de commande : --add-opens=java.base/java.util=ALL-UNNAMED
23-Aug-2026 14:15:34.353 INFOS [main] org.apache.catalina.startup.VersionLoggerListener.log Argument de la ligne de commande : --add-opens=java.base/java.util.concurrent=ALL-UNNAMED
23-Aug-2026 14:15:34.354 INFOS [main] org.apache.catalina.startup.VersionLoggerListener.log Argument de la ligne de commande : --add-opens=java.rmi/sun.rmi.transport=ALL-UNNAMED
23-Aug-2026 14:15:34.354 INFOS [main] org.apache.catalina.startup.VersionLoggerListener.log Argument de la ligne de commande : -Dcatalina.home=C:\Users\HP\Desktop\apache-tomcat-10.1.42
23-Aug-2026 14:15:34.354 INFOS [main] org.apache.catalina.startup.VersionLoggerListener.log Argument de la ligne de commande : -Dcatalina.base=C:\Users\HP\Desktop\samasuker\.smarttomcat
23-Aug-2026 14:15:34.354 INFOS [main] org.apache.catalina.startup.VersionLoggerListener.log Argument de la ligne de commande : -Djava.io.tmpdir=C:\Users\HP\Desktop\samasuker\.smarttomcat\temp
23-Aug-2026 14:15:34.354 INFOS [main] org.apache.catalina.startup.VersionLoggerListener.log Argument de la ligne de commande : -Djava.util.logging.config.file=C:\Users\HP\Desktop\samasuker\.smarttomcat\conf\logging.properties
23-Aug-2026 14:15:34.354 INFOS [main] org.apache.catalina.startup.VersionLoggerListener.log Argument de la ligne de commande : -Djava.util.logging.manager=org.apache.juli.ClassLoaderLogManager
23-Aug-2026 14:15:34.354 INFOS [main] org.apache.catalina.startup.VersionLoggerListener.log Argument de la ligne de commande : -javaagent:C:\Program Files\JetBrains\IntelliJ IDEA 2025.2.2\lib\idea_rt.jar=49616
23-Aug-2026 14:15:34.354 INFOS [main] org.apache.catalina.startup.VersionLoggerListener.log Argument de la ligne de commande : -Dfile.encoding=UTF-8
23-Aug-2026 14:15:34.355 INFOS [main] org.apache.catalina.startup.VersionLoggerListener.log Argument de la ligne de commande : -Dsun.stdout.encoding=UTF-8
23-Aug-2026 14:15:34.355 INFOS [main] org.apache.catalina.startup.VersionLoggerListener.log Argument de la ligne de commande : -Dsun.stderr.encoding=UTF-8
23-Aug-2026 14:15:34.362 INFOS [main] org.apache.catalina.core.AprLifecycleListener.lifecycleEvent Chargement de la librairie Apache Tomcat Native [2.0.9] en utilisant APR version [1.7.6]
23-Aug-2026 14:15:34.373 INFOS [main] org.apache.catalina.core.AprLifecycleListener.initializeSSL OpenSSL a été initialisé avec succès [OpenSSL 3.5.0 8 Apr 2025]
23-Aug-2026 14:15:35.138 INFOS [main] org.apache.coyote.AbstractProtocol.init Initialisation du gestionnaire de protocole ["http-nio-8080"]
23-Aug-2026 14:15:35.175 INFOS [main] org.apache.catalina.startup.Catalina.load L'initialisation du serveur a pris [1319] millisecondes
23-Aug-2026 14:15:35.357 INFOS [main] org.apache.catalina.core.StandardService.startInternal Démarrage du service [Catalina]
23-Aug-2026 14:15:35.358 INFOS [main] org.apache.catalina.core.StandardEngine.startInternal Démarrage du moteur de Servlets : [Apache Tomcat/10.1.42]
23-Aug-2026 14:15:35.398 INFOS [main] org.apache.catalina.startup.HostConfig.deployDescriptor Déploiement du descripteur de configuration [C:\Users\HP\Desktop\samasuker\.smarttomcat\conf\Catalina\localhost\MDD.xml]
23-Aug-2026 14:15:40.451 INFOS [main] org.apache.jasper.servlet.TldScanner.scanJars Au moins un fichier JAR a été analysé pour trouver des TLDs mais il n'en contenait pas, le mode "debug" du journal peut être activé pour obtenir une liste complète de JAR scannés sans succès ; éviter d'analyser des JARs inutilement peut améliorer sensiblement le temps de démarrage et le temps de compilation des JSPs
23-Aug-2026 14:15:40.649 INFOS [main] org.apache.catalina.startup.HostConfig.deployDescriptor Le traitement du descripteur de déploiement [C:\Users\HP\Desktop\samasuker\.smarttomcat\conf\Catalina\localhost\MDD.xml] a pris [5 242] ms
23-Aug-2026 14:15:40.651 INFOS [main] org.apache.catalina.startup.HostConfig.deployDescriptor Déploiement du descripteur de configuration [C:\Users\HP\Desktop\samasuker\.smarttomcat\conf\Catalina\localhost\ROOT.xml]
23-Aug-2026 14:15:44.289 INFOS [main] org.apache.jasper.servlet.TldScanner.scanJars Au moins un fichier JAR a été analysé pour trouver des TLDs mais il n'en contenait pas, le mode "debug" du journal peut être activé pour obtenir une liste complète de JAR scannés sans succès ; éviter d'analyser des JARs inutilement peut améliorer sensiblement le temps de démarrage et le temps de compilation des JSPs
23-Aug-2026 14:15:44.336 INFOS [main] org.apache.catalina.startup.HostConfig.deployDescriptor Le traitement du descripteur de déploiement [C:\Users\HP\Desktop\samasuker\.smarttomcat\conf\Catalina\localhost\ROOT.xml] a pris [3 684] ms
23-Aug-2026 14:15:44.341 INFOS [main] org.apache.coyote.AbstractProtocol.start Démarrage du gestionnaire de protocole ["http-nio-8080"]
23-Aug-2026 14:15:44.377 INFOS [main] org.apache.catalina.startup.Catalina.start Le démarrage du serveur a pris [9200] millisecondes
23-Aug-2026 14:15:54.903 INFO [http-nio-8080-exec-3] org.hibernate.jpa.internal.util.LogHelper.logPersistenceUnitInformation HHH000204: Processing PersistenceUnitInfo [name: glycemiePU]
23-Aug-2026 14:15:55.291 INFO [http-nio-8080-exec-3] org.hibernate.Version.logVersion HHH000412: Hibernate ORM core version 6.2.7.Final
23-Aug-2026 14:15:55.299 INFO [http-nio-8080-exec-3] org.hibernate.cfg.Environment.<clinit> HHH000406: Using bytecode reflection optimizer
23-Aug-2026 14:15:56.490 WARN [http-nio-8080-exec-3] org.hibernate.engine.jdbc.connections.internal.DriverManagerConnectionProviderImpl.configure HHH10001002: Using built-in connection pool (not intended for production use)
23-Aug-2026 14:15:56.506 INFO [http-nio-8080-exec-3] org.hibernate.engine.jdbc.connections.internal.DriverManagerConnectionProviderImpl.buildCreator HHH10001005: Loaded JDBC driver class: com.mysql.cj.jdbc.Driver
23-Aug-2026 14:15:56.506 INFO [http-nio-8080-exec-3] org.hibernate.engine.jdbc.connections.internal.DriverManagerConnectionProviderImpl.buildCreator HHH10001012: Connecting with JDBC URL [jdbc:mysql://localhost:3306/suivi_glycemie_db?useSSL=false&serverTimezone=UTC]
23-Aug-2026 14:15:56.507 INFO [http-nio-8080-exec-3] org.hibernate.engine.jdbc.connections.internal.DriverManagerConnectionProviderImpl.buildCreator HHH10001001: Connection properties: {password=****, user=root}
23-Aug-2026 14:15:56.507 INFO [http-nio-8080-exec-3] org.hibernate.engine.jdbc.connections.internal.DriverManagerConnectionProviderImpl.buildCreator HHH10001003: Autocommit mode: false
23-Aug-2026 14:15:56.525 INFO [http-nio-8080-exec-3] org.hibernate.engine.jdbc.connections.internal.DriverManagerConnectionProviderImpl$PooledConnections.<init> HHH10001115: Connection pool size: 20 (min=1)
23-Aug-2026 14:15:57.346 WARN [http-nio-8080-exec-3] org.hibernate.dialect.Dialect.checkVersion HHH000511: The 5.6.17 version for [org.hibernate.dialect.MySQLDialect] is no longer supported, hence certain features may not work properly. The minimum supported version is 5.7.0. Check the community dialects project for available legacy versions.
23-Aug-2026 14:15:58.717 INFO [http-nio-8080-exec-3] org.hibernate.bytecode.internal.BytecodeProviderInitiator.buildBytecodeProvider HHH000021: Bytecode provider name : bytebuddy
23-Aug-2026 14:16:03.213 INFO [http-nio-8080-exec-3] org.hibernate.engine.transaction.jta.platform.internal.JtaPlatformInitiator.initiateService HHH000490: Using JtaPlatform implementation: [org.hibernate.engine.transaction.jta.platform.internal.NoJtaPlatform]
23-Aug-2026 14:16:03.372 INFO [http-nio-8080-exec-3] org.hibernate.resource.transaction.backend.jdbc.internal.DdlTransactionIsolatorNonJtaImpl.getIsolatedConnection HHH10001501: Connection obtained from JdbcConnectionAccess [org.hibernate.engine.jdbc.env.internal.JdbcEnvironmentInitiator$ConnectionProviderJdbcConnectionAccess@2c4af82] for (non-JTA) DDL execution was not in auto-commit mode; the Connection 'local transaction' will be committed and the Connection will be set into auto-commit mode.
23-Aug-2026 14:16:05.548 INFO [http-nio-8080-exec-5] org.hibernate.jpa.internal.util.LogHelper.logPersistenceUnitInformation HHH000204: Processing PersistenceUnitInfo [name: glycemiePU]
23-Aug-2026 14:16:05.612 WARN [http-nio-8080-exec-5] org.hibernate.engine.jdbc.connections.internal.DriverManagerConnectionProviderImpl.configure HHH10001002: Using built-in connection pool (not intended for production use)
23-Aug-2026 14:16:05.612 INFO [http-nio-8080-exec-5] org.hibernate.engine.jdbc.connections.internal.DriverManagerConnectionProviderImpl.buildCreator HHH10001005: Loaded JDBC driver class: com.mysql.cj.jdbc.Driver
23-Aug-2026 14:16:05.612 INFO [http-nio-8080-exec-5] org.hibernate.engine.jdbc.connections.internal.DriverManagerConnectionProviderImpl.buildCreator HHH10001012: Connecting with JDBC URL [jdbc:mysql://localhost:3306/suivi_glycemie_db?useSSL=false&serverTimezone=UTC]
23-Aug-2026 14:16:05.613 INFO [http-nio-8080-exec-5] org.hibernate.engine.jdbc.connections.internal.DriverManagerConnectionProviderImpl.buildCreator HHH10001001: Connection properties: {password=****, user=root}
23-Aug-2026 14:16:05.613 INFO [http-nio-8080-exec-5] org.hibernate.engine.jdbc.connections.internal.DriverManagerConnectionProviderImpl.buildCreator HHH10001003: Autocommit mode: false
23-Aug-2026 14:16:05.613 INFO [http-nio-8080-exec-5] org.hibernate.engine.jdbc.connections.internal.DriverManagerConnectionProviderImpl$PooledConnections.<init> HHH10001115: Connection pool size: 20 (min=1)
23-Aug-2026 14:16:05.618 WARN [http-nio-8080-exec-5] org.hibernate.dialect.Dialect.checkVersion HHH000511: The 5.6.17 version for [org.hibernate.dialect.MySQLDialect] is no longer supported, hence certain features may not work properly. The minimum supported version is 5.7.0. Check the community dialects project for available legacy versions.
23-Aug-2026 14:16:05.656 INFO [http-nio-8080-exec-5] org.hibernate.bytecode.internal.BytecodeProviderInitiator.buildBytecodeProvider HHH000021: Bytecode provider name : bytebuddy
23-Aug-2026 14:16:05.771 INFO [http-nio-8080-exec-5] org.hibernate.engine.transaction.jta.platform.internal.JtaPlatformInitiator.initiateService HHH000490: Using JtaPlatform implementation: [org.hibernate.engine.transaction.jta.platform.internal.NoJtaPlatform]
23-Aug-2026 14:16:05.778 INFO [http-nio-8080-exec-5] org.hibernate.resource.transaction.backend.jdbc.internal.DdlTransactionIsolatorNonJtaImpl.getIsolatedConnection HHH10001501: Connection obtained from JdbcConnectionAccess [org.hibernate.engine.jdbc.env.internal.JdbcEnvironmentInitiator$ConnectionProviderJdbcConnectionAccess@7aedd890] for (non-JTA) DDL execution was not in auto-commit mode; the Connection 'local transaction' will be committed and the Connection will be set into auto-commit mode.
23-Aug-2026 14:16:56.660 INFOS [Thread-1] org.apache.coyote.AbstractProtocol.pause Le gestionnaire de protocole ["http-nio-8080"] est mis en pause
23-Aug-2026 14:16:56.688 INFOS [Thread-1] org.apache.catalina.core.StandardService.stopInternal Arrêt du service [Catalina]
23-Aug-2026 14:16:56.704 AVERTISSEMENT [Thread-1] org.apache.catalina.loader.WebappClassLoaderBase.clearReferencesJdbc L'application web [ROOT] a enregistré un pilote JDBC [com.mysql.cj.jdbc.Driver], mais ne l'a pas désenregistré avant l'arrêt de l'application.  Pour éviter une fuite de mémoire, le pilote JDBC a été désenregistré de force.
23-Aug-2026 14:16:56.707 AVERTISSEMENT [Thread-1] org.apache.catalina.loader.WebappClassLoaderBase.clearReferencesThreads L'application web [ROOT] semble avoir démarré un thread nommé [mysql-cj-abandoned-connection-cleanup] mais ne l'a pas arrêté, ce qui va probablement créer une fuite de mémoire ; la trace du thread est : 
 java.base/jdk.internal.misc.Unsafe.park(Native Method)
 java.base/java.util.concurrent.locks.LockSupport.parkNanos(LockSupport.java:269)
 java.base/java.util.concurrent.locks.AbstractQueuedSynchronizer$ConditionObject.await(AbstractQueuedSynchronizer.java:1886)
 java.base/java.lang.ref.ReferenceQueue.await(ReferenceQueue.java:71)
 java.base/java.lang.ref.ReferenceQueue.remove0(ReferenceQueue.java:143)
 java.base/java.lang.ref.ReferenceQueue.remove(ReferenceQueue.java:218)
 com.mysql.cj.jdbc.AbandonedConnectionCleanupThread.run(AbandonedConnectionCleanupThread.java:93)
 java.base/java.util.concurrent.ThreadPoolExecutor.runWorker(ThreadPoolExecutor.java:1144)
 java.base/java.util.concurrent.ThreadPoolExecutor$Worker.run(ThreadPoolExecutor.java:642)
 java.base/java.lang.Thread.run(Thread.java:1583)
23-Aug-2026 14:16:56.709 AVERTISSEMENT [Thread-1] org.apache.catalina.loader.WebappClassLoaderBase.clearReferencesThreads L'application web [ROOT] semble avoir démarré un thread nommé [Hibernate Connection Pool Validation Thread] mais ne l'a pas arrêté, ce qui va probablement créer une fuite de mémoire ; la trace du thread est : 
 java.base/jdk.internal.misc.Unsafe.park(Native Method)
 java.base/java.util.concurrent.locks.LockSupport.parkNanos(LockSupport.java:269)
 java.base/java.util.concurrent.locks.AbstractQueuedSynchronizer$ConditionObject.awaitNanos(AbstractQueuedSynchronizer.java:1797)
 java.base/java.util.concurrent.ScheduledThreadPoolExecutor$DelayedWorkQueue.take(ScheduledThreadPoolExecutor.java:1182)
 java.base/java.util.concurrent.ScheduledThreadPoolExecutor$DelayedWorkQueue.take(ScheduledThreadPoolExecutor.java:899)
 java.base/java.util.concurrent.ThreadPoolExecutor.getTask(ThreadPoolExecutor.java:1070)
 java.base/java.util.concurrent.ThreadPoolExecutor.runWorker(ThreadPoolExecutor.java:1130)
 java.base/java.util.concurrent.ThreadPoolExecutor$Worker.run(ThreadPoolExecutor.java:642)
 java.base/java.lang.Thread.run(Thread.java:1583)
23-Aug-2026 14:16:56.710 AVERTISSEMENT [Thread-1] org.apache.catalina.loader.WebappClassLoaderBase.clearReferencesThreads L'application web [ROOT] semble avoir démarré un thread nommé [Hibernate Connection Pool Validation Thread] mais ne l'a pas arrêté, ce qui va probablement créer une fuite de mémoire ; la trace du thread est : 
 java.base/jdk.internal.misc.Unsafe.park(Native Method)
 java.base/java.util.concurrent.locks.LockSupport.parkNanos(LockSupport.java:269)
 java.base/java.util.concurrent.locks.AbstractQueuedSynchronizer$ConditionObject.awaitNanos(AbstractQueuedSynchronizer.java:1797)
 java.base/java.util.concurrent.ScheduledThreadPoolExecutor$DelayedWorkQueue.take(ScheduledThreadPoolExecutor.java:1182)
 java.base/java.util.concurrent.ScheduledThreadPoolExecutor$DelayedWorkQueue.take(ScheduledThreadPoolExecutor.java:899)
 java.base/java.util.concurrent.ThreadPoolExecutor.getTask(ThreadPoolExecutor.java:1070)
 java.base/java.util.concurrent.ThreadPoolExecutor.runWorker(ThreadPoolExecutor.java:1130)
 java.base/java.util.concurrent.ThreadPoolExecutor$Worker.run(ThreadPoolExecutor.java:642)
 java.base/java.lang.Thread.run(Thread.java:1583)
23-Aug-2026 14:16:56.743 INFOS [Thread-1] org.apache.coyote.AbstractProtocol.stop Arrêt du gestionnaire de protocole ["http-nio-8080"]
23-Aug-2026 14:16:56.755 INFOS [Thread-1] org.apache.coyote.AbstractProtocol.destroy Destruction du gestionnaire de protocole ["http-nio-8080"]
23-Aug-2026 14:16:59.916 INFOS [main] org.apache.catalina.startup.VersionLoggerListener.log Nom version serveur :              Apache Tomcat/10.1.42
23-Aug-2026 14:16:59.922 INFOS [main] org.apache.catalina.startup.VersionLoggerListener.log Serveur compilé :                  Jun 5 2025 22:35:46 UTC
23-Aug-2026 14:16:59.924 INFOS [main] org.apache.catalina.startup.VersionLoggerListener.log Version du serveur :               10.1.42.0
23-Aug-2026 14:16:59.924 INFOS [main] org.apache.catalina.startup.VersionLoggerListener.log Nom de l'OS :                      Windows 11
23-Aug-2026 14:16:59.924 INFOS [main] org.apache.catalina.startup.VersionLoggerListener.log Version OS :                       10.0
23-Aug-2026 14:16:59.924 INFOS [main] org.apache.catalina.startup.VersionLoggerListener.log Architecture :                     amd64
23-Aug-2026 14:16:59.925 INFOS [main] org.apache.catalina.startup.VersionLoggerListener.log Java Home :                        C:\Users\HP\.jdks\jbrsdk_jcef-21.0.9
23-Aug-2026 14:16:59.925 INFOS [main] org.apache.catalina.startup.VersionLoggerListener.log Version JVM :                      21.0.9+1-b1038.75
23-Aug-2026 14:16:59.925 INFOS [main] org.apache.catalina.startup.VersionLoggerListener.log Fournisseur de la JVM :            JetBrains s.r.o.
23-Aug-2026 14:16:59.925 INFOS [main] org.apache.catalina.startup.VersionLoggerListener.log CATALINA_BASE :                    C:\Users\HP\Desktop\samasuker\.smarttomcat
23-Aug-2026 14:16:59.925 INFOS [main] org.apache.catalina.startup.VersionLoggerListener.log CATALINA_HOME :                    C:\Users\HP\Desktop\apache-tomcat-10.1.42
23-Aug-2026 14:16:59.944 INFOS [main] org.apache.catalina.startup.VersionLoggerListener.log Argument de la ligne de commande : --add-opens=java.base/java.lang=ALL-UNNAMED
23-Aug-2026 14:16:59.944 INFOS [main] org.apache.catalina.startup.VersionLoggerListener.log Argument de la ligne de commande : --add-opens=java.base/java.io=ALL-UNNAMED
23-Aug-2026 14:16:59.945 INFOS [main] org.apache.catalina.startup.VersionLoggerListener.log Argument de la ligne de commande : --add-opens=java.base/java.util=ALL-UNNAMED
23-Aug-2026 14:16:59.945 INFOS [main] org.apache.catalina.startup.VersionLoggerListener.log Argument de la ligne de commande : --add-opens=java.base/java.util.concurrent=ALL-UNNAMED
23-Aug-2026 14:16:59.945 INFOS [main] org.apache.catalina.startup.VersionLoggerListener.log Argument de la ligne de commande : --add-opens=java.rmi/sun.rmi.transport=ALL-UNNAMED
23-Aug-2026 14:16:59.945 INFOS [main] org.apache.catalina.startup.VersionLoggerListener.log Argument de la ligne de commande : -Dcatalina.home=C:\Users\HP\Desktop\apache-tomcat-10.1.42
23-Aug-2026 14:16:59.945 INFOS [main] org.apache.catalina.startup.VersionLoggerListener.log Argument de la ligne de commande : -Dcatalina.base=C:\Users\HP\Desktop\samasuker\.smarttomcat
23-Aug-2026 14:16:59.945 INFOS [main] org.apache.catalina.startup.VersionLoggerListener.log Argument de la ligne de commande : -Djava.io.tmpdir=C:\Users\HP\Desktop\samasuker\.smarttomcat\temp
23-Aug-2026 14:16:59.945 INFOS [main] org.apache.catalina.startup.VersionLoggerListener.log Argument de la ligne de commande : -Djava.util.logging.config.file=C:\Users\HP\Desktop\samasuker\.smarttomcat\conf\logging.properties
23-Aug-2026 14:16:59.946 INFOS [main] org.apache.catalina.startup.VersionLoggerListener.log Argument de la ligne de commande : -Djava.util.logging.manager=org.apache.juli.ClassLoaderLogManager
23-Aug-2026 14:16:59.946 INFOS [main] org.apache.catalina.startup.VersionLoggerListener.log Argument de la ligne de commande : -javaagent:C:\Program Files\JetBrains\IntelliJ IDEA 2025.2.2\lib\idea_rt.jar=63891
23-Aug-2026 14:16:59.946 INFOS [main] org.apache.catalina.startup.VersionLoggerListener.log Argument de la ligne de commande : -Dfile.encoding=UTF-8
23-Aug-2026 14:16:59.946 INFOS [main] org.apache.catalina.startup.VersionLoggerListener.log Argument de la ligne de commande : -Dsun.stdout.encoding=UTF-8
23-Aug-2026 14:16:59.946 INFOS [main] org.apache.catalina.startup.VersionLoggerListener.log Argument de la ligne de commande : -Dsun.stderr.encoding=UTF-8
23-Aug-2026 14:16:59.952 INFOS [main] org.apache.catalina.core.AprLifecycleListener.lifecycleEvent Chargement de la librairie Apache Tomcat Native [2.0.9] en utilisant APR version [1.7.6]
23-Aug-2026 14:16:59.964 INFOS [main] org.apache.catalina.core.AprLifecycleListener.initializeSSL OpenSSL a été initialisé avec succès [OpenSSL 3.5.0 8 Apr 2025]
23-Aug-2026 14:17:00.582 INFOS [main] org.apache.coyote.AbstractProtocol.init Initialisation du gestionnaire de protocole ["http-nio-8080"]
23-Aug-2026 14:17:00.616 INFOS [main] org.apache.catalina.startup.Catalina.load L'initialisation du serveur a pris [1175] millisecondes
23-Aug-2026 14:17:00.748 INFOS [main] org.apache.catalina.core.StandardService.startInternal Démarrage du service [Catalina]
23-Aug-2026 14:17:00.749 INFOS [main] org.apache.catalina.core.StandardEngine.startInternal Démarrage du moteur de Servlets : [Apache Tomcat/10.1.42]
23-Aug-2026 14:17:00.777 INFOS [main] org.apache.catalina.startup.HostConfig.deployDescriptor Déploiement du descripteur de configuration [C:\Users\HP\Desktop\samasuker\.smarttomcat\conf\Catalina\localhost\MDD.xml]
23-Aug-2026 14:17:05.994 INFOS [main] org.apache.jasper.servlet.TldScanner.scanJars Au moins un fichier JAR a été analysé pour trouver des TLDs mais il n'en contenait pas, le mode "debug" du journal peut être activé pour obtenir une liste complète de JAR scannés sans succès ; éviter d'analyser des JARs inutilement peut améliorer sensiblement le temps de démarrage et le temps de compilation des JSPs
23-Aug-2026 14:17:06.164 INFOS [main] org.apache.catalina.startup.HostConfig.deployDescriptor Le traitement du descripteur de déploiement [C:\Users\HP\Desktop\samasuker\.smarttomcat\conf\Catalina\localhost\MDD.xml] a pris [5 380] ms
23-Aug-2026 14:17:06.165 INFOS [main] org.apache.catalina.startup.HostConfig.deployDescriptor Déploiement du descripteur de configuration [C:\Users\HP\Desktop\samasuker\.smarttomcat\conf\Catalina\localhost\ROOT.xml]
23-Aug-2026 14:17:09.586 INFOS [main] org.apache.jasper.servlet.TldScanner.scanJars Au moins un fichier JAR a été analysé pour trouver des TLDs mais il n'en contenait pas, le mode "debug" du journal peut être activé pour obtenir une liste complète de JAR scannés sans succès ; éviter d'analyser des JARs inutilement peut améliorer sensiblement le temps de démarrage et le temps de compilation des JSPs
23-Aug-2026 14:17:09.659 INFOS [main] org.apache.catalina.startup.HostConfig.deployDescriptor Le traitement du descripteur de déploiement [C:\Users\HP\Desktop\samasuker\.smarttomcat\conf\Catalina\localhost\ROOT.xml] a pris [3 493] ms
23-Aug-2026 14:17:09.669 INFOS [main] org.apache.coyote.AbstractProtocol.start Démarrage du gestionnaire de protocole ["http-nio-8080"]
23-Aug-2026 14:17:09.703 INFOS [main] org.apache.catalina.startup.Catalina.start Le démarrage du serveur a pris [9084] millisecondes
23-Aug-2026 14:30:05.800 INFOS [Thread-1] org.apache.coyote.AbstractProtocol.pause Le gestionnaire de protocole ["http-nio-8080"] est mis en pause
23-Aug-2026 14:30:05.823 INFOS [Thread-1] org.apache.catalina.core.StandardService.stopInternal Arrêt du service [Catalina]
23-Aug-2026 14:30:05.856 INFOS [Thread-1] org.apache.coyote.AbstractProtocol.stop Arrêt du gestionnaire de protocole ["http-nio-8080"]
23-Aug-2026 14:30:05.873 INFOS [Thread-1] org.apache.coyote.AbstractProtocol.destroy Destruction du gestionnaire de protocole ["http-nio-8080"]
23-Aug-2026 14:30:11.664 INFOS [main] org.apache.catalina.startup.VersionLoggerListener.log Nom version serveur :              Apache Tomcat/10.1.42
23-Aug-2026 14:30:11.671 INFOS [main] org.apache.catalina.startup.VersionLoggerListener.log Serveur compilé :                  Jun 5 2025 22:35:46 UTC
23-Aug-2026 14:30:11.672 INFOS [main] org.apache.catalina.startup.VersionLoggerListener.log Version du serveur :               10.1.42.0
23-Aug-2026 14:30:11.672 INFOS [main] org.apache.catalina.startup.VersionLoggerListener.log Nom de l'OS :                      Windows 11
23-Aug-2026 14:30:11.672 INFOS [main] org.apache.catalina.startup.VersionLoggerListener.log Version OS :                       10.0
23-Aug-2026 14:30:11.673 INFOS [main] org.apache.catalina.startup.VersionLoggerListener.log Architecture :                     amd64
23-Aug-2026 14:30:11.673 INFOS [main] org.apache.catalina.startup.VersionLoggerListener.log Java Home :                        C:\Users\HP\.jdks\jbrsdk_jcef-21.0.9
23-Aug-2026 14:30:11.673 INFOS [main] org.apache.catalina.startup.VersionLoggerListener.log Version JVM :                      21.0.9+1-b1038.75
23-Aug-2026 14:30:11.673 INFOS [main] org.apache.catalina.startup.VersionLoggerListener.log Fournisseur de la JVM :            JetBrains s.r.o.
23-Aug-2026 14:30:11.673 INFOS [main] org.apache.catalina.startup.VersionLoggerListener.log CATALINA_BASE :                    C:\Users\HP\Desktop\samasuker\.smarttomcat
23-Aug-2026 14:30:11.673 INFOS [main] org.apache.catalina.startup.VersionLoggerListener.log CATALINA_HOME :                    C:\Users\HP\Desktop\apache-tomcat-10.1.42
23-Aug-2026 14:30:11.696 INFOS [main] org.apache.catalina.startup.VersionLoggerListener.log Argument de la ligne de commande : --add-opens=java.base/java.lang=ALL-UNNAMED
23-Aug-2026 14:30:11.696 INFOS [main] org.apache.catalina.startup.VersionLoggerListener.log Argument de la ligne de commande : --add-opens=java.base/java.io=ALL-UNNAMED
23-Aug-2026 14:30:11.696 INFOS [main] org.apache.catalina.startup.VersionLoggerListener.log Argument de la ligne de commande : --add-opens=java.base/java.util=ALL-UNNAMED
23-Aug-2026 14:30:11.697 INFOS [main] org.apache.catalina.startup.VersionLoggerListener.log Argument de la ligne de commande : --add-opens=java.base/java.util.concurrent=ALL-UNNAMED
23-Aug-2026 14:30:11.697 INFOS [main] org.apache.catalina.startup.VersionLoggerListener.log Argument de la ligne de commande : --add-opens=java.rmi/sun.rmi.transport=ALL-UNNAMED
23-Aug-2026 14:30:11.697 INFOS [main] org.apache.catalina.startup.VersionLoggerListener.log Argument de la ligne de commande : -Dcatalina.home=C:\Users\HP\Desktop\apache-tomcat-10.1.42
23-Aug-2026 14:30:11.697 INFOS [main] org.apache.catalina.startup.VersionLoggerListener.log Argument de la ligne de commande : -Dcatalina.base=C:\Users\HP\Desktop\samasuker\.smarttomcat
23-Aug-2026 14:30:11.698 INFOS [main] org.apache.catalina.startup.VersionLoggerListener.log Argument de la ligne de commande : -Djava.io.tmpdir=C:\Users\HP\Desktop\samasuker\.smarttomcat\temp
23-Aug-2026 14:30:11.698 INFOS [main] org.apache.catalina.startup.VersionLoggerListener.log Argument de la ligne de commande : -Djava.util.logging.config.file=C:\Users\HP\Desktop\samasuker\.smarttomcat\conf\logging.properties
23-Aug-2026 14:30:11.698 INFOS [main] org.apache.catalina.startup.VersionLoggerListener.log Argument de la ligne de commande : -Djava.util.logging.manager=org.apache.juli.ClassLoaderLogManager
23-Aug-2026 14:30:11.698 INFOS [main] org.apache.catalina.startup.VersionLoggerListener.log Argument de la ligne de commande : -javaagent:C:\Program Files\JetBrains\IntelliJ IDEA 2025.2.2\lib\idea_rt.jar=49716
23-Aug-2026 14:30:11.698 INFOS [main] org.apache.catalina.startup.VersionLoggerListener.log Argument de la ligne de commande : -Dfile.encoding=UTF-8
23-Aug-2026 14:30:11.699 INFOS [main] org.apache.catalina.startup.VersionLoggerListener.log Argument de la ligne de commande : -Dsun.stdout.encoding=UTF-8
23-Aug-2026 14:30:11.699 INFOS [main] org.apache.catalina.startup.VersionLoggerListener.log Argument de la ligne de commande : -Dsun.stderr.encoding=UTF-8
23-Aug-2026 14:30:11.706 INFOS [main] org.apache.catalina.core.AprLifecycleListener.lifecycleEvent Chargement de la librairie Apache Tomcat Native [2.0.9] en utilisant APR version [1.7.6]
23-Aug-2026 14:30:11.718 INFOS [main] org.apache.catalina.core.AprLifecycleListener.initializeSSL OpenSSL a été initialisé avec succès [OpenSSL 3.5.0 8 Apr 2025]
23-Aug-2026 14:30:12.334 INFOS [main] org.apache.coyote.AbstractProtocol.init Initialisation du gestionnaire de protocole ["http-nio-8080"]
23-Aug-2026 14:30:12.368 INFOS [main] org.apache.catalina.startup.Catalina.load L'initialisation du serveur a pris [1224] millisecondes
23-Aug-2026 14:30:12.477 INFOS [main] org.apache.catalina.core.StandardService.startInternal Démarrage du service [Catalina]
23-Aug-2026 14:30:12.477 INFOS [main] org.apache.catalina.core.StandardEngine.startInternal Démarrage du moteur de Servlets : [Apache Tomcat/10.1.42]
23-Aug-2026 14:30:12.499 INFOS [main] org.apache.catalina.startup.HostConfig.deployDescriptor Déploiement du descripteur de configuration [C:\Users\HP\Desktop\samasuker\.smarttomcat\conf\Catalina\localhost\MDD.xml]
23-Aug-2026 14:30:17.613 INFOS [main] org.apache.jasper.servlet.TldScanner.scanJars Au moins un fichier JAR a été analysé pour trouver des TLDs mais il n'en contenait pas, le mode "debug" du journal peut être activé pour obtenir une liste complète de JAR scannés sans succès ; éviter d'analyser des JARs inutilement peut améliorer sensiblement le temps de démarrage et le temps de compilation des JSPs
23-Aug-2026 14:30:17.775 INFOS [main] org.apache.catalina.startup.HostConfig.deployDescriptor Le traitement du descripteur de déploiement [C:\Users\HP\Desktop\samasuker\.smarttomcat\conf\Catalina\localhost\MDD.xml] a pris [5 272] ms
23-Aug-2026 14:30:17.775 INFOS [main] org.apache.catalina.startup.HostConfig.deployDescriptor Déploiement du descripteur de configuration [C:\Users\HP\Desktop\samasuker\.smarttomcat\conf\Catalina\localhost\ROOT.xml]
23-Aug-2026 14:30:20.853 INFOS [main] org.apache.jasper.servlet.TldScanner.scanJars Au moins un fichier JAR a été analysé pour trouver des TLDs mais il n'en contenait pas, le mode "debug" du journal peut être activé pour obtenir une liste complète de JAR scannés sans succès ; éviter d'analyser des JARs inutilement peut améliorer sensiblement le temps de démarrage et le temps de compilation des JSPs
23-Aug-2026 14:30:20.915 INFOS [main] org.apache.catalina.startup.HostConfig.deployDescriptor Le traitement du descripteur de déploiement [C:\Users\HP\Desktop\samasuker\.smarttomcat\conf\Catalina\localhost\ROOT.xml] a pris [3 140] ms
23-Aug-2026 14:30:20.928 INFOS [main] org.apache.coyote.AbstractProtocol.start Démarrage du gestionnaire de protocole ["http-nio-8080"]
23-Aug-2026 14:30:20.994 INFOS [main] org.apache.catalina.startup.Catalina.start Le démarrage du serveur a pris [8623] millisecondes
23-Aug-2026 14:31:11.018 INFOS [Thread-1] org.apache.coyote.AbstractProtocol.pause Le gestionnaire de protocole ["http-nio-8080"] est mis en pause
23-Aug-2026 14:31:11.041 INFOS [Thread-1] org.apache.catalina.core.StandardService.stopInternal Arrêt du service [Catalina]
23-Aug-2026 14:31:11.081 INFOS [Thread-1] org.apache.coyote.AbstractProtocol.stop Arrêt du gestionnaire de protocole ["http-nio-8080"]
23-Aug-2026 14:31:11.099 INFOS [Thread-1] org.apache.coyote.AbstractProtocol.destroy Destruction du gestionnaire de protocole ["http-nio-8080"]
23-Aug-2026 14:31:14.022 INFOS [main] org.apache.catalina.startup.VersionLoggerListener.log Nom version serveur :              Apache Tomcat/10.1.42
23-Aug-2026 14:31:14.029 INFOS [main] org.apache.catalina.startup.VersionLoggerListener.log Serveur compilé :                  Jun 5 2025 22:35:46 UTC
23-Aug-2026 14:31:14.030 INFOS [main] org.apache.catalina.startup.VersionLoggerListener.log Version du serveur :               10.1.42.0
23-Aug-2026 14:31:14.030 INFOS [main] org.apache.catalina.startup.VersionLoggerListener.log Nom de l'OS :                      Windows 11
23-Aug-2026 14:31:14.030 INFOS [main] org.apache.catalina.startup.VersionLoggerListener.log Version OS :                       10.0
23-Aug-2026 14:31:14.030 INFOS [main] org.apache.catalina.startup.VersionLoggerListener.log Architecture :                     amd64
23-Aug-2026 14:31:14.030 INFOS [main] org.apache.catalina.startup.VersionLoggerListener.log Java Home :                        C:\Users\HP\.jdks\jbrsdk_jcef-21.0.9
23-Aug-2026 14:31:14.030 INFOS [main] org.apache.catalina.startup.VersionLoggerListener.log Version JVM :                      21.0.9+1-b1038.75
23-Aug-2026 14:31:14.031 INFOS [main] org.apache.catalina.startup.VersionLoggerListener.log Fournisseur de la JVM :            JetBrains s.r.o.
23-Aug-2026 14:31:14.031 INFOS [main] org.apache.catalina.startup.VersionLoggerListener.log CATALINA_BASE :                    C:\Users\HP\Desktop\samasuker\.smarttomcat
23-Aug-2026 14:31:14.031 INFOS [main] org.apache.catalina.startup.VersionLoggerListener.log CATALINA_HOME :                    C:\Users\HP\Desktop\apache-tomcat-10.1.42
23-Aug-2026 14:31:14.056 INFOS [main] org.apache.catalina.startup.VersionLoggerListener.log Argument de la ligne de commande : --add-opens=java.base/java.lang=ALL-UNNAMED
23-Aug-2026 14:31:14.057 INFOS [main] org.apache.catalina.startup.VersionLoggerListener.log Argument de la ligne de commande : --add-opens=java.base/java.io=ALL-UNNAMED
23-Aug-2026 14:31:14.057 INFOS [main] org.apache.catalina.startup.VersionLoggerListener.log Argument de la ligne de commande : --add-opens=java.base/java.util=ALL-UNNAMED
23-Aug-2026 14:31:14.057 INFOS [main] org.apache.catalina.startup.VersionLoggerListener.log Argument de la ligne de commande : --add-opens=java.base/java.util.concurrent=ALL-UNNAMED
23-Aug-2026 14:31:14.057 INFOS [main] org.apache.catalina.startup.VersionLoggerListener.log Argument de la ligne de commande : --add-opens=java.rmi/sun.rmi.transport=ALL-UNNAMED
23-Aug-2026 14:31:14.057 INFOS [main] org.apache.catalina.startup.VersionLoggerListener.log Argument de la ligne de commande : -Dcatalina.home=C:\Users\HP\Desktop\apache-tomcat-10.1.42
23-Aug-2026 14:31:14.057 INFOS [main] org.apache.catalina.startup.VersionLoggerListener.log Argument de la ligne de commande : -Dcatalina.base=C:\Users\HP\Desktop\samasuker\.smarttomcat
23-Aug-2026 14:31:14.057 INFOS [main] org.apache.catalina.startup.VersionLoggerListener.log Argument de la ligne de commande : -Djava.io.tmpdir=C:\Users\HP\Desktop\samasuker\.smarttomcat\temp
23-Aug-2026 14:31:14.059 INFOS [main] org.apache.catalina.startup.VersionLoggerListener.log Argument de la ligne de commande : -Djava.util.logging.config.file=C:\Users\HP\Desktop\samasuker\.smarttomcat\conf\logging.properties
23-Aug-2026 14:31:14.059 INFOS [main] org.apache.catalina.startup.VersionLoggerListener.log Argument de la ligne de commande : -Djava.util.logging.manager=org.apache.juli.ClassLoaderLogManager
23-Aug-2026 14:31:14.060 INFOS [main] org.apache.catalina.startup.VersionLoggerListener.log Argument de la ligne de commande : -javaagent:C:\Program Files\JetBrains\IntelliJ IDEA 2025.2.2\lib\idea_rt.jar=55598
23-Aug-2026 14:31:14.060 INFOS [main] org.apache.catalina.startup.VersionLoggerListener.log Argument de la ligne de commande : -Dfile.encoding=UTF-8
23-Aug-2026 14:31:14.061 INFOS [main] org.apache.catalina.startup.VersionLoggerListener.log Argument de la ligne de commande : -Dsun.stdout.encoding=UTF-8
23-Aug-2026 14:31:14.061 INFOS [main] org.apache.catalina.startup.VersionLoggerListener.log Argument de la ligne de commande : -Dsun.stderr.encoding=UTF-8
23-Aug-2026 14:31:14.068 INFOS [main] org.apache.catalina.core.AprLifecycleListener.lifecycleEvent Chargement de la librairie Apache Tomcat Native [2.0.9] en utilisant APR version [1.7.6]
23-Aug-2026 14:31:14.080 INFOS [main] org.apache.catalina.core.AprLifecycleListener.initializeSSL OpenSSL a été initialisé avec succès [OpenSSL 3.5.0 8 Apr 2025]
23-Aug-2026 14:31:14.645 INFOS [main] org.apache.coyote.AbstractProtocol.init Initialisation du gestionnaire de protocole ["http-nio-8080"]
23-Aug-2026 14:31:14.678 INFOS [main] org.apache.catalina.startup.Catalina.load L'initialisation du serveur a pris [1208] millisecondes
23-Aug-2026 14:31:14.767 INFOS [main] org.apache.catalina.core.StandardService.startInternal Démarrage du service [Catalina]
23-Aug-2026 14:31:14.767 INFOS [main] org.apache.catalina.core.StandardEngine.startInternal Démarrage du moteur de Servlets : [Apache Tomcat/10.1.42]
23-Aug-2026 14:31:14.784 INFOS [main] org.apache.catalina.startup.HostConfig.deployDescriptor Déploiement du descripteur de configuration [C:\Users\HP\Desktop\samasuker\.smarttomcat\conf\Catalina\localhost\MDD.xml]
23-Aug-2026 14:31:19.275 INFOS [main] org.apache.jasper.servlet.TldScanner.scanJars Au moins un fichier JAR a été analysé pour trouver des TLDs mais il n'en contenait pas, le mode "debug" du journal peut être activé pour obtenir une liste complète de JAR scannés sans succès ; éviter d'analyser des JARs inutilement peut améliorer sensiblement le temps de démarrage et le temps de compilation des JSPs
23-Aug-2026 14:31:19.430 INFOS [main] org.apache.catalina.startup.HostConfig.deployDescriptor Le traitement du descripteur de déploiement [C:\Users\HP\Desktop\samasuker\.smarttomcat\conf\Catalina\localhost\MDD.xml] a pris [4 639] ms
23-Aug-2026 14:31:19.431 INFOS [main] org.apache.catalina.startup.HostConfig.deployDescriptor Déploiement du descripteur de configuration [C:\Users\HP\Desktop\samasuker\.smarttomcat\conf\Catalina\localhost\ROOT.xml]
23-Aug-2026 14:31:22.876 INFOS [main] org.apache.jasper.servlet.TldScanner.scanJars Au moins un fichier JAR a été analysé pour trouver des TLDs mais il n'en contenait pas, le mode "debug" du journal peut être activé pour obtenir une liste complète de JAR scannés sans succès ; éviter d'analyser des JARs inutilement peut améliorer sensiblement le temps de démarrage et le temps de compilation des JSPs
23-Aug-2026 14:31:22.929 INFOS [main] org.apache.catalina.startup.HostConfig.deployDescriptor Le traitement du descripteur de déploiement [C:\Users\HP\Desktop\samasuker\.smarttomcat\conf\Catalina\localhost\ROOT.xml] a pris [3 497] ms
23-Aug-2026 14:31:22.939 INFOS [main] org.apache.coyote.AbstractProtocol.start Démarrage du gestionnaire de protocole ["http-nio-8080"]
23-Aug-2026 14:31:22.982 INFOS [main] org.apache.catalina.startup.Catalina.start Le démarrage du serveur a pris [8301] millisecondes
23-Aug-2026 14:32:26.305 INFO [http-nio-8080-exec-9] org.hibernate.jpa.internal.util.LogHelper.logPersistenceUnitInformation HHH000204: Processing PersistenceUnitInfo [name: glycemiePU]
23-Aug-2026 14:32:26.587 INFO [http-nio-8080-exec-9] org.hibernate.Version.logVersion HHH000412: Hibernate ORM core version 6.2.7.Final
23-Aug-2026 14:32:26.595 INFO [http-nio-8080-exec-9] org.hibernate.cfg.Environment.<clinit> HHH000406: Using bytecode reflection optimizer
23-Aug-2026 14:32:28.040 WARN [http-nio-8080-exec-9] org.hibernate.engine.jdbc.connections.internal.DriverManagerConnectionProviderImpl.configure HHH10001002: Using built-in connection pool (not intended for production use)
23-Aug-2026 14:32:28.057 INFO [http-nio-8080-exec-9] org.hibernate.engine.jdbc.connections.internal.DriverManagerConnectionProviderImpl.buildCreator HHH10001005: Loaded JDBC driver class: com.mysql.cj.jdbc.Driver
23-Aug-2026 14:32:28.057 INFO [http-nio-8080-exec-9] org.hibernate.engine.jdbc.connections.internal.DriverManagerConnectionProviderImpl.buildCreator HHH10001012: Connecting with JDBC URL [jdbc:mysql://localhost:3306/suivi_glycemie_db?useSSL=false&serverTimezone=UTC]
23-Aug-2026 14:32:28.057 INFO [http-nio-8080-exec-9] org.hibernate.engine.jdbc.connections.internal.DriverManagerConnectionProviderImpl.buildCreator HHH10001001: Connection properties: {password=****, user=root}
23-Aug-2026 14:32:28.058 INFO [http-nio-8080-exec-9] org.hibernate.engine.jdbc.connections.internal.DriverManagerConnectionProviderImpl.buildCreator HHH10001003: Autocommit mode: false
23-Aug-2026 14:32:28.072 INFO [http-nio-8080-exec-9] org.hibernate.engine.jdbc.connections.internal.DriverManagerConnectionProviderImpl$PooledConnections.<init> HHH10001115: Connection pool size: 20 (min=1)
23-Aug-2026 14:32:29.084 WARN [http-nio-8080-exec-9] org.hibernate.dialect.Dialect.checkVersion HHH000511: The 5.6.17 version for [org.hibernate.dialect.MySQLDialect] is no longer supported, hence certain features may not work properly. The minimum supported version is 5.7.0. Check the community dialects project for available legacy versions.
23-Aug-2026 14:32:30.646 INFO [http-nio-8080-exec-9] org.hibernate.bytecode.internal.BytecodeProviderInitiator.buildBytecodeProvider HHH000021: Bytecode provider name : bytebuddy
23-Aug-2026 14:32:35.658 INFO [http-nio-8080-exec-9] org.hibernate.engine.transaction.jta.platform.internal.JtaPlatformInitiator.initiateService HHH000490: Using JtaPlatform implementation: [org.hibernate.engine.transaction.jta.platform.internal.NoJtaPlatform]
23-Aug-2026 14:32:35.775 INFO [http-nio-8080-exec-9] org.hibernate.resource.transaction.backend.jdbc.internal.DdlTransactionIsolatorNonJtaImpl.getIsolatedConnection HHH10001501: Connection obtained from JdbcConnectionAccess [org.hibernate.engine.jdbc.env.internal.JdbcEnvironmentInitiator$ConnectionProviderJdbcConnectionAccess@3e4f2ae3] for (non-JTA) DDL execution was not in auto-commit mode; the Connection 'local transaction' will be committed and the Connection will be set into auto-commit mode.
23-Aug-2026 14:33:47.172 INFO [http-nio-8080-exec-3] org.hibernate.jpa.internal.util.LogHelper.logPersistenceUnitInformation HHH000204: Processing PersistenceUnitInfo [name: glycemiePU]
23-Aug-2026 14:33:47.260 WARN [http-nio-8080-exec-3] org.hibernate.engine.jdbc.connections.internal.DriverManagerConnectionProviderImpl.configure HHH10001002: Using built-in connection pool (not intended for production use)
23-Aug-2026 14:33:47.260 INFO [http-nio-8080-exec-3] org.hibernate.engine.jdbc.connections.internal.DriverManagerConnectionProviderImpl.buildCreator HHH10001005: Loaded JDBC driver class: com.mysql.cj.jdbc.Driver
23-Aug-2026 14:33:47.260 INFO [http-nio-8080-exec-3] org.hibernate.engine.jdbc.connections.internal.DriverManagerConnectionProviderImpl.buildCreator HHH10001012: Connecting with JDBC URL [jdbc:mysql://localhost:3306/suivi_glycemie_db?useSSL=false&serverTimezone=UTC]
23-Aug-2026 14:33:47.261 INFO [http-nio-8080-exec-3] org.hibernate.engine.jdbc.connections.internal.DriverManagerConnectionProviderImpl.buildCreator HHH10001001: Connection properties: {password=****, user=root}
23-Aug-2026 14:33:47.261 INFO [http-nio-8080-exec-3] org.hibernate.engine.jdbc.connections.internal.DriverManagerConnectionProviderImpl.buildCreator HHH10001003: Autocommit mode: false
23-Aug-2026 14:33:47.262 INFO [http-nio-8080-exec-3] org.hibernate.engine.jdbc.connections.internal.DriverManagerConnectionProviderImpl$PooledConnections.<init> HHH10001115: Connection pool size: 20 (min=1)
23-Aug-2026 14:33:47.272 WARN [http-nio-8080-exec-3] org.hibernate.dialect.Dialect.checkVersion HHH000511: The 5.6.17 version for [org.hibernate.dialect.MySQLDialect] is no longer supported, hence certain features may not work properly. The minimum supported version is 5.7.0. Check the community dialects project for available legacy versions.
23-Aug-2026 14:33:47.306 INFO [http-nio-8080-exec-3] org.hibernate.bytecode.internal.BytecodeProviderInitiator.buildBytecodeProvider HHH000021: Bytecode provider name : bytebuddy
23-Aug-2026 14:33:47.432 INFO [http-nio-8080-exec-3] org.hibernate.engine.transaction.jta.platform.internal.JtaPlatformInitiator.initiateService HHH000490: Using JtaPlatform implementation: [org.hibernate.engine.transaction.jta.platform.internal.NoJtaPlatform]
23-Aug-2026 14:33:47.433 INFO [http-nio-8080-exec-3] org.hibernate.resource.transaction.backend.jdbc.internal.DdlTransactionIsolatorNonJtaImpl.getIsolatedConnection HHH10001501: Connection obtained from JdbcConnectionAccess [org.hibernate.engine.jdbc.env.internal.JdbcEnvironmentInitiator$ConnectionProviderJdbcConnectionAccess@59c18880] for (non-JTA) DDL execution was not in auto-commit mode; the Connection 'local transaction' will be committed and the Connection will be set into auto-commit mode.
23-Aug-2026 14:33:49.476 INFO [http-nio-8080-exec-4] org.hibernate.jpa.internal.util.LogHelper.logPersistenceUnitInformation HHH000204: Processing PersistenceUnitInfo [name: glycemiePU]
23-Aug-2026 14:33:49.512 WARN [http-nio-8080-exec-4] org.hibernate.engine.jdbc.connections.internal.DriverManagerConnectionProviderImpl.configure HHH10001002: Using built-in connection pool (not intended for production use)
23-Aug-2026 14:33:49.512 INFO [http-nio-8080-exec-4] org.hibernate.engine.jdbc.connections.internal.DriverManagerConnectionProviderImpl.buildCreator HHH10001005: Loaded JDBC driver class: com.mysql.cj.jdbc.Driver
23-Aug-2026 14:33:49.512 INFO [http-nio-8080-exec-4] org.hibernate.engine.jdbc.connections.internal.DriverManagerConnectionProviderImpl.buildCreator HHH10001012: Connecting with JDBC URL [jdbc:mysql://localhost:3306/suivi_glycemie_db?useSSL=false&serverTimezone=UTC]
23-Aug-2026 14:33:49.512 INFO [http-nio-8080-exec-4] org.hibernate.engine.jdbc.connections.internal.DriverManagerConnectionProviderImpl.buildCreator HHH10001001: Connection properties: {password=****, user=root}
23-Aug-2026 14:33:49.512 INFO [http-nio-8080-exec-4] org.hibernate.engine.jdbc.connections.internal.DriverManagerConnectionProviderImpl.buildCreator HHH10001003: Autocommit mode: false
23-Aug-2026 14:33:49.512 INFO [http-nio-8080-exec-4] org.hibernate.engine.jdbc.connections.internal.DriverManagerConnectionProviderImpl$PooledConnections.<init> HHH10001115: Connection pool size: 20 (min=1)
23-Aug-2026 14:33:49.528 WARN [http-nio-8080-exec-4] org.hibernate.dialect.Dialect.checkVersion HHH000511: The 5.6.17 version for [org.hibernate.dialect.MySQLDialect] is no longer supported, hence certain features may not work properly. The minimum supported version is 5.7.0. Check the community dialects project for available legacy versions.
23-Aug-2026 14:33:49.550 INFO [http-nio-8080-exec-4] org.hibernate.bytecode.internal.BytecodeProviderInitiator.buildBytecodeProvider HHH000021: Bytecode provider name : bytebuddy
23-Aug-2026 14:33:49.652 INFO [http-nio-8080-exec-4] org.hibernate.engine.transaction.jta.platform.internal.JtaPlatformInitiator.initiateService HHH000490: Using JtaPlatform implementation: [org.hibernate.engine.transaction.jta.platform.internal.NoJtaPlatform]
23-Aug-2026 14:33:49.652 INFO [http-nio-8080-exec-4] org.hibernate.resource.transaction.backend.jdbc.internal.DdlTransactionIsolatorNonJtaImpl.getIsolatedConnection HHH10001501: Connection obtained from JdbcConnectionAccess [org.hibernate.engine.jdbc.env.internal.JdbcEnvironmentInitiator$ConnectionProviderJdbcConnectionAccess@105fea30] for (non-JTA) DDL execution was not in auto-commit mode; the Connection 'local transaction' will be committed and the Connection will be set into auto-commit mode.
23-Aug-2026 14:33:59.491 INFO [http-nio-8080-exec-5] org.hibernate.jpa.internal.util.LogHelper.logPersistenceUnitInformation HHH000204: Processing PersistenceUnitInfo [name: glycemiePU]
23-Aug-2026 14:33:59.624 WARN [http-nio-8080-exec-5] org.hibernate.engine.jdbc.connections.internal.DriverManagerConnectionProviderImpl.configure HHH10001002: Using built-in connection pool (not intended for production use)
23-Aug-2026 14:33:59.624 INFO [http-nio-8080-exec-5] org.hibernate.engine.jdbc.connections.internal.DriverManagerConnectionProviderImpl.buildCreator HHH10001005: Loaded JDBC driver class: com.mysql.cj.jdbc.Driver
23-Aug-2026 14:33:59.624 INFO [http-nio-8080-exec-5] org.hibernate.engine.jdbc.connections.internal.DriverManagerConnectionProviderImpl.buildCreator HHH10001012: Connecting with JDBC URL [jdbc:mysql://localhost:3306/suivi_glycemie_db?useSSL=false&serverTimezone=UTC]
23-Aug-2026 14:33:59.624 INFO [http-nio-8080-exec-5] org.hibernate.engine.jdbc.connections.internal.DriverManagerConnectionProviderImpl.buildCreator HHH10001001: Connection properties: {password=****, user=root}
23-Aug-2026 14:33:59.624 INFO [http-nio-8080-exec-5] org.hibernate.engine.jdbc.connections.internal.DriverManagerConnectionProviderImpl.buildCreator HHH10001003: Autocommit mode: false
23-Aug-2026 14:33:59.624 INFO [http-nio-8080-exec-5] org.hibernate.engine.jdbc.connections.internal.DriverManagerConnectionProviderImpl$PooledConnections.<init> HHH10001115: Connection pool size: 20 (min=1)
23-Aug-2026 14:33:59.638 WARN [http-nio-8080-exec-5] org.hibernate.dialect.Dialect.checkVersion HHH000511: The 5.6.17 version for [org.hibernate.dialect.MySQLDialect] is no longer supported, hence certain features may not work properly. The minimum supported version is 5.7.0. Check the community dialects project for available legacy versions.
23-Aug-2026 14:33:59.706 INFO [http-nio-8080-exec-5] org.hibernate.bytecode.internal.BytecodeProviderInitiator.buildBytecodeProvider HHH000021: Bytecode provider name : bytebuddy
23-Aug-2026 14:33:59.915 INFO [http-nio-8080-exec-5] org.hibernate.engine.transaction.jta.platform.internal.JtaPlatformInitiator.initiateService HHH000490: Using JtaPlatform implementation: [org.hibernate.engine.transaction.jta.platform.internal.NoJtaPlatform]
23-Aug-2026 14:33:59.915 INFO [http-nio-8080-exec-5] org.hibernate.resource.transaction.backend.jdbc.internal.DdlTransactionIsolatorNonJtaImpl.getIsolatedConnection HHH10001501: Connection obtained from JdbcConnectionAccess [org.hibernate.engine.jdbc.env.internal.JdbcEnvironmentInitiator$ConnectionProviderJdbcConnectionAccess@785caaff] for (non-JTA) DDL execution was not in auto-commit mode; the Connection 'local transaction' will be committed and the Connection will be set into auto-commit mode.
23-Aug-2026 14:34:43.919 INFO [http-nio-8080-exec-7] org.hibernate.jpa.internal.util.LogHelper.logPersistenceUnitInformation HHH000204: Processing PersistenceUnitInfo [name: glycemiePU]
23-Aug-2026 14:34:44.082 WARN [http-nio-8080-exec-7] org.hibernate.engine.jdbc.connections.internal.DriverManagerConnectionProviderImpl.configure HHH10001002: Using built-in connection pool (not intended for production use)
23-Aug-2026 14:34:44.083 INFO [http-nio-8080-exec-7] org.hibernate.engine.jdbc.connections.internal.DriverManagerConnectionProviderImpl.buildCreator HHH10001005: Loaded JDBC driver class: com.mysql.cj.jdbc.Driver
23-Aug-2026 14:34:44.084 INFO [http-nio-8080-exec-7] org.hibernate.engine.jdbc.connections.internal.DriverManagerConnectionProviderImpl.buildCreator HHH10001012: Connecting with JDBC URL [jdbc:mysql://localhost:3306/suivi_glycemie_db?useSSL=false&serverTimezone=UTC]
23-Aug-2026 14:34:44.084 INFO [http-nio-8080-exec-7] org.hibernate.engine.jdbc.connections.internal.DriverManagerConnectionProviderImpl.buildCreator HHH10001001: Connection properties: {password=****, user=root}
23-Aug-2026 14:34:44.085 INFO [http-nio-8080-exec-7] org.hibernate.engine.jdbc.connections.internal.DriverManagerConnectionProviderImpl.buildCreator HHH10001003: Autocommit mode: false
23-Aug-2026 14:34:44.085 INFO [http-nio-8080-exec-7] org.hibernate.engine.jdbc.connections.internal.DriverManagerConnectionProviderImpl$PooledConnections.<init> HHH10001115: Connection pool size: 20 (min=1)
23-Aug-2026 14:34:44.098 WARN [http-nio-8080-exec-7] org.hibernate.dialect.Dialect.checkVersion HHH000511: The 5.6.17 version for [org.hibernate.dialect.MySQLDialect] is no longer supported, hence certain features may not work properly. The minimum supported version is 5.7.0. Check the community dialects project for available legacy versions.
23-Aug-2026 14:34:44.164 INFO [http-nio-8080-exec-7] org.hibernate.bytecode.internal.BytecodeProviderInitiator.buildBytecodeProvider HHH000021: Bytecode provider name : bytebuddy
23-Aug-2026 14:34:44.314 INFO [http-nio-8080-exec-7] org.hibernate.engine.transaction.jta.platform.internal.JtaPlatformInitiator.initiateService HHH000490: Using JtaPlatform implementation: [org.hibernate.engine.transaction.jta.platform.internal.NoJtaPlatform]
23-Aug-2026 14:34:44.316 INFO [http-nio-8080-exec-7] org.hibernate.resource.transaction.backend.jdbc.internal.DdlTransactionIsolatorNonJtaImpl.getIsolatedConnection HHH10001501: Connection obtained from JdbcConnectionAccess [org.hibernate.engine.jdbc.env.internal.JdbcEnvironmentInitiator$ConnectionProviderJdbcConnectionAccess@c7117c1] for (non-JTA) DDL execution was not in auto-commit mode; the Connection 'local transaction' will be committed and the Connection will be set into auto-commit mode.
23-Aug-2026 14:38:32.402 INFOS [Thread-1] org.apache.coyote.AbstractProtocol.pause Le gestionnaire de protocole ["http-nio-8080"] est mis en pause
23-Aug-2026 14:38:32.427 INFOS [Thread-1] org.apache.catalina.core.StandardService.stopInternal Arrêt du service [Catalina]
23-Aug-2026 14:38:32.439 AVERTISSEMENT [Thread-1] org.apache.catalina.loader.WebappClassLoaderBase.clearReferencesJdbc L'application web [ROOT] a enregistré un pilote JDBC [com.mysql.cj.jdbc.Driver], mais ne l'a pas désenregistré avant l'arrêt de l'application.  Pour éviter une fuite de mémoire, le pilote JDBC a été désenregistré de force.
23-Aug-2026 14:38:32.441 AVERTISSEMENT [Thread-1] org.apache.catalina.loader.WebappClassLoaderBase.clearReferencesThreads L'application web [ROOT] semble avoir démarré un thread nommé [mysql-cj-abandoned-connection-cleanup] mais ne l'a pas arrêté, ce qui va probablement créer une fuite de mémoire ; la trace du thread est : 
 java.base/jdk.internal.misc.Unsafe.park(Native Method)
 java.base/java.util.concurrent.locks.LockSupport.parkNanos(LockSupport.java:269)
 java.base/java.util.concurrent.locks.AbstractQueuedSynchronizer$ConditionObject.await(AbstractQueuedSynchronizer.java:1886)
 java.base/java.lang.ref.ReferenceQueue.await(ReferenceQueue.java:71)
 java.base/java.lang.ref.ReferenceQueue.remove0(ReferenceQueue.java:143)
 java.base/java.lang.ref.ReferenceQueue.remove(ReferenceQueue.java:218)
 com.mysql.cj.jdbc.AbandonedConnectionCleanupThread.run(AbandonedConnectionCleanupThread.java:93)
 java.base/java.util.concurrent.ThreadPoolExecutor.runWorker(ThreadPoolExecutor.java:1144)
 java.base/java.util.concurrent.ThreadPoolExecutor$Worker.run(ThreadPoolExecutor.java:642)
 java.base/java.lang.Thread.run(Thread.java:1583)
23-Aug-2026 14:38:32.441 AVERTISSEMENT [Thread-1] org.apache.catalina.loader.WebappClassLoaderBase.clearReferencesThreads L'application web [ROOT] semble avoir démarré un thread nommé [Hibernate Connection Pool Validation Thread] mais ne l'a pas arrêté, ce qui va probablement créer une fuite de mémoire ; la trace du thread est : 
 java.base/jdk.internal.misc.Unsafe.park(Native Method)
 java.base/java.util.concurrent.locks.LockSupport.parkNanos(LockSupport.java:269)
 java.base/java.util.concurrent.locks.AbstractQueuedSynchronizer$ConditionObject.awaitNanos(AbstractQueuedSynchronizer.java:1797)
 java.base/java.util.concurrent.ScheduledThreadPoolExecutor$DelayedWorkQueue.take(ScheduledThreadPoolExecutor.java:1182)
 java.base/java.util.concurrent.ScheduledThreadPoolExecutor$DelayedWorkQueue.take(ScheduledThreadPoolExecutor.java:899)
 java.base/java.util.concurrent.ThreadPoolExecutor.getTask(ThreadPoolExecutor.java:1070)
 java.base/java.util.concurrent.ThreadPoolExecutor.runWorker(ThreadPoolExecutor.java:1130)
 java.base/java.util.concurrent.ThreadPoolExecutor$Worker.run(ThreadPoolExecutor.java:642)
 java.base/java.lang.Thread.run(Thread.java:1583)
23-Aug-2026 14:38:32.442 AVERTISSEMENT [Thread-1] org.apache.catalina.loader.WebappClassLoaderBase.clearReferencesThreads L'application web [ROOT] semble avoir démarré un thread nommé [Hibernate Connection Pool Validation Thread] mais ne l'a pas arrêté, ce qui va probablement créer une fuite de mémoire ; la trace du thread est : 
 java.base/jdk.internal.misc.Unsafe.park(Native Method)
 java.base/java.util.concurrent.locks.LockSupport.parkNanos(LockSupport.java:269)
 java.base/java.util.concurrent.locks.AbstractQueuedSynchronizer$ConditionObject.awaitNanos(AbstractQueuedSynchronizer.java:1797)
 java.base/java.util.concurrent.ScheduledThreadPoolExecutor$DelayedWorkQueue.take(ScheduledThreadPoolExecutor.java:1182)
 java.base/java.util.concurrent.ScheduledThreadPoolExecutor$DelayedWorkQueue.take(ScheduledThreadPoolExecutor.java:899)
 java.base/java.util.concurrent.ThreadPoolExecutor.getTask(ThreadPoolExecutor.java:1070)
 java.base/java.util.concurrent.ThreadPoolExecutor.runWorker(ThreadPoolExecutor.java:1130)
 java.base/java.util.concurrent.ThreadPoolExecutor$Worker.run(ThreadPoolExecutor.java:642)
 java.base/java.lang.Thread.run(Thread.java:1583)
23-Aug-2026 14:38:32.442 AVERTISSEMENT [Thread-1] org.apache.catalina.loader.WebappClassLoaderBase.clearReferencesThreads L'application web [ROOT] semble avoir démarré un thread nommé [Hibernate Connection Pool Validation Thread] mais ne l'a pas arrêté, ce qui va probablement créer une fuite de mémoire ; la trace du thread est : 
 java.base/jdk.internal.misc.Unsafe.park(Native Method)
 java.base/java.util.concurrent.locks.LockSupport.parkNanos(LockSupport.java:269)
 java.base/java.util.concurrent.locks.AbstractQueuedSynchronizer$ConditionObject.awaitNanos(AbstractQueuedSynchronizer.java:1797)
 java.base/java.util.concurrent.ScheduledThreadPoolExecutor$DelayedWorkQueue.take(ScheduledThreadPoolExecutor.java:1182)
 java.base/java.util.concurrent.ScheduledThreadPoolExecutor$DelayedWorkQueue.take(ScheduledThreadPoolExecutor.java:899)
 java.base/java.util.concurrent.ThreadPoolExecutor.getTask(ThreadPoolExecutor.java:1070)
 java.base/java.util.concurrent.ThreadPoolExecutor.runWorker(ThreadPoolExecutor.java:1130)
 java.base/java.util.concurrent.ThreadPoolExecutor$Worker.run(ThreadPoolExecutor.java:642)
 java.base/java.lang.Thread.run(Thread.java:1583)
23-Aug-2026 14:38:32.443 AVERTISSEMENT [Thread-1] org.apache.catalina.loader.WebappClassLoaderBase.clearReferencesThreads L'application web [ROOT] semble avoir démarré un thread nommé [Hibernate Connection Pool Validation Thread] mais ne l'a pas arrêté, ce qui va probablement créer une fuite de mémoire ; la trace du thread est : 
 java.base/jdk.internal.misc.Unsafe.park(Native Method)
 java.base/java.util.concurrent.locks.LockSupport.parkNanos(LockSupport.java:269)
 java.base/java.util.concurrent.locks.AbstractQueuedSynchronizer$ConditionObject.awaitNanos(AbstractQueuedSynchronizer.java:1797)
 java.base/java.util.concurrent.ScheduledThreadPoolExecutor$DelayedWorkQueue.take(ScheduledThreadPoolExecutor.java:1182)
 java.base/java.util.concurrent.ScheduledThreadPoolExecutor$DelayedWorkQueue.take(ScheduledThreadPoolExecutor.java:899)
 java.base/java.util.concurrent.ThreadPoolExecutor.getTask(ThreadPoolExecutor.java:1070)
 java.base/java.util.concurrent.ThreadPoolExecutor.runWorker(ThreadPoolExecutor.java:1130)
 java.base/java.util.concurrent.ThreadPoolExecutor$Worker.run(ThreadPoolExecutor.java:642)
 java.base/java.lang.Thread.run(Thread.java:1583)
23-Aug-2026 14:38:32.444 AVERTISSEMENT [Thread-1] org.apache.catalina.loader.WebappClassLoaderBase.clearReferencesThreads L'application web [ROOT] semble avoir démarré un thread nommé [Hibernate Connection Pool Validation Thread] mais ne l'a pas arrêté, ce qui va probablement créer une fuite de mémoire ; la trace du thread est : 
 java.base/jdk.internal.misc.Unsafe.park(Native Method)
 java.base/java.util.concurrent.locks.LockSupport.parkNanos(LockSupport.java:269)
 java.base/java.util.concurrent.locks.AbstractQueuedSynchronizer$ConditionObject.awaitNanos(AbstractQueuedSynchronizer.java:1797)
 java.base/java.util.concurrent.ScheduledThreadPoolExecutor$DelayedWorkQueue.take(ScheduledThreadPoolExecutor.java:1182)
 java.base/java.util.concurrent.ScheduledThreadPoolExecutor$DelayedWorkQueue.take(ScheduledThreadPoolExecutor.java:899)
 java.base/java.util.concurrent.ThreadPoolExecutor.getTask(ThreadPoolExecutor.java:1070)
 java.base/java.util.concurrent.ThreadPoolExecutor.runWorker(ThreadPoolExecutor.java:1130)
 java.base/java.util.concurrent.ThreadPoolExecutor$Worker.run(ThreadPoolExecutor.java:642)
 java.base/java.lang.Thread.run(Thread.java:1583)
23-Aug-2026 14:38:32.467 INFOS [Thread-1] org.apache.coyote.AbstractProtocol.stop Arrêt du gestionnaire de protocole ["http-nio-8080"]
23-Aug-2026 14:38:32.489 INFOS [Thread-1] org.apache.coyote.AbstractProtocol.destroy Destruction du gestionnaire de protocole ["http-nio-8080"]
23-Aug-2026 14:38:35.786 INFOS [main] org.apache.catalina.startup.VersionLoggerListener.log Nom version serveur :              Apache Tomcat/10.1.42
23-Aug-2026 14:38:35.792 INFOS [main] org.apache.catalina.startup.VersionLoggerListener.log Serveur compilé :                  Jun 5 2025 22:35:46 UTC
23-Aug-2026 14:38:35.792 INFOS [main] org.apache.catalina.startup.VersionLoggerListener.log Version du serveur :               10.1.42.0
23-Aug-2026 14:38:35.792 INFOS [main] org.apache.catalina.startup.VersionLoggerListener.log Nom de l'OS :                      Windows 11
23-Aug-2026 14:38:35.793 INFOS [main] org.apache.catalina.startup.VersionLoggerListener.log Version OS :                       10.0
23-Aug-2026 14:38:35.793 INFOS [main] org.apache.catalina.startup.VersionLoggerListener.log Architecture :                     amd64
23-Aug-2026 14:38:35.793 INFOS [main] org.apache.catalina.startup.VersionLoggerListener.log Java Home :                        C:\Users\HP\.jdks\jbrsdk_jcef-21.0.9
23-Aug-2026 14:38:35.793 INFOS [main] org.apache.catalina.startup.VersionLoggerListener.log Version JVM :                      21.0.9+1-b1038.75
23-Aug-2026 14:38:35.794 INFOS [main] org.apache.catalina.startup.VersionLoggerListener.log Fournisseur de la JVM :            JetBrains s.r.o.
23-Aug-2026 14:38:35.794 INFOS [main] org.apache.catalina.startup.VersionLoggerListener.log CATALINA_BASE :                    C:\Users\HP\Desktop\samasuker\.smarttomcat
23-Aug-2026 14:38:35.795 INFOS [main] org.apache.catalina.startup.VersionLoggerListener.log CATALINA_HOME :                    C:\Users\HP\Desktop\apache-tomcat-10.1.42
23-Aug-2026 14:38:35.814 INFOS [main] org.apache.catalina.startup.VersionLoggerListener.log Argument de la ligne de commande : --add-opens=java.base/java.lang=ALL-UNNAMED
23-Aug-2026 14:38:35.814 INFOS [main] org.apache.catalina.startup.VersionLoggerListener.log Argument de la ligne de commande : --add-opens=java.base/java.io=ALL-UNNAMED
23-Aug-2026 14:38:35.814 INFOS [main] org.apache.catalina.startup.VersionLoggerListener.log Argument de la ligne de commande : --add-opens=java.base/java.util=ALL-UNNAMED
23-Aug-2026 14:38:35.814 INFOS [main] org.apache.catalina.startup.VersionLoggerListener.log Argument de la ligne de commande : --add-opens=java.base/java.util.concurrent=ALL-UNNAMED
23-Aug-2026 14:38:35.814 INFOS [main] org.apache.catalina.startup.VersionLoggerListener.log Argument de la ligne de commande : --add-opens=java.rmi/sun.rmi.transport=ALL-UNNAMED
23-Aug-2026 14:38:35.815 INFOS [main] org.apache.catalina.startup.VersionLoggerListener.log Argument de la ligne de commande : -Dcatalina.home=C:\Users\HP\Desktop\apache-tomcat-10.1.42
23-Aug-2026 14:38:35.815 INFOS [main] org.apache.catalina.startup.VersionLoggerListener.log Argument de la ligne de commande : -Dcatalina.base=C:\Users\HP\Desktop\samasuker\.smarttomcat
23-Aug-2026 14:38:35.815 INFOS [main] org.apache.catalina.startup.VersionLoggerListener.log Argument de la ligne de commande : -Djava.io.tmpdir=C:\Users\HP\Desktop\samasuker\.smarttomcat\temp
23-Aug-2026 14:38:35.815 INFOS [main] org.apache.catalina.startup.VersionLoggerListener.log Argument de la ligne de commande : -Djava.util.logging.config.file=C:\Users\HP\Desktop\samasuker\.smarttomcat\conf\logging.properties
23-Aug-2026 14:38:35.815 INFOS [main] org.apache.catalina.startup.VersionLoggerListener.log Argument de la ligne de commande : -Djava.util.logging.manager=org.apache.juli.ClassLoaderLogManager
23-Aug-2026 14:38:35.815 INFOS [main] org.apache.catalina.startup.VersionLoggerListener.log Argument de la ligne de commande : -javaagent:C:\Program Files\JetBrains\IntelliJ IDEA 2025.2.2\lib\idea_rt.jar=54590
23-Aug-2026 14:38:35.816 INFOS [main] org.apache.catalina.startup.VersionLoggerListener.log Argument de la ligne de commande : -Dfile.encoding=UTF-8
23-Aug-2026 14:38:35.816 INFOS [main] org.apache.catalina.startup.VersionLoggerListener.log Argument de la ligne de commande : -Dsun.stdout.encoding=UTF-8
23-Aug-2026 14:38:35.816 INFOS [main] org.apache.catalina.startup.VersionLoggerListener.log Argument de la ligne de commande : -Dsun.stderr.encoding=UTF-8
23-Aug-2026 14:38:35.822 INFOS [main] org.apache.catalina.core.AprLifecycleListener.lifecycleEvent Chargement de la librairie Apache Tomcat Native [2.0.9] en utilisant APR version [1.7.6]
23-Aug-2026 14:38:35.834 INFOS [main] org.apache.catalina.core.AprLifecycleListener.initializeSSL OpenSSL a été initialisé avec succès [OpenSSL 3.5.0 8 Apr 2025]
23-Aug-2026 14:38:36.404 INFOS [main] org.apache.coyote.AbstractProtocol.init Initialisation du gestionnaire de protocole ["http-nio-8080"]
23-Aug-2026 14:38:36.466 INFOS [main] org.apache.catalina.startup.Catalina.load L'initialisation du serveur a pris [1169] millisecondes
23-Aug-2026 14:38:36.601 INFOS [main] org.apache.catalina.core.StandardService.startInternal Démarrage du service [Catalina]
23-Aug-2026 14:38:36.601 INFOS [main] org.apache.catalina.core.StandardEngine.startInternal Démarrage du moteur de Servlets : [Apache Tomcat/10.1.42]
23-Aug-2026 14:38:36.631 INFOS [main] org.apache.catalina.startup.HostConfig.deployDescriptor Déploiement du descripteur de configuration [C:\Users\HP\Desktop\samasuker\.smarttomcat\conf\Catalina\localhost\MDD.xml]
23-Aug-2026 14:38:41.546 INFOS [main] org.apache.jasper.servlet.TldScanner.scanJars Au moins un fichier JAR a été analysé pour trouver des TLDs mais il n'en contenait pas, le mode "debug" du journal peut être activé pour obtenir une liste complète de JAR scannés sans succès ; éviter d'analyser des JARs inutilement peut améliorer sensiblement le temps de démarrage et le temps de compilation des JSPs
23-Aug-2026 14:38:41.737 INFOS [main] org.apache.catalina.startup.HostConfig.deployDescriptor Le traitement du descripteur de déploiement [C:\Users\HP\Desktop\samasuker\.smarttomcat\conf\Catalina\localhost\MDD.xml] a pris [5 100] ms
23-Aug-2026 14:38:41.738 INFOS [main] org.apache.catalina.startup.HostConfig.deployDescriptor Déploiement du descripteur de configuration [C:\Users\HP\Desktop\samasuker\.smarttomcat\conf\Catalina\localhost\ROOT.xml]
23-Aug-2026 14:38:45.145 INFOS [main] org.apache.jasper.servlet.TldScanner.scanJars Au moins un fichier JAR a été analysé pour trouver des TLDs mais il n'en contenait pas, le mode "debug" du journal peut être activé pour obtenir une liste complète de JAR scannés sans succès ; éviter d'analyser des JARs inutilement peut améliorer sensiblement le temps de démarrage et le temps de compilation des JSPs
23-Aug-2026 14:38:45.213 INFOS [main] org.apache.catalina.startup.HostConfig.deployDescriptor Le traitement du descripteur de déploiement [C:\Users\HP\Desktop\samasuker\.smarttomcat\conf\Catalina\localhost\ROOT.xml] a pris [3 474] ms
23-Aug-2026 14:38:45.222 INFOS [main] org.apache.coyote.AbstractProtocol.start Démarrage du gestionnaire de protocole ["http-nio-8080"]
23-Aug-2026 14:38:45.275 INFOS [main] org.apache.catalina.startup.Catalina.start Le démarrage du serveur a pris [8807] millisecondes
23-Aug-2026 14:40:10.049 INFOS [Thread-1] org.apache.coyote.AbstractProtocol.pause Le gestionnaire de protocole ["http-nio-8080"] est mis en pause
23-Aug-2026 14:40:10.073 INFOS [Thread-1] org.apache.catalina.core.StandardService.stopInternal Arrêt du service [Catalina]
23-Aug-2026 14:40:10.096 INFOS [Thread-1] org.apache.coyote.AbstractProtocol.stop Arrêt du gestionnaire de protocole ["http-nio-8080"]
23-Aug-2026 14:40:10.102 INFOS [Thread-1] org.apache.coyote.AbstractProtocol.destroy Destruction du gestionnaire de protocole ["http-nio-8080"]
23-Aug-2026 14:40:12.897 INFOS [main] org.apache.catalina.startup.VersionLoggerListener.log Nom version serveur :              Apache Tomcat/10.1.42
23-Aug-2026 14:40:12.904 INFOS [main] org.apache.catalina.startup.VersionLoggerListener.log Serveur compilé :                  Jun 5 2025 22:35:46 UTC
23-Aug-2026 14:40:12.904 INFOS [main] org.apache.catalina.startup.VersionLoggerListener.log Version du serveur :               10.1.42.0
23-Aug-2026 14:40:12.905 INFOS [main] org.apache.catalina.startup.VersionLoggerListener.log Nom de l'OS :                      Windows 11
23-Aug-2026 14:40:12.905 INFOS [main] org.apache.catalina.startup.VersionLoggerListener.log Version OS :                       10.0
23-Aug-2026 14:40:12.906 INFOS [main] org.apache.catalina.startup.VersionLoggerListener.log Architecture :                     amd64
23-Aug-2026 14:40:12.906 INFOS [main] org.apache.catalina.startup.VersionLoggerListener.log Java Home :                        C:\Users\HP\.jdks\jbrsdk_jcef-21.0.9
23-Aug-2026 14:40:12.906 INFOS [main] org.apache.catalina.startup.VersionLoggerListener.log Version JVM :                      21.0.9+1-b1038.75
23-Aug-2026 14:40:12.906 INFOS [main] org.apache.catalina.startup.VersionLoggerListener.log Fournisseur de la JVM :            JetBrains s.r.o.
23-Aug-2026 14:40:12.906 INFOS [main] org.apache.catalina.startup.VersionLoggerListener.log CATALINA_BASE :                    C:\Users\HP\Desktop\samasuker\.smarttomcat
23-Aug-2026 14:40:12.907 INFOS [main] org.apache.catalina.startup.VersionLoggerListener.log CATALINA_HOME :                    C:\Users\HP\Desktop\apache-tomcat-10.1.42
23-Aug-2026 14:40:12.929 INFOS [main] org.apache.catalina.startup.VersionLoggerListener.log Argument de la ligne de commande : --add-opens=java.base/java.lang=ALL-UNNAMED
23-Aug-2026 14:40:12.929 INFOS [main] org.apache.catalina.startup.VersionLoggerListener.log Argument de la ligne de commande : --add-opens=java.base/java.io=ALL-UNNAMED
23-Aug-2026 14:40:12.930 INFOS [main] org.apache.catalina.startup.VersionLoggerListener.log Argument de la ligne de commande : --add-opens=java.base/java.util=ALL-UNNAMED
23-Aug-2026 14:40:12.930 INFOS [main] org.apache.catalina.startup.VersionLoggerListener.log Argument de la ligne de commande : --add-opens=java.base/java.util.concurrent=ALL-UNNAMED
23-Aug-2026 14:40:12.930 INFOS [main] org.apache.catalina.startup.VersionLoggerListener.log Argument de la ligne de commande : --add-opens=java.rmi/sun.rmi.transport=ALL-UNNAMED
23-Aug-2026 14:40:12.930 INFOS [main] org.apache.catalina.startup.VersionLoggerListener.log Argument de la ligne de commande : -Dcatalina.home=C:\Users\HP\Desktop\apache-tomcat-10.1.42
23-Aug-2026 14:40:12.931 INFOS [main] org.apache.catalina.startup.VersionLoggerListener.log Argument de la ligne de commande : -Dcatalina.base=C:\Users\HP\Desktop\samasuker\.smarttomcat
23-Aug-2026 14:40:12.931 INFOS [main] org.apache.catalina.startup.VersionLoggerListener.log Argument de la ligne de commande : -Djava.io.tmpdir=C:\Users\HP\Desktop\samasuker\.smarttomcat\temp
23-Aug-2026 14:40:12.931 INFOS [main] org.apache.catalina.startup.VersionLoggerListener.log Argument de la ligne de commande : -Djava.util.logging.config.file=C:\Users\HP\Desktop\samasuker\.smarttomcat\conf\logging.properties
23-Aug-2026 14:40:12.931 INFOS [main] org.apache.catalina.startup.VersionLoggerListener.log Argument de la ligne de commande : -Djava.util.logging.manager=org.apache.juli.ClassLoaderLogManager
23-Aug-2026 14:40:12.931 INFOS [main] org.apache.catalina.startup.VersionLoggerListener.log Argument de la ligne de commande : -javaagent:C:\Program Files\JetBrains\IntelliJ IDEA 2025.2.2\lib\idea_rt.jar=65482
23-Aug-2026 14:40:12.931 INFOS [main] org.apache.catalina.startup.VersionLoggerListener.log Argument de la ligne de commande : -Dfile.encoding=UTF-8
23-Aug-2026 14:40:12.931 INFOS [main] org.apache.catalina.startup.VersionLoggerListener.log Argument de la ligne de commande : -Dsun.stdout.encoding=UTF-8
23-Aug-2026 14:40:12.932 INFOS [main] org.apache.catalina.startup.VersionLoggerListener.log Argument de la ligne de commande : -Dsun.stderr.encoding=UTF-8
23-Aug-2026 14:40:12.938 INFOS [main] org.apache.catalina.core.AprLifecycleListener.lifecycleEvent Chargement de la librairie Apache Tomcat Native [2.0.9] en utilisant APR version [1.7.6]
23-Aug-2026 14:40:12.951 INFOS [main] org.apache.catalina.core.AprLifecycleListener.initializeSSL OpenSSL a été initialisé avec succès [OpenSSL 3.5.0 8 Apr 2025]
23-Aug-2026 14:40:13.514 INFOS [main] org.apache.coyote.AbstractProtocol.init Initialisation du gestionnaire de protocole ["http-nio-8080"]
23-Aug-2026 14:40:13.543 INFOS [main] org.apache.catalina.startup.Catalina.load L'initialisation du serveur a pris [1130] millisecondes
23-Aug-2026 14:40:13.625 INFOS [main] org.apache.catalina.core.StandardService.startInternal Démarrage du service [Catalina]
23-Aug-2026 14:40:13.626 INFOS [main] org.apache.catalina.core.StandardEngine.startInternal Démarrage du moteur de Servlets : [Apache Tomcat/10.1.42]
23-Aug-2026 14:40:13.646 INFOS [main] org.apache.catalina.startup.HostConfig.deployDescriptor Déploiement du descripteur de configuration [C:\Users\HP\Desktop\samasuker\.smarttomcat\conf\Catalina\localhost\MDD.xml]
23-Aug-2026 14:40:18.875 INFOS [main] org.apache.jasper.servlet.TldScanner.scanJars Au moins un fichier JAR a été analysé pour trouver des TLDs mais il n'en contenait pas, le mode "debug" du journal peut être activé pour obtenir une liste complète de JAR scannés sans succès ; éviter d'analyser des JARs inutilement peut améliorer sensiblement le temps de démarrage et le temps de compilation des JSPs
23-Aug-2026 14:40:19.077 INFOS [main] org.apache.catalina.startup.HostConfig.deployDescriptor Le traitement du descripteur de déploiement [C:\Users\HP\Desktop\samasuker\.smarttomcat\conf\Catalina\localhost\MDD.xml] a pris [5 425] ms
23-Aug-2026 14:40:19.078 INFOS [main] org.apache.catalina.startup.HostConfig.deployDescriptor Déploiement du descripteur de configuration [C:\Users\HP\Desktop\samasuker\.smarttomcat\conf\Catalina\localhost\ROOT.xml]
23-Aug-2026 14:40:22.991 INFOS [main] org.apache.jasper.servlet.TldScanner.scanJars Au moins un fichier JAR a été analysé pour trouver des TLDs mais il n'en contenait pas, le mode "debug" du journal peut être activé pour obtenir une liste complète de JAR scannés sans succès ; éviter d'analyser des JARs inutilement peut améliorer sensiblement le temps de démarrage et le temps de compilation des JSPs
23-Aug-2026 14:40:23.085 INFOS [main] org.apache.catalina.startup.HostConfig.deployDescriptor Le traitement du descripteur de déploiement [C:\Users\HP\Desktop\samasuker\.smarttomcat\conf\Catalina\localhost\ROOT.xml] a pris [4 007] ms
23-Aug-2026 14:40:23.101 INFOS [main] org.apache.coyote.AbstractProtocol.start Démarrage du gestionnaire de protocole ["http-nio-8080"]
23-Aug-2026 14:40:23.180 INFOS [main] org.apache.catalina.startup.Catalina.start Le démarrage du serveur a pris [9636] millisecondes
23-Aug-2026 14:41:35.919 INFOS [Thread-1] org.apache.coyote.AbstractProtocol.pause Le gestionnaire de protocole ["http-nio-8080"] est mis en pause
23-Aug-2026 14:41:35.946 INFOS [Thread-1] org.apache.catalina.core.StandardService.stopInternal Arrêt du service [Catalina]
23-Aug-2026 14:41:35.982 INFOS [Thread-1] org.apache.coyote.AbstractProtocol.stop Arrêt du gestionnaire de protocole ["http-nio-8080"]
23-Aug-2026 14:41:36.003 INFOS [Thread-1] org.apache.coyote.AbstractProtocol.destroy Destruction du gestionnaire de protocole ["http-nio-8080"]
23-Aug-2026 14:41:38.701 INFOS [main] org.apache.catalina.startup.VersionLoggerListener.log Nom version serveur :              Apache Tomcat/10.1.42
23-Aug-2026 14:41:38.708 INFOS [main] org.apache.catalina.startup.VersionLoggerListener.log Serveur compilé :                  Jun 5 2025 22:35:46 UTC
23-Aug-2026 14:41:38.708 INFOS [main] org.apache.catalina.startup.VersionLoggerListener.log Version du serveur :               10.1.42.0
23-Aug-2026 14:41:38.708 INFOS [main] org.apache.catalina.startup.VersionLoggerListener.log Nom de l'OS :                      Windows 11
23-Aug-2026 14:41:38.709 INFOS [main] org.apache.catalina.startup.VersionLoggerListener.log Version OS :                       10.0
23-Aug-2026 14:41:38.709 INFOS [main] org.apache.catalina.startup.VersionLoggerListener.log Architecture :                     amd64
23-Aug-2026 14:41:38.710 INFOS [main] org.apache.catalina.startup.VersionLoggerListener.log Java Home :                        C:\Users\HP\.jdks\jbrsdk_jcef-21.0.9
23-Aug-2026 14:41:38.710 INFOS [main] org.apache.catalina.startup.VersionLoggerListener.log Version JVM :                      21.0.9+1-b1038.75
23-Aug-2026 14:41:38.710 INFOS [main] org.apache.catalina.startup.VersionLoggerListener.log Fournisseur de la JVM :            JetBrains s.r.o.
23-Aug-2026 14:41:38.710 INFOS [main] org.apache.catalina.startup.VersionLoggerListener.log CATALINA_BASE :                    C:\Users\HP\Desktop\samasuker\.smarttomcat
23-Aug-2026 14:41:38.711 INFOS [main] org.apache.catalina.startup.VersionLoggerListener.log CATALINA_HOME :                    C:\Users\HP\Desktop\apache-tomcat-10.1.42
23-Aug-2026 14:41:38.732 INFOS [main] org.apache.catalina.startup.VersionLoggerListener.log Argument de la ligne de commande : --add-opens=java.base/java.lang=ALL-UNNAMED
23-Aug-2026 14:41:38.733 INFOS [main] org.apache.catalina.startup.VersionLoggerListener.log Argument de la ligne de commande : --add-opens=java.base/java.io=ALL-UNNAMED
23-Aug-2026 14:41:38.733 INFOS [main] org.apache.catalina.startup.VersionLoggerListener.log Argument de la ligne de commande : --add-opens=java.base/java.util=ALL-UNNAMED
23-Aug-2026 14:41:38.733 INFOS [main] org.apache.catalina.startup.VersionLoggerListener.log Argument de la ligne de commande : --add-opens=java.base/java.util.concurrent=ALL-UNNAMED
23-Aug-2026 14:41:38.733 INFOS [main] org.apache.catalina.startup.VersionLoggerListener.log Argument de la ligne de commande : --add-opens=java.rmi/sun.rmi.transport=ALL-UNNAMED
23-Aug-2026 14:41:38.733 INFOS [main] org.apache.catalina.startup.VersionLoggerListener.log Argument de la ligne de commande : -Dcatalina.home=C:\Users\HP\Desktop\apache-tomcat-10.1.42
23-Aug-2026 14:41:38.733 INFOS [main] org.apache.catalina.startup.VersionLoggerListener.log Argument de la ligne de commande : -Dcatalina.base=C:\Users\HP\Desktop\samasuker\.smarttomcat
23-Aug-2026 14:41:38.734 INFOS [main] org.apache.catalina.startup.VersionLoggerListener.log Argument de la ligne de commande : -Djava.io.tmpdir=C:\Users\HP\Desktop\samasuker\.smarttomcat\temp
23-Aug-2026 14:41:38.734 INFOS [main] org.apache.catalina.startup.VersionLoggerListener.log Argument de la ligne de commande : -Djava.util.logging.config.file=C:\Users\HP\Desktop\samasuker\.smarttomcat\conf\logging.properties
23-Aug-2026 14:41:38.734 INFOS [main] org.apache.catalina.startup.VersionLoggerListener.log Argument de la ligne de commande : -Djava.util.logging.manager=org.apache.juli.ClassLoaderLogManager
23-Aug-2026 14:41:38.734 INFOS [main] org.apache.catalina.startup.VersionLoggerListener.log Argument de la ligne de commande : -javaagent:C:\Program Files\JetBrains\IntelliJ IDEA 2025.2.2\lib\idea_rt.jar=64276
23-Aug-2026 14:41:38.734 INFOS [main] org.apache.catalina.startup.VersionLoggerListener.log Argument de la ligne de commande : -Dfile.encoding=UTF-8
23-Aug-2026 14:41:38.735 INFOS [main] org.apache.catalina.startup.VersionLoggerListener.log Argument de la ligne de commande : -Dsun.stdout.encoding=UTF-8
23-Aug-2026 14:41:38.735 INFOS [main] org.apache.catalina.startup.VersionLoggerListener.log Argument de la ligne de commande : -Dsun.stderr.encoding=UTF-8
23-Aug-2026 14:41:38.740 INFOS [main] org.apache.catalina.core.AprLifecycleListener.lifecycleEvent Chargement de la librairie Apache Tomcat Native [2.0.9] en utilisant APR version [1.7.6]
23-Aug-2026 14:41:38.752 INFOS [main] org.apache.catalina.core.AprLifecycleListener.initializeSSL OpenSSL a été initialisé avec succès [OpenSSL 3.5.0 8 Apr 2025]
23-Aug-2026 14:41:39.355 INFOS [main] org.apache.coyote.AbstractProtocol.init Initialisation du gestionnaire de protocole ["http-nio-8080"]
23-Aug-2026 14:41:39.382 INFOS [main] org.apache.catalina.startup.Catalina.load L'initialisation du serveur a pris [1175] millisecondes
23-Aug-2026 14:41:39.466 INFOS [main] org.apache.catalina.core.StandardService.startInternal Démarrage du service [Catalina]
23-Aug-2026 14:41:39.467 INFOS [main] org.apache.catalina.core.StandardEngine.startInternal Démarrage du moteur de Servlets : [Apache Tomcat/10.1.42]
23-Aug-2026 14:41:39.485 INFOS [main] org.apache.catalina.startup.HostConfig.deployDescriptor Déploiement du descripteur de configuration [C:\Users\HP\Desktop\samasuker\.smarttomcat\conf\Catalina\localhost\MDD.xml]
23-Aug-2026 14:41:43.649 INFOS [main] org.apache.jasper.servlet.TldScanner.scanJars Au moins un fichier JAR a été analysé pour trouver des TLDs mais il n'en contenait pas, le mode "debug" du journal peut être activé pour obtenir une liste complète de JAR scannés sans succès ; éviter d'analyser des JARs inutilement peut améliorer sensiblement le temps de démarrage et le temps de compilation des JSPs
23-Aug-2026 14:41:43.841 INFOS [main] org.apache.catalina.startup.HostConfig.deployDescriptor Le traitement du descripteur de déploiement [C:\Users\HP\Desktop\samasuker\.smarttomcat\conf\Catalina\localhost\MDD.xml] a pris [4 350] ms
23-Aug-2026 14:41:43.842 INFOS [main] org.apache.catalina.startup.HostConfig.deployDescriptor Déploiement du descripteur de configuration [C:\Users\HP\Desktop\samasuker\.smarttomcat\conf\Catalina\localhost\ROOT.xml]
23-Aug-2026 14:41:46.817 INFOS [main] org.apache.jasper.servlet.TldScanner.scanJars Au moins un fichier JAR a été analysé pour trouver des TLDs mais il n'en contenait pas, le mode "debug" du journal peut être activé pour obtenir une liste complète de JAR scannés sans succès ; éviter d'analyser des JARs inutilement peut améliorer sensiblement le temps de démarrage et le temps de compilation des JSPs
23-Aug-2026 14:41:46.872 INFOS [main] org.apache.catalina.startup.HostConfig.deployDescriptor Le traitement du descripteur de déploiement [C:\Users\HP\Desktop\samasuker\.smarttomcat\conf\Catalina\localhost\ROOT.xml] a pris [3 030] ms
23-Aug-2026 14:41:46.880 INFOS [main] org.apache.coyote.AbstractProtocol.start Démarrage du gestionnaire de protocole ["http-nio-8080"]
23-Aug-2026 14:41:46.922 INFOS [main] org.apache.catalina.startup.Catalina.start Le démarrage du serveur a pris [7538] millisecondes
23-Aug-2026 14:48:32.890 INFO [http-nio-8080-exec-8] org.hibernate.jpa.internal.util.LogHelper.logPersistenceUnitInformation HHH000204: Processing PersistenceUnitInfo [name: glycemiePU]
23-Aug-2026 14:48:33.374 INFO [http-nio-8080-exec-8] org.hibernate.Version.logVersion HHH000412: Hibernate ORM core version 6.2.7.Final
23-Aug-2026 14:48:33.394 INFO [http-nio-8080-exec-8] org.hibernate.cfg.Environment.<clinit> HHH000406: Using bytecode reflection optimizer
23-Aug-2026 14:48:35.218 WARN [http-nio-8080-exec-8] org.hibernate.engine.jdbc.connections.internal.DriverManagerConnectionProviderImpl.configure HHH10001002: Using built-in connection pool (not intended for production use)
23-Aug-2026 14:48:35.244 INFO [http-nio-8080-exec-8] org.hibernate.engine.jdbc.connections.internal.DriverManagerConnectionProviderImpl.buildCreator HHH10001005: Loaded JDBC driver class: com.mysql.cj.jdbc.Driver
23-Aug-2026 14:48:35.245 INFO [http-nio-8080-exec-8] org.hibernate.engine.jdbc.connections.internal.DriverManagerConnectionProviderImpl.buildCreator HHH10001012: Connecting with JDBC URL [jdbc:mysql://localhost:3306/suivi_glycemie_db?useSSL=false&serverTimezone=UTC]
23-Aug-2026 14:48:35.246 INFO [http-nio-8080-exec-8] org.hibernate.engine.jdbc.connections.internal.DriverManagerConnectionProviderImpl.buildCreator HHH10001001: Connection properties: {password=****, user=root}
23-Aug-2026 14:48:35.246 INFO [http-nio-8080-exec-8] org.hibernate.engine.jdbc.connections.internal.DriverManagerConnectionProviderImpl.buildCreator HHH10001003: Autocommit mode: false
23-Aug-2026 14:48:35.274 INFO [http-nio-8080-exec-8] org.hibernate.engine.jdbc.connections.internal.DriverManagerConnectionProviderImpl$PooledConnections.<init> HHH10001115: Connection pool size: 20 (min=1)
23-Aug-2026 14:48:36.508 WARN [http-nio-8080-exec-8] org.hibernate.dialect.Dialect.checkVersion HHH000511: The 5.6.17 version for [org.hibernate.dialect.MySQLDialect] is no longer supported, hence certain features may not work properly. The minimum supported version is 5.7.0. Check the community dialects project for available legacy versions.
23-Aug-2026 14:48:38.366 INFO [http-nio-8080-exec-8] org.hibernate.bytecode.internal.BytecodeProviderInitiator.buildBytecodeProvider HHH000021: Bytecode provider name : bytebuddy
23-Aug-2026 14:48:43.479 INFO [http-nio-8080-exec-8] org.hibernate.engine.transaction.jta.platform.internal.JtaPlatformInitiator.initiateService HHH000490: Using JtaPlatform implementation: [org.hibernate.engine.transaction.jta.platform.internal.NoJtaPlatform]
23-Aug-2026 14:48:43.753 INFO [http-nio-8080-exec-8] org.hibernate.resource.transaction.backend.jdbc.internal.DdlTransactionIsolatorNonJtaImpl.getIsolatedConnection HHH10001501: Connection obtained from JdbcConnectionAccess [org.hibernate.engine.jdbc.env.internal.JdbcEnvironmentInitiator$ConnectionProviderJdbcConnectionAccess@1789f689] for (non-JTA) DDL execution was not in auto-commit mode; the Connection 'local transaction' will be committed and the Connection will be set into auto-commit mode.
23-Aug-2026 14:49:24.831 INFO [http-nio-8080-exec-4] org.hibernate.jpa.internal.util.LogHelper.logPersistenceUnitInformation HHH000204: Processing PersistenceUnitInfo [name: glycemiePU]
23-Aug-2026 14:49:24.957 WARN [http-nio-8080-exec-4] org.hibernate.engine.jdbc.connections.internal.DriverManagerConnectionProviderImpl.configure HHH10001002: Using built-in connection pool (not intended for production use)
23-Aug-2026 14:49:24.957 INFO [http-nio-8080-exec-4] org.hibernate.engine.jdbc.connections.internal.DriverManagerConnectionProviderImpl.buildCreator HHH10001005: Loaded JDBC driver class: com.mysql.cj.jdbc.Driver
23-Aug-2026 14:49:24.958 INFO [http-nio-8080-exec-4] org.hibernate.engine.jdbc.connections.internal.DriverManagerConnectionProviderImpl.buildCreator HHH10001012: Connecting with JDBC URL [jdbc:mysql://localhost:3306/suivi_glycemie_db?useSSL=false&serverTimezone=UTC]
23-Aug-2026 14:49:24.958 INFO [http-nio-8080-exec-4] org.hibernate.engine.jdbc.connections.internal.DriverManagerConnectionProviderImpl.buildCreator HHH10001001: Connection properties: {password=****, user=root}
23-Aug-2026 14:49:24.959 INFO [http-nio-8080-exec-4] org.hibernate.engine.jdbc.connections.internal.DriverManagerConnectionProviderImpl.buildCreator HHH10001003: Autocommit mode: false
23-Aug-2026 14:49:24.959 INFO [http-nio-8080-exec-4] org.hibernate.engine.jdbc.connections.internal.DriverManagerConnectionProviderImpl$PooledConnections.<init> HHH10001115: Connection pool size: 20 (min=1)
23-Aug-2026 14:49:24.972 WARN [http-nio-8080-exec-4] org.hibernate.dialect.Dialect.checkVersion HHH000511: The 5.6.17 version for [org.hibernate.dialect.MySQLDialect] is no longer supported, hence certain features may not work properly. The minimum supported version is 5.7.0. Check the community dialects project for available legacy versions.
23-Aug-2026 14:49:25.040 INFO [http-nio-8080-exec-4] org.hibernate.bytecode.internal.BytecodeProviderInitiator.buildBytecodeProvider HHH000021: Bytecode provider name : bytebuddy
23-Aug-2026 14:49:25.254 INFO [http-nio-8080-exec-4] org.hibernate.engine.transaction.jta.platform.internal.JtaPlatformInitiator.initiateService HHH000490: Using JtaPlatform implementation: [org.hibernate.engine.transaction.jta.platform.internal.NoJtaPlatform]
23-Aug-2026 14:49:25.256 INFO [http-nio-8080-exec-4] org.hibernate.resource.transaction.backend.jdbc.internal.DdlTransactionIsolatorNonJtaImpl.getIsolatedConnection HHH10001501: Connection obtained from JdbcConnectionAccess [org.hibernate.engine.jdbc.env.internal.JdbcEnvironmentInitiator$ConnectionProviderJdbcConnectionAccess@163892bd] for (non-JTA) DDL execution was not in auto-commit mode; the Connection 'local transaction' will be committed and the Connection will be set into auto-commit mode.
23-Aug-2026 14:49:37.079 INFO [http-nio-8080-exec-6] org.hibernate.jpa.internal.util.LogHelper.logPersistenceUnitInformation HHH000204: Processing PersistenceUnitInfo [name: glycemiePU]
23-Aug-2026 14:49:37.221 WARN [http-nio-8080-exec-6] org.hibernate.engine.jdbc.connections.internal.DriverManagerConnectionProviderImpl.configure HHH10001002: Using built-in connection pool (not intended for production use)
23-Aug-2026 14:49:37.222 INFO [http-nio-8080-exec-6] org.hibernate.engine.jdbc.connections.internal.DriverManagerConnectionProviderImpl.buildCreator HHH10001005: Loaded JDBC driver class: com.mysql.cj.jdbc.Driver
23-Aug-2026 14:49:37.222 INFO [http-nio-8080-exec-6] org.hibernate.engine.jdbc.connections.internal.DriverManagerConnectionProviderImpl.buildCreator HHH10001012: Connecting with JDBC URL [jdbc:mysql://localhost:3306/suivi_glycemie_db?useSSL=false&serverTimezone=UTC]
23-Aug-2026 14:49:37.222 INFO [http-nio-8080-exec-6] org.hibernate.engine.jdbc.connections.internal.DriverManagerConnectionProviderImpl.buildCreator HHH10001001: Connection properties: {password=****, user=root}
23-Aug-2026 14:49:37.222 INFO [http-nio-8080-exec-6] org.hibernate.engine.jdbc.connections.internal.DriverManagerConnectionProviderImpl.buildCreator HHH10001003: Autocommit mode: false
23-Aug-2026 14:49:37.223 INFO [http-nio-8080-exec-6] org.hibernate.engine.jdbc.connections.internal.DriverManagerConnectionProviderImpl$PooledConnections.<init> HHH10001115: Connection pool size: 20 (min=1)
23-Aug-2026 14:49:37.231 WARN [http-nio-8080-exec-6] org.hibernate.dialect.Dialect.checkVersion HHH000511: The 5.6.17 version for [org.hibernate.dialect.MySQLDialect] is no longer supported, hence certain features may not work properly. The minimum supported version is 5.7.0. Check the community dialects project for available legacy versions.
23-Aug-2026 14:49:37.263 INFO [http-nio-8080-exec-6] org.hibernate.bytecode.internal.BytecodeProviderInitiator.buildBytecodeProvider HHH000021: Bytecode provider name : bytebuddy
23-Aug-2026 14:49:37.373 INFO [http-nio-8080-exec-6] org.hibernate.engine.transaction.jta.platform.internal.JtaPlatformInitiator.initiateService HHH000490: Using JtaPlatform implementation: [org.hibernate.engine.transaction.jta.platform.internal.NoJtaPlatform]
23-Aug-2026 14:49:37.374 INFO [http-nio-8080-exec-6] org.hibernate.resource.transaction.backend.jdbc.internal.DdlTransactionIsolatorNonJtaImpl.getIsolatedConnection HHH10001501: Connection obtained from JdbcConnectionAccess [org.hibernate.engine.jdbc.env.internal.JdbcEnvironmentInitiator$ConnectionProviderJdbcConnectionAccess@4bfb665e] for (non-JTA) DDL execution was not in auto-commit mode; the Connection 'local transaction' will be committed and the Connection will be set into auto-commit mode.
23-Aug-2026 14:50:09.106 INFO [http-nio-8080-exec-2] org.hibernate.jpa.internal.util.LogHelper.logPersistenceUnitInformation HHH000204: Processing PersistenceUnitInfo [name: glycemiePU]
23-Aug-2026 14:50:09.211 WARN [http-nio-8080-exec-2] org.hibernate.engine.jdbc.connections.internal.DriverManagerConnectionProviderImpl.configure HHH10001002: Using built-in connection pool (not intended for production use)
23-Aug-2026 14:50:09.211 INFO [http-nio-8080-exec-2] org.hibernate.engine.jdbc.connections.internal.DriverManagerConnectionProviderImpl.buildCreator HHH10001005: Loaded JDBC driver class: com.mysql.cj.jdbc.Driver
23-Aug-2026 14:50:09.211 INFO [http-nio-8080-exec-2] org.hibernate.engine.jdbc.connections.internal.DriverManagerConnectionProviderImpl.buildCreator HHH10001012: Connecting with JDBC URL [jdbc:mysql://localhost:3306/suivi_glycemie_db?useSSL=false&serverTimezone=UTC]
23-Aug-2026 14:50:09.211 INFO [http-nio-8080-exec-2] org.hibernate.engine.jdbc.connections.internal.DriverManagerConnectionProviderImpl.buildCreator HHH10001001: Connection properties: {password=****, user=root}
23-Aug-2026 14:50:09.212 INFO [http-nio-8080-exec-2] org.hibernate.engine.jdbc.connections.internal.DriverManagerConnectionProviderImpl.buildCreator HHH10001003: Autocommit mode: false
23-Aug-2026 14:50:09.212 INFO [http-nio-8080-exec-2] org.hibernate.engine.jdbc.connections.internal.DriverManagerConnectionProviderImpl$PooledConnections.<init> HHH10001115: Connection pool size: 20 (min=1)
23-Aug-2026 14:50:09.219 WARN [http-nio-8080-exec-2] org.hibernate.dialect.Dialect.checkVersion HHH000511: The 5.6.17 version for [org.hibernate.dialect.MySQLDialect] is no longer supported, hence certain features may not work properly. The minimum supported version is 5.7.0. Check the community dialects project for available legacy versions.
23-Aug-2026 14:50:09.252 INFO [http-nio-8080-exec-2] org.hibernate.bytecode.internal.BytecodeProviderInitiator.buildBytecodeProvider HHH000021: Bytecode provider name : bytebuddy
23-Aug-2026 14:50:09.368 INFO [http-nio-8080-exec-2] org.hibernate.engine.transaction.jta.platform.internal.JtaPlatformInitiator.initiateService HHH000490: Using JtaPlatform implementation: [org.hibernate.engine.transaction.jta.platform.internal.NoJtaPlatform]
23-Aug-2026 14:50:09.370 INFO [http-nio-8080-exec-2] org.hibernate.resource.transaction.backend.jdbc.internal.DdlTransactionIsolatorNonJtaImpl.getIsolatedConnection HHH10001501: Connection obtained from JdbcConnectionAccess [org.hibernate.engine.jdbc.env.internal.JdbcEnvironmentInitiator$ConnectionProviderJdbcConnectionAccess@380f94b7] for (non-JTA) DDL execution was not in auto-commit mode; the Connection 'local transaction' will be committed and the Connection will be set into auto-commit mode.
23-Aug-2026 14:50:23.233 INFO [http-nio-8080-exec-3] org.hibernate.jpa.internal.util.LogHelper.logPersistenceUnitInformation HHH000204: Processing PersistenceUnitInfo [name: glycemiePU]
23-Aug-2026 14:50:23.390 WARN [http-nio-8080-exec-3] org.hibernate.engine.jdbc.connections.internal.DriverManagerConnectionProviderImpl.configure HHH10001002: Using built-in connection pool (not intended for production use)
23-Aug-2026 14:50:23.390 INFO [http-nio-8080-exec-3] org.hibernate.engine.jdbc.connections.internal.DriverManagerConnectionProviderImpl.buildCreator HHH10001005: Loaded JDBC driver class: com.mysql.cj.jdbc.Driver
23-Aug-2026 14:50:23.396 INFO [http-nio-8080-exec-3] org.hibernate.engine.jdbc.connections.internal.DriverManagerConnectionProviderImpl.buildCreator HHH10001012: Connecting with JDBC URL [jdbc:mysql://localhost:3306/suivi_glycemie_db?useSSL=false&serverTimezone=UTC]
23-Aug-2026 14:50:23.397 INFO [http-nio-8080-exec-3] org.hibernate.engine.jdbc.connections.internal.DriverManagerConnectionProviderImpl.buildCreator HHH10001001: Connection properties: {password=****, user=root}
23-Aug-2026 14:50:23.398 INFO [http-nio-8080-exec-3] org.hibernate.engine.jdbc.connections.internal.DriverManagerConnectionProviderImpl.buildCreator HHH10001003: Autocommit mode: false
23-Aug-2026 14:50:23.398 INFO [http-nio-8080-exec-3] org.hibernate.engine.jdbc.connections.internal.DriverManagerConnectionProviderImpl$PooledConnections.<init> HHH10001115: Connection pool size: 20 (min=1)
23-Aug-2026 14:50:23.400 WARN [http-nio-8080-exec-3] org.hibernate.dialect.Dialect.checkVersion HHH000511: The 5.6.17 version for [org.hibernate.dialect.MySQLDialect] is no longer supported, hence certain features may not work properly. The minimum supported version is 5.7.0. Check the community dialects project for available legacy versions.
23-Aug-2026 14:50:23.463 INFO [http-nio-8080-exec-3] org.hibernate.bytecode.internal.BytecodeProviderInitiator.buildBytecodeProvider HHH000021: Bytecode provider name : bytebuddy
23-Aug-2026 14:50:23.591 INFO [http-nio-8080-exec-3] org.hibernate.engine.transaction.jta.platform.internal.JtaPlatformInitiator.initiateService HHH000490: Using JtaPlatform implementation: [org.hibernate.engine.transaction.jta.platform.internal.NoJtaPlatform]
23-Aug-2026 14:50:23.593 INFO [http-nio-8080-exec-3] org.hibernate.resource.transaction.backend.jdbc.internal.DdlTransactionIsolatorNonJtaImpl.getIsolatedConnection HHH10001501: Connection obtained from JdbcConnectionAccess [org.hibernate.engine.jdbc.env.internal.JdbcEnvironmentInitiator$ConnectionProviderJdbcConnectionAccess@3809ccae] for (non-JTA) DDL execution was not in auto-commit mode; the Connection 'local transaction' will be committed and the Connection will be set into auto-commit mode.
23-Aug-2026 15:15:40.505 INFO [http-nio-8080-exec-9] org.hibernate.jpa.internal.util.LogHelper.logPersistenceUnitInformation HHH000204: Processing PersistenceUnitInfo [name: glycemiePU]
23-Aug-2026 15:15:40.638 WARN [http-nio-8080-exec-9] org.hibernate.engine.jdbc.connections.internal.DriverManagerConnectionProviderImpl.configure HHH10001002: Using built-in connection pool (not intended for production use)
23-Aug-2026 15:15:40.638 INFO [http-nio-8080-exec-9] org.hibernate.engine.jdbc.connections.internal.DriverManagerConnectionProviderImpl.buildCreator HHH10001005: Loaded JDBC driver class: com.mysql.cj.jdbc.Driver
23-Aug-2026 15:15:40.638 INFO [http-nio-8080-exec-9] org.hibernate.engine.jdbc.connections.internal.DriverManagerConnectionProviderImpl.buildCreator HHH10001012: Connecting with JDBC URL [jdbc:mysql://localhost:3306/suivi_glycemie_db?useSSL=false&serverTimezone=UTC]
23-Aug-2026 15:15:40.639 INFO [http-nio-8080-exec-9] org.hibernate.engine.jdbc.connections.internal.DriverManagerConnectionProviderImpl.buildCreator HHH10001001: Connection properties: {password=****, user=root}
23-Aug-2026 15:15:40.639 INFO [http-nio-8080-exec-9] org.hibernate.engine.jdbc.connections.internal.DriverManagerConnectionProviderImpl.buildCreator HHH10001003: Autocommit mode: false
23-Aug-2026 15:15:40.639 INFO [http-nio-8080-exec-9] org.hibernate.engine.jdbc.connections.internal.DriverManagerConnectionProviderImpl$PooledConnections.<init> HHH10001115: Connection pool size: 20 (min=1)
23-Aug-2026 15:15:40.652 WARN [http-nio-8080-exec-9] org.hibernate.dialect.Dialect.checkVersion HHH000511: The 5.6.17 version for [org.hibernate.dialect.MySQLDialect] is no longer supported, hence certain features may not work properly. The minimum supported version is 5.7.0. Check the community dialects project for available legacy versions.
23-Aug-2026 15:15:40.708 INFO [http-nio-8080-exec-9] org.hibernate.bytecode.internal.BytecodeProviderInitiator.buildBytecodeProvider HHH000021: Bytecode provider name : bytebuddy
23-Aug-2026 15:15:40.877 INFO [http-nio-8080-exec-9] org.hibernate.engine.transaction.jta.platform.internal.JtaPlatformInitiator.initiateService HHH000490: Using JtaPlatform implementation: [org.hibernate.engine.transaction.jta.platform.internal.NoJtaPlatform]
23-Aug-2026 15:15:40.879 INFO [http-nio-8080-exec-9] org.hibernate.resource.transaction.backend.jdbc.internal.DdlTransactionIsolatorNonJtaImpl.getIsolatedConnection HHH10001501: Connection obtained from JdbcConnectionAccess [org.hibernate.engine.jdbc.env.internal.JdbcEnvironmentInitiator$ConnectionProviderJdbcConnectionAccess@3fa272f6] for (non-JTA) DDL execution was not in auto-commit mode; the Connection 'local transaction' will be committed and the Connection will be set into auto-commit mode.
23-Aug-2026 15:20:31.879 INFO [http-nio-8080-exec-2] org.hibernate.jpa.internal.util.LogHelper.logPersistenceUnitInformation HHH000204: Processing PersistenceUnitInfo [name: glycemiePU]
23-Aug-2026 15:20:32.029 WARN [http-nio-8080-exec-2] org.hibernate.engine.jdbc.connections.internal.DriverManagerConnectionProviderImpl.configure HHH10001002: Using built-in connection pool (not intended for production use)
23-Aug-2026 15:20:32.030 INFO [http-nio-8080-exec-2] org.hibernate.engine.jdbc.connections.internal.DriverManagerConnectionProviderImpl.buildCreator HHH10001005: Loaded JDBC driver class: com.mysql.cj.jdbc.Driver
23-Aug-2026 15:20:32.030 INFO [http-nio-8080-exec-2] org.hibernate.engine.jdbc.connections.internal.DriverManagerConnectionProviderImpl.buildCreator HHH10001012: Connecting with JDBC URL [jdbc:mysql://localhost:3306/suivi_glycemie_db?useSSL=false&serverTimezone=UTC]
23-Aug-2026 15:20:32.031 INFO [http-nio-8080-exec-2] org.hibernate.engine.jdbc.connections.internal.DriverManagerConnectionProviderImpl.buildCreator HHH10001001: Connection properties: {password=****, user=root}
23-Aug-2026 15:20:32.031 INFO [http-nio-8080-exec-2] org.hibernate.engine.jdbc.connections.internal.DriverManagerConnectionProviderImpl.buildCreator HHH10001003: Autocommit mode: false
23-Aug-2026 15:20:32.031 INFO [http-nio-8080-exec-2] org.hibernate.engine.jdbc.connections.internal.DriverManagerConnectionProviderImpl$PooledConnections.<init> HHH10001115: Connection pool size: 20 (min=1)
23-Aug-2026 15:20:32.045 WARN [http-nio-8080-exec-2] org.hibernate.dialect.Dialect.checkVersion HHH000511: The 5.6.17 version for [org.hibernate.dialect.MySQLDialect] is no longer supported, hence certain features may not work properly. The minimum supported version is 5.7.0. Check the community dialects project for available legacy versions.
23-Aug-2026 15:20:32.105 INFO [http-nio-8080-exec-2] org.hibernate.bytecode.internal.BytecodeProviderInitiator.buildBytecodeProvider HHH000021: Bytecode provider name : bytebuddy
23-Aug-2026 15:20:32.245 INFO [http-nio-8080-exec-2] org.hibernate.engine.transaction.jta.platform.internal.JtaPlatformInitiator.initiateService HHH000490: Using JtaPlatform implementation: [org.hibernate.engine.transaction.jta.platform.internal.NoJtaPlatform]
23-Aug-2026 15:20:32.247 INFO [http-nio-8080-exec-2] org.hibernate.resource.transaction.backend.jdbc.internal.DdlTransactionIsolatorNonJtaImpl.getIsolatedConnection HHH10001501: Connection obtained from JdbcConnectionAccess [org.hibernate.engine.jdbc.env.internal.JdbcEnvironmentInitiator$ConnectionProviderJdbcConnectionAccess@d57fe2f] for (non-JTA) DDL execution was not in auto-commit mode; the Connection 'local transaction' will be committed and the Connection will be set into auto-commit mode.
23-Aug-2026 15:21:03.920 INFO [http-nio-8080-exec-6] org.hibernate.jpa.internal.util.LogHelper.logPersistenceUnitInformation HHH000204: Processing PersistenceUnitInfo [name: glycemiePU]
23-Aug-2026 15:21:04.027 WARN [http-nio-8080-exec-6] org.hibernate.engine.jdbc.connections.internal.DriverManagerConnectionProviderImpl.configure HHH10001002: Using built-in connection pool (not intended for production use)
23-Aug-2026 15:21:04.028 INFO [http-nio-8080-exec-6] org.hibernate.engine.jdbc.connections.internal.DriverManagerConnectionProviderImpl.buildCreator HHH10001005: Loaded JDBC driver class: com.mysql.cj.jdbc.Driver
23-Aug-2026 15:21:04.028 INFO [http-nio-8080-exec-6] org.hibernate.engine.jdbc.connections.internal.DriverManagerConnectionProviderImpl.buildCreator HHH10001012: Connecting with JDBC URL [jdbc:mysql://localhost:3306/suivi_glycemie_db?useSSL=false&serverTimezone=UTC]
23-Aug-2026 15:21:04.028 INFO [http-nio-8080-exec-6] org.hibernate.engine.jdbc.connections.internal.DriverManagerConnectionProviderImpl.buildCreator HHH10001001: Connection properties: {password=****, user=root}
23-Aug-2026 15:21:04.028 INFO [http-nio-8080-exec-6] org.hibernate.engine.jdbc.connections.internal.DriverManagerConnectionProviderImpl.buildCreator HHH10001003: Autocommit mode: false
23-Aug-2026 15:21:04.030 INFO [http-nio-8080-exec-6] org.hibernate.engine.jdbc.connections.internal.DriverManagerConnectionProviderImpl$PooledConnections.<init> HHH10001115: Connection pool size: 20 (min=1)
23-Aug-2026 15:21:04.037 WARN [http-nio-8080-exec-6] org.hibernate.dialect.Dialect.checkVersion HHH000511: The 5.6.17 version for [org.hibernate.dialect.MySQLDialect] is no longer supported, hence certain features may not work properly. The minimum supported version is 5.7.0. Check the community dialects project for available legacy versions.
23-Aug-2026 15:21:04.067 INFO [http-nio-8080-exec-6] org.hibernate.bytecode.internal.BytecodeProviderInitiator.buildBytecodeProvider HHH000021: Bytecode provider name : bytebuddy
23-Aug-2026 15:21:04.157 INFO [http-nio-8080-exec-6] org.hibernate.engine.transaction.jta.platform.internal.JtaPlatformInitiator.initiateService HHH000490: Using JtaPlatform implementation: [org.hibernate.engine.transaction.jta.platform.internal.NoJtaPlatform]
23-Aug-2026 15:21:04.159 INFO [http-nio-8080-exec-6] org.hibernate.resource.transaction.backend.jdbc.internal.DdlTransactionIsolatorNonJtaImpl.getIsolatedConnection HHH10001501: Connection obtained from JdbcConnectionAccess [org.hibernate.engine.jdbc.env.internal.JdbcEnvironmentInitiator$ConnectionProviderJdbcConnectionAccess@638ae01f] for (non-JTA) DDL execution was not in auto-commit mode; the Connection 'local transaction' will be committed and the Connection will be set into auto-commit mode.
23-Aug-2026 15:30:05.971 INFOS [Thread-1] org.apache.coyote.AbstractProtocol.pause Le gestionnaire de protocole ["http-nio-8080"] est mis en pause
23-Aug-2026 15:30:05.992 INFOS [Thread-1] org.apache.catalina.core.StandardService.stopInternal Arrêt du service [Catalina]
23-Aug-2026 15:30:06.005 AVERTISSEMENT [Thread-1] org.apache.catalina.loader.WebappClassLoaderBase.clearReferencesJdbc L'application web [ROOT] a enregistré un pilote JDBC [com.mysql.cj.jdbc.Driver], mais ne l'a pas désenregistré avant l'arrêt de l'application.  Pour éviter une fuite de mémoire, le pilote JDBC a été désenregistré de force.
23-Aug-2026 15:30:06.006 AVERTISSEMENT [Thread-1] org.apache.catalina.loader.WebappClassLoaderBase.clearReferencesThreads L'application web [ROOT] semble avoir démarré un thread nommé [mysql-cj-abandoned-connection-cleanup] mais ne l'a pas arrêté, ce qui va probablement créer une fuite de mémoire ; la trace du thread est : 
 java.base/jdk.internal.misc.Unsafe.park(Native Method)
 java.base/java.util.concurrent.locks.LockSupport.parkNanos(LockSupport.java:269)
 java.base/java.util.concurrent.locks.AbstractQueuedSynchronizer$ConditionObject.await(AbstractQueuedSynchronizer.java:1886)
 java.base/java.lang.ref.ReferenceQueue.await(ReferenceQueue.java:71)
 java.base/java.lang.ref.ReferenceQueue.remove0(ReferenceQueue.java:143)
 java.base/java.lang.ref.ReferenceQueue.remove(ReferenceQueue.java:218)
 com.mysql.cj.jdbc.AbandonedConnectionCleanupThread.run(AbandonedConnectionCleanupThread.java:93)
 java.base/java.util.concurrent.ThreadPoolExecutor.runWorker(ThreadPoolExecutor.java:1144)
 java.base/java.util.concurrent.ThreadPoolExecutor$Worker.run(ThreadPoolExecutor.java:642)
 java.base/java.lang.Thread.run(Thread.java:1583)
23-Aug-2026 15:30:06.007 AVERTISSEMENT [Thread-1] org.apache.catalina.loader.WebappClassLoaderBase.clearReferencesThreads L'application web [ROOT] semble avoir démarré un thread nommé [Hibernate Connection Pool Validation Thread] mais ne l'a pas arrêté, ce qui va probablement créer une fuite de mémoire ; la trace du thread est : 
 java.base/jdk.internal.misc.Unsafe.park(Native Method)
 java.base/java.util.concurrent.locks.LockSupport.parkNanos(LockSupport.java:269)
 java.base/java.util.concurrent.locks.AbstractQueuedSynchronizer$ConditionObject.awaitNanos(AbstractQueuedSynchronizer.java:1797)
 java.base/java.util.concurrent.ScheduledThreadPoolExecutor$DelayedWorkQueue.take(ScheduledThreadPoolExecutor.java:1182)
 java.base/java.util.concurrent.ScheduledThreadPoolExecutor$DelayedWorkQueue.take(ScheduledThreadPoolExecutor.java:899)
 java.base/java.util.concurrent.ThreadPoolExecutor.getTask(ThreadPoolExecutor.java:1070)
 java.base/java.util.concurrent.ThreadPoolExecutor.runWorker(ThreadPoolExecutor.java:1130)
 java.base/java.util.concurrent.ThreadPoolExecutor$Worker.run(ThreadPoolExecutor.java:642)
 java.base/java.lang.Thread.run(Thread.java:1583)
23-Aug-2026 15:30:06.007 AVERTISSEMENT [Thread-1] org.apache.catalina.loader.WebappClassLoaderBase.clearReferencesThreads L'application web [ROOT] semble avoir démarré un thread nommé [Hibernate Connection Pool Validation Thread] mais ne l'a pas arrêté, ce qui va probablement créer une fuite de mémoire ; la trace du thread est : 
 java.base/jdk.internal.misc.Unsafe.park(Native Method)
 java.base/java.util.concurrent.locks.LockSupport.parkNanos(LockSupport.java:269)
 java.base/java.util.concurrent.locks.AbstractQueuedSynchronizer$ConditionObject.awaitNanos(AbstractQueuedSynchronizer.java:1797)
 java.base/java.util.concurrent.ScheduledThreadPoolExecutor$DelayedWorkQueue.take(ScheduledThreadPoolExecutor.java:1182)
 java.base/java.util.concurrent.ScheduledThreadPoolExecutor$DelayedWorkQueue.take(ScheduledThreadPoolExecutor.java:899)
 java.base/java.util.concurrent.ThreadPoolExecutor.getTask(ThreadPoolExecutor.java:1070)
 java.base/java.util.concurrent.ThreadPoolExecutor.runWorker(ThreadPoolExecutor.java:1130)
 java.base/java.util.concurrent.ThreadPoolExecutor$Worker.run(ThreadPoolExecutor.java:642)
 java.base/java.lang.Thread.run(Thread.java:1583)
23-Aug-2026 15:30:06.007 AVERTISSEMENT [Thread-1] org.apache.catalina.loader.WebappClassLoaderBase.clearReferencesThreads L'application web [ROOT] semble avoir démarré un thread nommé [Hibernate Connection Pool Validation Thread] mais ne l'a pas arrêté, ce qui va probablement créer une fuite de mémoire ; la trace du thread est : 
 java.base/jdk.internal.misc.Unsafe.park(Native Method)
 java.base/java.util.concurrent.locks.LockSupport.parkNanos(LockSupport.java:269)
 java.base/java.util.concurrent.locks.AbstractQueuedSynchronizer$ConditionObject.awaitNanos(AbstractQueuedSynchronizer.java:1797)
 java.base/java.util.concurrent.ScheduledThreadPoolExecutor$DelayedWorkQueue.take(ScheduledThreadPoolExecutor.java:1182)
 java.base/java.util.concurrent.ScheduledThreadPoolExecutor$DelayedWorkQueue.take(ScheduledThreadPoolExecutor.java:899)
 java.base/java.util.concurrent.ThreadPoolExecutor.getTask(ThreadPoolExecutor.java:1070)
 java.base/java.util.concurrent.ThreadPoolExecutor.runWorker(ThreadPoolExecutor.java:1130)
 java.base/java.util.concurrent.ThreadPoolExecutor$Worker.run(ThreadPoolExecutor.java:642)
 java.base/java.lang.Thread.run(Thread.java:1583)
23-Aug-2026 15:30:06.008 AVERTISSEMENT [Thread-1] org.apache.catalina.loader.WebappClassLoaderBase.clearReferencesThreads L'application web [ROOT] semble avoir démarré un thread nommé [Hibernate Connection Pool Validation Thread] mais ne l'a pas arrêté, ce qui va probablement créer une fuite de mémoire ; la trace du thread est : 
 java.base/jdk.internal.misc.Unsafe.park(Native Method)
 java.base/java.util.concurrent.locks.LockSupport.parkNanos(LockSupport.java:269)
 java.base/java.util.concurrent.locks.AbstractQueuedSynchronizer$ConditionObject.awaitNanos(AbstractQueuedSynchronizer.java:1797)
 java.base/java.util.concurrent.ScheduledThreadPoolExecutor$DelayedWorkQueue.take(ScheduledThreadPoolExecutor.java:1182)
 java.base/java.util.concurrent.ScheduledThreadPoolExecutor$DelayedWorkQueue.take(ScheduledThreadPoolExecutor.java:899)
 java.base/java.util.concurrent.ThreadPoolExecutor.getTask(ThreadPoolExecutor.java:1070)
 java.base/java.util.concurrent.ThreadPoolExecutor.runWorker(ThreadPoolExecutor.java:1130)
 java.base/java.util.concurrent.ThreadPoolExecutor$Worker.run(ThreadPoolExecutor.java:642)
 java.base/java.lang.Thread.run(Thread.java:1583)
23-Aug-2026 15:30:06.008 AVERTISSEMENT [Thread-1] org.apache.catalina.loader.WebappClassLoaderBase.clearReferencesThreads L'application web [ROOT] semble avoir démarré un thread nommé [Hibernate Connection Pool Validation Thread] mais ne l'a pas arrêté, ce qui va probablement créer une fuite de mémoire ; la trace du thread est : 
 java.base/jdk.internal.misc.Unsafe.park(Native Method)
 java.base/java.util.concurrent.locks.LockSupport.parkNanos(LockSupport.java:269)
 java.base/java.util.concurrent.locks.AbstractQueuedSynchronizer$ConditionObject.awaitNanos(AbstractQueuedSynchronizer.java:1797)
 java.base/java.util.concurrent.ScheduledThreadPoolExecutor$DelayedWorkQueue.take(ScheduledThreadPoolExecutor.java:1182)
 java.base/java.util.concurrent.ScheduledThreadPoolExecutor$DelayedWorkQueue.take(ScheduledThreadPoolExecutor.java:899)
 java.base/java.util.concurrent.ThreadPoolExecutor.getTask(ThreadPoolExecutor.java:1070)
 java.base/java.util.concurrent.ThreadPoolExecutor.runWorker(ThreadPoolExecutor.java:1130)
 java.base/java.util.concurrent.ThreadPoolExecutor$Worker.run(ThreadPoolExecutor.java:642)
 java.base/java.lang.Thread.run(Thread.java:1583)
23-Aug-2026 15:30:06.009 AVERTISSEMENT [Thread-1] org.apache.catalina.loader.WebappClassLoaderBase.clearReferencesThreads L'application web [ROOT] semble avoir démarré un thread nommé [Hibernate Connection Pool Validation Thread] mais ne l'a pas arrêté, ce qui va probablement créer une fuite de mémoire ; la trace du thread est : 
 java.base/jdk.internal.misc.Unsafe.park(Native Method)
 java.base/java.util.concurrent.locks.LockSupport.parkNanos(LockSupport.java:269)
 java.base/java.util.concurrent.locks.AbstractQueuedSynchronizer$ConditionObject.awaitNanos(AbstractQueuedSynchronizer.java:1797)
 java.base/java.util.concurrent.ScheduledThreadPoolExecutor$DelayedWorkQueue.take(ScheduledThreadPoolExecutor.java:1182)
 java.base/java.util.concurrent.ScheduledThreadPoolExecutor$DelayedWorkQueue.take(ScheduledThreadPoolExecutor.java:899)
 java.base/java.util.concurrent.ThreadPoolExecutor.getTask(ThreadPoolExecutor.java:1070)
 java.base/java.util.concurrent.ThreadPoolExecutor.runWorker(ThreadPoolExecutor.java:1130)
 java.base/java.util.concurrent.ThreadPoolExecutor$Worker.run(ThreadPoolExecutor.java:642)
 java.base/java.lang.Thread.run(Thread.java:1583)
23-Aug-2026 15:30:06.009 AVERTISSEMENT [Thread-1] org.apache.catalina.loader.WebappClassLoaderBase.clearReferencesThreads L'application web [ROOT] semble avoir démarré un thread nommé [Hibernate Connection Pool Validation Thread] mais ne l'a pas arrêté, ce qui va probablement créer une fuite de mémoire ; la trace du thread est : 
 java.base/jdk.internal.misc.Unsafe.park(Native Method)
 java.base/java.util.concurrent.locks.LockSupport.parkNanos(LockSupport.java:269)
 java.base/java.util.concurrent.locks.AbstractQueuedSynchronizer$ConditionObject.awaitNanos(AbstractQueuedSynchronizer.java:1797)
 java.base/java.util.concurrent.ScheduledThreadPoolExecutor$DelayedWorkQueue.take(ScheduledThreadPoolExecutor.java:1182)
 java.base/java.util.concurrent.ScheduledThreadPoolExecutor$DelayedWorkQueue.take(ScheduledThreadPoolExecutor.java:899)
 java.base/java.util.concurrent.ThreadPoolExecutor.getTask(ThreadPoolExecutor.java:1070)
 java.base/java.util.concurrent.ThreadPoolExecutor.runWorker(ThreadPoolExecutor.java:1130)
 java.base/java.util.concurrent.ThreadPoolExecutor$Worker.run(ThreadPoolExecutor.java:642)
 java.base/java.lang.Thread.run(Thread.java:1583)
23-Aug-2026 15:30:06.009 AVERTISSEMENT [Thread-1] org.apache.catalina.loader.WebappClassLoaderBase.clearReferencesThreads L'application web [ROOT] semble avoir démarré un thread nommé [Hibernate Connection Pool Validation Thread] mais ne l'a pas arrêté, ce qui va probablement créer une fuite de mémoire ; la trace du thread est : 
 java.base/jdk.internal.misc.Unsafe.park(Native Method)
 java.base/java.util.concurrent.locks.LockSupport.parkNanos(LockSupport.java:269)
 java.base/java.util.concurrent.locks.AbstractQueuedSynchronizer$ConditionObject.awaitNanos(AbstractQueuedSynchronizer.java:1797)
 java.base/java.util.concurrent.ScheduledThreadPoolExecutor$DelayedWorkQueue.take(ScheduledThreadPoolExecutor.java:1182)
 java.base/java.util.concurrent.ScheduledThreadPoolExecutor$DelayedWorkQueue.take(ScheduledThreadPoolExecutor.java:899)
 java.base/java.util.concurrent.ThreadPoolExecutor.getTask(ThreadPoolExecutor.java:1070)
 java.base/java.util.concurrent.ThreadPoolExecutor.runWorker(ThreadPoolExecutor.java:1130)
 java.base/java.util.concurrent.ThreadPoolExecutor$Worker.run(ThreadPoolExecutor.java:642)
 java.base/java.lang.Thread.run(Thread.java:1583)
23-Aug-2026 15:30:06.034 INFOS [Thread-1] org.apache.coyote.AbstractProtocol.stop Arrêt du gestionnaire de protocole ["http-nio-8080"]
23-Aug-2026 15:30:06.049 INFOS [Thread-1] org.apache.coyote.AbstractProtocol.destroy Destruction du gestionnaire de protocole ["http-nio-8080"]
23-Aug-2026 15:32:31.932 INFOS [main] org.apache.catalina.startup.VersionLoggerListener.log Nom version serveur :              Apache Tomcat/10.1.42
23-Aug-2026 15:32:31.939 INFOS [main] org.apache.catalina.startup.VersionLoggerListener.log Serveur compilé :                  Jun 5 2025 22:35:46 UTC
23-Aug-2026 15:32:31.940 INFOS [main] org.apache.catalina.startup.VersionLoggerListener.log Version du serveur :               10.1.42.0
23-Aug-2026 15:32:31.940 INFOS [main] org.apache.catalina.startup.VersionLoggerListener.log Nom de l'OS :                      Windows 11
23-Aug-2026 15:32:31.940 INFOS [main] org.apache.catalina.startup.VersionLoggerListener.log Version OS :                       10.0
23-Aug-2026 15:32:31.941 INFOS [main] org.apache.catalina.startup.VersionLoggerListener.log Architecture :                     amd64
23-Aug-2026 15:32:31.941 INFOS [main] org.apache.catalina.startup.VersionLoggerListener.log Java Home :                        C:\Users\HP\.jdks\jbrsdk_jcef-21.0.9
23-Aug-2026 15:32:31.941 INFOS [main] org.apache.catalina.startup.VersionLoggerListener.log Version JVM :                      21.0.9+1-b1038.75
23-Aug-2026 15:32:31.941 INFOS [main] org.apache.catalina.startup.VersionLoggerListener.log Fournisseur de la JVM :            JetBrains s.r.o.
23-Aug-2026 15:32:31.941 INFOS [main] org.apache.catalina.startup.VersionLoggerListener.log CATALINA_BASE :                    C:\Users\HP\Desktop\samasuker\.smarttomcat
23-Aug-2026 15:32:31.941 INFOS [main] org.apache.catalina.startup.VersionLoggerListener.log CATALINA_HOME :                    C:\Users\HP\Desktop\apache-tomcat-10.1.42
23-Aug-2026 15:32:31.969 INFOS [main] org.apache.catalina.startup.VersionLoggerListener.log Argument de la ligne de commande : --add-opens=java.base/java.lang=ALL-UNNAMED
23-Aug-2026 15:32:31.969 INFOS [main] org.apache.catalina.startup.VersionLoggerListener.log Argument de la ligne de commande : --add-opens=java.base/java.io=ALL-UNNAMED
23-Aug-2026 15:32:31.969 INFOS [main] org.apache.catalina.startup.VersionLoggerListener.log Argument de la ligne de commande : --add-opens=java.base/java.util=ALL-UNNAMED
23-Aug-2026 15:32:31.970 INFOS [main] org.apache.catalina.startup.VersionLoggerListener.log Argument de la ligne de commande : --add-opens=java.base/java.util.concurrent=ALL-UNNAMED
23-Aug-2026 15:32:31.970 INFOS [main] org.apache.catalina.startup.VersionLoggerListener.log Argument de la ligne de commande : --add-opens=java.rmi/sun.rmi.transport=ALL-UNNAMED
23-Aug-2026 15:32:31.970 INFOS [main] org.apache.catalina.startup.VersionLoggerListener.log Argument de la ligne de commande : -Dcatalina.home=C:\Users\HP\Desktop\apache-tomcat-10.1.42
23-Aug-2026 15:32:31.970 INFOS [main] org.apache.catalina.startup.VersionLoggerListener.log Argument de la ligne de commande : -Dcatalina.base=C:\Users\HP\Desktop\samasuker\.smarttomcat
23-Aug-2026 15:32:31.971 INFOS [main] org.apache.catalina.startup.VersionLoggerListener.log Argument de la ligne de commande : -Djava.io.tmpdir=C:\Users\HP\Desktop\samasuker\.smarttomcat\temp
23-Aug-2026 15:32:31.971 INFOS [main] org.apache.catalina.startup.VersionLoggerListener.log Argument de la ligne de commande : -Djava.util.logging.config.file=C:\Users\HP\Desktop\samasuker\.smarttomcat\conf\logging.properties
23-Aug-2026 15:32:31.971 INFOS [main] org.apache.catalina.startup.VersionLoggerListener.log Argument de la ligne de commande : -Djava.util.logging.manager=org.apache.juli.ClassLoaderLogManager
23-Aug-2026 15:32:31.971 INFOS [main] org.apache.catalina.startup.VersionLoggerListener.log Argument de la ligne de commande : -javaagent:C:\Program Files\JetBrains\IntelliJ IDEA 2025.2.2\lib\idea_rt.jar=62525
23-Aug-2026 15:32:31.972 INFOS [main] org.apache.catalina.startup.VersionLoggerListener.log Argument de la ligne de commande : -Dfile.encoding=UTF-8
23-Aug-2026 15:32:31.972 INFOS [main] org.apache.catalina.startup.VersionLoggerListener.log Argument de la ligne de commande : -Dsun.stdout.encoding=UTF-8
23-Aug-2026 15:32:31.972 INFOS [main] org.apache.catalina.startup.VersionLoggerListener.log Argument de la ligne de commande : -Dsun.stderr.encoding=UTF-8
23-Aug-2026 15:32:31.977 INFOS [main] org.apache.catalina.core.AprLifecycleListener.lifecycleEvent Chargement de la librairie Apache Tomcat Native [2.0.9] en utilisant APR version [1.7.6]
23-Aug-2026 15:32:31.989 INFOS [main] org.apache.catalina.core.AprLifecycleListener.initializeSSL OpenSSL a été initialisé avec succès [OpenSSL 3.5.0 8 Apr 2025]
23-Aug-2026 15:32:32.617 INFOS [main] org.apache.coyote.AbstractProtocol.init Initialisation du gestionnaire de protocole ["http-nio-8080"]
23-Aug-2026 15:32:32.646 INFOS [main] org.apache.catalina.startup.Catalina.load L'initialisation du serveur a pris [1185] millisecondes
23-Aug-2026 15:32:32.731 INFOS [main] org.apache.catalina.core.StandardService.startInternal Démarrage du service [Catalina]
23-Aug-2026 15:32:32.732 INFOS [main] org.apache.catalina.core.StandardEngine.startInternal Démarrage du moteur de Servlets : [Apache Tomcat/10.1.42]
23-Aug-2026 15:32:32.749 INFOS [main] org.apache.catalina.startup.HostConfig.deployDescriptor Déploiement du descripteur de configuration [C:\Users\HP\Desktop\samasuker\.smarttomcat\conf\Catalina\localhost\MDD.xml]
23-Aug-2026 15:32:38.135 INFOS [main] org.apache.jasper.servlet.TldScanner.scanJars Au moins un fichier JAR a été analysé pour trouver des TLDs mais il n'en contenait pas, le mode "debug" du journal peut être activé pour obtenir une liste complète de JAR scannés sans succès ; éviter d'analyser des JARs inutilement peut améliorer sensiblement le temps de démarrage et le temps de compilation des JSPs
23-Aug-2026 15:32:38.354 INFOS [main] org.apache.catalina.startup.HostConfig.deployDescriptor Le traitement du descripteur de déploiement [C:\Users\HP\Desktop\samasuker\.smarttomcat\conf\Catalina\localhost\MDD.xml] a pris [5 595] ms
23-Aug-2026 15:32:38.354 INFOS [main] org.apache.catalina.startup.HostConfig.deployDescriptor Déploiement du descripteur de configuration [C:\Users\HP\Desktop\samasuker\.smarttomcat\conf\Catalina\localhost\ROOT.xml]
23-Aug-2026 15:32:43.206 INFOS [main] org.apache.jasper.servlet.TldScanner.scanJars Au moins un fichier JAR a été analysé pour trouver des TLDs mais il n'en contenait pas, le mode "debug" du journal peut être activé pour obtenir une liste complète de JAR scannés sans succès ; éviter d'analyser des JARs inutilement peut améliorer sensiblement le temps de démarrage et le temps de compilation des JSPs
23-Aug-2026 15:32:43.298 INFOS [main] org.apache.catalina.startup.HostConfig.deployDescriptor Le traitement du descripteur de déploiement [C:\Users\HP\Desktop\samasuker\.smarttomcat\conf\Catalina\localhost\ROOT.xml] a pris [4 944] ms
23-Aug-2026 15:32:43.311 INFOS [main] org.apache.coyote.AbstractProtocol.start Démarrage du gestionnaire de protocole ["http-nio-8080"]
23-Aug-2026 15:32:43.364 INFOS [main] org.apache.catalina.startup.Catalina.start Le démarrage du serveur a pris [10716] millisecondes
23-Aug-2026 15:32:53.481 INFO [http-nio-8080-exec-3] org.hibernate.jpa.internal.util.LogHelper.logPersistenceUnitInformation HHH000204: Processing PersistenceUnitInfo [name: glycemiePU]
23-Aug-2026 15:32:54.040 INFO [http-nio-8080-exec-3] org.hibernate.Version.logVersion HHH000412: Hibernate ORM core version 6.2.7.Final
23-Aug-2026 15:32:54.052 INFO [http-nio-8080-exec-3] org.hibernate.cfg.Environment.<clinit> HHH000406: Using bytecode reflection optimizer
23-Aug-2026 15:32:55.589 WARN [http-nio-8080-exec-3] org.hibernate.engine.jdbc.connections.internal.DriverManagerConnectionProviderImpl.configure HHH10001002: Using built-in connection pool (not intended for production use)
23-Aug-2026 15:32:55.611 INFO [http-nio-8080-exec-3] org.hibernate.engine.jdbc.connections.internal.DriverManagerConnectionProviderImpl.buildCreator HHH10001005: Loaded JDBC driver class: com.mysql.cj.jdbc.Driver
23-Aug-2026 15:32:55.611 INFO [http-nio-8080-exec-3] org.hibernate.engine.jdbc.connections.internal.DriverManagerConnectionProviderImpl.buildCreator HHH10001012: Connecting with JDBC URL [jdbc:mysql://localhost:3306/suivi_glycemie_db?useSSL=false&serverTimezone=UTC]
23-Aug-2026 15:32:55.612 INFO [http-nio-8080-exec-3] org.hibernate.engine.jdbc.connections.internal.DriverManagerConnectionProviderImpl.buildCreator HHH10001001: Connection properties: {password=****, user=root}
23-Aug-2026 15:32:55.612 INFO [http-nio-8080-exec-3] org.hibernate.engine.jdbc.connections.internal.DriverManagerConnectionProviderImpl.buildCreator HHH10001003: Autocommit mode: false
23-Aug-2026 15:32:55.626 INFO [http-nio-8080-exec-3] org.hibernate.engine.jdbc.connections.internal.DriverManagerConnectionProviderImpl$PooledConnections.<init> HHH10001115: Connection pool size: 20 (min=1)
23-Aug-2026 15:32:56.551 WARN [http-nio-8080-exec-3] org.hibernate.dialect.Dialect.checkVersion HHH000511: The 5.6.17 version for [org.hibernate.dialect.MySQLDialect] is no longer supported, hence certain features may not work properly. The minimum supported version is 5.7.0. Check the community dialects project for available legacy versions.
23-Aug-2026 15:32:58.174 INFO [http-nio-8080-exec-3] org.hibernate.bytecode.internal.BytecodeProviderInitiator.buildBytecodeProvider HHH000021: Bytecode provider name : bytebuddy
23-Aug-2026 15:33:05.151 INFO [http-nio-8080-exec-3] org.hibernate.engine.transaction.jta.platform.internal.JtaPlatformInitiator.initiateService HHH000490: Using JtaPlatform implementation: [org.hibernate.engine.transaction.jta.platform.internal.NoJtaPlatform]
23-Aug-2026 15:33:05.433 INFO [http-nio-8080-exec-3] org.hibernate.resource.transaction.backend.jdbc.internal.DdlTransactionIsolatorNonJtaImpl.getIsolatedConnection HHH10001501: Connection obtained from JdbcConnectionAccess [org.hibernate.engine.jdbc.env.internal.JdbcEnvironmentInitiator$ConnectionProviderJdbcConnectionAccess@3d22c2b3] for (non-JTA) DDL execution was not in auto-commit mode; the Connection 'local transaction' will be committed and the Connection will be set into auto-commit mode.
23-Aug-2026 15:33:08.637 INFO [http-nio-8080-exec-5] org.hibernate.jpa.internal.util.LogHelper.logPersistenceUnitInformation HHH000204: Processing PersistenceUnitInfo [name: glycemiePU]
23-Aug-2026 15:33:08.800 WARN [http-nio-8080-exec-5] org.hibernate.engine.jdbc.connections.internal.DriverManagerConnectionProviderImpl.configure HHH10001002: Using built-in connection pool (not intended for production use)
23-Aug-2026 15:33:08.801 INFO [http-nio-8080-exec-5] org.hibernate.engine.jdbc.connections.internal.DriverManagerConnectionProviderImpl.buildCreator HHH10001005: Loaded JDBC driver class: com.mysql.cj.jdbc.Driver
23-Aug-2026 15:33:08.801 INFO [http-nio-8080-exec-5] org.hibernate.engine.jdbc.connections.internal.DriverManagerConnectionProviderImpl.buildCreator HHH10001012: Connecting with JDBC URL [jdbc:mysql://localhost:3306/suivi_glycemie_db?useSSL=false&serverTimezone=UTC]
23-Aug-2026 15:33:08.801 INFO [http-nio-8080-exec-5] org.hibernate.engine.jdbc.connections.internal.DriverManagerConnectionProviderImpl.buildCreator HHH10001001: Connection properties: {password=****, user=root}
23-Aug-2026 15:33:08.802 INFO [http-nio-8080-exec-5] org.hibernate.engine.jdbc.connections.internal.DriverManagerConnectionProviderImpl.buildCreator HHH10001003: Autocommit mode: false
23-Aug-2026 15:33:08.802 INFO [http-nio-8080-exec-5] org.hibernate.engine.jdbc.connections.internal.DriverManagerConnectionProviderImpl$PooledConnections.<init> HHH10001115: Connection pool size: 20 (min=1)
23-Aug-2026 15:33:08.817 WARN [http-nio-8080-exec-5] org.hibernate.dialect.Dialect.checkVersion HHH000511: The 5.6.17 version for [org.hibernate.dialect.MySQLDialect] is no longer supported, hence certain features may not work properly. The minimum supported version is 5.7.0. Check the community dialects project for available legacy versions.
23-Aug-2026 15:33:08.890 INFO [http-nio-8080-exec-5] org.hibernate.bytecode.internal.BytecodeProviderInitiator.buildBytecodeProvider HHH000021: Bytecode provider name : bytebuddy
23-Aug-2026 15:33:09.094 INFO [http-nio-8080-exec-5] org.hibernate.engine.transaction.jta.platform.internal.JtaPlatformInitiator.initiateService HHH000490: Using JtaPlatform implementation: [org.hibernate.engine.transaction.jta.platform.internal.NoJtaPlatform]
23-Aug-2026 15:33:09.098 INFO [http-nio-8080-exec-5] org.hibernate.resource.transaction.backend.jdbc.internal.DdlTransactionIsolatorNonJtaImpl.getIsolatedConnection HHH10001501: Connection obtained from JdbcConnectionAccess [org.hibernate.engine.jdbc.env.internal.JdbcEnvironmentInitiator$ConnectionProviderJdbcConnectionAccess@1f89246e] for (non-JTA) DDL execution was not in auto-commit mode; the Connection 'local transaction' will be committed and the Connection will be set into auto-commit mode.
23-Aug-2026 15:35:36.704 INFOS [Thread-1] org.apache.coyote.AbstractProtocol.pause Le gestionnaire de protocole ["http-nio-8080"] est mis en pause
23-Aug-2026 15:35:36.728 INFOS [Thread-1] org.apache.catalina.core.StandardService.stopInternal Arrêt du service [Catalina]
23-Aug-2026 15:35:36.740 AVERTISSEMENT [Thread-1] org.apache.catalina.loader.WebappClassLoaderBase.clearReferencesJdbc L'application web [ROOT] a enregistré un pilote JDBC [com.mysql.cj.jdbc.Driver], mais ne l'a pas désenregistré avant l'arrêt de l'application.  Pour éviter une fuite de mémoire, le pilote JDBC a été désenregistré de force.
23-Aug-2026 15:35:36.741 AVERTISSEMENT [Thread-1] org.apache.catalina.loader.WebappClassLoaderBase.clearReferencesThreads L'application web [ROOT] semble avoir démarré un thread nommé [mysql-cj-abandoned-connection-cleanup] mais ne l'a pas arrêté, ce qui va probablement créer une fuite de mémoire ; la trace du thread est : 
 java.base/jdk.internal.misc.Unsafe.park(Native Method)
 java.base/java.util.concurrent.locks.LockSupport.parkNanos(LockSupport.java:269)
 java.base/java.util.concurrent.locks.AbstractQueuedSynchronizer$ConditionObject.await(AbstractQueuedSynchronizer.java:1886)
 java.base/java.lang.ref.ReferenceQueue.await(ReferenceQueue.java:71)
 java.base/java.lang.ref.ReferenceQueue.remove0(ReferenceQueue.java:143)
 java.base/java.lang.ref.ReferenceQueue.remove(ReferenceQueue.java:218)
 com.mysql.cj.jdbc.AbandonedConnectionCleanupThread.run(AbandonedConnectionCleanupThread.java:93)
 java.base/java.util.concurrent.ThreadPoolExecutor.runWorker(ThreadPoolExecutor.java:1144)
 java.base/java.util.concurrent.ThreadPoolExecutor$Worker.run(ThreadPoolExecutor.java:642)
 java.base/java.lang.Thread.run(Thread.java:1583)
23-Aug-2026 15:35:36.741 AVERTISSEMENT [Thread-1] org.apache.catalina.loader.WebappClassLoaderBase.clearReferencesThreads L'application web [ROOT] semble avoir démarré un thread nommé [Hibernate Connection Pool Validation Thread] mais ne l'a pas arrêté, ce qui va probablement créer une fuite de mémoire ; la trace du thread est : 
 java.base/jdk.internal.misc.Unsafe.park(Native Method)
 java.base/java.util.concurrent.locks.LockSupport.parkNanos(LockSupport.java:269)
 java.base/java.util.concurrent.locks.AbstractQueuedSynchronizer$ConditionObject.awaitNanos(AbstractQueuedSynchronizer.java:1797)
 java.base/java.util.concurrent.ScheduledThreadPoolExecutor$DelayedWorkQueue.take(ScheduledThreadPoolExecutor.java:1182)
 java.base/java.util.concurrent.ScheduledThreadPoolExecutor$DelayedWorkQueue.take(ScheduledThreadPoolExecutor.java:899)
 java.base/java.util.concurrent.ThreadPoolExecutor.getTask(ThreadPoolExecutor.java:1070)
 java.base/java.util.concurrent.ThreadPoolExecutor.runWorker(ThreadPoolExecutor.java:1130)
 java.base/java.util.concurrent.ThreadPoolExecutor$Worker.run(ThreadPoolExecutor.java:642)
 java.base/java.lang.Thread.run(Thread.java:1583)
23-Aug-2026 15:35:36.741 AVERTISSEMENT [Thread-1] org.apache.catalina.loader.WebappClassLoaderBase.clearReferencesThreads L'application web [ROOT] semble avoir démarré un thread nommé [Hibernate Connection Pool Validation Thread] mais ne l'a pas arrêté, ce qui va probablement créer une fuite de mémoire ; la trace du thread est : 
 java.base/jdk.internal.misc.Unsafe.park(Native Method)
 java.base/java.util.concurrent.locks.LockSupport.parkNanos(LockSupport.java:269)
 java.base/java.util.concurrent.locks.AbstractQueuedSynchronizer$ConditionObject.awaitNanos(AbstractQueuedSynchronizer.java:1797)
 java.base/java.util.concurrent.ScheduledThreadPoolExecutor$DelayedWorkQueue.take(ScheduledThreadPoolExecutor.java:1182)
 java.base/java.util.concurrent.ScheduledThreadPoolExecutor$DelayedWorkQueue.take(ScheduledThreadPoolExecutor.java:899)
 java.base/java.util.concurrent.ThreadPoolExecutor.getTask(ThreadPoolExecutor.java:1070)
 java.base/java.util.concurrent.ThreadPoolExecutor.runWorker(ThreadPoolExecutor.java:1130)
 java.base/java.util.concurrent.ThreadPoolExecutor$Worker.run(ThreadPoolExecutor.java:642)
 java.base/java.lang.Thread.run(Thread.java:1583)
23-Aug-2026 15:35:36.766 INFOS [Thread-1] org.apache.coyote.AbstractProtocol.stop Arrêt du gestionnaire de protocole ["http-nio-8080"]
23-Aug-2026 15:35:36.784 INFOS [Thread-1] org.apache.coyote.AbstractProtocol.destroy Destruction du gestionnaire de protocole ["http-nio-8080"]
23-Aug-2026 15:35:39.659 INFOS [main] org.apache.catalina.startup.VersionLoggerListener.log Nom version serveur :              Apache Tomcat/10.1.42
23-Aug-2026 15:35:39.669 INFOS [main] org.apache.catalina.startup.VersionLoggerListener.log Serveur compilé :                  Jun 5 2025 22:35:46 UTC
23-Aug-2026 15:35:39.670 INFOS [main] org.apache.catalina.startup.VersionLoggerListener.log Version du serveur :               10.1.42.0
23-Aug-2026 15:35:39.670 INFOS [main] org.apache.catalina.startup.VersionLoggerListener.log Nom de l'OS :                      Windows 11
23-Aug-2026 15:35:39.671 INFOS [main] org.apache.catalina.startup.VersionLoggerListener.log Version OS :                       10.0
23-Aug-2026 15:35:39.671 INFOS [main] org.apache.catalina.startup.VersionLoggerListener.log Architecture :                     amd64
23-Aug-2026 15:35:39.672 INFOS [main] org.apache.catalina.startup.VersionLoggerListener.log Java Home :                        C:\Users\HP\.jdks\jbrsdk_jcef-21.0.9
23-Aug-2026 15:35:39.673 INFOS [main] org.apache.catalina.startup.VersionLoggerListener.log Version JVM :                      21.0.9+1-b1038.75
23-Aug-2026 15:35:39.673 INFOS [main] org.apache.catalina.startup.VersionLoggerListener.log Fournisseur de la JVM :            JetBrains s.r.o.
23-Aug-2026 15:35:39.674 INFOS [main] org.apache.catalina.startup.VersionLoggerListener.log CATALINA_BASE :                    C:\Users\HP\Desktop\samasuker\.smarttomcat
23-Aug-2026 15:35:39.675 INFOS [main] org.apache.catalina.startup.VersionLoggerListener.log CATALINA_HOME :                    C:\Users\HP\Desktop\apache-tomcat-10.1.42
23-Aug-2026 15:35:39.700 INFOS [main] org.apache.catalina.startup.VersionLoggerListener.log Argument de la ligne de commande : --add-opens=java.base/java.lang=ALL-UNNAMED
23-Aug-2026 15:35:39.700 INFOS [main] org.apache.catalina.startup.VersionLoggerListener.log Argument de la ligne de commande : --add-opens=java.base/java.io=ALL-UNNAMED
23-Aug-2026 15:35:39.701 INFOS [main] org.apache.catalina.startup.VersionLoggerListener.log Argument de la ligne de commande : --add-opens=java.base/java.util=ALL-UNNAMED
23-Aug-2026 15:35:39.701 INFOS [main] org.apache.catalina.startup.VersionLoggerListener.log Argument de la ligne de commande : --add-opens=java.base/java.util.concurrent=ALL-UNNAMED
23-Aug-2026 15:35:39.701 INFOS [main] org.apache.catalina.startup.VersionLoggerListener.log Argument de la ligne de commande : --add-opens=java.rmi/sun.rmi.transport=ALL-UNNAMED
23-Aug-2026 15:35:39.701 INFOS [main] org.apache.catalina.startup.VersionLoggerListener.log Argument de la ligne de commande : -Dcatalina.home=C:\Users\HP\Desktop\apache-tomcat-10.1.42
23-Aug-2026 15:35:39.701 INFOS [main] org.apache.catalina.startup.VersionLoggerListener.log Argument de la ligne de commande : -Dcatalina.base=C:\Users\HP\Desktop\samasuker\.smarttomcat
23-Aug-2026 15:35:39.701 INFOS [main] org.apache.catalina.startup.VersionLoggerListener.log Argument de la ligne de commande : -Djava.io.tmpdir=C:\Users\HP\Desktop\samasuker\.smarttomcat\temp
23-Aug-2026 15:35:39.701 INFOS [main] org.apache.catalina.startup.VersionLoggerListener.log Argument de la ligne de commande : -Djava.util.logging.config.file=C:\Users\HP\Desktop\samasuker\.smarttomcat\conf\logging.properties
23-Aug-2026 15:35:39.702 INFOS [main] org.apache.catalina.startup.VersionLoggerListener.log Argument de la ligne de commande : -Djava.util.logging.manager=org.apache.juli.ClassLoaderLogManager
23-Aug-2026 15:35:39.702 INFOS [main] org.apache.catalina.startup.VersionLoggerListener.log Argument de la ligne de commande : -javaagent:C:\Program Files\JetBrains\IntelliJ IDEA 2025.2.2\lib\idea_rt.jar=64519
23-Aug-2026 15:35:39.702 INFOS [main] org.apache.catalina.startup.VersionLoggerListener.log Argument de la ligne de commande : -Dfile.encoding=UTF-8
23-Aug-2026 15:35:39.702 INFOS [main] org.apache.catalina.startup.VersionLoggerListener.log Argument de la ligne de commande : -Dsun.stdout.encoding=UTF-8
23-Aug-2026 15:35:39.702 INFOS [main] org.apache.catalina.startup.VersionLoggerListener.log Argument de la ligne de commande : -Dsun.stderr.encoding=UTF-8
23-Aug-2026 15:35:39.710 INFOS [main] org.apache.catalina.core.AprLifecycleListener.lifecycleEvent Chargement de la librairie Apache Tomcat Native [2.0.9] en utilisant APR version [1.7.6]
23-Aug-2026 15:35:39.722 INFOS [main] org.apache.catalina.core.AprLifecycleListener.initializeSSL OpenSSL a été initialisé avec succès [OpenSSL 3.5.0 8 Apr 2025]
23-Aug-2026 15:35:40.407 INFOS [main] org.apache.coyote.AbstractProtocol.init Initialisation du gestionnaire de protocole ["http-nio-8080"]
23-Aug-2026 15:35:40.446 INFOS [main] org.apache.catalina.startup.Catalina.load L'initialisation du serveur a pris [1246] millisecondes
23-Aug-2026 15:35:40.565 INFOS [main] org.apache.catalina.core.StandardService.startInternal Démarrage du service [Catalina]
23-Aug-2026 15:35:40.565 INFOS [main] org.apache.catalina.core.StandardEngine.startInternal Démarrage du moteur de Servlets : [Apache Tomcat/10.1.42]
23-Aug-2026 15:35:40.595 INFOS [main] org.apache.catalina.startup.HostConfig.deployDescriptor Déploiement du descripteur de configuration [C:\Users\HP\Desktop\samasuker\.smarttomcat\conf\Catalina\localhost\MDD.xml]
23-Aug-2026 15:35:46.990 INFOS [main] org.apache.jasper.servlet.TldScanner.scanJars Au moins un fichier JAR a été analysé pour trouver des TLDs mais il n'en contenait pas, le mode "debug" du journal peut être activé pour obtenir une liste complète de JAR scannés sans succès ; éviter d'analyser des JARs inutilement peut améliorer sensiblement le temps de démarrage et le temps de compilation des JSPs
23-Aug-2026 15:35:47.190 INFOS [main] org.apache.catalina.startup.HostConfig.deployDescriptor Le traitement du descripteur de déploiement [C:\Users\HP\Desktop\samasuker\.smarttomcat\conf\Catalina\localhost\MDD.xml] a pris [6 590] ms
23-Aug-2026 15:35:47.191 INFOS [main] org.apache.catalina.startup.HostConfig.deployDescriptor Déploiement du descripteur de configuration [C:\Users\HP\Desktop\samasuker\.smarttomcat\conf\Catalina\localhost\ROOT.xml]
23-Aug-2026 15:35:51.967 INFOS [main] org.apache.jasper.servlet.TldScanner.scanJars Au moins un fichier JAR a été analysé pour trouver des TLDs mais il n'en contenait pas, le mode "debug" du journal peut être activé pour obtenir une liste complète de JAR scannés sans succès ; éviter d'analyser des JARs inutilement peut améliorer sensiblement le temps de démarrage et le temps de compilation des JSPs
23-Aug-2026 15:35:52.043 INFOS [main] org.apache.catalina.startup.HostConfig.deployDescriptor Le traitement du descripteur de déploiement [C:\Users\HP\Desktop\samasuker\.smarttomcat\conf\Catalina\localhost\ROOT.xml] a pris [4 852] ms
23-Aug-2026 15:35:52.055 INFOS [main] org.apache.coyote.AbstractProtocol.start Démarrage du gestionnaire de protocole ["http-nio-8080"]
23-Aug-2026 15:35:52.125 INFOS [main] org.apache.catalina.startup.Catalina.start Le démarrage du serveur a pris [11675] millisecondes
23-Aug-2026 15:36:03.020 INFO [http-nio-8080-exec-3] org.hibernate.jpa.internal.util.LogHelper.logPersistenceUnitInformation HHH000204: Processing PersistenceUnitInfo [name: glycemiePU]
23-Aug-2026 15:36:03.677 INFO [http-nio-8080-exec-3] org.hibernate.Version.logVersion HHH000412: Hibernate ORM core version 6.2.7.Final
23-Aug-2026 15:36:03.693 INFO [http-nio-8080-exec-3] org.hibernate.cfg.Environment.<clinit> HHH000406: Using bytecode reflection optimizer
23-Aug-2026 15:36:05.615 WARN [http-nio-8080-exec-3] org.hibernate.engine.jdbc.connections.internal.DriverManagerConnectionProviderImpl.configure HHH10001002: Using built-in connection pool (not intended for production use)
23-Aug-2026 15:36:05.636 INFO [http-nio-8080-exec-3] org.hibernate.engine.jdbc.connections.internal.DriverManagerConnectionProviderImpl.buildCreator HHH10001005: Loaded JDBC driver class: com.mysql.cj.jdbc.Driver
23-Aug-2026 15:36:05.637 INFO [http-nio-8080-exec-3] org.hibernate.engine.jdbc.connections.internal.DriverManagerConnectionProviderImpl.buildCreator HHH10001012: Connecting with JDBC URL [jdbc:mysql://localhost:3306/suivi_glycemie_db?useSSL=false&serverTimezone=UTC]
23-Aug-2026 15:36:05.637 INFO [http-nio-8080-exec-3] org.hibernate.engine.jdbc.connections.internal.DriverManagerConnectionProviderImpl.buildCreator HHH10001001: Connection properties: {password=****, user=root}
23-Aug-2026 15:36:05.637 INFO [http-nio-8080-exec-3] org.hibernate.engine.jdbc.connections.internal.DriverManagerConnectionProviderImpl.buildCreator HHH10001003: Autocommit mode: false
23-Aug-2026 15:36:05.664 INFO [http-nio-8080-exec-3] org.hibernate.engine.jdbc.connections.internal.DriverManagerConnectionProviderImpl$PooledConnections.<init> HHH10001115: Connection pool size: 20 (min=1)
23-Aug-2026 15:36:07.045 WARN [http-nio-8080-exec-3] org.hibernate.dialect.Dialect.checkVersion HHH000511: The 5.6.17 version for [org.hibernate.dialect.MySQLDialect] is no longer supported, hence certain features may not work properly. The minimum supported version is 5.7.0. Check the community dialects project for available legacy versions.
23-Aug-2026 15:36:09.085 INFO [http-nio-8080-exec-3] org.hibernate.bytecode.internal.BytecodeProviderInitiator.buildBytecodeProvider HHH000021: Bytecode provider name : bytebuddy
23-Aug-2026 15:36:15.333 INFO [http-nio-8080-exec-3] org.hibernate.engine.transaction.jta.platform.internal.JtaPlatformInitiator.initiateService HHH000490: Using JtaPlatform implementation: [org.hibernate.engine.transaction.jta.platform.internal.NoJtaPlatform]
23-Aug-2026 15:36:15.472 INFO [http-nio-8080-exec-3] org.hibernate.resource.transaction.backend.jdbc.internal.DdlTransactionIsolatorNonJtaImpl.getIsolatedConnection HHH10001501: Connection obtained from JdbcConnectionAccess [org.hibernate.engine.jdbc.env.internal.JdbcEnvironmentInitiator$ConnectionProviderJdbcConnectionAccess@78b0b041] for (non-JTA) DDL execution was not in auto-commit mode; the Connection 'local transaction' will be committed and the Connection will be set into auto-commit mode.
23-Aug-2026 15:36:18.177 INFO [http-nio-8080-exec-5] org.hibernate.jpa.internal.util.LogHelper.logPersistenceUnitInformation HHH000204: Processing PersistenceUnitInfo [name: glycemiePU]
23-Aug-2026 15:36:18.282 WARN [http-nio-8080-exec-5] org.hibernate.engine.jdbc.connections.internal.DriverManagerConnectionProviderImpl.configure HHH10001002: Using built-in connection pool (not intended for production use)
23-Aug-2026 15:36:18.282 INFO [http-nio-8080-exec-5] org.hibernate.engine.jdbc.connections.internal.DriverManagerConnectionProviderImpl.buildCreator HHH10001005: Loaded JDBC driver class: com.mysql.cj.jdbc.Driver
23-Aug-2026 15:36:18.282 INFO [http-nio-8080-exec-5] org.hibernate.engine.jdbc.connections.internal.DriverManagerConnectionProviderImpl.buildCreator HHH10001012: Connecting with JDBC URL [jdbc:mysql://localhost:3306/suivi_glycemie_db?useSSL=false&serverTimezone=UTC]
23-Aug-2026 15:36:18.282 INFO [http-nio-8080-exec-5] org.hibernate.engine.jdbc.connections.internal.DriverManagerConnectionProviderImpl.buildCreator HHH10001001: Connection properties: {password=****, user=root}
23-Aug-2026 15:36:18.282 INFO [http-nio-8080-exec-5] org.hibernate.engine.jdbc.connections.internal.DriverManagerConnectionProviderImpl.buildCreator HHH10001003: Autocommit mode: false
23-Aug-2026 15:36:18.282 INFO [http-nio-8080-exec-5] org.hibernate.engine.jdbc.connections.internal.DriverManagerConnectionProviderImpl$PooledConnections.<init> HHH10001115: Connection pool size: 20 (min=1)
23-Aug-2026 15:36:18.282 WARN [http-nio-8080-exec-5] org.hibernate.dialect.Dialect.checkVersion HHH000511: The 5.6.17 version for [org.hibernate.dialect.MySQLDialect] is no longer supported, hence certain features may not work properly. The minimum supported version is 5.7.0. Check the community dialects project for available legacy versions.
23-Aug-2026 15:36:18.346 INFO [http-nio-8080-exec-5] org.hibernate.bytecode.internal.BytecodeProviderInitiator.buildBytecodeProvider HHH000021: Bytecode provider name : bytebuddy
23-Aug-2026 15:36:18.501 INFO [http-nio-8080-exec-5] org.hibernate.engine.transaction.jta.platform.internal.JtaPlatformInitiator.initiateService HHH000490: Using JtaPlatform implementation: [org.hibernate.engine.transaction.jta.platform.internal.NoJtaPlatform]
23-Aug-2026 15:36:18.501 INFO [http-nio-8080-exec-5] org.hibernate.resource.transaction.backend.jdbc.internal.DdlTransactionIsolatorNonJtaImpl.getIsolatedConnection HHH10001501: Connection obtained from JdbcConnectionAccess [org.hibernate.engine.jdbc.env.internal.JdbcEnvironmentInitiator$ConnectionProviderJdbcConnectionAccess@50c45c89] for (non-JTA) DDL execution was not in auto-commit mode; the Connection 'local transaction' will be committed and the Connection will be set into auto-commit mode.
23-Aug-2026 15:36:23.312 INFO [http-nio-8080-exec-6] org.hibernate.jpa.internal.util.LogHelper.logPersistenceUnitInformation HHH000204: Processing PersistenceUnitInfo [name: glycemiePU]
23-Aug-2026 15:36:23.448 WARN [http-nio-8080-exec-6] org.hibernate.engine.jdbc.connections.internal.DriverManagerConnectionProviderImpl.configure HHH10001002: Using built-in connection pool (not intended for production use)
23-Aug-2026 15:36:23.448 INFO [http-nio-8080-exec-6] org.hibernate.engine.jdbc.connections.internal.DriverManagerConnectionProviderImpl.buildCreator HHH10001005: Loaded JDBC driver class: com.mysql.cj.jdbc.Driver
23-Aug-2026 15:36:23.449 INFO [http-nio-8080-exec-6] org.hibernate.engine.jdbc.connections.internal.DriverManagerConnectionProviderImpl.buildCreator HHH10001012: Connecting with JDBC URL [jdbc:mysql://localhost:3306/suivi_glycemie_db?useSSL=false&serverTimezone=UTC]
23-Aug-2026 15:36:23.449 INFO [http-nio-8080-exec-6] org.hibernate.engine.jdbc.connections.internal.DriverManagerConnectionProviderImpl.buildCreator HHH10001001: Connection properties: {password=****, user=root}
23-Aug-2026 15:36:23.449 INFO [http-nio-8080-exec-6] org.hibernate.engine.jdbc.connections.internal.DriverManagerConnectionProviderImpl.buildCreator HHH10001003: Autocommit mode: false
23-Aug-2026 15:36:23.449 INFO [http-nio-8080-exec-6] org.hibernate.engine.jdbc.connections.internal.DriverManagerConnectionProviderImpl$PooledConnections.<init> HHH10001115: Connection pool size: 20 (min=1)
23-Aug-2026 15:36:23.469 WARN [http-nio-8080-exec-6] org.hibernate.dialect.Dialect.checkVersion HHH000511: The 5.6.17 version for [org.hibernate.dialect.MySQLDialect] is no longer supported, hence certain features may not work properly. The minimum supported version is 5.7.0. Check the community dialects project for available legacy versions.
23-Aug-2026 15:36:23.531 INFO [http-nio-8080-exec-6] org.hibernate.bytecode.internal.BytecodeProviderInitiator.buildBytecodeProvider HHH000021: Bytecode provider name : bytebuddy
23-Aug-2026 15:36:23.712 INFO [http-nio-8080-exec-6] org.hibernate.engine.transaction.jta.platform.internal.JtaPlatformInitiator.initiateService HHH000490: Using JtaPlatform implementation: [org.hibernate.engine.transaction.jta.platform.internal.NoJtaPlatform]
23-Aug-2026 15:36:23.713 INFO [http-nio-8080-exec-6] org.hibernate.resource.transaction.backend.jdbc.internal.DdlTransactionIsolatorNonJtaImpl.getIsolatedConnection HHH10001501: Connection obtained from JdbcConnectionAccess [org.hibernate.engine.jdbc.env.internal.JdbcEnvironmentInitiator$ConnectionProviderJdbcConnectionAccess@7f3b1355] for (non-JTA) DDL execution was not in auto-commit mode; the Connection 'local transaction' will be committed and the Connection will be set into auto-commit mode.
23-Aug-2026 15:36:31.626 INFOS [Thread-1] org.apache.coyote.AbstractProtocol.pause Le gestionnaire de protocole ["http-nio-8080"] est mis en pause
23-Aug-2026 15:36:31.647 INFOS [Thread-1] org.apache.catalina.core.StandardService.stopInternal Arrêt du service [Catalina]
23-Aug-2026 15:36:31.659 AVERTISSEMENT [Thread-1] org.apache.catalina.loader.WebappClassLoaderBase.clearReferencesJdbc L'application web [ROOT] a enregistré un pilote JDBC [com.mysql.cj.jdbc.Driver], mais ne l'a pas désenregistré avant l'arrêt de l'application.  Pour éviter une fuite de mémoire, le pilote JDBC a été désenregistré de force.
23-Aug-2026 15:36:31.661 AVERTISSEMENT [Thread-1] org.apache.catalina.loader.WebappClassLoaderBase.clearReferencesThreads L'application web [ROOT] semble avoir démarré un thread nommé [mysql-cj-abandoned-connection-cleanup] mais ne l'a pas arrêté, ce qui va probablement créer une fuite de mémoire ; la trace du thread est : 
 java.base/jdk.internal.misc.Unsafe.park(Native Method)
 java.base/java.util.concurrent.locks.LockSupport.parkNanos(LockSupport.java:269)
 java.base/java.util.concurrent.locks.AbstractQueuedSynchronizer$ConditionObject.await(AbstractQueuedSynchronizer.java:1886)
 java.base/java.lang.ref.ReferenceQueue.await(ReferenceQueue.java:71)
 java.base/java.lang.ref.ReferenceQueue.remove0(ReferenceQueue.java:143)
 java.base/java.lang.ref.ReferenceQueue.remove(ReferenceQueue.java:218)
 com.mysql.cj.jdbc.AbandonedConnectionCleanupThread.run(AbandonedConnectionCleanupThread.java:93)
 java.base/java.util.concurrent.ThreadPoolExecutor.runWorker(ThreadPoolExecutor.java:1144)
 java.base/java.util.concurrent.ThreadPoolExecutor$Worker.run(ThreadPoolExecutor.java:642)
 java.base/java.lang.Thread.run(Thread.java:1583)
23-Aug-2026 15:36:31.661 AVERTISSEMENT [Thread-1] org.apache.catalina.loader.WebappClassLoaderBase.clearReferencesThreads L'application web [ROOT] semble avoir démarré un thread nommé [Hibernate Connection Pool Validation Thread] mais ne l'a pas arrêté, ce qui va probablement créer une fuite de mémoire ; la trace du thread est : 
 java.base/jdk.internal.misc.Unsafe.park(Native Method)
 java.base/java.util.concurrent.locks.LockSupport.parkNanos(LockSupport.java:269)
 java.base/java.util.concurrent.locks.AbstractQueuedSynchronizer$ConditionObject.awaitNanos(AbstractQueuedSynchronizer.java:1797)
 java.base/java.util.concurrent.ScheduledThreadPoolExecutor$DelayedWorkQueue.take(ScheduledThreadPoolExecutor.java:1182)
 java.base/java.util.concurrent.ScheduledThreadPoolExecutor$DelayedWorkQueue.take(ScheduledThreadPoolExecutor.java:899)
 java.base/java.util.concurrent.ThreadPoolExecutor.getTask(ThreadPoolExecutor.java:1070)
 java.base/java.util.concurrent.ThreadPoolExecutor.runWorker(ThreadPoolExecutor.java:1130)
 java.base/java.util.concurrent.ThreadPoolExecutor$Worker.run(ThreadPoolExecutor.java:642)
 java.base/java.lang.Thread.run(Thread.java:1583)
23-Aug-2026 15:36:31.661 AVERTISSEMENT [Thread-1] org.apache.catalina.loader.WebappClassLoaderBase.clearReferencesThreads L'application web [ROOT] semble avoir démarré un thread nommé [Hibernate Connection Pool Validation Thread] mais ne l'a pas arrêté, ce qui va probablement créer une fuite de mémoire ; la trace du thread est : 
 java.base/jdk.internal.misc.Unsafe.park(Native Method)
 java.base/java.util.concurrent.locks.LockSupport.parkNanos(LockSupport.java:269)
 java.base/java.util.concurrent.locks.AbstractQueuedSynchronizer$ConditionObject.awaitNanos(AbstractQueuedSynchronizer.java:1797)
 java.base/java.util.concurrent.ScheduledThreadPoolExecutor$DelayedWorkQueue.take(ScheduledThreadPoolExecutor.java:1182)
 java.base/java.util.concurrent.ScheduledThreadPoolExecutor$DelayedWorkQueue.take(ScheduledThreadPoolExecutor.java:899)
 java.base/java.util.concurrent.ThreadPoolExecutor.getTask(ThreadPoolExecutor.java:1070)
 java.base/java.util.concurrent.ThreadPoolExecutor.runWorker(ThreadPoolExecutor.java:1130)
 java.base/java.util.concurrent.ThreadPoolExecutor$Worker.run(ThreadPoolExecutor.java:642)
 java.base/java.lang.Thread.run(Thread.java:1583)
23-Aug-2026 15:36:31.662 AVERTISSEMENT [Thread-1] org.apache.catalina.loader.WebappClassLoaderBase.clearReferencesThreads L'application web [ROOT] semble avoir démarré un thread nommé [Hibernate Connection Pool Validation Thread] mais ne l'a pas arrêté, ce qui va probablement créer une fuite de mémoire ; la trace du thread est : 
 java.base/jdk.internal.misc.Unsafe.park(Native Method)
 java.base/java.util.concurrent.locks.LockSupport.parkNanos(LockSupport.java:269)
 java.base/java.util.concurrent.locks.AbstractQueuedSynchronizer$ConditionObject.awaitNanos(AbstractQueuedSynchronizer.java:1797)
 java.base/java.util.concurrent.ScheduledThreadPoolExecutor$DelayedWorkQueue.take(ScheduledThreadPoolExecutor.java:1182)
 java.base/java.util.concurrent.ScheduledThreadPoolExecutor$DelayedWorkQueue.take(ScheduledThreadPoolExecutor.java:899)
 java.base/java.util.concurrent.ThreadPoolExecutor.getTask(ThreadPoolExecutor.java:1070)
 java.base/java.util.concurrent.ThreadPoolExecutor.runWorker(ThreadPoolExecutor.java:1130)
 java.base/java.util.concurrent.ThreadPoolExecutor$Worker.run(ThreadPoolExecutor.java:642)
 java.base/java.lang.Thread.run(Thread.java:1583)
23-Aug-2026 15:36:31.683 INFOS [Thread-1] org.apache.coyote.AbstractProtocol.stop Arrêt du gestionnaire de protocole ["http-nio-8080"]
23-Aug-2026 15:36:31.701 INFOS [Thread-1] org.apache.coyote.AbstractProtocol.destroy Destruction du gestionnaire de protocole ["http-nio-8080"]
23-Aug-2026 15:36:34.524 INFOS [main] org.apache.catalina.startup.VersionLoggerListener.log Nom version serveur :              Apache Tomcat/10.1.42
23-Aug-2026 15:36:34.532 INFOS [main] org.apache.catalina.startup.VersionLoggerListener.log Serveur compilé :                  Jun 5 2025 22:35:46 UTC
23-Aug-2026 15:36:34.532 INFOS [main] org.apache.catalina.startup.VersionLoggerListener.log Version du serveur :               10.1.42.0
23-Aug-2026 15:36:34.533 INFOS [main] org.apache.catalina.startup.VersionLoggerListener.log Nom de l'OS :                      Windows 11
23-Aug-2026 15:36:34.533 INFOS [main] org.apache.catalina.startup.VersionLoggerListener.log Version OS :                       10.0
23-Aug-2026 15:36:34.533 INFOS [main] org.apache.catalina.startup.VersionLoggerListener.log Architecture :                     amd64
23-Aug-2026 15:36:34.533 INFOS [main] org.apache.catalina.startup.VersionLoggerListener.log Java Home :                        C:\Users\HP\.jdks\jbrsdk_jcef-21.0.9
23-Aug-2026 15:36:34.533 INFOS [main] org.apache.catalina.startup.VersionLoggerListener.log Version JVM :                      21.0.9+1-b1038.75
23-Aug-2026 15:36:34.533 INFOS [main] org.apache.catalina.startup.VersionLoggerListener.log Fournisseur de la JVM :            JetBrains s.r.o.
23-Aug-2026 15:36:34.533 INFOS [main] org.apache.catalina.startup.VersionLoggerListener.log CATALINA_BASE :                    C:\Users\HP\Desktop\samasuker\.smarttomcat
23-Aug-2026 15:36:34.534 INFOS [main] org.apache.catalina.startup.VersionLoggerListener.log CATALINA_HOME :                    C:\Users\HP\Desktop\apache-tomcat-10.1.42
23-Aug-2026 15:36:34.555 INFOS [main] org.apache.catalina.startup.VersionLoggerListener.log Argument de la ligne de commande : --add-opens=java.base/java.lang=ALL-UNNAMED
23-Aug-2026 15:36:34.555 INFOS [main] org.apache.catalina.startup.VersionLoggerListener.log Argument de la ligne de commande : --add-opens=java.base/java.io=ALL-UNNAMED
23-Aug-2026 15:36:34.555 INFOS [main] org.apache.catalina.startup.VersionLoggerListener.log Argument de la ligne de commande : --add-opens=java.base/java.util=ALL-UNNAMED
23-Aug-2026 15:36:34.555 INFOS [main] org.apache.catalina.startup.VersionLoggerListener.log Argument de la ligne de commande : --add-opens=java.base/java.util.concurrent=ALL-UNNAMED
23-Aug-2026 15:36:34.555 INFOS [main] org.apache.catalina.startup.VersionLoggerListener.log Argument de la ligne de commande : --add-opens=java.rmi/sun.rmi.transport=ALL-UNNAMED
23-Aug-2026 15:36:34.555 INFOS [main] org.apache.catalina.startup.VersionLoggerListener.log Argument de la ligne de commande : -Dcatalina.home=C:\Users\HP\Desktop\apache-tomcat-10.1.42
23-Aug-2026 15:36:34.555 INFOS [main] org.apache.catalina.startup.VersionLoggerListener.log Argument de la ligne de commande : -Dcatalina.base=C:\Users\HP\Desktop\samasuker\.smarttomcat
23-Aug-2026 15:36:34.555 INFOS [main] org.apache.catalina.startup.VersionLoggerListener.log Argument de la ligne de commande : -Djava.io.tmpdir=C:\Users\HP\Desktop\samasuker\.smarttomcat\temp
23-Aug-2026 15:36:34.555 INFOS [main] org.apache.catalina.startup.VersionLoggerListener.log Argument de la ligne de commande : -Djava.util.logging.config.file=C:\Users\HP\Desktop\samasuker\.smarttomcat\conf\logging.properties
23-Aug-2026 15:36:34.556 INFOS [main] org.apache.catalina.startup.VersionLoggerListener.log Argument de la ligne de commande : -Djava.util.logging.manager=org.apache.juli.ClassLoaderLogManager
23-Aug-2026 15:36:34.556 INFOS [main] org.apache.catalina.startup.VersionLoggerListener.log Argument de la ligne de commande : -javaagent:C:\Program Files\JetBrains\IntelliJ IDEA 2025.2.2\lib\idea_rt.jar=64637
23-Aug-2026 15:36:34.556 INFOS [main] org.apache.catalina.startup.VersionLoggerListener.log Argument de la ligne de commande : -Dfile.encoding=UTF-8
23-Aug-2026 15:36:34.556 INFOS [main] org.apache.catalina.startup.VersionLoggerListener.log Argument de la ligne de commande : -Dsun.stdout.encoding=UTF-8
23-Aug-2026 15:36:34.556 INFOS [main] org.apache.catalina.startup.VersionLoggerListener.log Argument de la ligne de commande : -Dsun.stderr.encoding=UTF-8
23-Aug-2026 15:36:34.563 INFOS [main] org.apache.catalina.core.AprLifecycleListener.lifecycleEvent Chargement de la librairie Apache Tomcat Native [2.0.9] en utilisant APR version [1.7.6]
23-Aug-2026 15:36:34.575 INFOS [main] org.apache.catalina.core.AprLifecycleListener.initializeSSL OpenSSL a été initialisé avec succès [OpenSSL 3.5.0 8 Apr 2025]
23-Aug-2026 15:36:35.230 INFOS [main] org.apache.coyote.AbstractProtocol.init Initialisation du gestionnaire de protocole ["http-nio-8080"]
23-Aug-2026 15:36:35.276 INFOS [main] org.apache.catalina.startup.Catalina.load L'initialisation du serveur a pris [1246] millisecondes
23-Aug-2026 15:36:35.394 INFOS [main] org.apache.catalina.core.StandardService.startInternal Démarrage du service [Catalina]
23-Aug-2026 15:36:35.395 INFOS [main] org.apache.catalina.core.StandardEngine.startInternal Démarrage du moteur de Servlets : [Apache Tomcat/10.1.42]
23-Aug-2026 15:36:35.421 INFOS [main] org.apache.catalina.startup.HostConfig.deployDescriptor Déploiement du descripteur de configuration [C:\Users\HP\Desktop\samasuker\.smarttomcat\conf\Catalina\localhost\MDD.xml]
23-Aug-2026 15:36:40.432 INFOS [main] org.apache.jasper.servlet.TldScanner.scanJars Au moins un fichier JAR a été analysé pour trouver des TLDs mais il n'en contenait pas, le mode "debug" du journal peut être activé pour obtenir une liste complète de JAR scannés sans succès ; éviter d'analyser des JARs inutilement peut améliorer sensiblement le temps de démarrage et le temps de compilation des JSPs
23-Aug-2026 15:36:40.674 INFOS [main] org.apache.catalina.startup.HostConfig.deployDescriptor Le traitement du descripteur de déploiement [C:\Users\HP\Desktop\samasuker\.smarttomcat\conf\Catalina\localhost\MDD.xml] a pris [5 247] ms
23-Aug-2026 15:36:40.675 INFOS [main] org.apache.catalina.startup.HostConfig.deployDescriptor Déploiement du descripteur de configuration [C:\Users\HP\Desktop\samasuker\.smarttomcat\conf\Catalina\localhost\ROOT.xml]
23-Aug-2026 15:36:44.768 INFOS [main] org.apache.jasper.servlet.TldScanner.scanJars Au moins un fichier JAR a été analysé pour trouver des TLDs mais il n'en contenait pas, le mode "debug" du journal peut être activé pour obtenir une liste complète de JAR scannés sans succès ; éviter d'analyser des JARs inutilement peut améliorer sensiblement le temps de démarrage et le temps de compilation des JSPs
23-Aug-2026 15:36:44.834 INFOS [main] org.apache.catalina.startup.HostConfig.deployDescriptor Le traitement du descripteur de déploiement [C:\Users\HP\Desktop\samasuker\.smarttomcat\conf\Catalina\localhost\ROOT.xml] a pris [4 159] ms
23-Aug-2026 15:36:44.847 INFOS [main] org.apache.coyote.AbstractProtocol.start Démarrage du gestionnaire de protocole ["http-nio-8080"]
23-Aug-2026 15:36:44.898 INFOS [main] org.apache.catalina.startup.Catalina.start Le démarrage du serveur a pris [9620] millisecondes
23-Aug-2026 15:36:55.292 INFO [http-nio-8080-exec-3] org.hibernate.jpa.internal.util.LogHelper.logPersistenceUnitInformation HHH000204: Processing PersistenceUnitInfo [name: glycemiePU]
23-Aug-2026 15:36:55.855 INFO [http-nio-8080-exec-3] org.hibernate.Version.logVersion HHH000412: Hibernate ORM core version 6.2.7.Final
23-Aug-2026 15:36:55.872 INFO [http-nio-8080-exec-3] org.hibernate.cfg.Environment.<clinit> HHH000406: Using bytecode reflection optimizer
23-Aug-2026 15:36:57.550 WARN [http-nio-8080-exec-3] org.hibernate.engine.jdbc.connections.internal.DriverManagerConnectionProviderImpl.configure HHH10001002: Using built-in connection pool (not intended for production use)
23-Aug-2026 15:36:57.584 INFO [http-nio-8080-exec-3] org.hibernate.engine.jdbc.connections.internal.DriverManagerConnectionProviderImpl.buildCreator HHH10001005: Loaded JDBC driver class: com.mysql.cj.jdbc.Driver
23-Aug-2026 15:36:57.584 INFO [http-nio-8080-exec-3] org.hibernate.engine.jdbc.connections.internal.DriverManagerConnectionProviderImpl.buildCreator HHH10001012: Connecting with JDBC URL [jdbc:mysql://localhost:3306/suivi_glycemie_db?useSSL=false&serverTimezone=UTC]
23-Aug-2026 15:36:57.584 INFO [http-nio-8080-exec-3] org.hibernate.engine.jdbc.connections.internal.DriverManagerConnectionProviderImpl.buildCreator HHH10001001: Connection properties: {password=****, user=root}
23-Aug-2026 15:36:57.585 INFO [http-nio-8080-exec-3] org.hibernate.engine.jdbc.connections.internal.DriverManagerConnectionProviderImpl.buildCreator HHH10001003: Autocommit mode: false
23-Aug-2026 15:36:57.609 INFO [http-nio-8080-exec-3] org.hibernate.engine.jdbc.connections.internal.DriverManagerConnectionProviderImpl$PooledConnections.<init> HHH10001115: Connection pool size: 20 (min=1)
23-Aug-2026 15:36:58.603 WARN [http-nio-8080-exec-3] org.hibernate.dialect.Dialect.checkVersion HHH000511: The 5.6.17 version for [org.hibernate.dialect.MySQLDialect] is no longer supported, hence certain features may not work properly. The minimum supported version is 5.7.0. Check the community dialects project for available legacy versions.
23-Aug-2026 15:37:00.073 INFO [http-nio-8080-exec-3] org.hibernate.bytecode.internal.BytecodeProviderInitiator.buildBytecodeProvider HHH000021: Bytecode provider name : bytebuddy
23-Aug-2026 15:37:05.385 INFO [http-nio-8080-exec-3] org.hibernate.engine.transaction.jta.platform.internal.JtaPlatformInitiator.initiateService HHH000490: Using JtaPlatform implementation: [org.hibernate.engine.transaction.jta.platform.internal.NoJtaPlatform]
23-Aug-2026 15:37:05.521 INFO [http-nio-8080-exec-3] org.hibernate.resource.transaction.backend.jdbc.internal.DdlTransactionIsolatorNonJtaImpl.getIsolatedConnection HHH10001501: Connection obtained from JdbcConnectionAccess [org.hibernate.engine.jdbc.env.internal.JdbcEnvironmentInitiator$ConnectionProviderJdbcConnectionAccess@5a2e8d5] for (non-JTA) DDL execution was not in auto-commit mode; the Connection 'local transaction' will be committed and the Connection will be set into auto-commit mode.
23-Aug-2026 15:37:07.840 INFO [http-nio-8080-exec-4] org.hibernate.jpa.internal.util.LogHelper.logPersistenceUnitInformation HHH000204: Processing PersistenceUnitInfo [name: glycemiePU]
23-Aug-2026 15:37:07.962 WARN [http-nio-8080-exec-4] org.hibernate.engine.jdbc.connections.internal.DriverManagerConnectionProviderImpl.configure HHH10001002: Using built-in connection pool (not intended for production use)
23-Aug-2026 15:37:07.964 INFO [http-nio-8080-exec-4] org.hibernate.engine.jdbc.connections.internal.DriverManagerConnectionProviderImpl.buildCreator HHH10001005: Loaded JDBC driver class: com.mysql.cj.jdbc.Driver
23-Aug-2026 15:37:07.964 INFO [http-nio-8080-exec-4] org.hibernate.engine.jdbc.connections.internal.DriverManagerConnectionProviderImpl.buildCreator HHH10001012: Connecting with JDBC URL [jdbc:mysql://localhost:3306/suivi_glycemie_db?useSSL=false&serverTimezone=UTC]
23-Aug-2026 15:37:07.964 INFO [http-nio-8080-exec-4] org.hibernate.engine.jdbc.connections.internal.DriverManagerConnectionProviderImpl.buildCreator HHH10001001: Connection properties: {password=****, user=root}
23-Aug-2026 15:37:07.964 INFO [http-nio-8080-exec-4] org.hibernate.engine.jdbc.connections.internal.DriverManagerConnectionProviderImpl.buildCreator HHH10001003: Autocommit mode: false
23-Aug-2026 15:37:07.964 INFO [http-nio-8080-exec-4] org.hibernate.engine.jdbc.connections.internal.DriverManagerConnectionProviderImpl$PooledConnections.<init> HHH10001115: Connection pool size: 20 (min=1)
23-Aug-2026 15:37:07.971 WARN [http-nio-8080-exec-4] org.hibernate.dialect.Dialect.checkVersion HHH000511: The 5.6.17 version for [org.hibernate.dialect.MySQLDialect] is no longer supported, hence certain features may not work properly. The minimum supported version is 5.7.0. Check the community dialects project for available legacy versions.
23-Aug-2026 15:37:08.027 INFO [http-nio-8080-exec-4] org.hibernate.bytecode.internal.BytecodeProviderInitiator.buildBytecodeProvider HHH000021: Bytecode provider name : bytebuddy
23-Aug-2026 15:37:08.189 INFO [http-nio-8080-exec-4] org.hibernate.engine.transaction.jta.platform.internal.JtaPlatformInitiator.initiateService HHH000490: Using JtaPlatform implementation: [org.hibernate.engine.transaction.jta.platform.internal.NoJtaPlatform]
23-Aug-2026 15:37:08.189 INFO [http-nio-8080-exec-4] org.hibernate.resource.transaction.backend.jdbc.internal.DdlTransactionIsolatorNonJtaImpl.getIsolatedConnection HHH10001501: Connection obtained from JdbcConnectionAccess [org.hibernate.engine.jdbc.env.internal.JdbcEnvironmentInitiator$ConnectionProviderJdbcConnectionAccess@1817743e] for (non-JTA) DDL execution was not in auto-commit mode; the Connection 'local transaction' will be committed and the Connection will be set into auto-commit mode.
23-Aug-2026 15:37:12.387 INFO [http-nio-8080-exec-6] org.hibernate.jpa.internal.util.LogHelper.logPersistenceUnitInformation HHH000204: Processing PersistenceUnitInfo [name: glycemiePU]
23-Aug-2026 15:37:12.448 WARN [http-nio-8080-exec-6] org.hibernate.engine.jdbc.connections.internal.DriverManagerConnectionProviderImpl.configure HHH10001002: Using built-in connection pool (not intended for production use)
23-Aug-2026 15:37:12.448 INFO [http-nio-8080-exec-6] org.hibernate.engine.jdbc.connections.internal.DriverManagerConnectionProviderImpl.buildCreator HHH10001005: Loaded JDBC driver class: com.mysql.cj.jdbc.Driver
23-Aug-2026 15:37:12.448 INFO [http-nio-8080-exec-6] org.hibernate.engine.jdbc.connections.internal.DriverManagerConnectionProviderImpl.buildCreator HHH10001012: Connecting with JDBC URL [jdbc:mysql://localhost:3306/suivi_glycemie_db?useSSL=false&serverTimezone=UTC]
23-Aug-2026 15:37:12.448 INFO [http-nio-8080-exec-6] org.hibernate.engine.jdbc.connections.internal.DriverManagerConnectionProviderImpl.buildCreator HHH10001001: Connection properties: {password=****, user=root}
23-Aug-2026 15:37:12.448 INFO [http-nio-8080-exec-6] org.hibernate.engine.jdbc.connections.internal.DriverManagerConnectionProviderImpl.buildCreator HHH10001003: Autocommit mode: false
23-Aug-2026 15:37:12.448 INFO [http-nio-8080-exec-6] org.hibernate.engine.jdbc.connections.internal.DriverManagerConnectionProviderImpl$PooledConnections.<init> HHH10001115: Connection pool size: 20 (min=1)
23-Aug-2026 15:37:12.465 WARN [http-nio-8080-exec-6] org.hibernate.dialect.Dialect.checkVersion HHH000511: The 5.6.17 version for [org.hibernate.dialect.MySQLDialect] is no longer supported, hence certain features may not work properly. The minimum supported version is 5.7.0. Check the community dialects project for available legacy versions.
23-Aug-2026 15:37:12.498 INFO [http-nio-8080-exec-6] org.hibernate.bytecode.internal.BytecodeProviderInitiator.buildBytecodeProvider HHH000021: Bytecode provider name : bytebuddy
23-Aug-2026 15:37:12.581 INFO [http-nio-8080-exec-6] org.hibernate.engine.transaction.jta.platform.internal.JtaPlatformInitiator.initiateService HHH000490: Using JtaPlatform implementation: [org.hibernate.engine.transaction.jta.platform.internal.NoJtaPlatform]
23-Aug-2026 15:37:12.581 INFO [http-nio-8080-exec-6] org.hibernate.resource.transaction.backend.jdbc.internal.DdlTransactionIsolatorNonJtaImpl.getIsolatedConnection HHH10001501: Connection obtained from JdbcConnectionAccess [org.hibernate.engine.jdbc.env.internal.JdbcEnvironmentInitiator$ConnectionProviderJdbcConnectionAccess@6e1a569b] for (non-JTA) DDL execution was not in auto-commit mode; the Connection 'local transaction' will be committed and the Connection will be set into auto-commit mode.
23-Aug-2026 15:39:31.096 INFOS [Thread-1] org.apache.coyote.AbstractProtocol.pause Le gestionnaire de protocole ["http-nio-8080"] est mis en pause
23-Aug-2026 15:39:31.117 INFOS [Thread-1] org.apache.catalina.core.StandardService.stopInternal Arrêt du service [Catalina]
23-Aug-2026 15:39:31.129 AVERTISSEMENT [Thread-1] org.apache.catalina.loader.WebappClassLoaderBase.clearReferencesJdbc L'application web [ROOT] a enregistré un pilote JDBC [com.mysql.cj.jdbc.Driver], mais ne l'a pas désenregistré avant l'arrêt de l'application.  Pour éviter une fuite de mémoire, le pilote JDBC a été désenregistré de force.
23-Aug-2026 15:39:31.131 AVERTISSEMENT [Thread-1] org.apache.catalina.loader.WebappClassLoaderBase.clearReferencesThreads L'application web [ROOT] semble avoir démarré un thread nommé [mysql-cj-abandoned-connection-cleanup] mais ne l'a pas arrêté, ce qui va probablement créer une fuite de mémoire ; la trace du thread est : 
 java.base/jdk.internal.misc.Unsafe.park(Native Method)
 java.base/java.util.concurrent.locks.LockSupport.parkNanos(LockSupport.java:269)
 java.base/java.util.concurrent.locks.AbstractQueuedSynchronizer$ConditionObject.await(AbstractQueuedSynchronizer.java:1886)
 java.base/java.lang.ref.ReferenceQueue.await(ReferenceQueue.java:71)
 java.base/java.lang.ref.ReferenceQueue.remove0(ReferenceQueue.java:143)
 java.base/java.lang.ref.ReferenceQueue.remove(ReferenceQueue.java:218)
 com.mysql.cj.jdbc.AbandonedConnectionCleanupThread.run(AbandonedConnectionCleanupThread.java:93)
 java.base/java.util.concurrent.ThreadPoolExecutor.runWorker(ThreadPoolExecutor.java:1144)
 java.base/java.util.concurrent.ThreadPoolExecutor$Worker.run(ThreadPoolExecutor.java:642)
 java.base/java.lang.Thread.run(Thread.java:1583)
23-Aug-2026 15:39:31.131 AVERTISSEMENT [Thread-1] org.apache.catalina.loader.WebappClassLoaderBase.clearReferencesThreads L'application web [ROOT] semble avoir démarré un thread nommé [Hibernate Connection Pool Validation Thread] mais ne l'a pas arrêté, ce qui va probablement créer une fuite de mémoire ; la trace du thread est : 
 java.base/jdk.internal.misc.Unsafe.park(Native Method)
 java.base/java.util.concurrent.locks.LockSupport.parkNanos(LockSupport.java:269)
 java.base/java.util.concurrent.locks.AbstractQueuedSynchronizer$ConditionObject.awaitNanos(AbstractQueuedSynchronizer.java:1797)
 java.base/java.util.concurrent.ScheduledThreadPoolExecutor$DelayedWorkQueue.take(ScheduledThreadPoolExecutor.java:1182)
 java.base/java.util.concurrent.ScheduledThreadPoolExecutor$DelayedWorkQueue.take(ScheduledThreadPoolExecutor.java:899)
 java.base/java.util.concurrent.ThreadPoolExecutor.getTask(ThreadPoolExecutor.java:1070)
 java.base/java.util.concurrent.ThreadPoolExecutor.runWorker(ThreadPoolExecutor.java:1130)
 java.base/java.util.concurrent.ThreadPoolExecutor$Worker.run(ThreadPoolExecutor.java:642)
 java.base/java.lang.Thread.run(Thread.java:1583)
23-Aug-2026 15:39:31.132 AVERTISSEMENT [Thread-1] org.apache.catalina.loader.WebappClassLoaderBase.clearReferencesThreads L'application web [ROOT] semble avoir démarré un thread nommé [Hibernate Connection Pool Validation Thread] mais ne l'a pas arrêté, ce qui va probablement créer une fuite de mémoire ; la trace du thread est : 
 java.base/jdk.internal.misc.Unsafe.park(Native Method)
 java.base/java.util.concurrent.locks.LockSupport.parkNanos(LockSupport.java:269)
 java.base/java.util.concurrent.locks.AbstractQueuedSynchronizer$ConditionObject.awaitNanos(AbstractQueuedSynchronizer.java:1797)
 java.base/java.util.concurrent.ScheduledThreadPoolExecutor$DelayedWorkQueue.take(ScheduledThreadPoolExecutor.java:1182)
 java.base/java.util.concurrent.ScheduledThreadPoolExecutor$DelayedWorkQueue.take(ScheduledThreadPoolExecutor.java:899)
 java.base/java.util.concurrent.ThreadPoolExecutor.getTask(ThreadPoolExecutor.java:1070)
 java.base/java.util.concurrent.ThreadPoolExecutor.runWorker(ThreadPoolExecutor.java:1130)
 java.base/java.util.concurrent.ThreadPoolExecutor$Worker.run(ThreadPoolExecutor.java:642)
 java.base/java.lang.Thread.run(Thread.java:1583)
23-Aug-2026 15:39:31.132 AVERTISSEMENT [Thread-1] org.apache.catalina.loader.WebappClassLoaderBase.clearReferencesThreads L'application web [ROOT] semble avoir démarré un thread nommé [Hibernate Connection Pool Validation Thread] mais ne l'a pas arrêté, ce qui va probablement créer une fuite de mémoire ; la trace du thread est : 
 java.base/jdk.internal.misc.Unsafe.park(Native Method)
 java.base/java.util.concurrent.locks.LockSupport.parkNanos(LockSupport.java:269)
 java.base/java.util.concurrent.locks.AbstractQueuedSynchronizer$ConditionObject.awaitNanos(AbstractQueuedSynchronizer.java:1797)
 java.base/java.util.concurrent.ScheduledThreadPoolExecutor$DelayedWorkQueue.take(ScheduledThreadPoolExecutor.java:1182)
 java.base/java.util.concurrent.ScheduledThreadPoolExecutor$DelayedWorkQueue.take(ScheduledThreadPoolExecutor.java:899)
 java.base/java.util.concurrent.ThreadPoolExecutor.getTask(ThreadPoolExecutor.java:1070)
 java.base/java.util.concurrent.ThreadPoolExecutor.runWorker(ThreadPoolExecutor.java:1130)
 java.base/java.util.concurrent.ThreadPoolExecutor$Worker.run(ThreadPoolExecutor.java:642)
 java.base/java.lang.Thread.run(Thread.java:1583)
23-Aug-2026 15:39:31.145 INFOS [Thread-1] org.apache.coyote.AbstractProtocol.stop Arrêt du gestionnaire de protocole ["http-nio-8080"]
23-Aug-2026 15:39:31.162 INFOS [Thread-1] org.apache.coyote.AbstractProtocol.destroy Destruction du gestionnaire de protocole ["http-nio-8080"]
23-Aug-2026 15:39:36.583 INFOS [main] org.apache.catalina.startup.VersionLoggerListener.log Nom version serveur :              Apache Tomcat/10.1.42
23-Aug-2026 15:39:36.593 INFOS [main] org.apache.catalina.startup.VersionLoggerListener.log Serveur compilé :                  Jun 5 2025 22:35:46 UTC
23-Aug-2026 15:39:36.593 INFOS [main] org.apache.catalina.startup.VersionLoggerListener.log Version du serveur :               10.1.42.0
23-Aug-2026 15:39:36.594 INFOS [main] org.apache.catalina.startup.VersionLoggerListener.log Nom de l'OS :                      Windows 11
23-Aug-2026 15:39:36.594 INFOS [main] org.apache.catalina.startup.VersionLoggerListener.log Version OS :                       10.0
23-Aug-2026 15:39:36.594 INFOS [main] org.apache.catalina.startup.VersionLoggerListener.log Architecture :                     amd64
23-Aug-2026 15:39:36.594 INFOS [main] org.apache.catalina.startup.VersionLoggerListener.log Java Home :                        C:\Users\HP\.jdks\jbrsdk_jcef-21.0.9
23-Aug-2026 15:39:36.595 INFOS [main] org.apache.catalina.startup.VersionLoggerListener.log Version JVM :                      21.0.9+1-b1038.75
23-Aug-2026 15:39:36.595 INFOS [main] org.apache.catalina.startup.VersionLoggerListener.log Fournisseur de la JVM :            JetBrains s.r.o.
23-Aug-2026 15:39:36.595 INFOS [main] org.apache.catalina.startup.VersionLoggerListener.log CATALINA_BASE :                    C:\Users\HP\Desktop\samasuker\.smarttomcat
23-Aug-2026 15:39:36.595 INFOS [main] org.apache.catalina.startup.VersionLoggerListener.log CATALINA_HOME :                    C:\Users\HP\Desktop\apache-tomcat-10.1.42
23-Aug-2026 15:39:36.617 INFOS [main] org.apache.catalina.startup.VersionLoggerListener.log Argument de la ligne de commande : --add-opens=java.base/java.lang=ALL-UNNAMED
23-Aug-2026 15:39:36.617 INFOS [main] org.apache.catalina.startup.VersionLoggerListener.log Argument de la ligne de commande : --add-opens=java.base/java.io=ALL-UNNAMED
23-Aug-2026 15:39:36.617 INFOS [main] org.apache.catalina.startup.VersionLoggerListener.log Argument de la ligne de commande : --add-opens=java.base/java.util=ALL-UNNAMED
23-Aug-2026 15:39:36.618 INFOS [main] org.apache.catalina.startup.VersionLoggerListener.log Argument de la ligne de commande : --add-opens=java.base/java.util.concurrent=ALL-UNNAMED
23-Aug-2026 15:39:36.618 INFOS [main] org.apache.catalina.startup.VersionLoggerListener.log Argument de la ligne de commande : --add-opens=java.rmi/sun.rmi.transport=ALL-UNNAMED
23-Aug-2026 15:39:36.618 INFOS [main] org.apache.catalina.startup.VersionLoggerListener.log Argument de la ligne de commande : -Dcatalina.home=C:\Users\HP\Desktop\apache-tomcat-10.1.42
23-Aug-2026 15:39:36.618 INFOS [main] org.apache.catalina.startup.VersionLoggerListener.log Argument de la ligne de commande : -Dcatalina.base=C:\Users\HP\Desktop\samasuker\.smarttomcat
23-Aug-2026 15:39:36.618 INFOS [main] org.apache.catalina.startup.VersionLoggerListener.log Argument de la ligne de commande : -Djava.io.tmpdir=C:\Users\HP\Desktop\samasuker\.smarttomcat\temp
23-Aug-2026 15:39:36.619 INFOS [main] org.apache.catalina.startup.VersionLoggerListener.log Argument de la ligne de commande : -Djava.util.logging.config.file=C:\Users\HP\Desktop\samasuker\.smarttomcat\conf\logging.properties
23-Aug-2026 15:39:36.619 INFOS [main] org.apache.catalina.startup.VersionLoggerListener.log Argument de la ligne de commande : -Djava.util.logging.manager=org.apache.juli.ClassLoaderLogManager
23-Aug-2026 15:39:36.619 INFOS [main] org.apache.catalina.startup.VersionLoggerListener.log Argument de la ligne de commande : -javaagent:C:\Program Files\JetBrains\IntelliJ IDEA 2025.2.2\lib\idea_rt.jar=56176
23-Aug-2026 15:39:36.619 INFOS [main] org.apache.catalina.startup.VersionLoggerListener.log Argument de la ligne de commande : -Dfile.encoding=UTF-8
23-Aug-2026 15:39:36.620 INFOS [main] org.apache.catalina.startup.VersionLoggerListener.log Argument de la ligne de commande : -Dsun.stdout.encoding=UTF-8
23-Aug-2026 15:39:36.622 INFOS [main] org.apache.catalina.startup.VersionLoggerListener.log Argument de la ligne de commande : -Dsun.stderr.encoding=UTF-8
23-Aug-2026 15:39:36.628 INFOS [main] org.apache.catalina.core.AprLifecycleListener.lifecycleEvent Chargement de la librairie Apache Tomcat Native [2.0.9] en utilisant APR version [1.7.6]
23-Aug-2026 15:39:36.640 INFOS [main] org.apache.catalina.core.AprLifecycleListener.initializeSSL OpenSSL a été initialisé avec succès [OpenSSL 3.5.0 8 Apr 2025]
23-Aug-2026 15:39:37.245 INFOS [main] org.apache.coyote.AbstractProtocol.init Initialisation du gestionnaire de protocole ["http-nio-8080"]
23-Aug-2026 15:39:37.277 INFOS [main] org.apache.catalina.startup.Catalina.load L'initialisation du serveur a pris [1184] millisecondes
23-Aug-2026 15:39:37.366 INFOS [main] org.apache.catalina.core.StandardService.startInternal Démarrage du service [Catalina]
23-Aug-2026 15:39:37.366 INFOS [main] org.apache.catalina.core.StandardEngine.startInternal Démarrage du moteur de Servlets : [Apache Tomcat/10.1.42]
23-Aug-2026 15:39:37.389 INFOS [main] org.apache.catalina.startup.HostConfig.deployDescriptor Déploiement du descripteur de configuration [C:\Users\HP\Desktop\samasuker\.smarttomcat\conf\Catalina\localhost\MDD.xml]
23-Aug-2026 15:39:43.227 INFOS [main] org.apache.jasper.servlet.TldScanner.scanJars Au moins un fichier JAR a été analysé pour trouver des TLDs mais il n'en contenait pas, le mode "debug" du journal peut être activé pour obtenir une liste complète de JAR scannés sans succès ; éviter d'analyser des JARs inutilement peut améliorer sensiblement le temps de démarrage et le temps de compilation des JSPs
23-Aug-2026 15:39:43.451 INFOS [main] org.apache.catalina.startup.HostConfig.deployDescriptor Le traitement du descripteur de déploiement [C:\Users\HP\Desktop\samasuker\.smarttomcat\conf\Catalina\localhost\MDD.xml] a pris [6 049] ms
23-Aug-2026 15:39:43.452 INFOS [main] org.apache.catalina.startup.HostConfig.deployDescriptor Déploiement du descripteur de configuration [C:\Users\HP\Desktop\samasuker\.smarttomcat\conf\Catalina\localhost\ROOT.xml]
23-Aug-2026 15:39:48.505 INFOS [main] org.apache.jasper.servlet.TldScanner.scanJars Au moins un fichier JAR a été analysé pour trouver des TLDs mais il n'en contenait pas, le mode "debug" du journal peut être activé pour obtenir une liste complète de JAR scannés sans succès ; éviter d'analyser des JARs inutilement peut améliorer sensiblement le temps de démarrage et le temps de compilation des JSPs
23-Aug-2026 15:39:48.560 INFOS [main] org.apache.catalina.startup.HostConfig.deployDescriptor Le traitement du descripteur de déploiement [C:\Users\HP\Desktop\samasuker\.smarttomcat\conf\Catalina\localhost\ROOT.xml] a pris [5 109] ms
23-Aug-2026 15:39:48.569 INFOS [main] org.apache.coyote.AbstractProtocol.start Démarrage du gestionnaire de protocole ["http-nio-8080"]
23-Aug-2026 15:39:48.622 INFOS [main] org.apache.catalina.startup.Catalina.start Le démarrage du serveur a pris [11342] millisecondes
23-Aug-2026 15:40:05.505 INFO [http-nio-8080-exec-3] org.hibernate.jpa.internal.util.LogHelper.logPersistenceUnitInformation HHH000204: Processing PersistenceUnitInfo [name: glycemiePU]
23-Aug-2026 15:40:05.907 INFO [http-nio-8080-exec-3] org.hibernate.Version.logVersion HHH000412: Hibernate ORM core version 6.2.7.Final
23-Aug-2026 15:40:05.925 INFO [http-nio-8080-exec-3] org.hibernate.cfg.Environment.<clinit> HHH000406: Using bytecode reflection optimizer
23-Aug-2026 15:40:07.888 WARN [http-nio-8080-exec-3] org.hibernate.engine.jdbc.connections.internal.DriverManagerConnectionProviderImpl.configure HHH10001002: Using built-in connection pool (not intended for production use)
23-Aug-2026 15:40:07.911 INFO [http-nio-8080-exec-3] org.hibernate.engine.jdbc.connections.internal.DriverManagerConnectionProviderImpl.buildCreator HHH10001005: Loaded JDBC driver class: com.mysql.cj.jdbc.Driver
23-Aug-2026 15:40:07.911 INFO [http-nio-8080-exec-3] org.hibernate.engine.jdbc.connections.internal.DriverManagerConnectionProviderImpl.buildCreator HHH10001012: Connecting with JDBC URL [jdbc:mysql://localhost:3306/suivi_glycemie_db?useSSL=false&serverTimezone=UTC]
23-Aug-2026 15:40:07.912 INFO [http-nio-8080-exec-3] org.hibernate.engine.jdbc.connections.internal.DriverManagerConnectionProviderImpl.buildCreator HHH10001001: Connection properties: {password=****, user=root}
23-Aug-2026 15:40:07.912 INFO [http-nio-8080-exec-3] org.hibernate.engine.jdbc.connections.internal.DriverManagerConnectionProviderImpl.buildCreator HHH10001003: Autocommit mode: false
23-Aug-2026 15:40:07.932 INFO [http-nio-8080-exec-3] org.hibernate.engine.jdbc.connections.internal.DriverManagerConnectionProviderImpl$PooledConnections.<init> HHH10001115: Connection pool size: 20 (min=1)
23-Aug-2026 15:40:09.285 WARN [http-nio-8080-exec-3] org.hibernate.dialect.Dialect.checkVersion HHH000511: The 5.6.17 version for [org.hibernate.dialect.MySQLDialect] is no longer supported, hence certain features may not work properly. The minimum supported version is 5.7.0. Check the community dialects project for available legacy versions.
23-Aug-2026 15:40:11.616 INFO [http-nio-8080-exec-3] org.hibernate.bytecode.internal.BytecodeProviderInitiator.buildBytecodeProvider HHH000021: Bytecode provider name : bytebuddy
23-Aug-2026 15:40:18.082 INFO [http-nio-8080-exec-3] org.hibernate.engine.transaction.jta.platform.internal.JtaPlatformInitiator.initiateService HHH000490: Using JtaPlatform implementation: [org.hibernate.engine.transaction.jta.platform.internal.NoJtaPlatform]
23-Aug-2026 15:40:18.399 INFO [http-nio-8080-exec-3] org.hibernate.resource.transaction.backend.jdbc.internal.DdlTransactionIsolatorNonJtaImpl.getIsolatedConnection HHH10001501: Connection obtained from JdbcConnectionAccess [org.hibernate.engine.jdbc.env.internal.JdbcEnvironmentInitiator$ConnectionProviderJdbcConnectionAccess@541ce27a] for (non-JTA) DDL execution was not in auto-commit mode; the Connection 'local transaction' will be committed and the Connection will be set into auto-commit mode.
23-Aug-2026 15:40:21.763 INFO [http-nio-8080-exec-6] org.hibernate.jpa.internal.util.LogHelper.logPersistenceUnitInformation HHH000204: Processing PersistenceUnitInfo [name: glycemiePU]
23-Aug-2026 15:40:21.873 WARN [http-nio-8080-exec-6] org.hibernate.engine.jdbc.connections.internal.DriverManagerConnectionProviderImpl.configure HHH10001002: Using built-in connection pool (not intended for production use)
23-Aug-2026 15:40:21.873 INFO [http-nio-8080-exec-6] org.hibernate.engine.jdbc.connections.internal.DriverManagerConnectionProviderImpl.buildCreator HHH10001005: Loaded JDBC driver class: com.mysql.cj.jdbc.Driver
23-Aug-2026 15:40:21.874 INFO [http-nio-8080-exec-6] org.hibernate.engine.jdbc.connections.internal.DriverManagerConnectionProviderImpl.buildCreator HHH10001012: Connecting with JDBC URL [jdbc:mysql://localhost:3306/suivi_glycemie_db?useSSL=false&serverTimezone=UTC]
23-Aug-2026 15:40:21.874 INFO [http-nio-8080-exec-6] org.hibernate.engine.jdbc.connections.internal.DriverManagerConnectionProviderImpl.buildCreator HHH10001001: Connection properties: {password=****, user=root}
23-Aug-2026 15:40:21.874 INFO [http-nio-8080-exec-6] org.hibernate.engine.jdbc.connections.internal.DriverManagerConnectionProviderImpl.buildCreator HHH10001003: Autocommit mode: false
23-Aug-2026 15:40:21.875 INFO [http-nio-8080-exec-6] org.hibernate.engine.jdbc.connections.internal.DriverManagerConnectionProviderImpl$PooledConnections.<init> HHH10001115: Connection pool size: 20 (min=1)
23-Aug-2026 15:40:21.888 WARN [http-nio-8080-exec-6] org.hibernate.dialect.Dialect.checkVersion HHH000511: The 5.6.17 version for [org.hibernate.dialect.MySQLDialect] is no longer supported, hence certain features may not work properly. The minimum supported version is 5.7.0. Check the community dialects project for available legacy versions.
23-Aug-2026 15:40:21.954 INFO [http-nio-8080-exec-6] org.hibernate.bytecode.internal.BytecodeProviderInitiator.buildBytecodeProvider HHH000021: Bytecode provider name : bytebuddy
23-Aug-2026 15:40:22.208 INFO [http-nio-8080-exec-6] org.hibernate.engine.transaction.jta.platform.internal.JtaPlatformInitiator.initiateService HHH000490: Using JtaPlatform implementation: [org.hibernate.engine.transaction.jta.platform.internal.NoJtaPlatform]
23-Aug-2026 15:40:22.210 INFO [http-nio-8080-exec-6] org.hibernate.resource.transaction.backend.jdbc.internal.DdlTransactionIsolatorNonJtaImpl.getIsolatedConnection HHH10001501: Connection obtained from JdbcConnectionAccess [org.hibernate.engine.jdbc.env.internal.JdbcEnvironmentInitiator$ConnectionProviderJdbcConnectionAccess@1a59c772] for (non-JTA) DDL execution was not in auto-commit mode; the Connection 'local transaction' will be committed and the Connection will be set into auto-commit mode.
23-Aug-2026 15:40:40.703 INFO [http-nio-8080-exec-5] org.hibernate.jpa.internal.util.LogHelper.logPersistenceUnitInformation HHH000204: Processing PersistenceUnitInfo [name: glycemiePU]
23-Aug-2026 15:40:40.885 WARN [http-nio-8080-exec-5] org.hibernate.engine.jdbc.connections.internal.DriverManagerConnectionProviderImpl.configure HHH10001002: Using built-in connection pool (not intended for production use)
23-Aug-2026 15:40:40.886 INFO [http-nio-8080-exec-5] org.hibernate.engine.jdbc.connections.internal.DriverManagerConnectionProviderImpl.buildCreator HHH10001005: Loaded JDBC driver class: com.mysql.cj.jdbc.Driver
23-Aug-2026 15:40:40.886 INFO [http-nio-8080-exec-5] org.hibernate.engine.jdbc.connections.internal.DriverManagerConnectionProviderImpl.buildCreator HHH10001012: Connecting with JDBC URL [jdbc:mysql://localhost:3306/suivi_glycemie_db?useSSL=false&serverTimezone=UTC]
23-Aug-2026 15:40:40.887 INFO [http-nio-8080-exec-5] org.hibernate.engine.jdbc.connections.internal.DriverManagerConnectionProviderImpl.buildCreator HHH10001001: Connection properties: {password=****, user=root}
23-Aug-2026 15:40:40.887 INFO [http-nio-8080-exec-5] org.hibernate.engine.jdbc.connections.internal.DriverManagerConnectionProviderImpl.buildCreator HHH10001003: Autocommit mode: false
23-Aug-2026 15:40:40.887 INFO [http-nio-8080-exec-5] org.hibernate.engine.jdbc.connections.internal.DriverManagerConnectionProviderImpl$PooledConnections.<init> HHH10001115: Connection pool size: 20 (min=1)
23-Aug-2026 15:40:40.902 WARN [http-nio-8080-exec-5] org.hibernate.dialect.Dialect.checkVersion HHH000511: The 5.6.17 version for [org.hibernate.dialect.MySQLDialect] is no longer supported, hence certain features may not work properly. The minimum supported version is 5.7.0. Check the community dialects project for available legacy versions.
23-Aug-2026 15:40:40.981 INFO [http-nio-8080-exec-5] org.hibernate.bytecode.internal.BytecodeProviderInitiator.buildBytecodeProvider HHH000021: Bytecode provider name : bytebuddy
23-Aug-2026 15:40:41.138 INFO [http-nio-8080-exec-5] org.hibernate.engine.transaction.jta.platform.internal.JtaPlatformInitiator.initiateService HHH000490: Using JtaPlatform implementation: [org.hibernate.engine.transaction.jta.platform.internal.NoJtaPlatform]
23-Aug-2026 15:40:41.139 INFO [http-nio-8080-exec-5] org.hibernate.resource.transaction.backend.jdbc.internal.DdlTransactionIsolatorNonJtaImpl.getIsolatedConnection HHH10001501: Connection obtained from JdbcConnectionAccess [org.hibernate.engine.jdbc.env.internal.JdbcEnvironmentInitiator$ConnectionProviderJdbcConnectionAccess@49934769] for (non-JTA) DDL execution was not in auto-commit mode; the Connection 'local transaction' will be committed and the Connection will be set into auto-commit mode.
23-Aug-2026 15:44:09.173 INFOS [Thread-1] org.apache.coyote.AbstractProtocol.pause Le gestionnaire de protocole ["http-nio-8080"] est mis en pause
23-Aug-2026 15:44:09.202 INFOS [Thread-1] org.apache.catalina.core.StandardService.stopInternal Arrêt du service [Catalina]
23-Aug-2026 15:44:09.218 AVERTISSEMENT [Thread-1] org.apache.catalina.loader.WebappClassLoaderBase.clearReferencesJdbc L'application web [ROOT] a enregistré un pilote JDBC [com.mysql.cj.jdbc.Driver], mais ne l'a pas désenregistré avant l'arrêt de l'application.  Pour éviter une fuite de mémoire, le pilote JDBC a été désenregistré de force.
23-Aug-2026 15:44:09.219 AVERTISSEMENT [Thread-1] org.apache.catalina.loader.WebappClassLoaderBase.clearReferencesThreads L'application web [ROOT] semble avoir démarré un thread nommé [mysql-cj-abandoned-connection-cleanup] mais ne l'a pas arrêté, ce qui va probablement créer une fuite de mémoire ; la trace du thread est : 
 java.base/jdk.internal.misc.Unsafe.park(Native Method)
 java.base/java.util.concurrent.locks.LockSupport.parkNanos(LockSupport.java:269)
 java.base/java.util.concurrent.locks.AbstractQueuedSynchronizer$ConditionObject.await(AbstractQueuedSynchronizer.java:1886)
 java.base/java.lang.ref.ReferenceQueue.await(ReferenceQueue.java:71)
 java.base/java.lang.ref.ReferenceQueue.remove0(ReferenceQueue.java:143)
 java.base/java.lang.ref.ReferenceQueue.remove(ReferenceQueue.java:218)
 com.mysql.cj.jdbc.AbandonedConnectionCleanupThread.run(AbandonedConnectionCleanupThread.java:93)
 java.base/java.util.concurrent.ThreadPoolExecutor.runWorker(ThreadPoolExecutor.java:1144)
 java.base/java.util.concurrent.ThreadPoolExecutor$Worker.run(ThreadPoolExecutor.java:642)
 java.base/java.lang.Thread.run(Thread.java:1583)
23-Aug-2026 15:44:09.220 AVERTISSEMENT [Thread-1] org.apache.catalina.loader.WebappClassLoaderBase.clearReferencesThreads L'application web [ROOT] semble avoir démarré un thread nommé [Hibernate Connection Pool Validation Thread] mais ne l'a pas arrêté, ce qui va probablement créer une fuite de mémoire ; la trace du thread est : 
 java.base/jdk.internal.misc.Unsafe.park(Native Method)
 java.base/java.util.concurrent.locks.LockSupport.parkNanos(LockSupport.java:269)
 java.base/java.util.concurrent.locks.AbstractQueuedSynchronizer$ConditionObject.awaitNanos(AbstractQueuedSynchronizer.java:1797)
 java.base/java.util.concurrent.ScheduledThreadPoolExecutor$DelayedWorkQueue.take(ScheduledThreadPoolExecutor.java:1182)
 java.base/java.util.concurrent.ScheduledThreadPoolExecutor$DelayedWorkQueue.take(ScheduledThreadPoolExecutor.java:899)
 java.base/java.util.concurrent.ThreadPoolExecutor.getTask(ThreadPoolExecutor.java:1070)
 java.base/java.util.concurrent.ThreadPoolExecutor.runWorker(ThreadPoolExecutor.java:1130)
 java.base/java.util.concurrent.ThreadPoolExecutor$Worker.run(ThreadPoolExecutor.java:642)
 java.base/java.lang.Thread.run(Thread.java:1583)
23-Aug-2026 15:44:09.221 AVERTISSEMENT [Thread-1] org.apache.catalina.loader.WebappClassLoaderBase.clearReferencesThreads L'application web [ROOT] semble avoir démarré un thread nommé [Hibernate Connection Pool Validation Thread] mais ne l'a pas arrêté, ce qui va probablement créer une fuite de mémoire ; la trace du thread est : 
 java.base/jdk.internal.misc.Unsafe.park(Native Method)
 java.base/java.util.concurrent.locks.LockSupport.parkNanos(LockSupport.java:269)
 java.base/java.util.concurrent.locks.AbstractQueuedSynchronizer$ConditionObject.awaitNanos(AbstractQueuedSynchronizer.java:1797)
 java.base/java.util.concurrent.ScheduledThreadPoolExecutor$DelayedWorkQueue.take(ScheduledThreadPoolExecutor.java:1182)
 java.base/java.util.concurrent.ScheduledThreadPoolExecutor$DelayedWorkQueue.take(ScheduledThreadPoolExecutor.java:899)
 java.base/java.util.concurrent.ThreadPoolExecutor.getTask(ThreadPoolExecutor.java:1070)
 java.base/java.util.concurrent.ThreadPoolExecutor.runWorker(ThreadPoolExecutor.java:1130)
 java.base/java.util.concurrent.ThreadPoolExecutor$Worker.run(ThreadPoolExecutor.java:642)
 java.base/java.lang.Thread.run(Thread.java:1583)
23-Aug-2026 15:44:09.221 AVERTISSEMENT [Thread-1] org.apache.catalina.loader.WebappClassLoaderBase.clearReferencesThreads L'application web [ROOT] semble avoir démarré un thread nommé [Hibernate Connection Pool Validation Thread] mais ne l'a pas arrêté, ce qui va probablement créer une fuite de mémoire ; la trace du thread est : 
 java.base/jdk.internal.misc.Unsafe.park(Native Method)
 java.base/java.util.concurrent.locks.LockSupport.parkNanos(LockSupport.java:269)
 java.base/java.util.concurrent.locks.AbstractQueuedSynchronizer$ConditionObject.awaitNanos(AbstractQueuedSynchronizer.java:1797)
 java.base/java.util.concurrent.ScheduledThreadPoolExecutor$DelayedWorkQueue.take(ScheduledThreadPoolExecutor.java:1182)
 java.base/java.util.concurrent.ScheduledThreadPoolExecutor$DelayedWorkQueue.take(ScheduledThreadPoolExecutor.java:899)
 java.base/java.util.concurrent.ThreadPoolExecutor.getTask(ThreadPoolExecutor.java:1070)
 java.base/java.util.concurrent.ThreadPoolExecutor.runWorker(ThreadPoolExecutor.java:1130)
 java.base/java.util.concurrent.ThreadPoolExecutor$Worker.run(ThreadPoolExecutor.java:642)
 java.base/java.lang.Thread.run(Thread.java:1583)
23-Aug-2026 15:44:09.247 INFOS [Thread-1] org.apache.coyote.AbstractProtocol.stop Arrêt du gestionnaire de protocole ["http-nio-8080"]
23-Aug-2026 15:44:09.266 INFOS [Thread-1] org.apache.coyote.AbstractProtocol.destroy Destruction du gestionnaire de protocole ["http-nio-8080"]
23-Aug-2026 15:47:43.337 INFOS [main] org.apache.catalina.startup.VersionLoggerListener.log Nom version serveur :              Apache Tomcat/10.1.42
23-Aug-2026 15:47:43.348 INFOS [main] org.apache.catalina.startup.VersionLoggerListener.log Serveur compilé :                  Jun 5 2025 22:35:46 UTC
23-Aug-2026 15:47:43.349 INFOS [main] org.apache.catalina.startup.VersionLoggerListener.log Version du serveur :               10.1.42.0
23-Aug-2026 15:47:43.349 INFOS [main] org.apache.catalina.startup.VersionLoggerListener.log Nom de l'OS :                      Windows 11
23-Aug-2026 15:47:43.349 INFOS [main] org.apache.catalina.startup.VersionLoggerListener.log Version OS :                       10.0
23-Aug-2026 15:47:43.350 INFOS [main] org.apache.catalina.startup.VersionLoggerListener.log Architecture :                     amd64
23-Aug-2026 15:47:43.350 INFOS [main] org.apache.catalina.startup.VersionLoggerListener.log Java Home :                        C:\Users\HP\.jdks\jbrsdk_jcef-21.0.9
23-Aug-2026 15:47:43.350 INFOS [main] org.apache.catalina.startup.VersionLoggerListener.log Version JVM :                      21.0.9+1-b1038.75
23-Aug-2026 15:47:43.350 INFOS [main] org.apache.catalina.startup.VersionLoggerListener.log Fournisseur de la JVM :            JetBrains s.r.o.
23-Aug-2026 15:47:43.350 INFOS [main] org.apache.catalina.startup.VersionLoggerListener.log CATALINA_BASE :                    C:\Users\HP\Desktop\samasuker\.smarttomcat
23-Aug-2026 15:47:43.351 INFOS [main] org.apache.catalina.startup.VersionLoggerListener.log CATALINA_HOME :                    C:\Users\HP\Desktop\apache-tomcat-10.1.42
23-Aug-2026 15:47:43.375 INFOS [main] org.apache.catalina.startup.VersionLoggerListener.log Argument de la ligne de commande : --add-opens=java.base/java.lang=ALL-UNNAMED
23-Aug-2026 15:47:43.376 INFOS [main] org.apache.catalina.startup.VersionLoggerListener.log Argument de la ligne de commande : --add-opens=java.base/java.io=ALL-UNNAMED
23-Aug-2026 15:47:43.376 INFOS [main] org.apache.catalina.startup.VersionLoggerListener.log Argument de la ligne de commande : --add-opens=java.base/java.util=ALL-UNNAMED
23-Aug-2026 15:47:43.376 INFOS [main] org.apache.catalina.startup.VersionLoggerListener.log Argument de la ligne de commande : --add-opens=java.base/java.util.concurrent=ALL-UNNAMED
23-Aug-2026 15:47:43.376 INFOS [main] org.apache.catalina.startup.VersionLoggerListener.log Argument de la ligne de commande : --add-opens=java.rmi/sun.rmi.transport=ALL-UNNAMED
23-Aug-2026 15:47:43.377 INFOS [main] org.apache.catalina.startup.VersionLoggerListener.log Argument de la ligne de commande : -Dcatalina.home=C:\Users\HP\Desktop\apache-tomcat-10.1.42
23-Aug-2026 15:47:43.377 INFOS [main] org.apache.catalina.startup.VersionLoggerListener.log Argument de la ligne de commande : -Dcatalina.base=C:\Users\HP\Desktop\samasuker\.smarttomcat
23-Aug-2026 15:47:43.377 INFOS [main] org.apache.catalina.startup.VersionLoggerListener.log Argument de la ligne de commande : -Djava.io.tmpdir=C:\Users\HP\Desktop\samasuker\.smarttomcat\temp
23-Aug-2026 15:47:43.378 INFOS [main] org.apache.catalina.startup.VersionLoggerListener.log Argument de la ligne de commande : -Djava.util.logging.config.file=C:\Users\HP\Desktop\samasuker\.smarttomcat\conf\logging.properties
23-Aug-2026 15:47:43.378 INFOS [main] org.apache.catalina.startup.VersionLoggerListener.log Argument de la ligne de commande : -Djava.util.logging.manager=org.apache.juli.ClassLoaderLogManager
23-Aug-2026 15:47:43.378 INFOS [main] org.apache.catalina.startup.VersionLoggerListener.log Argument de la ligne de commande : -javaagent:C:\Program Files\JetBrains\IntelliJ IDEA 2025.2.2\lib\idea_rt.jar=60189
23-Aug-2026 15:47:43.378 INFOS [main] org.apache.catalina.startup.VersionLoggerListener.log Argument de la ligne de commande : -Dfile.encoding=UTF-8
23-Aug-2026 15:47:43.379 INFOS [main] org.apache.catalina.startup.VersionLoggerListener.log Argument de la ligne de commande : -Dsun.stdout.encoding=UTF-8
23-Aug-2026 15:47:43.379 INFOS [main] org.apache.catalina.startup.VersionLoggerListener.log Argument de la ligne de commande : -Dsun.stderr.encoding=UTF-8
23-Aug-2026 15:47:43.385 INFOS [main] org.apache.catalina.core.AprLifecycleListener.lifecycleEvent Chargement de la librairie Apache Tomcat Native [2.0.9] en utilisant APR version [1.7.6]
23-Aug-2026 15:47:43.398 INFOS [main] org.apache.catalina.core.AprLifecycleListener.initializeSSL OpenSSL a été initialisé avec succès [OpenSSL 3.5.0 8 Apr 2025]
23-Aug-2026 15:47:43.981 INFOS [main] org.apache.coyote.AbstractProtocol.init Initialisation du gestionnaire de protocole ["http-nio-8080"]
23-Aug-2026 15:47:44.010 INFOS [main] org.apache.catalina.startup.Catalina.load L'initialisation du serveur a pris [1174] millisecondes
23-Aug-2026 15:47:44.105 INFOS [main] org.apache.catalina.core.StandardService.startInternal Démarrage du service [Catalina]
23-Aug-2026 15:47:44.105 INFOS [main] org.apache.catalina.core.StandardEngine.startInternal Démarrage du moteur de Servlets : [Apache Tomcat/10.1.42]
23-Aug-2026 15:47:44.129 INFOS [main] org.apache.catalina.startup.HostConfig.deployDescriptor Déploiement du descripteur de configuration [C:\Users\HP\Desktop\samasuker\.smarttomcat\conf\Catalina\localhost\MDD.xml]
23-Aug-2026 15:47:49.453 INFOS [main] org.apache.jasper.servlet.TldScanner.scanJars Au moins un fichier JAR a été analysé pour trouver des TLDs mais il n'en contenait pas, le mode "debug" du journal peut être activé pour obtenir une liste complète de JAR scannés sans succès ; éviter d'analyser des JARs inutilement peut améliorer sensiblement le temps de démarrage et le temps de compilation des JSPs
23-Aug-2026 15:47:49.617 INFOS [main] org.apache.catalina.startup.HostConfig.deployDescriptor Le traitement du descripteur de déploiement [C:\Users\HP\Desktop\samasuker\.smarttomcat\conf\Catalina\localhost\MDD.xml] a pris [5 481] ms
23-Aug-2026 15:47:49.617 INFOS [main] org.apache.catalina.startup.HostConfig.deployDescriptor Déploiement du descripteur de configuration [C:\Users\HP\Desktop\samasuker\.smarttomcat\conf\Catalina\localhost\ROOT.xml]
23-Aug-2026 15:47:53.406 INFOS [main] org.apache.jasper.servlet.TldScanner.scanJars Au moins un fichier JAR a été analysé pour trouver des TLDs mais il n'en contenait pas, le mode "debug" du journal peut être activé pour obtenir une liste complète de JAR scannés sans succès ; éviter d'analyser des JARs inutilement peut améliorer sensiblement le temps de démarrage et le temps de compilation des JSPs
23-Aug-2026 15:47:53.464 INFOS [main] org.apache.catalina.startup.HostConfig.deployDescriptor Le traitement du descripteur de déploiement [C:\Users\HP\Desktop\samasuker\.smarttomcat\conf\Catalina\localhost\ROOT.xml] a pris [3 846] ms
23-Aug-2026 15:47:53.470 INFOS [main] org.apache.coyote.AbstractProtocol.start Démarrage du gestionnaire de protocole ["http-nio-8080"]
23-Aug-2026 15:47:53.528 INFOS [main] org.apache.catalina.startup.Catalina.start Le démarrage du serveur a pris [9516] millisecondes
23-Aug-2026 15:48:07.375 INFO [http-nio-8080-exec-1] org.hibernate.jpa.internal.util.LogHelper.logPersistenceUnitInformation HHH000204: Processing PersistenceUnitInfo [name: glycemiePU]
23-Aug-2026 15:48:08.031 INFO [http-nio-8080-exec-1] org.hibernate.Version.logVersion HHH000412: Hibernate ORM core version 6.2.7.Final
23-Aug-2026 15:48:08.049 INFO [http-nio-8080-exec-1] org.hibernate.cfg.Environment.<clinit> HHH000406: Using bytecode reflection optimizer
23-Aug-2026 15:48:09.827 WARN [http-nio-8080-exec-1] org.hibernate.engine.jdbc.connections.internal.DriverManagerConnectionProviderImpl.configure HHH10001002: Using built-in connection pool (not intended for production use)
23-Aug-2026 15:48:09.860 INFO [http-nio-8080-exec-1] org.hibernate.engine.jdbc.connections.internal.DriverManagerConnectionProviderImpl.buildCreator HHH10001005: Loaded JDBC driver class: com.mysql.cj.jdbc.Driver
23-Aug-2026 15:48:09.861 INFO [http-nio-8080-exec-1] org.hibernate.engine.jdbc.connections.internal.DriverManagerConnectionProviderImpl.buildCreator HHH10001012: Connecting with JDBC URL [jdbc:mysql://localhost:3306/suivi_glycemie_db?useSSL=false&serverTimezone=UTC]
23-Aug-2026 15:48:09.861 INFO [http-nio-8080-exec-1] org.hibernate.engine.jdbc.connections.internal.DriverManagerConnectionProviderImpl.buildCreator HHH10001001: Connection properties: {password=****, user=root}
23-Aug-2026 15:48:09.862 INFO [http-nio-8080-exec-1] org.hibernate.engine.jdbc.connections.internal.DriverManagerConnectionProviderImpl.buildCreator HHH10001003: Autocommit mode: false
23-Aug-2026 15:48:09.890 INFO [http-nio-8080-exec-1] org.hibernate.engine.jdbc.connections.internal.DriverManagerConnectionProviderImpl$PooledConnections.<init> HHH10001115: Connection pool size: 20 (min=1)
23-Aug-2026 15:48:11.253 WARN [http-nio-8080-exec-1] org.hibernate.dialect.Dialect.checkVersion HHH000511: The 5.6.17 version for [org.hibernate.dialect.MySQLDialect] is no longer supported, hence certain features may not work properly. The minimum supported version is 5.7.0. Check the community dialects project for available legacy versions.
23-Aug-2026 15:48:13.520 INFO [http-nio-8080-exec-1] org.hibernate.bytecode.internal.BytecodeProviderInitiator.buildBytecodeProvider HHH000021: Bytecode provider name : bytebuddy
23-Aug-2026 15:48:18.604 INFO [http-nio-8080-exec-1] org.hibernate.engine.transaction.jta.platform.internal.JtaPlatformInitiator.initiateService HHH000490: Using JtaPlatform implementation: [org.hibernate.engine.transaction.jta.platform.internal.NoJtaPlatform]
23-Aug-2026 15:48:18.745 INFO [http-nio-8080-exec-1] org.hibernate.resource.transaction.backend.jdbc.internal.DdlTransactionIsolatorNonJtaImpl.getIsolatedConnection HHH10001501: Connection obtained from JdbcConnectionAccess [org.hibernate.engine.jdbc.env.internal.JdbcEnvironmentInitiator$ConnectionProviderJdbcConnectionAccess@7db619b4] for (non-JTA) DDL execution was not in auto-commit mode; the Connection 'local transaction' will be committed and the Connection will be set into auto-commit mode.
23-Aug-2026 15:48:21.280 INFO [http-nio-8080-exec-5] org.hibernate.jpa.internal.util.LogHelper.logPersistenceUnitInformation HHH000204: Processing PersistenceUnitInfo [name: glycemiePU]
23-Aug-2026 15:48:21.412 WARN [http-nio-8080-exec-5] org.hibernate.engine.jdbc.connections.internal.DriverManagerConnectionProviderImpl.configure HHH10001002: Using built-in connection pool (not intended for production use)
23-Aug-2026 15:48:21.412 INFO [http-nio-8080-exec-5] org.hibernate.engine.jdbc.connections.internal.DriverManagerConnectionProviderImpl.buildCreator HHH10001005: Loaded JDBC driver class: com.mysql.cj.jdbc.Driver
23-Aug-2026 15:48:21.412 INFO [http-nio-8080-exec-5] org.hibernate.engine.jdbc.connections.internal.DriverManagerConnectionProviderImpl.buildCreator HHH10001012: Connecting with JDBC URL [jdbc:mysql://localhost:3306/suivi_glycemie_db?useSSL=false&serverTimezone=UTC]
23-Aug-2026 15:48:21.412 INFO [http-nio-8080-exec-5] org.hibernate.engine.jdbc.connections.internal.DriverManagerConnectionProviderImpl.buildCreator HHH10001001: Connection properties: {password=****, user=root}
23-Aug-2026 15:48:21.413 INFO [http-nio-8080-exec-5] org.hibernate.engine.jdbc.connections.internal.DriverManagerConnectionProviderImpl.buildCreator HHH10001003: Autocommit mode: false
23-Aug-2026 15:48:21.413 INFO [http-nio-8080-exec-5] org.hibernate.engine.jdbc.connections.internal.DriverManagerConnectionProviderImpl$PooledConnections.<init> HHH10001115: Connection pool size: 20 (min=1)
23-Aug-2026 15:48:21.423 WARN [http-nio-8080-exec-5] org.hibernate.dialect.Dialect.checkVersion HHH000511: The 5.6.17 version for [org.hibernate.dialect.MySQLDialect] is no longer supported, hence certain features may not work properly. The minimum supported version is 5.7.0. Check the community dialects project for available legacy versions.
23-Aug-2026 15:48:21.468 INFO [http-nio-8080-exec-5] org.hibernate.bytecode.internal.BytecodeProviderInitiator.buildBytecodeProvider HHH000021: Bytecode provider name : bytebuddy
23-Aug-2026 15:48:21.625 INFO [http-nio-8080-exec-5] org.hibernate.engine.transaction.jta.platform.internal.JtaPlatformInitiator.initiateService HHH000490: Using JtaPlatform implementation: [org.hibernate.engine.transaction.jta.platform.internal.NoJtaPlatform]
23-Aug-2026 15:48:21.627 INFO [http-nio-8080-exec-5] org.hibernate.resource.transaction.backend.jdbc.internal.DdlTransactionIsolatorNonJtaImpl.getIsolatedConnection HHH10001501: Connection obtained from JdbcConnectionAccess [org.hibernate.engine.jdbc.env.internal.JdbcEnvironmentInitiator$ConnectionProviderJdbcConnectionAccess@2dd3f12e] for (non-JTA) DDL execution was not in auto-commit mode; the Connection 'local transaction' will be committed and the Connection will be set into auto-commit mode.
23-Aug-2026 15:48:25.697 INFO [http-nio-8080-exec-6] org.hibernate.jpa.internal.util.LogHelper.logPersistenceUnitInformation HHH000204: Processing PersistenceUnitInfo [name: glycemiePU]
23-Aug-2026 15:48:25.759 WARN [http-nio-8080-exec-6] org.hibernate.engine.jdbc.connections.internal.DriverManagerConnectionProviderImpl.configure HHH10001002: Using built-in connection pool (not intended for production use)
23-Aug-2026 15:48:25.760 INFO [http-nio-8080-exec-6] org.hibernate.engine.jdbc.connections.internal.DriverManagerConnectionProviderImpl.buildCreator HHH10001005: Loaded JDBC driver class: com.mysql.cj.jdbc.Driver
23-Aug-2026 15:48:25.760 INFO [http-nio-8080-exec-6] org.hibernate.engine.jdbc.connections.internal.DriverManagerConnectionProviderImpl.buildCreator HHH10001012: Connecting with JDBC URL [jdbc:mysql://localhost:3306/suivi_glycemie_db?useSSL=false&serverTimezone=UTC]
23-Aug-2026 15:48:25.761 INFO [http-nio-8080-exec-6] org.hibernate.engine.jdbc.connections.internal.DriverManagerConnectionProviderImpl.buildCreator HHH10001001: Connection properties: {password=****, user=root}
23-Aug-2026 15:48:25.761 INFO [http-nio-8080-exec-6] org.hibernate.engine.jdbc.connections.internal.DriverManagerConnectionProviderImpl.buildCreator HHH10001003: Autocommit mode: false
23-Aug-2026 15:48:25.762 INFO [http-nio-8080-exec-6] org.hibernate.engine.jdbc.connections.internal.DriverManagerConnectionProviderImpl$PooledConnections.<init> HHH10001115: Connection pool size: 20 (min=1)
23-Aug-2026 15:48:25.776 WARN [http-nio-8080-exec-6] org.hibernate.dialect.Dialect.checkVersion HHH000511: The 5.6.17 version for [org.hibernate.dialect.MySQLDialect] is no longer supported, hence certain features may not work properly. The minimum supported version is 5.7.0. Check the community dialects project for available legacy versions.
23-Aug-2026 15:48:25.819 INFO [http-nio-8080-exec-6] org.hibernate.bytecode.internal.BytecodeProviderInitiator.buildBytecodeProvider HHH000021: Bytecode provider name : bytebuddy
23-Aug-2026 15:48:25.969 INFO [http-nio-8080-exec-6] org.hibernate.engine.transaction.jta.platform.internal.JtaPlatformInitiator.initiateService HHH000490: Using JtaPlatform implementation: [org.hibernate.engine.transaction.jta.platform.internal.NoJtaPlatform]
23-Aug-2026 15:48:25.971 INFO [http-nio-8080-exec-6] org.hibernate.resource.transaction.backend.jdbc.internal.DdlTransactionIsolatorNonJtaImpl.getIsolatedConnection HHH10001501: Connection obtained from JdbcConnectionAccess [org.hibernate.engine.jdbc.env.internal.JdbcEnvironmentInitiator$ConnectionProviderJdbcConnectionAccess@61cc2f01] for (non-JTA) DDL execution was not in auto-commit mode; the Connection 'local transaction' will be committed and the Connection will be set into auto-commit mode.
23-Aug-2026 15:50:03.100 INFOS [Thread-1] org.apache.coyote.AbstractProtocol.pause Le gestionnaire de protocole ["http-nio-8080"] est mis en pause
23-Aug-2026 15:50:03.124 INFOS [Thread-1] org.apache.catalina.core.StandardService.stopInternal Arrêt du service [Catalina]
23-Aug-2026 15:50:03.137 AVERTISSEMENT [Thread-1] org.apache.catalina.loader.WebappClassLoaderBase.clearReferencesJdbc L'application web [ROOT] a enregistré un pilote JDBC [com.mysql.cj.jdbc.Driver], mais ne l'a pas désenregistré avant l'arrêt de l'application.  Pour éviter une fuite de mémoire, le pilote JDBC a été désenregistré de force.
23-Aug-2026 15:50:03.138 AVERTISSEMENT [Thread-1] org.apache.catalina.loader.WebappClassLoaderBase.clearReferencesThreads L'application web [ROOT] semble avoir démarré un thread nommé [mysql-cj-abandoned-connection-cleanup] mais ne l'a pas arrêté, ce qui va probablement créer une fuite de mémoire ; la trace du thread est : 
 java.base/jdk.internal.misc.Unsafe.park(Native Method)
 java.base/java.util.concurrent.locks.LockSupport.parkNanos(LockSupport.java:269)
 java.base/java.util.concurrent.locks.AbstractQueuedSynchronizer$ConditionObject.await(AbstractQueuedSynchronizer.java:1886)
 java.base/java.lang.ref.ReferenceQueue.await(ReferenceQueue.java:71)
 java.base/java.lang.ref.ReferenceQueue.remove0(ReferenceQueue.java:143)
 java.base/java.lang.ref.ReferenceQueue.remove(ReferenceQueue.java:218)
 com.mysql.cj.jdbc.AbandonedConnectionCleanupThread.run(AbandonedConnectionCleanupThread.java:93)
 java.base/java.util.concurrent.ThreadPoolExecutor.runWorker(ThreadPoolExecutor.java:1144)
 java.base/java.util.concurrent.ThreadPoolExecutor$Worker.run(ThreadPoolExecutor.java:642)
 java.base/java.lang.Thread.run(Thread.java:1583)
23-Aug-2026 15:50:03.139 AVERTISSEMENT [Thread-1] org.apache.catalina.loader.WebappClassLoaderBase.clearReferencesThreads L'application web [ROOT] semble avoir démarré un thread nommé [Hibernate Connection Pool Validation Thread] mais ne l'a pas arrêté, ce qui va probablement créer une fuite de mémoire ; la trace du thread est : 
 java.base/jdk.internal.misc.Unsafe.park(Native Method)
 java.base/java.util.concurrent.locks.LockSupport.parkNanos(LockSupport.java:269)
 java.base/java.util.concurrent.locks.AbstractQueuedSynchronizer$ConditionObject.awaitNanos(AbstractQueuedSynchronizer.java:1797)
 java.base/java.util.concurrent.ScheduledThreadPoolExecutor$DelayedWorkQueue.take(ScheduledThreadPoolExecutor.java:1182)
 java.base/java.util.concurrent.ScheduledThreadPoolExecutor$DelayedWorkQueue.take(ScheduledThreadPoolExecutor.java:899)
 java.base/java.util.concurrent.ThreadPoolExecutor.getTask(ThreadPoolExecutor.java:1070)
 java.base/java.util.concurrent.ThreadPoolExecutor.runWorker(ThreadPoolExecutor.java:1130)
 java.base/java.util.concurrent.ThreadPoolExecutor$Worker.run(ThreadPoolExecutor.java:642)
 java.base/java.lang.Thread.run(Thread.java:1583)
23-Aug-2026 15:50:03.139 AVERTISSEMENT [Thread-1] org.apache.catalina.loader.WebappClassLoaderBase.clearReferencesThreads L'application web [ROOT] semble avoir démarré un thread nommé [Hibernate Connection Pool Validation Thread] mais ne l'a pas arrêté, ce qui va probablement créer une fuite de mémoire ; la trace du thread est : 
 java.base/jdk.internal.misc.Unsafe.park(Native Method)
 java.base/java.util.concurrent.locks.LockSupport.parkNanos(LockSupport.java:269)
 java.base/java.util.concurrent.locks.AbstractQueuedSynchronizer$ConditionObject.awaitNanos(AbstractQueuedSynchronizer.java:1797)
 java.base/java.util.concurrent.ScheduledThreadPoolExecutor$DelayedWorkQueue.take(ScheduledThreadPoolExecutor.java:1182)
 java.base/java.util.concurrent.ScheduledThreadPoolExecutor$DelayedWorkQueue.take(ScheduledThreadPoolExecutor.java:899)
 java.base/java.util.concurrent.ThreadPoolExecutor.getTask(ThreadPoolExecutor.java:1070)
 java.base/java.util.concurrent.ThreadPoolExecutor.runWorker(ThreadPoolExecutor.java:1130)
 java.base/java.util.concurrent.ThreadPoolExecutor$Worker.run(ThreadPoolExecutor.java:642)
 java.base/java.lang.Thread.run(Thread.java:1583)
23-Aug-2026 15:50:03.139 AVERTISSEMENT [Thread-1] org.apache.catalina.loader.WebappClassLoaderBase.clearReferencesThreads L'application web [ROOT] semble avoir démarré un thread nommé [Hibernate Connection Pool Validation Thread] mais ne l'a pas arrêté, ce qui va probablement créer une fuite de mémoire ; la trace du thread est : 
 java.base/jdk.internal.misc.Unsafe.park(Native Method)
 java.base/java.util.concurrent.locks.LockSupport.parkNanos(LockSupport.java:269)
 java.base/java.util.concurrent.locks.AbstractQueuedSynchronizer$ConditionObject.awaitNanos(AbstractQueuedSynchronizer.java:1797)
 java.base/java.util.concurrent.ScheduledThreadPoolExecutor$DelayedWorkQueue.take(ScheduledThreadPoolExecutor.java:1182)
 java.base/java.util.concurrent.ScheduledThreadPoolExecutor$DelayedWorkQueue.take(ScheduledThreadPoolExecutor.java:899)
 java.base/java.util.concurrent.ThreadPoolExecutor.getTask(ThreadPoolExecutor.java:1070)
 java.base/java.util.concurrent.ThreadPoolExecutor.runWorker(ThreadPoolExecutor.java:1130)
 java.base/java.util.concurrent.ThreadPoolExecutor$Worker.run(ThreadPoolExecutor.java:642)
 java.base/java.lang.Thread.run(Thread.java:1583)
23-Aug-2026 15:50:03.166 INFOS [Thread-1] org.apache.coyote.AbstractProtocol.stop Arrêt du gestionnaire de protocole ["http-nio-8080"]
23-Aug-2026 15:50:03.180 INFOS [Thread-1] org.apache.coyote.AbstractProtocol.destroy Destruction du gestionnaire de protocole ["http-nio-8080"]
23-Aug-2026 15:50:06.271 INFOS [main] org.apache.catalina.startup.VersionLoggerListener.log Nom version serveur :              Apache Tomcat/10.1.42
23-Aug-2026 15:50:06.278 INFOS [main] org.apache.catalina.startup.VersionLoggerListener.log Serveur compilé :                  Jun 5 2025 22:35:46 UTC
23-Aug-2026 15:50:06.279 INFOS [main] org.apache.catalina.startup.VersionLoggerListener.log Version du serveur :               10.1.42.0
23-Aug-2026 15:50:06.279 INFOS [main] org.apache.catalina.startup.VersionLoggerListener.log Nom de l'OS :                      Windows 11
23-Aug-2026 15:50:06.279 INFOS [main] org.apache.catalina.startup.VersionLoggerListener.log Version OS :                       10.0
23-Aug-2026 15:50:06.279 INFOS [main] org.apache.catalina.startup.VersionLoggerListener.log Architecture :                     amd64
23-Aug-2026 15:50:06.280 INFOS [main] org.apache.catalina.startup.VersionLoggerListener.log Java Home :                        C:\Users\HP\.jdks\jbrsdk_jcef-21.0.9
23-Aug-2026 15:50:06.280 INFOS [main] org.apache.catalina.startup.VersionLoggerListener.log Version JVM :                      21.0.9+1-b1038.75
23-Aug-2026 15:50:06.280 INFOS [main] org.apache.catalina.startup.VersionLoggerListener.log Fournisseur de la JVM :            JetBrains s.r.o.
23-Aug-2026 15:50:06.280 INFOS [main] org.apache.catalina.startup.VersionLoggerListener.log CATALINA_BASE :                    C:\Users\HP\Desktop\samasuker\.smarttomcat
23-Aug-2026 15:50:06.280 INFOS [main] org.apache.catalina.startup.VersionLoggerListener.log CATALINA_HOME :                    C:\Users\HP\Desktop\apache-tomcat-10.1.42
23-Aug-2026 15:50:06.302 INFOS [main] org.apache.catalina.startup.VersionLoggerListener.log Argument de la ligne de commande : --add-opens=java.base/java.lang=ALL-UNNAMED
23-Aug-2026 15:50:06.302 INFOS [main] org.apache.catalina.startup.VersionLoggerListener.log Argument de la ligne de commande : --add-opens=java.base/java.io=ALL-UNNAMED
23-Aug-2026 15:50:06.302 INFOS [main] org.apache.catalina.startup.VersionLoggerListener.log Argument de la ligne de commande : --add-opens=java.base/java.util=ALL-UNNAMED
23-Aug-2026 15:50:06.303 INFOS [main] org.apache.catalina.startup.VersionLoggerListener.log Argument de la ligne de commande : --add-opens=java.base/java.util.concurrent=ALL-UNNAMED
23-Aug-2026 15:50:06.303 INFOS [main] org.apache.catalina.startup.VersionLoggerListener.log Argument de la ligne de commande : --add-opens=java.rmi/sun.rmi.transport=ALL-UNNAMED
23-Aug-2026 15:50:06.305 INFOS [main] org.apache.catalina.startup.VersionLoggerListener.log Argument de la ligne de commande : -Dcatalina.home=C:\Users\HP\Desktop\apache-tomcat-10.1.42
23-Aug-2026 15:50:06.306 INFOS [main] org.apache.catalina.startup.VersionLoggerListener.log Argument de la ligne de commande : -Dcatalina.base=C:\Users\HP\Desktop\samasuker\.smarttomcat
23-Aug-2026 15:50:06.307 INFOS [main] org.apache.catalina.startup.VersionLoggerListener.log Argument de la ligne de commande : -Djava.io.tmpdir=C:\Users\HP\Desktop\samasuker\.smarttomcat\temp
23-Aug-2026 15:50:06.307 INFOS [main] org.apache.catalina.startup.VersionLoggerListener.log Argument de la ligne de commande : -Djava.util.logging.config.file=C:\Users\HP\Desktop\samasuker\.smarttomcat\conf\logging.properties
23-Aug-2026 15:50:06.307 INFOS [main] org.apache.catalina.startup.VersionLoggerListener.log Argument de la ligne de commande : -Djava.util.logging.manager=org.apache.juli.ClassLoaderLogManager
23-Aug-2026 15:50:06.308 INFOS [main] org.apache.catalina.startup.VersionLoggerListener.log Argument de la ligne de commande : -javaagent:C:\Program Files\JetBrains\IntelliJ IDEA 2025.2.2\lib\idea_rt.jar=53068
23-Aug-2026 15:50:06.308 INFOS [main] org.apache.catalina.startup.VersionLoggerListener.log Argument de la ligne de commande : -Dfile.encoding=UTF-8
23-Aug-2026 15:50:06.308 INFOS [main] org.apache.catalina.startup.VersionLoggerListener.log Argument de la ligne de commande : -Dsun.stdout.encoding=UTF-8
23-Aug-2026 15:50:06.308 INFOS [main] org.apache.catalina.startup.VersionLoggerListener.log Argument de la ligne de commande : -Dsun.stderr.encoding=UTF-8
23-Aug-2026 15:50:06.314 INFOS [main] org.apache.catalina.core.AprLifecycleListener.lifecycleEvent Chargement de la librairie Apache Tomcat Native [2.0.9] en utilisant APR version [1.7.6]
23-Aug-2026 15:50:06.324 INFOS [main] org.apache.catalina.core.AprLifecycleListener.initializeSSL OpenSSL a été initialisé avec succès [OpenSSL 3.5.0 8 Apr 2025]
23-Aug-2026 15:50:06.964 INFOS [main] org.apache.coyote.AbstractProtocol.init Initialisation du gestionnaire de protocole ["http-nio-8080"]
23-Aug-2026 15:50:07.016 INFOS [main] org.apache.catalina.startup.Catalina.load L'initialisation du serveur a pris [1218] millisecondes
23-Aug-2026 15:50:07.117 INFOS [main] org.apache.catalina.core.StandardService.startInternal Démarrage du service [Catalina]
23-Aug-2026 15:50:07.118 INFOS [main] org.apache.catalina.core.StandardEngine.startInternal Démarrage du moteur de Servlets : [Apache Tomcat/10.1.42]
23-Aug-2026 15:50:07.144 INFOS [main] org.apache.catalina.startup.HostConfig.deployDescriptor Déploiement du descripteur de configuration [C:\Users\HP\Desktop\samasuker\.smarttomcat\conf\Catalina\localhost\MDD.xml]
23-Aug-2026 15:50:13.412 INFOS [main] org.apache.jasper.servlet.TldScanner.scanJars Au moins un fichier JAR a été analysé pour trouver des TLDs mais il n'en contenait pas, le mode "debug" du journal peut être activé pour obtenir une liste complète de JAR scannés sans succès ; éviter d'analyser des JARs inutilement peut améliorer sensiblement le temps de démarrage et le temps de compilation des JSPs
23-Aug-2026 15:50:13.632 INFOS [main] org.apache.catalina.startup.HostConfig.deployDescriptor Le traitement du descripteur de déploiement [C:\Users\HP\Desktop\samasuker\.smarttomcat\conf\Catalina\localhost\MDD.xml] a pris [6 481] ms
23-Aug-2026 15:50:13.633 INFOS [main] org.apache.catalina.startup.HostConfig.deployDescriptor Déploiement du descripteur de configuration [C:\Users\HP\Desktop\samasuker\.smarttomcat\conf\Catalina\localhost\ROOT.xml]
23-Aug-2026 15:50:18.839 INFOS [main] org.apache.jasper.servlet.TldScanner.scanJars Au moins un fichier JAR a été analysé pour trouver des TLDs mais il n'en contenait pas, le mode "debug" du journal peut être activé pour obtenir une liste complète de JAR scannés sans succès ; éviter d'analyser des JARs inutilement peut améliorer sensiblement le temps de démarrage et le temps de compilation des JSPs
23-Aug-2026 15:50:18.885 INFOS [main] org.apache.catalina.startup.HostConfig.deployDescriptor Le traitement du descripteur de déploiement [C:\Users\HP\Desktop\samasuker\.smarttomcat\conf\Catalina\localhost\ROOT.xml] a pris [5 253] ms
23-Aug-2026 15:50:18.892 INFOS [main] org.apache.coyote.AbstractProtocol.start Démarrage du gestionnaire de protocole ["http-nio-8080"]
23-Aug-2026 15:50:18.945 INFOS [main] org.apache.catalina.startup.Catalina.start Le démarrage du serveur a pris [11927] millisecondes
23-Aug-2026 15:50:29.733 INFO [http-nio-8080-exec-3] org.hibernate.jpa.internal.util.LogHelper.logPersistenceUnitInformation HHH000204: Processing PersistenceUnitInfo [name: glycemiePU]
23-Aug-2026 15:50:30.042 INFO [http-nio-8080-exec-3] org.hibernate.Version.logVersion HHH000412: Hibernate ORM core version 6.2.7.Final
23-Aug-2026 15:50:30.049 INFO [http-nio-8080-exec-3] org.hibernate.cfg.Environment.<clinit> HHH000406: Using bytecode reflection optimizer
23-Aug-2026 15:50:32.171 WARN [http-nio-8080-exec-3] org.hibernate.engine.jdbc.connections.internal.DriverManagerConnectionProviderImpl.configure HHH10001002: Using built-in connection pool (not intended for production use)
23-Aug-2026 15:50:32.201 INFO [http-nio-8080-exec-3] org.hibernate.engine.jdbc.connections.internal.DriverManagerConnectionProviderImpl.buildCreator HHH10001005: Loaded JDBC driver class: com.mysql.cj.jdbc.Driver
23-Aug-2026 15:50:32.201 INFO [http-nio-8080-exec-3] org.hibernate.engine.jdbc.connections.internal.DriverManagerConnectionProviderImpl.buildCreator HHH10001012: Connecting with JDBC URL [jdbc:mysql://localhost:3306/suivi_glycemie_db?useSSL=false&serverTimezone=UTC]
23-Aug-2026 15:50:32.202 INFO [http-nio-8080-exec-3] org.hibernate.engine.jdbc.connections.internal.DriverManagerConnectionProviderImpl.buildCreator HHH10001001: Connection properties: {password=****, user=root}
23-Aug-2026 15:50:32.203 INFO [http-nio-8080-exec-3] org.hibernate.engine.jdbc.connections.internal.DriverManagerConnectionProviderImpl.buildCreator HHH10001003: Autocommit mode: false
23-Aug-2026 15:50:32.224 INFO [http-nio-8080-exec-3] org.hibernate.engine.jdbc.connections.internal.DriverManagerConnectionProviderImpl$PooledConnections.<init> HHH10001115: Connection pool size: 20 (min=1)
23-Aug-2026 15:50:33.492 WARN [http-nio-8080-exec-3] org.hibernate.dialect.Dialect.checkVersion HHH000511: The 5.6.17 version for [org.hibernate.dialect.MySQLDialect] is no longer supported, hence certain features may not work properly. The minimum supported version is 5.7.0. Check the community dialects project for available legacy versions.
23-Aug-2026 15:50:35.821 INFO [http-nio-8080-exec-3] org.hibernate.bytecode.internal.BytecodeProviderInitiator.buildBytecodeProvider HHH000021: Bytecode provider name : bytebuddy
23-Aug-2026 15:50:42.916 INFO [http-nio-8080-exec-3] org.hibernate.engine.transaction.jta.platform.internal.JtaPlatformInitiator.initiateService HHH000490: Using JtaPlatform implementation: [org.hibernate.engine.transaction.jta.platform.internal.NoJtaPlatform]
23-Aug-2026 15:50:43.210 INFO [http-nio-8080-exec-3] org.hibernate.resource.transaction.backend.jdbc.internal.DdlTransactionIsolatorNonJtaImpl.getIsolatedConnection HHH10001501: Connection obtained from JdbcConnectionAccess [org.hibernate.engine.jdbc.env.internal.JdbcEnvironmentInitiator$ConnectionProviderJdbcConnectionAccess@6bca3961] for (non-JTA) DDL execution was not in auto-commit mode; the Connection 'local transaction' will be committed and the Connection will be set into auto-commit mode.
23-Aug-2026 15:50:46.459 INFO [http-nio-8080-exec-6] org.hibernate.jpa.internal.util.LogHelper.logPersistenceUnitInformation HHH000204: Processing PersistenceUnitInfo [name: glycemiePU]
23-Aug-2026 15:50:46.624 WARN [http-nio-8080-exec-6] org.hibernate.engine.jdbc.connections.internal.DriverManagerConnectionProviderImpl.configure HHH10001002: Using built-in connection pool (not intended for production use)
23-Aug-2026 15:50:46.625 INFO [http-nio-8080-exec-6] org.hibernate.engine.jdbc.connections.internal.DriverManagerConnectionProviderImpl.buildCreator HHH10001005: Loaded JDBC driver class: com.mysql.cj.jdbc.Driver
23-Aug-2026 15:50:46.626 INFO [http-nio-8080-exec-6] org.hibernate.engine.jdbc.connections.internal.DriverManagerConnectionProviderImpl.buildCreator HHH10001012: Connecting with JDBC URL [jdbc:mysql://localhost:3306/suivi_glycemie_db?useSSL=false&serverTimezone=UTC]
23-Aug-2026 15:50:46.628 INFO [http-nio-8080-exec-6] org.hibernate.engine.jdbc.connections.internal.DriverManagerConnectionProviderImpl.buildCreator HHH10001001: Connection properties: {password=****, user=root}
23-Aug-2026 15:50:46.629 INFO [http-nio-8080-exec-6] org.hibernate.engine.jdbc.connections.internal.DriverManagerConnectionProviderImpl.buildCreator HHH10001003: Autocommit mode: false
23-Aug-2026 15:50:46.629 INFO [http-nio-8080-exec-6] org.hibernate.engine.jdbc.connections.internal.DriverManagerConnectionProviderImpl$PooledConnections.<init> HHH10001115: Connection pool size: 20 (min=1)
23-Aug-2026 15:50:46.642 WARN [http-nio-8080-exec-6] org.hibernate.dialect.Dialect.checkVersion HHH000511: The 5.6.17 version for [org.hibernate.dialect.MySQLDialect] is no longer supported, hence certain features may not work properly. The minimum supported version is 5.7.0. Check the community dialects project for available legacy versions.
23-Aug-2026 15:50:46.700 INFO [http-nio-8080-exec-6] org.hibernate.bytecode.internal.BytecodeProviderInitiator.buildBytecodeProvider HHH000021: Bytecode provider name : bytebuddy
23-Aug-2026 15:50:46.835 INFO [http-nio-8080-exec-6] org.hibernate.engine.transaction.jta.platform.internal.JtaPlatformInitiator.initiateService HHH000490: Using JtaPlatform implementation: [org.hibernate.engine.transaction.jta.platform.internal.NoJtaPlatform]
23-Aug-2026 15:50:46.836 INFO [http-nio-8080-exec-6] org.hibernate.resource.transaction.backend.jdbc.internal.DdlTransactionIsolatorNonJtaImpl.getIsolatedConnection HHH10001501: Connection obtained from JdbcConnectionAccess [org.hibernate.engine.jdbc.env.internal.JdbcEnvironmentInitiator$ConnectionProviderJdbcConnectionAccess@62959b6b] for (non-JTA) DDL execution was not in auto-commit mode; the Connection 'local transaction' will be committed and the Connection will be set into auto-commit mode.
23-Aug-2026 15:50:51.132 INFO [http-nio-8080-exec-8] org.hibernate.jpa.internal.util.LogHelper.logPersistenceUnitInformation HHH000204: Processing PersistenceUnitInfo [name: glycemiePU]
23-Aug-2026 15:50:51.180 WARN [http-nio-8080-exec-8] org.hibernate.engine.jdbc.connections.internal.DriverManagerConnectionProviderImpl.configure HHH10001002: Using built-in connection pool (not intended for production use)
23-Aug-2026 15:50:51.180 INFO [http-nio-8080-exec-8] org.hibernate.engine.jdbc.connections.internal.DriverManagerConnectionProviderImpl.buildCreator HHH10001005: Loaded JDBC driver class: com.mysql.cj.jdbc.Driver
23-Aug-2026 15:50:51.181 INFO [http-nio-8080-exec-8] org.hibernate.engine.jdbc.connections.internal.DriverManagerConnectionProviderImpl.buildCreator HHH10001012: Connecting with JDBC URL [jdbc:mysql://localhost:3306/suivi_glycemie_db?useSSL=false&serverTimezone=UTC]
23-Aug-2026 15:50:51.181 INFO [http-nio-8080-exec-8] org.hibernate.engine.jdbc.connections.internal.DriverManagerConnectionProviderImpl.buildCreator HHH10001001: Connection properties: {password=****, user=root}
23-Aug-2026 15:50:51.181 INFO [http-nio-8080-exec-8] org.hibernate.engine.jdbc.connections.internal.DriverManagerConnectionProviderImpl.buildCreator HHH10001003: Autocommit mode: false
23-Aug-2026 15:50:51.181 INFO [http-nio-8080-exec-8] org.hibernate.engine.jdbc.connections.internal.DriverManagerConnectionProviderImpl$PooledConnections.<init> HHH10001115: Connection pool size: 20 (min=1)
23-Aug-2026 15:50:51.192 WARN [http-nio-8080-exec-8] org.hibernate.dialect.Dialect.checkVersion HHH000511: The 5.6.17 version for [org.hibernate.dialect.MySQLDialect] is no longer supported, hence certain features may not work properly. The minimum supported version is 5.7.0. Check the community dialects project for available legacy versions.
23-Aug-2026 15:50:51.220 INFO [http-nio-8080-exec-8] org.hibernate.bytecode.internal.BytecodeProviderInitiator.buildBytecodeProvider HHH000021: Bytecode provider name : bytebuddy
23-Aug-2026 15:50:51.339 INFO [http-nio-8080-exec-8] org.hibernate.engine.transaction.jta.platform.internal.JtaPlatformInitiator.initiateService HHH000490: Using JtaPlatform implementation: [org.hibernate.engine.transaction.jta.platform.internal.NoJtaPlatform]
23-Aug-2026 15:50:51.339 INFO [http-nio-8080-exec-8] org.hibernate.resource.transaction.backend.jdbc.internal.DdlTransactionIsolatorNonJtaImpl.getIsolatedConnection HHH10001501: Connection obtained from JdbcConnectionAccess [org.hibernate.engine.jdbc.env.internal.JdbcEnvironmentInitiator$ConnectionProviderJdbcConnectionAccess@7c2c4b9e] for (non-JTA) DDL execution was not in auto-commit mode; the Connection 'local transaction' will be committed and the Connection will be set into auto-commit mode.
23-Aug-2026 15:52:39.438 INFO [http-nio-8080-exec-1] org.hibernate.jpa.internal.util.LogHelper.logPersistenceUnitInformation HHH000204: Processing PersistenceUnitInfo [name: glycemiePU]
23-Aug-2026 15:52:39.593 WARN [http-nio-8080-exec-1] org.hibernate.engine.jdbc.connections.internal.DriverManagerConnectionProviderImpl.configure HHH10001002: Using built-in connection pool (not intended for production use)
23-Aug-2026 15:52:39.594 INFO [http-nio-8080-exec-1] org.hibernate.engine.jdbc.connections.internal.DriverManagerConnectionProviderImpl.buildCreator HHH10001005: Loaded JDBC driver class: com.mysql.cj.jdbc.Driver
23-Aug-2026 15:52:39.594 INFO [http-nio-8080-exec-1] org.hibernate.engine.jdbc.connections.internal.DriverManagerConnectionProviderImpl.buildCreator HHH10001012: Connecting with JDBC URL [jdbc:mysql://localhost:3306/suivi_glycemie_db?useSSL=false&serverTimezone=UTC]
23-Aug-2026 15:52:39.595 INFO [http-nio-8080-exec-1] org.hibernate.engine.jdbc.connections.internal.DriverManagerConnectionProviderImpl.buildCreator HHH10001001: Connection properties: {password=****, user=root}
23-Aug-2026 15:52:39.595 INFO [http-nio-8080-exec-1] org.hibernate.engine.jdbc.connections.internal.DriverManagerConnectionProviderImpl.buildCreator HHH10001003: Autocommit mode: false
23-Aug-2026 15:52:39.596 INFO [http-nio-8080-exec-1] org.hibernate.engine.jdbc.connections.internal.DriverManagerConnectionProviderImpl$PooledConnections.<init> HHH10001115: Connection pool size: 20 (min=1)
23-Aug-2026 15:52:39.608 WARN [http-nio-8080-exec-1] org.hibernate.dialect.Dialect.checkVersion HHH000511: The 5.6.17 version for [org.hibernate.dialect.MySQLDialect] is no longer supported, hence certain features may not work properly. The minimum supported version is 5.7.0. Check the community dialects project for available legacy versions.
23-Aug-2026 15:52:39.658 INFO [http-nio-8080-exec-1] org.hibernate.bytecode.internal.BytecodeProviderInitiator.buildBytecodeProvider HHH000021: Bytecode provider name : bytebuddy
23-Aug-2026 15:52:39.769 INFO [http-nio-8080-exec-1] org.hibernate.engine.transaction.jta.platform.internal.JtaPlatformInitiator.initiateService HHH000490: Using JtaPlatform implementation: [org.hibernate.engine.transaction.jta.platform.internal.NoJtaPlatform]
23-Aug-2026 15:52:39.770 INFO [http-nio-8080-exec-1] org.hibernate.resource.transaction.backend.jdbc.internal.DdlTransactionIsolatorNonJtaImpl.getIsolatedConnection HHH10001501: Connection obtained from JdbcConnectionAccess [org.hibernate.engine.jdbc.env.internal.JdbcEnvironmentInitiator$ConnectionProviderJdbcConnectionAccess@16ef27c3] for (non-JTA) DDL execution was not in auto-commit mode; the Connection 'local transaction' will be committed and the Connection will be set into auto-commit mode.
23-Aug-2026 15:56:17.620 INFOS [Thread-1] org.apache.coyote.AbstractProtocol.pause Le gestionnaire de protocole ["http-nio-8080"] est mis en pause
23-Aug-2026 15:56:17.643 INFOS [Thread-1] org.apache.catalina.core.StandardService.stopInternal Arrêt du service [Catalina]
23-Aug-2026 15:56:17.656 AVERTISSEMENT [Thread-1] org.apache.catalina.loader.WebappClassLoaderBase.clearReferencesJdbc L'application web [ROOT] a enregistré un pilote JDBC [com.mysql.cj.jdbc.Driver], mais ne l'a pas désenregistré avant l'arrêt de l'application.  Pour éviter une fuite de mémoire, le pilote JDBC a été désenregistré de force.
23-Aug-2026 15:56:17.657 AVERTISSEMENT [Thread-1] org.apache.catalina.loader.WebappClassLoaderBase.clearReferencesThreads L'application web [ROOT] semble avoir démarré un thread nommé [mysql-cj-abandoned-connection-cleanup] mais ne l'a pas arrêté, ce qui va probablement créer une fuite de mémoire ; la trace du thread est : 
 java.base/jdk.internal.misc.Unsafe.park(Native Method)
 java.base/java.util.concurrent.locks.LockSupport.parkNanos(LockSupport.java:269)
 java.base/java.util.concurrent.locks.AbstractQueuedSynchronizer$ConditionObject.await(AbstractQueuedSynchronizer.java:1886)
 java.base/java.lang.ref.ReferenceQueue.await(ReferenceQueue.java:71)
 java.base/java.lang.ref.ReferenceQueue.remove0(ReferenceQueue.java:143)
 java.base/java.lang.ref.ReferenceQueue.remove(ReferenceQueue.java:218)
 com.mysql.cj.jdbc.AbandonedConnectionCleanupThread.run(AbandonedConnectionCleanupThread.java:93)
 java.base/java.util.concurrent.ThreadPoolExecutor.runWorker(ThreadPoolExecutor.java:1144)
 java.base/java.util.concurrent.ThreadPoolExecutor$Worker.run(ThreadPoolExecutor.java:642)
 java.base/java.lang.Thread.run(Thread.java:1583)
23-Aug-2026 15:56:17.657 AVERTISSEMENT [Thread-1] org.apache.catalina.loader.WebappClassLoaderBase.clearReferencesThreads L'application web [ROOT] semble avoir démarré un thread nommé [Hibernate Connection Pool Validation Thread] mais ne l'a pas arrêté, ce qui va probablement créer une fuite de mémoire ; la trace du thread est : 
 java.base/jdk.internal.misc.Unsafe.park(Native Method)
 java.base/java.util.concurrent.locks.LockSupport.parkNanos(LockSupport.java:269)
 java.base/java.util.concurrent.locks.AbstractQueuedSynchronizer$ConditionObject.awaitNanos(AbstractQueuedSynchronizer.java:1797)
 java.base/java.util.concurrent.ScheduledThreadPoolExecutor$DelayedWorkQueue.take(ScheduledThreadPoolExecutor.java:1182)
 java.base/java.util.concurrent.ScheduledThreadPoolExecutor$DelayedWorkQueue.take(ScheduledThreadPoolExecutor.java:899)
 java.base/java.util.concurrent.ThreadPoolExecutor.getTask(ThreadPoolExecutor.java:1070)
 java.base/java.util.concurrent.ThreadPoolExecutor.runWorker(ThreadPoolExecutor.java:1130)
 java.base/java.util.concurrent.ThreadPoolExecutor$Worker.run(ThreadPoolExecutor.java:642)
 java.base/java.lang.Thread.run(Thread.java:1583)
23-Aug-2026 15:56:17.658 AVERTISSEMENT [Thread-1] org.apache.catalina.loader.WebappClassLoaderBase.clearReferencesThreads L'application web [ROOT] semble avoir démarré un thread nommé [Hibernate Connection Pool Validation Thread] mais ne l'a pas arrêté, ce qui va probablement créer une fuite de mémoire ; la trace du thread est : 
 java.base/jdk.internal.misc.Unsafe.park(Native Method)
 java.base/java.util.concurrent.locks.LockSupport.parkNanos(LockSupport.java:269)
 java.base/java.util.concurrent.locks.AbstractQueuedSynchronizer$ConditionObject.awaitNanos(AbstractQueuedSynchronizer.java:1797)
 java.base/java.util.concurrent.ScheduledThreadPoolExecutor$DelayedWorkQueue.take(ScheduledThreadPoolExecutor.java:1182)
 java.base/java.util.concurrent.ScheduledThreadPoolExecutor$DelayedWorkQueue.take(ScheduledThreadPoolExecutor.java:899)
 java.base/java.util.concurrent.ThreadPoolExecutor.getTask(ThreadPoolExecutor.java:1070)
 java.base/java.util.concurrent.ThreadPoolExecutor.runWorker(ThreadPoolExecutor.java:1130)
 java.base/java.util.concurrent.ThreadPoolExecutor$Worker.run(ThreadPoolExecutor.java:642)
 java.base/java.lang.Thread.run(Thread.java:1583)
23-Aug-2026 15:56:17.658 AVERTISSEMENT [Thread-1] org.apache.catalina.loader.WebappClassLoaderBase.clearReferencesThreads L'application web [ROOT] semble avoir démarré un thread nommé [Hibernate Connection Pool Validation Thread] mais ne l'a pas arrêté, ce qui va probablement créer une fuite de mémoire ; la trace du thread est : 
 java.base/jdk.internal.misc.Unsafe.park(Native Method)
 java.base/java.util.concurrent.locks.LockSupport.parkNanos(LockSupport.java:269)
 java.base/java.util.concurrent.locks.AbstractQueuedSynchronizer$ConditionObject.awaitNanos(AbstractQueuedSynchronizer.java:1797)
 java.base/java.util.concurrent.ScheduledThreadPoolExecutor$DelayedWorkQueue.take(ScheduledThreadPoolExecutor.java:1182)
 java.base/java.util.concurrent.ScheduledThreadPoolExecutor$DelayedWorkQueue.take(ScheduledThreadPoolExecutor.java:899)
 java.base/java.util.concurrent.ThreadPoolExecutor.getTask(ThreadPoolExecutor.java:1070)
 java.base/java.util.concurrent.ThreadPoolExecutor.runWorker(ThreadPoolExecutor.java:1130)
 java.base/java.util.concurrent.ThreadPoolExecutor$Worker.run(ThreadPoolExecutor.java:642)
 java.base/java.lang.Thread.run(Thread.java:1583)
23-Aug-2026 15:56:17.658 AVERTISSEMENT [Thread-1] org.apache.catalina.loader.WebappClassLoaderBase.clearReferencesThreads L'application web [ROOT] semble avoir démarré un thread nommé [Hibernate Connection Pool Validation Thread] mais ne l'a pas arrêté, ce qui va probablement créer une fuite de mémoire ; la trace du thread est : 
 java.base/jdk.internal.misc.Unsafe.park(Native Method)
 java.base/java.util.concurrent.locks.LockSupport.parkNanos(LockSupport.java:269)
 java.base/java.util.concurrent.locks.AbstractQueuedSynchronizer$ConditionObject.awaitNanos(AbstractQueuedSynchronizer.java:1797)
 java.base/java.util.concurrent.ScheduledThreadPoolExecutor$DelayedWorkQueue.take(ScheduledThreadPoolExecutor.java:1182)
 java.base/java.util.concurrent.ScheduledThreadPoolExecutor$DelayedWorkQueue.take(ScheduledThreadPoolExecutor.java:899)
 java.base/java.util.concurrent.ThreadPoolExecutor.getTask(ThreadPoolExecutor.java:1070)
 java.base/java.util.concurrent.ThreadPoolExecutor.runWorker(ThreadPoolExecutor.java:1130)
 java.base/java.util.concurrent.ThreadPoolExecutor$Worker.run(ThreadPoolExecutor.java:642)
 java.base/java.lang.Thread.run(Thread.java:1583)
23-Aug-2026 15:56:17.694 INFOS [Thread-1] org.apache.coyote.AbstractProtocol.stop Arrêt du gestionnaire de protocole ["http-nio-8080"]
23-Aug-2026 15:56:17.706 INFOS [Thread-1] org.apache.coyote.AbstractProtocol.destroy Destruction du gestionnaire de protocole ["http-nio-8080"]
23-Aug-2026 15:56:20.604 INFOS [main] org.apache.catalina.startup.VersionLoggerListener.log Nom version serveur :              Apache Tomcat/10.1.42
23-Aug-2026 15:56:20.610 INFOS [main] org.apache.catalina.startup.VersionLoggerListener.log Serveur compilé :                  Jun 5 2025 22:35:46 UTC
23-Aug-2026 15:56:20.611 INFOS [main] org.apache.catalina.startup.VersionLoggerListener.log Version du serveur :               10.1.42.0
23-Aug-2026 15:56:20.611 INFOS [main] org.apache.catalina.startup.VersionLoggerListener.log Nom de l'OS :                      Windows 11
23-Aug-2026 15:56:20.611 INFOS [main] org.apache.catalina.startup.VersionLoggerListener.log Version OS :                       10.0
23-Aug-2026 15:56:20.611 INFOS [main] org.apache.catalina.startup.VersionLoggerListener.log Architecture :                     amd64
23-Aug-2026 15:56:20.611 INFOS [main] org.apache.catalina.startup.VersionLoggerListener.log Java Home :                        C:\Users\HP\.jdks\jbrsdk_jcef-21.0.9
23-Aug-2026 15:56:20.612 INFOS [main] org.apache.catalina.startup.VersionLoggerListener.log Version JVM :                      21.0.9+1-b1038.75
23-Aug-2026 15:56:20.612 INFOS [main] org.apache.catalina.startup.VersionLoggerListener.log Fournisseur de la JVM :            JetBrains s.r.o.
23-Aug-2026 15:56:20.612 INFOS [main] org.apache.catalina.startup.VersionLoggerListener.log CATALINA_BASE :                    C:\Users\HP\Desktop\samasuker\.smarttomcat
23-Aug-2026 15:56:20.612 INFOS [main] org.apache.catalina.startup.VersionLoggerListener.log CATALINA_HOME :                    C:\Users\HP\Desktop\apache-tomcat-10.1.42
23-Aug-2026 15:56:20.630 INFOS [main] org.apache.catalina.startup.VersionLoggerListener.log Argument de la ligne de commande : --add-opens=java.base/java.lang=ALL-UNNAMED
23-Aug-2026 15:56:20.630 INFOS [main] org.apache.catalina.startup.VersionLoggerListener.log Argument de la ligne de commande : --add-opens=java.base/java.io=ALL-UNNAMED
23-Aug-2026 15:56:20.632 INFOS [main] org.apache.catalina.startup.VersionLoggerListener.log Argument de la ligne de commande : --add-opens=java.base/java.util=ALL-UNNAMED
23-Aug-2026 15:56:20.632 INFOS [main] org.apache.catalina.startup.VersionLoggerListener.log Argument de la ligne de commande : --add-opens=java.base/java.util.concurrent=ALL-UNNAMED
23-Aug-2026 15:56:20.632 INFOS [main] org.apache.catalina.startup.VersionLoggerListener.log Argument de la ligne de commande : --add-opens=java.rmi/sun.rmi.transport=ALL-UNNAMED
23-Aug-2026 15:56:20.632 INFOS [main] org.apache.catalina.startup.VersionLoggerListener.log Argument de la ligne de commande : -Dcatalina.home=C:\Users\HP\Desktop\apache-tomcat-10.1.42
23-Aug-2026 15:56:20.632 INFOS [main] org.apache.catalina.startup.VersionLoggerListener.log Argument de la ligne de commande : -Dcatalina.base=C:\Users\HP\Desktop\samasuker\.smarttomcat
23-Aug-2026 15:56:20.632 INFOS [main] org.apache.catalina.startup.VersionLoggerListener.log Argument de la ligne de commande : -Djava.io.tmpdir=C:\Users\HP\Desktop\samasuker\.smarttomcat\temp
23-Aug-2026 15:56:20.633 INFOS [main] org.apache.catalina.startup.VersionLoggerListener.log Argument de la ligne de commande : -Djava.util.logging.config.file=C:\Users\HP\Desktop\samasuker\.smarttomcat\conf\logging.properties
23-Aug-2026 15:56:20.633 INFOS [main] org.apache.catalina.startup.VersionLoggerListener.log Argument de la ligne de commande : -Djava.util.logging.manager=org.apache.juli.ClassLoaderLogManager
23-Aug-2026 15:56:20.633 INFOS [main] org.apache.catalina.startup.VersionLoggerListener.log Argument de la ligne de commande : -javaagent:C:\Program Files\JetBrains\IntelliJ IDEA 2025.2.2\lib\idea_rt.jar=60757
23-Aug-2026 15:56:20.633 INFOS [main] org.apache.catalina.startup.VersionLoggerListener.log Argument de la ligne de commande : -Dfile.encoding=UTF-8
23-Aug-2026 15:56:20.633 INFOS [main] org.apache.catalina.startup.VersionLoggerListener.log Argument de la ligne de commande : -Dsun.stdout.encoding=UTF-8
23-Aug-2026 15:56:20.633 INFOS [main] org.apache.catalina.startup.VersionLoggerListener.log Argument de la ligne de commande : -Dsun.stderr.encoding=UTF-8
23-Aug-2026 15:56:20.640 INFOS [main] org.apache.catalina.core.AprLifecycleListener.lifecycleEvent Chargement de la librairie Apache Tomcat Native [2.0.9] en utilisant APR version [1.7.6]
23-Aug-2026 15:56:20.651 INFOS [main] org.apache.catalina.core.AprLifecycleListener.initializeSSL OpenSSL a été initialisé avec succès [OpenSSL 3.5.0 8 Apr 2025]
23-Aug-2026 15:56:21.233 INFOS [main] org.apache.coyote.AbstractProtocol.init Initialisation du gestionnaire de protocole ["http-nio-8080"]
23-Aug-2026 15:56:21.270 INFOS [main] org.apache.catalina.startup.Catalina.load L'initialisation du serveur a pris [1089] millisecondes
23-Aug-2026 15:56:21.378 INFOS [main] org.apache.catalina.core.StandardService.startInternal Démarrage du service [Catalina]
23-Aug-2026 15:56:21.379 INFOS [main] org.apache.catalina.core.StandardEngine.startInternal Démarrage du moteur de Servlets : [Apache Tomcat/10.1.42]
23-Aug-2026 15:56:21.400 INFOS [main] org.apache.catalina.startup.HostConfig.deployDescriptor Déploiement du descripteur de configuration [C:\Users\HP\Desktop\samasuker\.smarttomcat\conf\Catalina\localhost\MDD.xml]
23-Aug-2026 15:56:27.543 INFOS [main] org.apache.jasper.servlet.TldScanner.scanJars Au moins un fichier JAR a été analysé pour trouver des TLDs mais il n'en contenait pas, le mode "debug" du journal peut être activé pour obtenir une liste complète de JAR scannés sans succès ; éviter d'analyser des JARs inutilement peut améliorer sensiblement le temps de démarrage et le temps de compilation des JSPs
23-Aug-2026 15:56:27.730 INFOS [main] org.apache.catalina.startup.HostConfig.deployDescriptor Le traitement du descripteur de déploiement [C:\Users\HP\Desktop\samasuker\.smarttomcat\conf\Catalina\localhost\MDD.xml] a pris [6 316] ms
23-Aug-2026 15:56:27.731 INFOS [main] org.apache.catalina.startup.HostConfig.deployDescriptor Déploiement du descripteur de configuration [C:\Users\HP\Desktop\samasuker\.smarttomcat\conf\Catalina\localhost\ROOT.xml]
23-Aug-2026 15:56:31.686 INFOS [main] org.apache.jasper.servlet.TldScanner.scanJars Au moins un fichier JAR a été analysé pour trouver des TLDs mais il n'en contenait pas, le mode "debug" du journal peut être activé pour obtenir une liste complète de JAR scannés sans succès ; éviter d'analyser des JARs inutilement peut améliorer sensiblement le temps de démarrage et le temps de compilation des JSPs
23-Aug-2026 15:56:31.737 INFOS [main] org.apache.catalina.startup.HostConfig.deployDescriptor Le traitement du descripteur de déploiement [C:\Users\HP\Desktop\samasuker\.smarttomcat\conf\Catalina\localhost\ROOT.xml] a pris [4 005] ms
23-Aug-2026 15:56:31.745 INFOS [main] org.apache.coyote.AbstractProtocol.start Démarrage du gestionnaire de protocole ["http-nio-8080"]
23-Aug-2026 15:56:31.796 INFOS [main] org.apache.catalina.startup.Catalina.start Le démarrage du serveur a pris [10524] millisecondes
23-Aug-2026 15:56:44.559 INFO [http-nio-8080-exec-2] org.hibernate.jpa.internal.util.LogHelper.logPersistenceUnitInformation HHH000204: Processing PersistenceUnitInfo [name: glycemiePU]
23-Aug-2026 15:56:45.184 INFO [http-nio-8080-exec-2] org.hibernate.Version.logVersion HHH000412: Hibernate ORM core version 6.2.7.Final
23-Aug-2026 15:56:45.202 INFO [http-nio-8080-exec-2] org.hibernate.cfg.Environment.<clinit> HHH000406: Using bytecode reflection optimizer
23-Aug-2026 15:56:47.257 WARN [http-nio-8080-exec-2] org.hibernate.engine.jdbc.connections.internal.DriverManagerConnectionProviderImpl.configure HHH10001002: Using built-in connection pool (not intended for production use)
23-Aug-2026 15:56:47.295 INFO [http-nio-8080-exec-2] org.hibernate.engine.jdbc.connections.internal.DriverManagerConnectionProviderImpl.buildCreator HHH10001005: Loaded JDBC driver class: com.mysql.cj.jdbc.Driver
23-Aug-2026 15:56:47.295 INFO [http-nio-8080-exec-2] org.hibernate.engine.jdbc.connections.internal.DriverManagerConnectionProviderImpl.buildCreator HHH10001012: Connecting with JDBC URL [jdbc:mysql://localhost:3306/suivi_glycemie_db?useSSL=false&serverTimezone=UTC]
23-Aug-2026 15:56:47.296 INFO [http-nio-8080-exec-2] org.hibernate.engine.jdbc.connections.internal.DriverManagerConnectionProviderImpl.buildCreator HHH10001001: Connection properties: {password=****, user=root}
23-Aug-2026 15:56:47.296 INFO [http-nio-8080-exec-2] org.hibernate.engine.jdbc.connections.internal.DriverManagerConnectionProviderImpl.buildCreator HHH10001003: Autocommit mode: false
23-Aug-2026 15:56:47.325 INFO [http-nio-8080-exec-2] org.hibernate.engine.jdbc.connections.internal.DriverManagerConnectionProviderImpl$PooledConnections.<init> HHH10001115: Connection pool size: 20 (min=1)
23-Aug-2026 15:56:48.607 WARN [http-nio-8080-exec-2] org.hibernate.dialect.Dialect.checkVersion HHH000511: The 5.6.17 version for [org.hibernate.dialect.MySQLDialect] is no longer supported, hence certain features may not work properly. The minimum supported version is 5.7.0. Check the community dialects project for available legacy versions.
23-Aug-2026 15:56:50.012 INFO [http-nio-8080-exec-2] org.hibernate.bytecode.internal.BytecodeProviderInitiator.buildBytecodeProvider HHH000021: Bytecode provider name : bytebuddy
23-Aug-2026 15:56:54.915 INFO [http-nio-8080-exec-2] org.hibernate.engine.transaction.jta.platform.internal.JtaPlatformInitiator.initiateService HHH000490: Using JtaPlatform implementation: [org.hibernate.engine.transaction.jta.platform.internal.NoJtaPlatform]
23-Aug-2026 15:56:55.161 INFO [http-nio-8080-exec-2] org.hibernate.resource.transaction.backend.jdbc.internal.DdlTransactionIsolatorNonJtaImpl.getIsolatedConnection HHH10001501: Connection obtained from JdbcConnectionAccess [org.hibernate.engine.jdbc.env.internal.JdbcEnvironmentInitiator$ConnectionProviderJdbcConnectionAccess@75e88a99] for (non-JTA) DDL execution was not in auto-commit mode; the Connection 'local transaction' will be committed and the Connection will be set into auto-commit mode.
23-Aug-2026 15:56:57.229 INFO [http-nio-8080-exec-4] org.hibernate.jpa.internal.util.LogHelper.logPersistenceUnitInformation HHH000204: Processing PersistenceUnitInfo [name: glycemiePU]
23-Aug-2026 15:56:57.372 WARN [http-nio-8080-exec-4] org.hibernate.engine.jdbc.connections.internal.DriverManagerConnectionProviderImpl.configure HHH10001002: Using built-in connection pool (not intended for production use)
23-Aug-2026 15:56:57.372 INFO [http-nio-8080-exec-4] org.hibernate.engine.jdbc.connections.internal.DriverManagerConnectionProviderImpl.buildCreator HHH10001005: Loaded JDBC driver class: com.mysql.cj.jdbc.Driver
23-Aug-2026 15:56:57.372 INFO [http-nio-8080-exec-4] org.hibernate.engine.jdbc.connections.internal.DriverManagerConnectionProviderImpl.buildCreator HHH10001012: Connecting with JDBC URL [jdbc:mysql://localhost:3306/suivi_glycemie_db?useSSL=false&serverTimezone=UTC]
23-Aug-2026 15:56:57.372 INFO [http-nio-8080-exec-4] org.hibernate.engine.jdbc.connections.internal.DriverManagerConnectionProviderImpl.buildCreator HHH10001001: Connection properties: {password=****, user=root}
23-Aug-2026 15:56:57.372 INFO [http-nio-8080-exec-4] org.hibernate.engine.jdbc.connections.internal.DriverManagerConnectionProviderImpl.buildCreator HHH10001003: Autocommit mode: false
23-Aug-2026 15:56:57.372 INFO [http-nio-8080-exec-4] org.hibernate.engine.jdbc.connections.internal.DriverManagerConnectionProviderImpl$PooledConnections.<init> HHH10001115: Connection pool size: 20 (min=1)
23-Aug-2026 15:56:57.390 WARN [http-nio-8080-exec-4] org.hibernate.dialect.Dialect.checkVersion HHH000511: The 5.6.17 version for [org.hibernate.dialect.MySQLDialect] is no longer supported, hence certain features may not work properly. The minimum supported version is 5.7.0. Check the community dialects project for available legacy versions.
23-Aug-2026 15:56:57.460 INFO [http-nio-8080-exec-4] org.hibernate.bytecode.internal.BytecodeProviderInitiator.buildBytecodeProvider HHH000021: Bytecode provider name : bytebuddy
23-Aug-2026 15:56:57.627 INFO [http-nio-8080-exec-4] org.hibernate.engine.transaction.jta.platform.internal.JtaPlatformInitiator.initiateService HHH000490: Using JtaPlatform implementation: [org.hibernate.engine.transaction.jta.platform.internal.NoJtaPlatform]
23-Aug-2026 15:56:57.627 INFO [http-nio-8080-exec-4] org.hibernate.resource.transaction.backend.jdbc.internal.DdlTransactionIsolatorNonJtaImpl.getIsolatedConnection HHH10001501: Connection obtained from JdbcConnectionAccess [org.hibernate.engine.jdbc.env.internal.JdbcEnvironmentInitiator$ConnectionProviderJdbcConnectionAccess@2282592c] for (non-JTA) DDL execution was not in auto-commit mode; the Connection 'local transaction' will be committed and the Connection will be set into auto-commit mode.
23-Aug-2026 16:12:20.687 INFOS [Thread-1] org.apache.coyote.AbstractProtocol.pause Le gestionnaire de protocole ["http-nio-8080"] est mis en pause
23-Aug-2026 16:12:20.706 INFOS [Thread-1] org.apache.catalina.core.StandardService.stopInternal Arrêt du service [Catalina]
23-Aug-2026 16:12:20.719 AVERTISSEMENT [Thread-1] org.apache.catalina.loader.WebappClassLoaderBase.clearReferencesJdbc L'application web [ROOT] a enregistré un pilote JDBC [com.mysql.cj.jdbc.Driver], mais ne l'a pas désenregistré avant l'arrêt de l'application.  Pour éviter une fuite de mémoire, le pilote JDBC a été désenregistré de force.
23-Aug-2026 16:12:20.720 AVERTISSEMENT [Thread-1] org.apache.catalina.loader.WebappClassLoaderBase.clearReferencesThreads L'application web [ROOT] semble avoir démarré un thread nommé [mysql-cj-abandoned-connection-cleanup] mais ne l'a pas arrêté, ce qui va probablement créer une fuite de mémoire ; la trace du thread est : 
 java.base/jdk.internal.misc.Unsafe.park(Native Method)
 java.base/java.util.concurrent.locks.LockSupport.parkNanos(LockSupport.java:269)
 java.base/java.util.concurrent.locks.AbstractQueuedSynchronizer$ConditionObject.await(AbstractQueuedSynchronizer.java:1886)
 java.base/java.lang.ref.ReferenceQueue.await(ReferenceQueue.java:71)
 java.base/java.lang.ref.ReferenceQueue.remove0(ReferenceQueue.java:143)
 java.base/java.lang.ref.ReferenceQueue.remove(ReferenceQueue.java:218)
 com.mysql.cj.jdbc.AbandonedConnectionCleanupThread.run(AbandonedConnectionCleanupThread.java:93)
 java.base/java.util.concurrent.ThreadPoolExecutor.runWorker(ThreadPoolExecutor.java:1144)
 java.base/java.util.concurrent.ThreadPoolExecutor$Worker.run(ThreadPoolExecutor.java:642)
 java.base/java.lang.Thread.run(Thread.java:1583)
23-Aug-2026 16:12:20.721 AVERTISSEMENT [Thread-1] org.apache.catalina.loader.WebappClassLoaderBase.clearReferencesThreads L'application web [ROOT] semble avoir démarré un thread nommé [Hibernate Connection Pool Validation Thread] mais ne l'a pas arrêté, ce qui va probablement créer une fuite de mémoire ; la trace du thread est : 
 java.base/jdk.internal.misc.Unsafe.park(Native Method)
 java.base/java.util.concurrent.locks.LockSupport.parkNanos(LockSupport.java:269)
 java.base/java.util.concurrent.locks.AbstractQueuedSynchronizer$ConditionObject.awaitNanos(AbstractQueuedSynchronizer.java:1797)
 java.base/java.util.concurrent.ScheduledThreadPoolExecutor$DelayedWorkQueue.take(ScheduledThreadPoolExecutor.java:1182)
 java.base/java.util.concurrent.ScheduledThreadPoolExecutor$DelayedWorkQueue.take(ScheduledThreadPoolExecutor.java:899)
 java.base/java.util.concurrent.ThreadPoolExecutor.getTask(ThreadPoolExecutor.java:1070)
 java.base/java.util.concurrent.ThreadPoolExecutor.runWorker(ThreadPoolExecutor.java:1130)
 java.base/java.util.concurrent.ThreadPoolExecutor$Worker.run(ThreadPoolExecutor.java:642)
 java.base/java.lang.Thread.run(Thread.java:1583)
23-Aug-2026 16:12:20.721 AVERTISSEMENT [Thread-1] org.apache.catalina.loader.WebappClassLoaderBase.clearReferencesThreads L'application web [ROOT] semble avoir démarré un thread nommé [Hibernate Connection Pool Validation Thread] mais ne l'a pas arrêté, ce qui va probablement créer une fuite de mémoire ; la trace du thread est : 
 java.base/jdk.internal.misc.Unsafe.park(Native Method)
 java.base/java.util.concurrent.locks.LockSupport.parkNanos(LockSupport.java:269)
 java.base/java.util.concurrent.locks.AbstractQueuedSynchronizer$ConditionObject.awaitNanos(AbstractQueuedSynchronizer.java:1797)
 java.base/java.util.concurrent.ScheduledThreadPoolExecutor$DelayedWorkQueue.take(ScheduledThreadPoolExecutor.java:1182)
 java.base/java.util.concurrent.ScheduledThreadPoolExecutor$DelayedWorkQueue.take(ScheduledThreadPoolExecutor.java:899)
 java.base/java.util.concurrent.ThreadPoolExecutor.getTask(ThreadPoolExecutor.java:1070)
 java.base/java.util.concurrent.ThreadPoolExecutor.runWorker(ThreadPoolExecutor.java:1130)
 java.base/java.util.concurrent.ThreadPoolExecutor$Worker.run(ThreadPoolExecutor.java:642)
 java.base/java.lang.Thread.run(Thread.java:1583)
23-Aug-2026 16:12:20.750 INFOS [Thread-1] org.apache.coyote.AbstractProtocol.stop Arrêt du gestionnaire de protocole ["http-nio-8080"]
23-Aug-2026 16:12:20.767 INFOS [Thread-1] org.apache.coyote.AbstractProtocol.destroy Destruction du gestionnaire de protocole ["http-nio-8080"]
23-Aug-2026 16:14:42.455 INFOS [main] org.apache.catalina.startup.VersionLoggerListener.log Nom version serveur :              Apache Tomcat/10.1.42
23-Aug-2026 16:14:42.461 INFOS [main] org.apache.catalina.startup.VersionLoggerListener.log Serveur compilé :                  Jun 5 2025 22:35:46 UTC
23-Aug-2026 16:14:42.461 INFOS [main] org.apache.catalina.startup.VersionLoggerListener.log Version du serveur :               10.1.42.0
23-Aug-2026 16:14:42.461 INFOS [main] org.apache.catalina.startup.VersionLoggerListener.log Nom de l'OS :                      Windows 11
23-Aug-2026 16:14:42.462 INFOS [main] org.apache.catalina.startup.VersionLoggerListener.log Version OS :                       10.0
23-Aug-2026 16:14:42.462 INFOS [main] org.apache.catalina.startup.VersionLoggerListener.log Architecture :                     amd64
23-Aug-2026 16:14:42.462 INFOS [main] org.apache.catalina.startup.VersionLoggerListener.log Java Home :                        C:\Users\HP\.jdks\jbrsdk_jcef-21.0.9
23-Aug-2026 16:14:42.462 INFOS [main] org.apache.catalina.startup.VersionLoggerListener.log Version JVM :                      21.0.9+1-b1038.75
23-Aug-2026 16:14:42.462 INFOS [main] org.apache.catalina.startup.VersionLoggerListener.log Fournisseur de la JVM :            JetBrains s.r.o.
23-Aug-2026 16:14:42.462 INFOS [main] org.apache.catalina.startup.VersionLoggerListener.log CATALINA_BASE :                    C:\Users\HP\Desktop\samasuker\.smarttomcat
23-Aug-2026 16:14:42.463 INFOS [main] org.apache.catalina.startup.VersionLoggerListener.log CATALINA_HOME :                    C:\Users\HP\Desktop\apache-tomcat-10.1.42
23-Aug-2026 16:14:42.483 INFOS [main] org.apache.catalina.startup.VersionLoggerListener.log Argument de la ligne de commande : --add-opens=java.base/java.lang=ALL-UNNAMED
23-Aug-2026 16:14:42.483 INFOS [main] org.apache.catalina.startup.VersionLoggerListener.log Argument de la ligne de commande : --add-opens=java.base/java.io=ALL-UNNAMED
23-Aug-2026 16:14:42.483 INFOS [main] org.apache.catalina.startup.VersionLoggerListener.log Argument de la ligne de commande : --add-opens=java.base/java.util=ALL-UNNAMED
23-Aug-2026 16:14:42.483 INFOS [main] org.apache.catalina.startup.VersionLoggerListener.log Argument de la ligne de commande : --add-opens=java.base/java.util.concurrent=ALL-UNNAMED
23-Aug-2026 16:14:42.483 INFOS [main] org.apache.catalina.startup.VersionLoggerListener.log Argument de la ligne de commande : --add-opens=java.rmi/sun.rmi.transport=ALL-UNNAMED
23-Aug-2026 16:14:42.484 INFOS [main] org.apache.catalina.startup.VersionLoggerListener.log Argument de la ligne de commande : -Dcatalina.home=C:\Users\HP\Desktop\apache-tomcat-10.1.42
23-Aug-2026 16:14:42.484 INFOS [main] org.apache.catalina.startup.VersionLoggerListener.log Argument de la ligne de commande : -Dcatalina.base=C:\Users\HP\Desktop\samasuker\.smarttomcat
23-Aug-2026 16:14:42.484 INFOS [main] org.apache.catalina.startup.VersionLoggerListener.log Argument de la ligne de commande : -Djava.io.tmpdir=C:\Users\HP\Desktop\samasuker\.smarttomcat\temp
23-Aug-2026 16:14:42.484 INFOS [main] org.apache.catalina.startup.VersionLoggerListener.log Argument de la ligne de commande : -Djava.util.logging.config.file=C:\Users\HP\Desktop\samasuker\.smarttomcat\conf\logging.properties
23-Aug-2026 16:14:42.484 INFOS [main] org.apache.catalina.startup.VersionLoggerListener.log Argument de la ligne de commande : -Djava.util.logging.manager=org.apache.juli.ClassLoaderLogManager
23-Aug-2026 16:14:42.484 INFOS [main] org.apache.catalina.startup.VersionLoggerListener.log Argument de la ligne de commande : -javaagent:C:\Program Files\JetBrains\IntelliJ IDEA 2025.2.2\lib\idea_rt.jar=51904
23-Aug-2026 16:14:42.484 INFOS [main] org.apache.catalina.startup.VersionLoggerListener.log Argument de la ligne de commande : -Dfile.encoding=UTF-8
23-Aug-2026 16:14:42.486 INFOS [main] org.apache.catalina.startup.VersionLoggerListener.log Argument de la ligne de commande : -Dsun.stdout.encoding=UTF-8
23-Aug-2026 16:14:42.486 INFOS [main] org.apache.catalina.startup.VersionLoggerListener.log Argument de la ligne de commande : -Dsun.stderr.encoding=UTF-8
23-Aug-2026 16:14:42.490 INFOS [main] org.apache.catalina.core.AprLifecycleListener.lifecycleEvent Chargement de la librairie Apache Tomcat Native [2.0.9] en utilisant APR version [1.7.6]
23-Aug-2026 16:14:42.501 INFOS [main] org.apache.catalina.core.AprLifecycleListener.initializeSSL OpenSSL a été initialisé avec succès [OpenSSL 3.5.0 8 Apr 2025]
23-Aug-2026 16:14:43.278 INFOS [main] org.apache.coyote.AbstractProtocol.init Initialisation du gestionnaire de protocole ["http-nio-8080"]
23-Aug-2026 16:14:43.313 INFOS [main] org.apache.catalina.startup.Catalina.load L'initialisation du serveur a pris [1350] millisecondes
23-Aug-2026 16:14:43.417 INFOS [main] org.apache.catalina.core.StandardService.startInternal Démarrage du service [Catalina]
23-Aug-2026 16:14:43.418 INFOS [main] org.apache.catalina.core.StandardEngine.startInternal Démarrage du moteur de Servlets : [Apache Tomcat/10.1.42]
23-Aug-2026 16:14:43.440 INFOS [main] org.apache.catalina.startup.HostConfig.deployDescriptor Déploiement du descripteur de configuration [C:\Users\HP\Desktop\samasuker\.smarttomcat\conf\Catalina\localhost\MDD.xml]
23-Aug-2026 16:14:50.265 INFOS [main] org.apache.jasper.servlet.TldScanner.scanJars Au moins un fichier JAR a été analysé pour trouver des TLDs mais il n'en contenait pas, le mode "debug" du journal peut être activé pour obtenir une liste complète de JAR scannés sans succès ; éviter d'analyser des JARs inutilement peut améliorer sensiblement le temps de démarrage et le temps de compilation des JSPs
23-Aug-2026 16:14:50.461 INFOS [main] org.apache.catalina.startup.HostConfig.deployDescriptor Le traitement du descripteur de déploiement [C:\Users\HP\Desktop\samasuker\.smarttomcat\conf\Catalina\localhost\MDD.xml] a pris [7 010] ms
23-Aug-2026 16:14:50.462 INFOS [main] org.apache.catalina.startup.HostConfig.deployDescriptor Déploiement du descripteur de configuration [C:\Users\HP\Desktop\samasuker\.smarttomcat\conf\Catalina\localhost\ROOT.xml]
23-Aug-2026 16:14:56.048 INFOS [main] org.apache.jasper.servlet.TldScanner.scanJars Au moins un fichier JAR a été analysé pour trouver des TLDs mais il n'en contenait pas, le mode "debug" du journal peut être activé pour obtenir une liste complète de JAR scannés sans succès ; éviter d'analyser des JARs inutilement peut améliorer sensiblement le temps de démarrage et le temps de compilation des JSPs
23-Aug-2026 16:14:56.134 INFOS [main] org.apache.catalina.startup.HostConfig.deployDescriptor Le traitement du descripteur de déploiement [C:\Users\HP\Desktop\samasuker\.smarttomcat\conf\Catalina\localhost\ROOT.xml] a pris [5 673] ms
23-Aug-2026 16:14:56.148 INFOS [main] org.apache.coyote.AbstractProtocol.start Démarrage du gestionnaire de protocole ["http-nio-8080"]
23-Aug-2026 16:14:56.214 INFOS [main] org.apache.catalina.startup.Catalina.start Le démarrage du serveur a pris [12898] millisecondes
23-Aug-2026 16:15:07.802 INFO [http-nio-8080-exec-3] org.hibernate.jpa.internal.util.LogHelper.logPersistenceUnitInformation HHH000204: Processing PersistenceUnitInfo [name: glycemiePU]
23-Aug-2026 16:15:08.486 INFO [http-nio-8080-exec-3] org.hibernate.Version.logVersion HHH000412: Hibernate ORM core version 6.2.7.Final
23-Aug-2026 16:15:08.504 INFO [http-nio-8080-exec-3] org.hibernate.cfg.Environment.<clinit> HHH000406: Using bytecode reflection optimizer
23-Aug-2026 16:15:10.303 WARN [http-nio-8080-exec-3] org.hibernate.engine.jdbc.connections.internal.DriverManagerConnectionProviderImpl.configure HHH10001002: Using built-in connection pool (not intended for production use)
23-Aug-2026 16:15:10.322 INFO [http-nio-8080-exec-3] org.hibernate.engine.jdbc.connections.internal.DriverManagerConnectionProviderImpl.buildCreator HHH10001005: Loaded JDBC driver class: com.mysql.cj.jdbc.Driver
23-Aug-2026 16:15:10.322 INFO [http-nio-8080-exec-3] org.hibernate.engine.jdbc.connections.internal.DriverManagerConnectionProviderImpl.buildCreator HHH10001012: Connecting with JDBC URL [jdbc:mysql://localhost:3306/suivi_glycemie_db?useSSL=false&serverTimezone=UTC]
23-Aug-2026 16:15:10.322 INFO [http-nio-8080-exec-3] org.hibernate.engine.jdbc.connections.internal.DriverManagerConnectionProviderImpl.buildCreator HHH10001001: Connection properties: {password=****, user=root}
23-Aug-2026 16:15:10.322 INFO [http-nio-8080-exec-3] org.hibernate.engine.jdbc.connections.internal.DriverManagerConnectionProviderImpl.buildCreator HHH10001003: Autocommit mode: false
23-Aug-2026 16:15:10.343 INFO [http-nio-8080-exec-3] org.hibernate.engine.jdbc.connections.internal.DriverManagerConnectionProviderImpl$PooledConnections.<init> HHH10001115: Connection pool size: 20 (min=1)
23-Aug-2026 16:15:11.106 WARN [http-nio-8080-exec-3] org.hibernate.dialect.Dialect.checkVersion HHH000511: The 5.6.17 version for [org.hibernate.dialect.MySQLDialect] is no longer supported, hence certain features may not work properly. The minimum supported version is 5.7.0. Check the community dialects project for available legacy versions.
23-Aug-2026 16:15:12.453 INFO [http-nio-8080-exec-3] org.hibernate.bytecode.internal.BytecodeProviderInitiator.buildBytecodeProvider HHH000021: Bytecode provider name : bytebuddy
23-Aug-2026 16:15:19.070 INFO [http-nio-8080-exec-3] org.hibernate.engine.transaction.jta.platform.internal.JtaPlatformInitiator.initiateService HHH000490: Using JtaPlatform implementation: [org.hibernate.engine.transaction.jta.platform.internal.NoJtaPlatform]
23-Aug-2026 16:15:19.227 INFO [http-nio-8080-exec-3] org.hibernate.resource.transaction.backend.jdbc.internal.DdlTransactionIsolatorNonJtaImpl.getIsolatedConnection HHH10001501: Connection obtained from JdbcConnectionAccess [org.hibernate.engine.jdbc.env.internal.JdbcEnvironmentInitiator$ConnectionProviderJdbcConnectionAccess@55edb790] for (non-JTA) DDL execution was not in auto-commit mode; the Connection 'local transaction' will be committed and the Connection will be set into auto-commit mode.
23-Aug-2026 16:15:21.391 INFO [http-nio-8080-exec-5] org.hibernate.jpa.internal.util.LogHelper.logPersistenceUnitInformation HHH000204: Processing PersistenceUnitInfo [name: glycemiePU]
23-Aug-2026 16:15:21.465 WARN [http-nio-8080-exec-5] org.hibernate.engine.jdbc.connections.internal.DriverManagerConnectionProviderImpl.configure HHH10001002: Using built-in connection pool (not intended for production use)
23-Aug-2026 16:15:21.465 INFO [http-nio-8080-exec-5] org.hibernate.engine.jdbc.connections.internal.DriverManagerConnectionProviderImpl.buildCreator HHH10001005: Loaded JDBC driver class: com.mysql.cj.jdbc.Driver
23-Aug-2026 16:15:21.465 INFO [http-nio-8080-exec-5] org.hibernate.engine.jdbc.connections.internal.DriverManagerConnectionProviderImpl.buildCreator HHH10001012: Connecting with JDBC URL [jdbc:mysql://localhost:3306/suivi_glycemie_db?useSSL=false&serverTimezone=UTC]
23-Aug-2026 16:15:21.465 INFO [http-nio-8080-exec-5] org.hibernate.engine.jdbc.connections.internal.DriverManagerConnectionProviderImpl.buildCreator HHH10001001: Connection properties: {password=****, user=root}
23-Aug-2026 16:15:21.465 INFO [http-nio-8080-exec-5] org.hibernate.engine.jdbc.connections.internal.DriverManagerConnectionProviderImpl.buildCreator HHH10001003: Autocommit mode: false
23-Aug-2026 16:15:21.465 INFO [http-nio-8080-exec-5] org.hibernate.engine.jdbc.connections.internal.DriverManagerConnectionProviderImpl$PooledConnections.<init> HHH10001115: Connection pool size: 20 (min=1)
23-Aug-2026 16:15:21.482 WARN [http-nio-8080-exec-5] org.hibernate.dialect.Dialect.checkVersion HHH000511: The 5.6.17 version for [org.hibernate.dialect.MySQLDialect] is no longer supported, hence certain features may not work properly. The minimum supported version is 5.7.0. Check the community dialects project for available legacy versions.
23-Aug-2026 16:15:21.512 INFO [http-nio-8080-exec-5] org.hibernate.bytecode.internal.BytecodeProviderInitiator.buildBytecodeProvider HHH000021: Bytecode provider name : bytebuddy
23-Aug-2026 16:15:21.667 INFO [http-nio-8080-exec-5] org.hibernate.engine.transaction.jta.platform.internal.JtaPlatformInitiator.initiateService HHH000490: Using JtaPlatform implementation: [org.hibernate.engine.transaction.jta.platform.internal.NoJtaPlatform]
23-Aug-2026 16:15:21.667 INFO [http-nio-8080-exec-5] org.hibernate.resource.transaction.backend.jdbc.internal.DdlTransactionIsolatorNonJtaImpl.getIsolatedConnection HHH10001501: Connection obtained from JdbcConnectionAccess [org.hibernate.engine.jdbc.env.internal.JdbcEnvironmentInitiator$ConnectionProviderJdbcConnectionAccess@3d591f5f] for (non-JTA) DDL execution was not in auto-commit mode; the Connection 'local transaction' will be committed and the Connection will be set into auto-commit mode.
23-Aug-2026 16:17:51.323 INFO [http-nio-8080-exec-7] org.hibernate.jpa.internal.util.LogHelper.logPersistenceUnitInformation HHH000204: Processing PersistenceUnitInfo [name: glycemiePU]
23-Aug-2026 16:17:51.472 WARN [http-nio-8080-exec-7] org.hibernate.engine.jdbc.connections.internal.DriverManagerConnectionProviderImpl.configure HHH10001002: Using built-in connection pool (not intended for production use)
23-Aug-2026 16:17:51.473 INFO [http-nio-8080-exec-7] org.hibernate.engine.jdbc.connections.internal.DriverManagerConnectionProviderImpl.buildCreator HHH10001005: Loaded JDBC driver class: com.mysql.cj.jdbc.Driver
23-Aug-2026 16:17:51.473 INFO [http-nio-8080-exec-7] org.hibernate.engine.jdbc.connections.internal.DriverManagerConnectionProviderImpl.buildCreator HHH10001012: Connecting with JDBC URL [jdbc:mysql://localhost:3306/suivi_glycemie_db?useSSL=false&serverTimezone=UTC]
23-Aug-2026 16:17:51.474 INFO [http-nio-8080-exec-7] org.hibernate.engine.jdbc.connections.internal.DriverManagerConnectionProviderImpl.buildCreator HHH10001001: Connection properties: {password=****, user=root}
23-Aug-2026 16:17:51.474 INFO [http-nio-8080-exec-7] org.hibernate.engine.jdbc.connections.internal.DriverManagerConnectionProviderImpl.buildCreator HHH10001003: Autocommit mode: false
23-Aug-2026 16:17:51.474 INFO [http-nio-8080-exec-7] org.hibernate.engine.jdbc.connections.internal.DriverManagerConnectionProviderImpl$PooledConnections.<init> HHH10001115: Connection pool size: 20 (min=1)
23-Aug-2026 16:17:51.489 WARN [http-nio-8080-exec-7] org.hibernate.dialect.Dialect.checkVersion HHH000511: The 5.6.17 version for [org.hibernate.dialect.MySQLDialect] is no longer supported, hence certain features may not work properly. The minimum supported version is 5.7.0. Check the community dialects project for available legacy versions.
23-Aug-2026 16:17:51.557 INFO [http-nio-8080-exec-7] org.hibernate.bytecode.internal.BytecodeProviderInitiator.buildBytecodeProvider HHH000021: Bytecode provider name : bytebuddy
23-Aug-2026 16:17:51.687 INFO [http-nio-8080-exec-7] org.hibernate.engine.transaction.jta.platform.internal.JtaPlatformInitiator.initiateService HHH000490: Using JtaPlatform implementation: [org.hibernate.engine.transaction.jta.platform.internal.NoJtaPlatform]
23-Aug-2026 16:17:51.689 INFO [http-nio-8080-exec-7] org.hibernate.resource.transaction.backend.jdbc.internal.DdlTransactionIsolatorNonJtaImpl.getIsolatedConnection HHH10001501: Connection obtained from JdbcConnectionAccess [org.hibernate.engine.jdbc.env.internal.JdbcEnvironmentInitiator$ConnectionProviderJdbcConnectionAccess@607d5846] for (non-JTA) DDL execution was not in auto-commit mode; the Connection 'local transaction' will be committed and the Connection will be set into auto-commit mode.
23-Aug-2026 16:17:52.104 WARN [http-nio-8080-exec-7] org.hibernate.engine.jdbc.spi.SqlExceptionHelper.logExceptions SQL Error: 1062, SQLState: 23000
23-Aug-2026 16:17:52.104 ERROR [http-nio-8080-exec-7] org.hibernate.engine.jdbc.spi.SqlExceptionHelper.logExceptions Duplicate entry '3' for key 'UK_ndm9cmf3fwq9cchvp43lhxxqb'
23-Aug-2026 16:18:03.064 WARN [http-nio-8080-exec-8] org.hibernate.engine.jdbc.spi.SqlExceptionHelper.logExceptions SQL Error: 1062, SQLState: 23000
23-Aug-2026 16:18:03.064 ERROR [http-nio-8080-exec-8] org.hibernate.engine.jdbc.spi.SqlExceptionHelper.logExceptions Duplicate entry '4' for key 'UK_ndm9cmf3fwq9cchvp43lhxxqb'
23-Aug-2026 16:18:27.914 WARN [http-nio-8080-exec-2] org.hibernate.engine.jdbc.spi.SqlExceptionHelper.logExceptions SQL Error: 1062, SQLState: 23000
23-Aug-2026 16:18:27.914 ERROR [http-nio-8080-exec-2] org.hibernate.engine.jdbc.spi.SqlExceptionHelper.logExceptions Duplicate entry '5' for key 'UK_ndm9cmf3fwq9cchvp43lhxxqb'
23-Aug-2026 16:23:04.041 INFOS [Thread-1] org.apache.coyote.AbstractProtocol.pause Le gestionnaire de protocole ["http-nio-8080"] est mis en pause
23-Aug-2026 16:23:04.068 INFOS [Thread-1] org.apache.catalina.core.StandardService.stopInternal Arrêt du service [Catalina]
23-Aug-2026 16:23:04.094 AVERTISSEMENT [Thread-1] org.apache.catalina.loader.WebappClassLoaderBase.clearReferencesJdbc L'application web [ROOT] a enregistré un pilote JDBC [com.mysql.cj.jdbc.Driver], mais ne l'a pas désenregistré avant l'arrêt de l'application.  Pour éviter une fuite de mémoire, le pilote JDBC a été désenregistré de force.
23-Aug-2026 16:23:04.096 AVERTISSEMENT [Thread-1] org.apache.catalina.loader.WebappClassLoaderBase.clearReferencesThreads L'application web [ROOT] semble avoir démarré un thread nommé [mysql-cj-abandoned-connection-cleanup] mais ne l'a pas arrêté, ce qui va probablement créer une fuite de mémoire ; la trace du thread est : 
 java.base/jdk.internal.misc.Unsafe.park(Native Method)
 java.base/java.util.concurrent.locks.LockSupport.parkNanos(LockSupport.java:269)
 java.base/java.util.concurrent.locks.AbstractQueuedSynchronizer$ConditionObject.await(AbstractQueuedSynchronizer.java:1886)
 java.base/java.lang.ref.ReferenceQueue.await(ReferenceQueue.java:71)
 java.base/java.lang.ref.ReferenceQueue.remove0(ReferenceQueue.java:143)
 java.base/java.lang.ref.ReferenceQueue.remove(ReferenceQueue.java:218)
 com.mysql.cj.jdbc.AbandonedConnectionCleanupThread.run(AbandonedConnectionCleanupThread.java:93)
 java.base/java.util.concurrent.ThreadPoolExecutor.runWorker(ThreadPoolExecutor.java:1144)
 java.base/java.util.concurrent.ThreadPoolExecutor$Worker.run(ThreadPoolExecutor.java:642)
 java.base/java.lang.Thread.run(Thread.java:1583)
23-Aug-2026 16:23:04.097 AVERTISSEMENT [Thread-1] org.apache.catalina.loader.WebappClassLoaderBase.clearReferencesThreads L'application web [ROOT] semble avoir démarré un thread nommé [Hibernate Connection Pool Validation Thread] mais ne l'a pas arrêté, ce qui va probablement créer une fuite de mémoire ; la trace du thread est : 
 java.base/jdk.internal.misc.Unsafe.park(Native Method)
 java.base/java.util.concurrent.locks.LockSupport.parkNanos(LockSupport.java:269)
 java.base/java.util.concurrent.locks.AbstractQueuedSynchronizer$ConditionObject.awaitNanos(AbstractQueuedSynchronizer.java:1797)
 java.base/java.util.concurrent.ScheduledThreadPoolExecutor$DelayedWorkQueue.take(ScheduledThreadPoolExecutor.java:1182)
 java.base/java.util.concurrent.ScheduledThreadPoolExecutor$DelayedWorkQueue.take(ScheduledThreadPoolExecutor.java:899)
 java.base/java.util.concurrent.ThreadPoolExecutor.getTask(ThreadPoolExecutor.java:1070)
 java.base/java.util.concurrent.ThreadPoolExecutor.runWorker(ThreadPoolExecutor.java:1130)
 java.base/java.util.concurrent.ThreadPoolExecutor$Worker.run(ThreadPoolExecutor.java:642)
 java.base/java.lang.Thread.run(Thread.java:1583)
23-Aug-2026 16:23:04.097 AVERTISSEMENT [Thread-1] org.apache.catalina.loader.WebappClassLoaderBase.clearReferencesThreads L'application web [ROOT] semble avoir démarré un thread nommé [Hibernate Connection Pool Validation Thread] mais ne l'a pas arrêté, ce qui va probablement créer une fuite de mémoire ; la trace du thread est : 
 java.base/jdk.internal.misc.Unsafe.park(Native Method)
 java.base/java.util.concurrent.locks.LockSupport.parkNanos(LockSupport.java:269)
 java.base/java.util.concurrent.locks.AbstractQueuedSynchronizer$ConditionObject.awaitNanos(AbstractQueuedSynchronizer.java:1797)
 java.base/java.util.concurrent.ScheduledThreadPoolExecutor$DelayedWorkQueue.take(ScheduledThreadPoolExecutor.java:1182)
 java.base/java.util.concurrent.ScheduledThreadPoolExecutor$DelayedWorkQueue.take(ScheduledThreadPoolExecutor.java:899)
 java.base/java.util.concurrent.ThreadPoolExecutor.getTask(ThreadPoolExecutor.java:1070)
 java.base/java.util.concurrent.ThreadPoolExecutor.runWorker(ThreadPoolExecutor.java:1130)
 java.base/java.util.concurrent.ThreadPoolExecutor$Worker.run(ThreadPoolExecutor.java:642)
 java.base/java.lang.Thread.run(Thread.java:1583)
23-Aug-2026 16:23:04.098 AVERTISSEMENT [Thread-1] org.apache.catalina.loader.WebappClassLoaderBase.clearReferencesThreads L'application web [ROOT] semble avoir démarré un thread nommé [Hibernate Connection Pool Validation Thread] mais ne l'a pas arrêté, ce qui va probablement créer une fuite de mémoire ; la trace du thread est : 
 java.base/jdk.internal.misc.Unsafe.park(Native Method)
 java.base/java.util.concurrent.locks.LockSupport.parkNanos(LockSupport.java:269)
 java.base/java.util.concurrent.locks.AbstractQueuedSynchronizer$ConditionObject.awaitNanos(AbstractQueuedSynchronizer.java:1797)
 java.base/java.util.concurrent.ScheduledThreadPoolExecutor$DelayedWorkQueue.take(ScheduledThreadPoolExecutor.java:1182)
 java.base/java.util.concurrent.ScheduledThreadPoolExecutor$DelayedWorkQueue.take(ScheduledThreadPoolExecutor.java:899)
 java.base/java.util.concurrent.ThreadPoolExecutor.getTask(ThreadPoolExecutor.java:1070)
 java.base/java.util.concurrent.ThreadPoolExecutor.runWorker(ThreadPoolExecutor.java:1130)
 java.base/java.util.concurrent.ThreadPoolExecutor$Worker.run(ThreadPoolExecutor.java:642)
 java.base/java.lang.Thread.run(Thread.java:1583)
23-Aug-2026 16:23:04.126 INFOS [Thread-1] org.apache.coyote.AbstractProtocol.stop Arrêt du gestionnaire de protocole ["http-nio-8080"]
23-Aug-2026 16:23:04.154 INFOS [Thread-1] org.apache.coyote.AbstractProtocol.destroy Destruction du gestionnaire de protocole ["http-nio-8080"]
23-Aug-2026 16:23:07.321 INFOS [main] org.apache.catalina.startup.VersionLoggerListener.log Nom version serveur :              Apache Tomcat/10.1.42
23-Aug-2026 16:23:07.332 INFOS [main] org.apache.catalina.startup.VersionLoggerListener.log Serveur compilé :                  Jun 5 2025 22:35:46 UTC
23-Aug-2026 16:23:07.332 INFOS [main] org.apache.catalina.startup.VersionLoggerListener.log Version du serveur :               10.1.42.0
23-Aug-2026 16:23:07.333 INFOS [main] org.apache.catalina.startup.VersionLoggerListener.log Nom de l'OS :                      Windows 11
23-Aug-2026 16:23:07.333 INFOS [main] org.apache.catalina.startup.VersionLoggerListener.log Version OS :                       10.0
23-Aug-2026 16:23:07.333 INFOS [main] org.apache.catalina.startup.VersionLoggerListener.log Architecture :                     amd64
23-Aug-2026 16:23:07.333 INFOS [main] org.apache.catalina.startup.VersionLoggerListener.log Java Home :                        C:\Users\HP\.jdks\jbrsdk_jcef-21.0.9
23-Aug-2026 16:23:07.333 INFOS [main] org.apache.catalina.startup.VersionLoggerListener.log Version JVM :                      21.0.9+1-b1038.75
23-Aug-2026 16:23:07.334 INFOS [main] org.apache.catalina.startup.VersionLoggerListener.log Fournisseur de la JVM :            JetBrains s.r.o.
23-Aug-2026 16:23:07.334 INFOS [main] org.apache.catalina.startup.VersionLoggerListener.log CATALINA_BASE :                    C:\Users\HP\Desktop\samasuker\.smarttomcat
23-Aug-2026 16:23:07.334 INFOS [main] org.apache.catalina.startup.VersionLoggerListener.log CATALINA_HOME :                    C:\Users\HP\Desktop\apache-tomcat-10.1.42
23-Aug-2026 16:23:07.357 INFOS [main] org.apache.catalina.startup.VersionLoggerListener.log Argument de la ligne de commande : --add-opens=java.base/java.lang=ALL-UNNAMED
23-Aug-2026 16:23:07.358 INFOS [main] org.apache.catalina.startup.VersionLoggerListener.log Argument de la ligne de commande : --add-opens=java.base/java.io=ALL-UNNAMED
23-Aug-2026 16:23:07.358 INFOS [main] org.apache.catalina.startup.VersionLoggerListener.log Argument de la ligne de commande : --add-opens=java.base/java.util=ALL-UNNAMED
23-Aug-2026 16:23:07.358 INFOS [main] org.apache.catalina.startup.VersionLoggerListener.log Argument de la ligne de commande : --add-opens=java.base/java.util.concurrent=ALL-UNNAMED
23-Aug-2026 16:23:07.358 INFOS [main] org.apache.catalina.startup.VersionLoggerListener.log Argument de la ligne de commande : --add-opens=java.rmi/sun.rmi.transport=ALL-UNNAMED
23-Aug-2026 16:23:07.358 INFOS [main] org.apache.catalina.startup.VersionLoggerListener.log Argument de la ligne de commande : -Dcatalina.home=C:\Users\HP\Desktop\apache-tomcat-10.1.42
23-Aug-2026 16:23:07.358 INFOS [main] org.apache.catalina.startup.VersionLoggerListener.log Argument de la ligne de commande : -Dcatalina.base=C:\Users\HP\Desktop\samasuker\.smarttomcat
23-Aug-2026 16:23:07.361 INFOS [main] org.apache.catalina.startup.VersionLoggerListener.log Argument de la ligne de commande : -Djava.io.tmpdir=C:\Users\HP\Desktop\samasuker\.smarttomcat\temp
23-Aug-2026 16:23:07.363 INFOS [main] org.apache.catalina.startup.VersionLoggerListener.log Argument de la ligne de commande : -Djava.util.logging.config.file=C:\Users\HP\Desktop\samasuker\.smarttomcat\conf\logging.properties
23-Aug-2026 16:23:07.363 INFOS [main] org.apache.catalina.startup.VersionLoggerListener.log Argument de la ligne de commande : -Djava.util.logging.manager=org.apache.juli.ClassLoaderLogManager
23-Aug-2026 16:23:07.363 INFOS [main] org.apache.catalina.startup.VersionLoggerListener.log Argument de la ligne de commande : -javaagent:C:\Program Files\JetBrains\IntelliJ IDEA 2025.2.2\lib\idea_rt.jar=55380
23-Aug-2026 16:23:07.364 INFOS [main] org.apache.catalina.startup.VersionLoggerListener.log Argument de la ligne de commande : -Dfile.encoding=UTF-8
23-Aug-2026 16:23:07.364 INFOS [main] org.apache.catalina.startup.VersionLoggerListener.log Argument de la ligne de commande : -Dsun.stdout.encoding=UTF-8
23-Aug-2026 16:23:07.364 INFOS [main] org.apache.catalina.startup.VersionLoggerListener.log Argument de la ligne de commande : -Dsun.stderr.encoding=UTF-8
23-Aug-2026 16:23:07.368 INFOS [main] org.apache.catalina.core.AprLifecycleListener.lifecycleEvent Chargement de la librairie Apache Tomcat Native [2.0.9] en utilisant APR version [1.7.6]
23-Aug-2026 16:23:07.380 INFOS [main] org.apache.catalina.core.AprLifecycleListener.initializeSSL OpenSSL a été initialisé avec succès [OpenSSL 3.5.0 8 Apr 2025]
23-Aug-2026 16:23:08.038 INFOS [main] org.apache.coyote.AbstractProtocol.init Initialisation du gestionnaire de protocole ["http-nio-8080"]
23-Aug-2026 16:23:08.075 INFOS [main] org.apache.catalina.startup.Catalina.load L'initialisation du serveur a pris [1275] millisecondes
23-Aug-2026 16:23:08.186 INFOS [main] org.apache.catalina.core.StandardService.startInternal Démarrage du service [Catalina]
23-Aug-2026 16:23:08.186 INFOS [main] org.apache.catalina.core.StandardEngine.startInternal Démarrage du moteur de Servlets : [Apache Tomcat/10.1.42]
23-Aug-2026 16:23:08.213 INFOS [main] org.apache.catalina.startup.HostConfig.deployDescriptor Déploiement du descripteur de configuration [C:\Users\HP\Desktop\samasuker\.smarttomcat\conf\Catalina\localhost\MDD.xml]
23-Aug-2026 16:23:14.691 INFOS [main] org.apache.jasper.servlet.TldScanner.scanJars Au moins un fichier JAR a été analysé pour trouver des TLDs mais il n'en contenait pas, le mode "debug" du journal peut être activé pour obtenir une liste complète de JAR scannés sans succès ; éviter d'analyser des JARs inutilement peut améliorer sensiblement le temps de démarrage et le temps de compilation des JSPs
23-Aug-2026 16:23:14.929 INFOS [main] org.apache.catalina.startup.HostConfig.deployDescriptor Le traitement du descripteur de déploiement [C:\Users\HP\Desktop\samasuker\.smarttomcat\conf\Catalina\localhost\MDD.xml] a pris [6 706] ms
23-Aug-2026 16:23:14.929 INFOS [main] org.apache.catalina.startup.HostConfig.deployDescriptor Déploiement du descripteur de configuration [C:\Users\HP\Desktop\samasuker\.smarttomcat\conf\Catalina\localhost\ROOT.xml]
23-Aug-2026 16:23:20.987 INFOS [main] org.apache.jasper.servlet.TldScanner.scanJars Au moins un fichier JAR a été analysé pour trouver des TLDs mais il n'en contenait pas, le mode "debug" du journal peut être activé pour obtenir une liste complète de JAR scannés sans succès ; éviter d'analyser des JARs inutilement peut améliorer sensiblement le temps de démarrage et le temps de compilation des JSPs
23-Aug-2026 16:23:21.057 INFOS [main] org.apache.catalina.startup.HostConfig.deployDescriptor Le traitement du descripteur de déploiement [C:\Users\HP\Desktop\samasuker\.smarttomcat\conf\Catalina\localhost\ROOT.xml] a pris [6 128] ms
23-Aug-2026 16:23:21.066 INFOS [main] org.apache.coyote.AbstractProtocol.start Démarrage du gestionnaire de protocole ["http-nio-8080"]
23-Aug-2026 16:23:21.137 INFOS [main] org.apache.catalina.startup.Catalina.start Le démarrage du serveur a pris [13059] millisecondes
23-Aug-2026 16:23:50.297 INFO [http-nio-8080-exec-2] org.hibernate.jpa.internal.util.LogHelper.logPersistenceUnitInformation HHH000204: Processing PersistenceUnitInfo [name: glycemiePU]
23-Aug-2026 16:23:50.829 INFO [http-nio-8080-exec-2] org.hibernate.Version.logVersion HHH000412: Hibernate ORM core version 6.2.7.Final
23-Aug-2026 16:23:50.852 INFO [http-nio-8080-exec-2] org.hibernate.cfg.Environment.<clinit> HHH000406: Using bytecode reflection optimizer
23-Aug-2026 16:23:52.544 WARN [http-nio-8080-exec-2] org.hibernate.engine.jdbc.connections.internal.DriverManagerConnectionProviderImpl.configure HHH10001002: Using built-in connection pool (not intended for production use)
23-Aug-2026 16:23:52.561 INFO [http-nio-8080-exec-2] org.hibernate.engine.jdbc.connections.internal.DriverManagerConnectionProviderImpl.buildCreator HHH10001005: Loaded JDBC driver class: com.mysql.cj.jdbc.Driver
23-Aug-2026 16:23:52.561 INFO [http-nio-8080-exec-2] org.hibernate.engine.jdbc.connections.internal.DriverManagerConnectionProviderImpl.buildCreator HHH10001012: Connecting with JDBC URL [jdbc:mysql://localhost:3306/suivi_glycemie_db?useSSL=false&serverTimezone=UTC]
23-Aug-2026 16:23:52.561 INFO [http-nio-8080-exec-2] org.hibernate.engine.jdbc.connections.internal.DriverManagerConnectionProviderImpl.buildCreator HHH10001001: Connection properties: {password=****, user=root}
23-Aug-2026 16:23:52.561 INFO [http-nio-8080-exec-2] org.hibernate.engine.jdbc.connections.internal.DriverManagerConnectionProviderImpl.buildCreator HHH10001003: Autocommit mode: false
23-Aug-2026 16:23:52.577 INFO [http-nio-8080-exec-2] org.hibernate.engine.jdbc.connections.internal.DriverManagerConnectionProviderImpl$PooledConnections.<init> HHH10001115: Connection pool size: 20 (min=1)
23-Aug-2026 16:23:53.309 WARN [http-nio-8080-exec-2] org.hibernate.dialect.Dialect.checkVersion HHH000511: The 5.6.17 version for [org.hibernate.dialect.MySQLDialect] is no longer supported, hence certain features may not work properly. The minimum supported version is 5.7.0. Check the community dialects project for available legacy versions.
23-Aug-2026 16:23:55.737 INFO [http-nio-8080-exec-2] org.hibernate.bytecode.internal.BytecodeProviderInitiator.buildBytecodeProvider HHH000021: Bytecode provider name : bytebuddy
23-Aug-2026 16:24:01.235 INFO [http-nio-8080-exec-2] org.hibernate.engine.transaction.jta.platform.internal.JtaPlatformInitiator.initiateService HHH000490: Using JtaPlatform implementation: [org.hibernate.engine.transaction.jta.platform.internal.NoJtaPlatform]
23-Aug-2026 16:24:01.527 INFO [http-nio-8080-exec-2] org.hibernate.resource.transaction.backend.jdbc.internal.DdlTransactionIsolatorNonJtaImpl.getIsolatedConnection HHH10001501: Connection obtained from JdbcConnectionAccess [org.hibernate.engine.jdbc.env.internal.JdbcEnvironmentInitiator$ConnectionProviderJdbcConnectionAccess@614c4d04] for (non-JTA) DDL execution was not in auto-commit mode; the Connection 'local transaction' will be committed and the Connection will be set into auto-commit mode.
23-Aug-2026 16:24:04.808 INFO [http-nio-8080-exec-7] org.hibernate.jpa.internal.util.LogHelper.logPersistenceUnitInformation HHH000204: Processing PersistenceUnitInfo [name: glycemiePU]
23-Aug-2026 16:24:04.966 WARN [http-nio-8080-exec-7] org.hibernate.engine.jdbc.connections.internal.DriverManagerConnectionProviderImpl.configure HHH10001002: Using built-in connection pool (not intended for production use)
23-Aug-2026 16:24:04.969 INFO [http-nio-8080-exec-7] org.hibernate.engine.jdbc.connections.internal.DriverManagerConnectionProviderImpl.buildCreator HHH10001005: Loaded JDBC driver class: com.mysql.cj.jdbc.Driver
23-Aug-2026 16:24:04.969 INFO [http-nio-8080-exec-7] org.hibernate.engine.jdbc.connections.internal.DriverManagerConnectionProviderImpl.buildCreator HHH10001012: Connecting with JDBC URL [jdbc:mysql://localhost:3306/suivi_glycemie_db?useSSL=false&serverTimezone=UTC]
23-Aug-2026 16:24:04.970 INFO [http-nio-8080-exec-7] org.hibernate.engine.jdbc.connections.internal.DriverManagerConnectionProviderImpl.buildCreator HHH10001001: Connection properties: {password=****, user=root}
23-Aug-2026 16:24:04.971 INFO [http-nio-8080-exec-7] org.hibernate.engine.jdbc.connections.internal.DriverManagerConnectionProviderImpl.buildCreator HHH10001003: Autocommit mode: false
23-Aug-2026 16:24:04.971 INFO [http-nio-8080-exec-7] org.hibernate.engine.jdbc.connections.internal.DriverManagerConnectionProviderImpl$PooledConnections.<init> HHH10001115: Connection pool size: 20 (min=1)
23-Aug-2026 16:24:04.986 WARN [http-nio-8080-exec-7] org.hibernate.dialect.Dialect.checkVersion HHH000511: The 5.6.17 version for [org.hibernate.dialect.MySQLDialect] is no longer supported, hence certain features may not work properly. The minimum supported version is 5.7.0. Check the community dialects project for available legacy versions.
23-Aug-2026 16:24:05.044 INFO [http-nio-8080-exec-7] org.hibernate.bytecode.internal.BytecodeProviderInitiator.buildBytecodeProvider HHH000021: Bytecode provider name : bytebuddy
23-Aug-2026 16:24:05.180 INFO [http-nio-8080-exec-7] org.hibernate.engine.transaction.jta.platform.internal.JtaPlatformInitiator.initiateService HHH000490: Using JtaPlatform implementation: [org.hibernate.engine.transaction.jta.platform.internal.NoJtaPlatform]
23-Aug-2026 16:24:05.181 INFO [http-nio-8080-exec-7] org.hibernate.resource.transaction.backend.jdbc.internal.DdlTransactionIsolatorNonJtaImpl.getIsolatedConnection HHH10001501: Connection obtained from JdbcConnectionAccess [org.hibernate.engine.jdbc.env.internal.JdbcEnvironmentInitiator$ConnectionProviderJdbcConnectionAccess@3d591f5f] for (non-JTA) DDL execution was not in auto-commit mode; the Connection 'local transaction' will be committed and the Connection will be set into auto-commit mode.
23-Aug-2026 16:24:14.344 INFO [http-nio-8080-exec-5] org.hibernate.jpa.internal.util.LogHelper.logPersistenceUnitInformation HHH000204: Processing PersistenceUnitInfo [name: glycemiePU]
23-Aug-2026 16:24:14.500 WARN [http-nio-8080-exec-5] org.hibernate.engine.jdbc.connections.internal.DriverManagerConnectionProviderImpl.configure HHH10001002: Using built-in connection pool (not intended for production use)
23-Aug-2026 16:24:14.501 INFO [http-nio-8080-exec-5] org.hibernate.engine.jdbc.connections.internal.DriverManagerConnectionProviderImpl.buildCreator HHH10001005: Loaded JDBC driver class: com.mysql.cj.jdbc.Driver
23-Aug-2026 16:24:14.502 INFO [http-nio-8080-exec-5] org.hibernate.engine.jdbc.connections.internal.DriverManagerConnectionProviderImpl.buildCreator HHH10001012: Connecting with JDBC URL [jdbc:mysql://localhost:3306/suivi_glycemie_db?useSSL=false&serverTimezone=UTC]
23-Aug-2026 16:24:14.503 INFO [http-nio-8080-exec-5] org.hibernate.engine.jdbc.connections.internal.DriverManagerConnectionProviderImpl.buildCreator HHH10001001: Connection properties: {password=****, user=root}
23-Aug-2026 16:24:14.503 INFO [http-nio-8080-exec-5] org.hibernate.engine.jdbc.connections.internal.DriverManagerConnectionProviderImpl.buildCreator HHH10001003: Autocommit mode: false
23-Aug-2026 16:24:14.504 INFO [http-nio-8080-exec-5] org.hibernate.engine.jdbc.connections.internal.DriverManagerConnectionProviderImpl$PooledConnections.<init> HHH10001115: Connection pool size: 20 (min=1)
23-Aug-2026 16:24:14.518 WARN [http-nio-8080-exec-5] org.hibernate.dialect.Dialect.checkVersion HHH000511: The 5.6.17 version for [org.hibernate.dialect.MySQLDialect] is no longer supported, hence certain features may not work properly. The minimum supported version is 5.7.0. Check the community dialects project for available legacy versions.
23-Aug-2026 16:24:14.596 INFO [http-nio-8080-exec-5] org.hibernate.bytecode.internal.BytecodeProviderInitiator.buildBytecodeProvider HHH000021: Bytecode provider name : bytebuddy
23-Aug-2026 16:24:14.825 INFO [http-nio-8080-exec-5] org.hibernate.engine.transaction.jta.platform.internal.JtaPlatformInitiator.initiateService HHH000490: Using JtaPlatform implementation: [org.hibernate.engine.transaction.jta.platform.internal.NoJtaPlatform]
23-Aug-2026 16:24:14.827 INFO [http-nio-8080-exec-5] org.hibernate.resource.transaction.backend.jdbc.internal.DdlTransactionIsolatorNonJtaImpl.getIsolatedConnection HHH10001501: Connection obtained from JdbcConnectionAccess [org.hibernate.engine.jdbc.env.internal.JdbcEnvironmentInitiator$ConnectionProviderJdbcConnectionAccess@145a71de] for (non-JTA) DDL execution was not in auto-commit mode; the Connection 'local transaction' will be committed and the Connection will be set into auto-commit mode.
23-Aug-2026 16:24:15.379 WARN [http-nio-8080-exec-5] org.hibernate.engine.jdbc.spi.SqlExceptionHelper.logExceptions SQL Error: 1062, SQLState: 23000
23-Aug-2026 16:24:15.379 ERROR [http-nio-8080-exec-5] org.hibernate.engine.jdbc.spi.SqlExceptionHelper.logExceptions Duplicate entry '6' for key 'UK_ndm9cmf3fwq9cchvp43lhxxqb'
23-Aug-2026 16:27:59.691 INFOS [Thread-1] org.apache.coyote.AbstractProtocol.pause Le gestionnaire de protocole ["http-nio-8080"] est mis en pause
23-Aug-2026 16:27:59.712 INFOS [Thread-1] org.apache.catalina.core.StandardService.stopInternal Arrêt du service [Catalina]
23-Aug-2026 16:27:59.725 AVERTISSEMENT [Thread-1] org.apache.catalina.loader.WebappClassLoaderBase.clearReferencesJdbc L'application web [ROOT] a enregistré un pilote JDBC [com.mysql.cj.jdbc.Driver], mais ne l'a pas désenregistré avant l'arrêt de l'application.  Pour éviter une fuite de mémoire, le pilote JDBC a été désenregistré de force.
23-Aug-2026 16:27:59.726 AVERTISSEMENT [Thread-1] org.apache.catalina.loader.WebappClassLoaderBase.clearReferencesThreads L'application web [ROOT] semble avoir démarré un thread nommé [mysql-cj-abandoned-connection-cleanup] mais ne l'a pas arrêté, ce qui va probablement créer une fuite de mémoire ; la trace du thread est : 
 java.base/jdk.internal.misc.Unsafe.park(Native Method)
 java.base/java.util.concurrent.locks.LockSupport.parkNanos(LockSupport.java:269)
 java.base/java.util.concurrent.locks.AbstractQueuedSynchronizer$ConditionObject.await(AbstractQueuedSynchronizer.java:1886)
 java.base/java.lang.ref.ReferenceQueue.await(ReferenceQueue.java:71)
 java.base/java.lang.ref.ReferenceQueue.remove0(ReferenceQueue.java:143)
 java.base/java.lang.ref.ReferenceQueue.remove(ReferenceQueue.java:218)
 com.mysql.cj.jdbc.AbandonedConnectionCleanupThread.run(AbandonedConnectionCleanupThread.java:93)
 java.base/java.util.concurrent.ThreadPoolExecutor.runWorker(ThreadPoolExecutor.java:1144)
 java.base/java.util.concurrent.ThreadPoolExecutor$Worker.run(ThreadPoolExecutor.java:642)
 java.base/java.lang.Thread.run(Thread.java:1583)
23-Aug-2026 16:27:59.728 AVERTISSEMENT [Thread-1] org.apache.catalina.loader.WebappClassLoaderBase.clearReferencesThreads L'application web [ROOT] semble avoir démarré un thread nommé [Hibernate Connection Pool Validation Thread] mais ne l'a pas arrêté, ce qui va probablement créer une fuite de mémoire ; la trace du thread est : 
 java.base/jdk.internal.misc.Unsafe.park(Native Method)
 java.base/java.util.concurrent.locks.LockSupport.parkNanos(LockSupport.java:269)
 java.base/java.util.concurrent.locks.AbstractQueuedSynchronizer$ConditionObject.awaitNanos(AbstractQueuedSynchronizer.java:1797)
 java.base/java.util.concurrent.ScheduledThreadPoolExecutor$DelayedWorkQueue.take(ScheduledThreadPoolExecutor.java:1182)
 java.base/java.util.concurrent.ScheduledThreadPoolExecutor$DelayedWorkQueue.take(ScheduledThreadPoolExecutor.java:899)
 java.base/java.util.concurrent.ThreadPoolExecutor.getTask(ThreadPoolExecutor.java:1070)
 java.base/java.util.concurrent.ThreadPoolExecutor.runWorker(ThreadPoolExecutor.java:1130)
 java.base/java.util.concurrent.ThreadPoolExecutor$Worker.run(ThreadPoolExecutor.java:642)
 java.base/java.lang.Thread.run(Thread.java:1583)
23-Aug-2026 16:27:59.728 AVERTISSEMENT [Thread-1] org.apache.catalina.loader.WebappClassLoaderBase.clearReferencesThreads L'application web [ROOT] semble avoir démarré un thread nommé [Hibernate Connection Pool Validation Thread] mais ne l'a pas arrêté, ce qui va probablement créer une fuite de mémoire ; la trace du thread est : 
 java.base/jdk.internal.misc.Unsafe.park(Native Method)
 java.base/java.util.concurrent.locks.LockSupport.parkNanos(LockSupport.java:269)
 java.base/java.util.concurrent.locks.AbstractQueuedSynchronizer$ConditionObject.awaitNanos(AbstractQueuedSynchronizer.java:1797)
 java.base/java.util.concurrent.ScheduledThreadPoolExecutor$DelayedWorkQueue.take(ScheduledThreadPoolExecutor.java:1182)
 java.base/java.util.concurrent.ScheduledThreadPoolExecutor$DelayedWorkQueue.take(ScheduledThreadPoolExecutor.java:899)
 java.base/java.util.concurrent.ThreadPoolExecutor.getTask(ThreadPoolExecutor.java:1070)
 java.base/java.util.concurrent.ThreadPoolExecutor.runWorker(ThreadPoolExecutor.java:1130)
 java.base/java.util.concurrent.ThreadPoolExecutor$Worker.run(ThreadPoolExecutor.java:642)
 java.base/java.lang.Thread.run(Thread.java:1583)
23-Aug-2026 16:27:59.728 AVERTISSEMENT [Thread-1] org.apache.catalina.loader.WebappClassLoaderBase.clearReferencesThreads L'application web [ROOT] semble avoir démarré un thread nommé [Hibernate Connection Pool Validation Thread] mais ne l'a pas arrêté, ce qui va probablement créer une fuite de mémoire ; la trace du thread est : 
 java.base/jdk.internal.misc.Unsafe.park(Native Method)
 java.base/java.util.concurrent.locks.LockSupport.parkNanos(LockSupport.java:269)
 java.base/java.util.concurrent.locks.AbstractQueuedSynchronizer$ConditionObject.awaitNanos(AbstractQueuedSynchronizer.java:1797)
 java.base/java.util.concurrent.ScheduledThreadPoolExecutor$DelayedWorkQueue.take(ScheduledThreadPoolExecutor.java:1182)
 java.base/java.util.concurrent.ScheduledThreadPoolExecutor$DelayedWorkQueue.take(ScheduledThreadPoolExecutor.java:899)
 java.base/java.util.concurrent.ThreadPoolExecutor.getTask(ThreadPoolExecutor.java:1070)
 java.base/java.util.concurrent.ThreadPoolExecutor.runWorker(ThreadPoolExecutor.java:1130)
 java.base/java.util.concurrent.ThreadPoolExecutor$Worker.run(ThreadPoolExecutor.java:642)
 java.base/java.lang.Thread.run(Thread.java:1583)
23-Aug-2026 16:27:59.756 INFOS [Thread-1] org.apache.coyote.AbstractProtocol.stop Arrêt du gestionnaire de protocole ["http-nio-8080"]
23-Aug-2026 16:27:59.772 INFOS [Thread-1] org.apache.coyote.AbstractProtocol.destroy Destruction du gestionnaire de protocole ["http-nio-8080"]
23-Aug-2026 16:28:03.332 INFOS [main] org.apache.catalina.startup.VersionLoggerListener.log Nom version serveur :              Apache Tomcat/10.1.42
23-Aug-2026 16:28:03.337 INFOS [main] org.apache.catalina.startup.VersionLoggerListener.log Serveur compilé :                  Jun 5 2025 22:35:46 UTC
23-Aug-2026 16:28:03.338 INFOS [main] org.apache.catalina.startup.VersionLoggerListener.log Version du serveur :               10.1.42.0
23-Aug-2026 16:28:03.338 INFOS [main] org.apache.catalina.startup.VersionLoggerListener.log Nom de l'OS :                      Windows 11
23-Aug-2026 16:28:03.338 INFOS [main] org.apache.catalina.startup.VersionLoggerListener.log Version OS :                       10.0
23-Aug-2026 16:28:03.338 INFOS [main] org.apache.catalina.startup.VersionLoggerListener.log Architecture :                     amd64
23-Aug-2026 16:28:03.338 INFOS [main] org.apache.catalina.startup.VersionLoggerListener.log Java Home :                        C:\Users\HP\.jdks\jbrsdk_jcef-21.0.9
23-Aug-2026 16:28:03.338 INFOS [main] org.apache.catalina.startup.VersionLoggerListener.log Version JVM :                      21.0.9+1-b1038.75
23-Aug-2026 16:28:03.340 INFOS [main] org.apache.catalina.startup.VersionLoggerListener.log Fournisseur de la JVM :            JetBrains s.r.o.
23-Aug-2026 16:28:03.340 INFOS [main] org.apache.catalina.startup.VersionLoggerListener.log CATALINA_BASE :                    C:\Users\HP\Desktop\samasuker\.smarttomcat
23-Aug-2026 16:28:03.340 INFOS [main] org.apache.catalina.startup.VersionLoggerListener.log CATALINA_HOME :                    C:\Users\HP\Desktop\apache-tomcat-10.1.42
23-Aug-2026 16:28:03.359 INFOS [main] org.apache.catalina.startup.VersionLoggerListener.log Argument de la ligne de commande : --add-opens=java.base/java.lang=ALL-UNNAMED
23-Aug-2026 16:28:03.359 INFOS [main] org.apache.catalina.startup.VersionLoggerListener.log Argument de la ligne de commande : --add-opens=java.base/java.io=ALL-UNNAMED
23-Aug-2026 16:28:03.359 INFOS [main] org.apache.catalina.startup.VersionLoggerListener.log Argument de la ligne de commande : --add-opens=java.base/java.util=ALL-UNNAMED
23-Aug-2026 16:28:03.359 INFOS [main] org.apache.catalina.startup.VersionLoggerListener.log Argument de la ligne de commande : --add-opens=java.base/java.util.concurrent=ALL-UNNAMED
23-Aug-2026 16:28:03.359 INFOS [main] org.apache.catalina.startup.VersionLoggerListener.log Argument de la ligne de commande : --add-opens=java.rmi/sun.rmi.transport=ALL-UNNAMED
23-Aug-2026 16:28:03.359 INFOS [main] org.apache.catalina.startup.VersionLoggerListener.log Argument de la ligne de commande : -Dcatalina.home=C:\Users\HP\Desktop\apache-tomcat-10.1.42
23-Aug-2026 16:28:03.359 INFOS [main] org.apache.catalina.startup.VersionLoggerListener.log Argument de la ligne de commande : -Dcatalina.base=C:\Users\HP\Desktop\samasuker\.smarttomcat
23-Aug-2026 16:28:03.360 INFOS [main] org.apache.catalina.startup.VersionLoggerListener.log Argument de la ligne de commande : -Djava.io.tmpdir=C:\Users\HP\Desktop\samasuker\.smarttomcat\temp
23-Aug-2026 16:28:03.360 INFOS [main] org.apache.catalina.startup.VersionLoggerListener.log Argument de la ligne de commande : -Djava.util.logging.config.file=C:\Users\HP\Desktop\samasuker\.smarttomcat\conf\logging.properties
23-Aug-2026 16:28:03.360 INFOS [main] org.apache.catalina.startup.VersionLoggerListener.log Argument de la ligne de commande : -Djava.util.logging.manager=org.apache.juli.ClassLoaderLogManager
23-Aug-2026 16:28:03.360 INFOS [main] org.apache.catalina.startup.VersionLoggerListener.log Argument de la ligne de commande : -javaagent:C:\Program Files\JetBrains\IntelliJ IDEA 2025.2.2\lib\idea_rt.jar=56530
23-Aug-2026 16:28:03.360 INFOS [main] org.apache.catalina.startup.VersionLoggerListener.log Argument de la ligne de commande : -Dfile.encoding=UTF-8
23-Aug-2026 16:28:03.360 INFOS [main] org.apache.catalina.startup.VersionLoggerListener.log Argument de la ligne de commande : -Dsun.stdout.encoding=UTF-8
23-Aug-2026 16:28:03.360 INFOS [main] org.apache.catalina.startup.VersionLoggerListener.log Argument de la ligne de commande : -Dsun.stderr.encoding=UTF-8
23-Aug-2026 16:28:03.367 INFOS [main] org.apache.catalina.core.AprLifecycleListener.lifecycleEvent Chargement de la librairie Apache Tomcat Native [2.0.9] en utilisant APR version [1.7.6]
23-Aug-2026 16:28:03.380 INFOS [main] org.apache.catalina.core.AprLifecycleListener.initializeSSL OpenSSL a été initialisé avec succès [OpenSSL 3.5.0 8 Apr 2025]
23-Aug-2026 16:28:04.015 INFOS [main] org.apache.coyote.AbstractProtocol.init Initialisation du gestionnaire de protocole ["http-nio-8080"]
23-Aug-2026 16:28:04.049 INFOS [main] org.apache.catalina.startup.Catalina.load L'initialisation du serveur a pris [1144] millisecondes
23-Aug-2026 16:28:04.177 INFOS [main] org.apache.catalina.core.StandardService.startInternal Démarrage du service [Catalina]
23-Aug-2026 16:28:04.177 INFOS [main] org.apache.catalina.core.StandardEngine.startInternal Démarrage du moteur de Servlets : [Apache Tomcat/10.1.42]
23-Aug-2026 16:28:04.205 INFOS [main] org.apache.catalina.startup.HostConfig.deployDescriptor Déploiement du descripteur de configuration [C:\Users\HP\Desktop\samasuker\.smarttomcat\conf\Catalina\localhost\MDD.xml]
23-Aug-2026 16:28:10.591 INFOS [main] org.apache.jasper.servlet.TldScanner.scanJars Au moins un fichier JAR a été analysé pour trouver des TLDs mais il n'en contenait pas, le mode "debug" du journal peut être activé pour obtenir une liste complète de JAR scannés sans succès ; éviter d'analyser des JARs inutilement peut améliorer sensiblement le temps de démarrage et le temps de compilation des JSPs
23-Aug-2026 16:28:10.821 INFOS [main] org.apache.catalina.startup.HostConfig.deployDescriptor Le traitement du descripteur de déploiement [C:\Users\HP\Desktop\samasuker\.smarttomcat\conf\Catalina\localhost\MDD.xml] a pris [6 607] ms
23-Aug-2026 16:28:10.822 INFOS [main] org.apache.catalina.startup.HostConfig.deployDescriptor Déploiement du descripteur de configuration [C:\Users\HP\Desktop\samasuker\.smarttomcat\conf\Catalina\localhost\ROOT.xml]
23-Aug-2026 16:28:16.214 INFOS [main] org.apache.jasper.servlet.TldScanner.scanJars Au moins un fichier JAR a été analysé pour trouver des TLDs mais il n'en contenait pas, le mode "debug" du journal peut être activé pour obtenir une liste complète de JAR scannés sans succès ; éviter d'analyser des JARs inutilement peut améliorer sensiblement le temps de démarrage et le temps de compilation des JSPs
23-Aug-2026 16:28:16.298 INFOS [main] org.apache.catalina.startup.HostConfig.deployDescriptor Le traitement du descripteur de déploiement [C:\Users\HP\Desktop\samasuker\.smarttomcat\conf\Catalina\localhost\ROOT.xml] a pris [5 476] ms
23-Aug-2026 16:28:16.314 INFOS [main] org.apache.coyote.AbstractProtocol.start Démarrage du gestionnaire de protocole ["http-nio-8080"]
23-Aug-2026 16:28:16.383 INFOS [main] org.apache.catalina.startup.Catalina.start Le démarrage du serveur a pris [12332] millisecondes
23-Aug-2026 16:28:26.376 INFO [http-nio-8080-exec-4] org.hibernate.jpa.internal.util.LogHelper.logPersistenceUnitInformation HHH000204: Processing PersistenceUnitInfo [name: glycemiePU]
23-Aug-2026 16:28:26.918 INFO [http-nio-8080-exec-4] org.hibernate.Version.logVersion HHH000412: Hibernate ORM core version 6.2.7.Final
23-Aug-2026 16:28:26.921 INFO [http-nio-8080-exec-4] org.hibernate.cfg.Environment.<clinit> HHH000406: Using bytecode reflection optimizer
23-Aug-2026 16:28:28.292 WARN [http-nio-8080-exec-4] org.hibernate.engine.jdbc.connections.internal.DriverManagerConnectionProviderImpl.configure HHH10001002: Using built-in connection pool (not intended for production use)
23-Aug-2026 16:28:28.307 INFO [http-nio-8080-exec-4] org.hibernate.engine.jdbc.connections.internal.DriverManagerConnectionProviderImpl.buildCreator HHH10001005: Loaded JDBC driver class: com.mysql.cj.jdbc.Driver
23-Aug-2026 16:28:28.307 INFO [http-nio-8080-exec-4] org.hibernate.engine.jdbc.connections.internal.DriverManagerConnectionProviderImpl.buildCreator HHH10001012: Connecting with JDBC URL [jdbc:mysql://localhost:3306/suivi_glycemie_db?useSSL=false&serverTimezone=UTC]
23-Aug-2026 16:28:28.307 INFO [http-nio-8080-exec-4] org.hibernate.engine.jdbc.connections.internal.DriverManagerConnectionProviderImpl.buildCreator HHH10001001: Connection properties: {password=****, user=root}
23-Aug-2026 16:28:28.308 INFO [http-nio-8080-exec-4] org.hibernate.engine.jdbc.connections.internal.DriverManagerConnectionProviderImpl.buildCreator HHH10001003: Autocommit mode: false
23-Aug-2026 16:28:28.321 INFO [http-nio-8080-exec-4] org.hibernate.engine.jdbc.connections.internal.DriverManagerConnectionProviderImpl$PooledConnections.<init> HHH10001115: Connection pool size: 20 (min=1)
23-Aug-2026 16:28:29.500 WARN [http-nio-8080-exec-4] org.hibernate.dialect.Dialect.checkVersion HHH000511: The 5.6.17 version for [org.hibernate.dialect.MySQLDialect] is no longer supported, hence certain features may not work properly. The minimum supported version is 5.7.0. Check the community dialects project for available legacy versions.
23-Aug-2026 16:28:31.124 INFO [http-nio-8080-exec-4] org.hibernate.bytecode.internal.BytecodeProviderInitiator.buildBytecodeProvider HHH000021: Bytecode provider name : bytebuddy
23-Aug-2026 16:28:36.111 INFO [http-nio-8080-exec-4] org.hibernate.engine.transaction.jta.platform.internal.JtaPlatformInitiator.initiateService HHH000490: Using JtaPlatform implementation: [org.hibernate.engine.transaction.jta.platform.internal.NoJtaPlatform]
23-Aug-2026 16:28:36.264 INFO [http-nio-8080-exec-4] org.hibernate.resource.transaction.backend.jdbc.internal.DdlTransactionIsolatorNonJtaImpl.getIsolatedConnection HHH10001501: Connection obtained from JdbcConnectionAccess [org.hibernate.engine.jdbc.env.internal.JdbcEnvironmentInitiator$ConnectionProviderJdbcConnectionAccess@2a375ac7] for (non-JTA) DDL execution was not in auto-commit mode; the Connection 'local transaction' will be committed and the Connection will be set into auto-commit mode.
23-Aug-2026 16:28:36.369 INFO [http-nio-8080-exec-4] org.hibernate.resource.transaction.backend.jdbc.internal.DdlTransactionIsolatorNonJtaImpl.getIsolatedConnection HHH10001501: Connection obtained from JdbcConnectionAccess [org.hibernate.engine.jdbc.env.internal.JdbcEnvironmentInitiator$ConnectionProviderJdbcConnectionAccess@312395f1] for (non-JTA) DDL execution was not in auto-commit mode; the Connection 'local transaction' will be committed and the Connection will be set into auto-commit mode.
23-Aug-2026 16:28:36.693 WARN [http-nio-8080-exec-4] org.hibernate.tool.schema.internal.ExceptionHandlerLoggedImpl.handleException GenerationTarget encountered exception accepting command : Error executing DDL "
    alter table compte 
       add constraint UK_55pqxvdmn5q8piy3nc1b3lr69 unique (email)" via JDBC [Specified key was too long; max key length is 767 bytes]
	org.hibernate.tool.schema.spi.CommandAcceptanceException: Error executing DDL "
    alter table compte 
       add constraint UK_55pqxvdmn5q8piy3nc1b3lr69 unique (email)" via JDBC [Specified key was too long; max key length is 767 bytes]
		at org.hibernate.tool.schema.internal.exec.GenerationTargetToDatabase.accept(GenerationTargetToDatabase.java:92)
		at org.hibernate.tool.schema.internal.Helper.applySqlString(Helper.java:235)
		at org.hibernate.tool.schema.internal.Helper.applySqlStrings(Helper.java:219)
		at org.hibernate.tool.schema.internal.SchemaCreatorImpl.createTableConstraints(SchemaCreatorImpl.java:393)
		at org.hibernate.tool.schema.internal.SchemaCreatorImpl.createSequencesTablesConstraints(SchemaCreatorImpl.java:351)
		at org.hibernate.tool.schema.internal.SchemaCreatorImpl.createFromMetadata(SchemaCreatorImpl.java:239)
		at org.hibernate.tool.schema.internal.SchemaCreatorImpl.performCreation(SchemaCreatorImpl.java:172)
		at org.hibernate.tool.schema.internal.SchemaCreatorImpl.doCreation(SchemaCreatorImpl.java:142)
		at org.hibernate.tool.schema.internal.SchemaCreatorImpl.doCreation(SchemaCreatorImpl.java:118)
		at org.hibernate.tool.schema.spi.SchemaManagementToolCoordinator.performDatabaseAction(SchemaManagementToolCoordinator.java:254)
		at org.hibernate.tool.schema.spi.SchemaManagementToolCoordinator.lambda$process$5(SchemaManagementToolCoordinator.java:143)
		at java.base/java.util.HashMap.forEach(HashMap.java:1429)
		at org.hibernate.tool.schema.spi.SchemaManagementToolCoordinator.process(SchemaManagementToolCoordinator.java:140)
		at org.hibernate.boot.internal.SessionFactoryObserverForSchemaExport.sessionFactoryCreated(SessionFactoryObserverForSchemaExport.java:37)
		at org.hibernate.internal.SessionFactoryObserverChain.sessionFactoryCreated(SessionFactoryObserverChain.java:35)
		at org.hibernate.internal.SessionFactoryImpl.<init>(SessionFactoryImpl.java:292)
		at org.hibernate.boot.internal.SessionFactoryBuilderImpl.build(SessionFactoryBuilderImpl.java:431)
		at org.hibernate.jpa.boot.internal.EntityManagerFactoryBuilderImpl.build(EntityManagerFactoryBuilderImpl.java:1455)
		at org.hibernate.jpa.HibernatePersistenceProvider.createEntityManagerFactory(HibernatePersistenceProvider.java:55)
		at jakarta.persistence.Persistence.createEntityManagerFactory(Persistence.java:80)
		at jakarta.persistence.Persistence.createEntityManagerFactory(Persistence.java:55)
		at com.suivi.controller.LoginServlet.<clinit>(LoginServlet.java:17)
		at java.base/jdk.internal.misc.Unsafe.ensureClassInitialized0(Native Method)
		at java.base/jdk.internal.misc.Unsafe.ensureClassInitialized(Unsafe.java:1160)
		at java.base/jdk.internal.reflect.MethodHandleAccessorFactory.ensureClassInitialized(MethodHandleAccessorFactory.java:300)
		at java.base/jdk.internal.reflect.MethodHandleAccessorFactory.newConstructorAccessor(MethodHandleAccessorFactory.java:103)
		at java.base/jdk.internal.reflect.ReflectionFactory.newConstructorAccessor(ReflectionFactory.java:200)
		at java.base/java.lang.reflect.Constructor.acquireConstructorAccessor(Constructor.java:549)
		at java.base/java.lang.reflect.Constructor.newInstanceWithCaller(Constructor.java:499)
		at java.base/java.lang.reflect.Constructor.newInstance(Constructor.java:486)
		at org.apache.catalina.core.DefaultInstanceManager.newInstance(DefaultInstanceManager.java:144)
		at org.apache.catalina.core.StandardWrapper.loadServlet(StandardWrapper.java:764)
		at org.apache.catalina.core.StandardWrapper.allocate(StandardWrapper.java:581)
		at org.apache.catalina.core.StandardWrapperValve.invoke(StandardWrapperValve.java:115)
		at org.apache.catalina.core.StandardContextValve.invoke(StandardContextValve.java:90)
		at org.apache.catalina.authenticator.AuthenticatorBase.invoke(AuthenticatorBase.java:483)
		at org.apache.catalina.core.StandardHostValve.invoke(StandardHostValve.java:116)
		at org.apache.catalina.valves.ErrorReportValve.invoke(ErrorReportValve.java:93)
		at org.apache.catalina.valves.AbstractAccessLogValve.invoke(AbstractAccessLogValve.java:666)
		at org.apache.catalina.core.StandardEngineValve.invoke(StandardEngineValve.java:74)
		at org.apache.catalina.connector.CoyoteAdapter.service(CoyoteAdapter.java:344)
		at org.apache.coyote.http11.Http11Processor.service(Http11Processor.java:398)
		at org.apache.coyote.AbstractProcessorLight.process(AbstractProcessorLight.java:63)
		at org.apache.coyote.AbstractProtocol$ConnectionHandler.process(AbstractProtocol.java:903)
		at org.apache.tomcat.util.net.NioEndpoint$SocketProcessor.doRun(NioEndpoint.java:1769)
		at org.apache.tomcat.util.net.SocketProcessorBase.run(SocketProcessorBase.java:52)
		at org.apache.tomcat.util.threads.ThreadPoolExecutor.runWorker(ThreadPoolExecutor.java:1189)
		at org.apache.tomcat.util.threads.ThreadPoolExecutor$Worker.run(ThreadPoolExecutor.java:658)
		at org.apache.tomcat.util.threads.TaskThread$WrappingRunnable.run(TaskThread.java:63)
		at java.base/java.lang.Thread.run(Thread.java:1583)
	Caused by: java.sql.SQLSyntaxErrorException: Specified key was too long; max key length is 767 bytes
		at com.mysql.cj.jdbc.exceptions.SQLError.createSQLException(SQLError.java:121)
		at com.mysql.cj.jdbc.exceptions.SQLExceptionsMapping.translateException(SQLExceptionsMapping.java:122)
		at com.mysql.cj.jdbc.StatementImpl.executeInternal(StatementImpl.java:770)
		at com.mysql.cj.jdbc.StatementImpl.execute(StatementImpl.java:653)
		at org.hibernate.tool.schema.internal.exec.GenerationTargetToDatabase.accept(GenerationTargetToDatabase.java:78)
		... 49 more
23-Aug-2026 16:28:57.592 INFO [http-nio-8080-exec-7] org.hibernate.jpa.internal.util.LogHelper.logPersistenceUnitInformation HHH000204: Processing PersistenceUnitInfo [name: glycemiePU]
23-Aug-2026 16:28:57.740 WARN [http-nio-8080-exec-7] org.hibernate.engine.jdbc.connections.internal.DriverManagerConnectionProviderImpl.configure HHH10001002: Using built-in connection pool (not intended for production use)
23-Aug-2026 16:28:57.741 INFO [http-nio-8080-exec-7] org.hibernate.engine.jdbc.connections.internal.DriverManagerConnectionProviderImpl.buildCreator HHH10001005: Loaded JDBC driver class: com.mysql.cj.jdbc.Driver
23-Aug-2026 16:28:57.741 INFO [http-nio-8080-exec-7] org.hibernate.engine.jdbc.connections.internal.DriverManagerConnectionProviderImpl.buildCreator HHH10001012: Connecting with JDBC URL [jdbc:mysql://localhost:3306/suivi_glycemie_db?useSSL=false&serverTimezone=UTC]
23-Aug-2026 16:28:57.741 INFO [http-nio-8080-exec-7] org.hibernate.engine.jdbc.connections.internal.DriverManagerConnectionProviderImpl.buildCreator HHH10001001: Connection properties: {password=****, user=root}
23-Aug-2026 16:28:57.742 INFO [http-nio-8080-exec-7] org.hibernate.engine.jdbc.connections.internal.DriverManagerConnectionProviderImpl.buildCreator HHH10001003: Autocommit mode: false
23-Aug-2026 16:28:57.742 INFO [http-nio-8080-exec-7] org.hibernate.engine.jdbc.connections.internal.DriverManagerConnectionProviderImpl$PooledConnections.<init> HHH10001115: Connection pool size: 20 (min=1)
23-Aug-2026 16:28:57.757 WARN [http-nio-8080-exec-7] org.hibernate.dialect.Dialect.checkVersion HHH000511: The 5.6.17 version for [org.hibernate.dialect.MySQLDialect] is no longer supported, hence certain features may not work properly. The minimum supported version is 5.7.0. Check the community dialects project for available legacy versions.
23-Aug-2026 16:28:57.838 INFO [http-nio-8080-exec-7] org.hibernate.bytecode.internal.BytecodeProviderInitiator.buildBytecodeProvider HHH000021: Bytecode provider name : bytebuddy
23-Aug-2026 16:28:58.041 INFO [http-nio-8080-exec-7] org.hibernate.engine.transaction.jta.platform.internal.JtaPlatformInitiator.initiateService HHH000490: Using JtaPlatform implementation: [org.hibernate.engine.transaction.jta.platform.internal.NoJtaPlatform]
23-Aug-2026 16:28:58.043 INFO [http-nio-8080-exec-7] org.hibernate.resource.transaction.backend.jdbc.internal.DdlTransactionIsolatorNonJtaImpl.getIsolatedConnection HHH10001501: Connection obtained from JdbcConnectionAccess [org.hibernate.engine.jdbc.env.internal.JdbcEnvironmentInitiator$ConnectionProviderJdbcConnectionAccess@270b7b55] for (non-JTA) DDL execution was not in auto-commit mode; the Connection 'local transaction' will be committed and the Connection will be set into auto-commit mode.
23-Aug-2026 16:28:58.128 INFO [http-nio-8080-exec-7] org.hibernate.resource.transaction.backend.jdbc.internal.DdlTransactionIsolatorNonJtaImpl.getIsolatedConnection HHH10001501: Connection obtained from JdbcConnectionAccess [org.hibernate.engine.jdbc.env.internal.JdbcEnvironmentInitiator$ConnectionProviderJdbcConnectionAccess@20120f3a] for (non-JTA) DDL execution was not in auto-commit mode; the Connection 'local transaction' will be committed and the Connection will be set into auto-commit mode.
23-Aug-2026 16:28:58.315 WARN [http-nio-8080-exec-7] org.hibernate.tool.schema.internal.ExceptionHandlerLoggedImpl.handleException GenerationTarget encountered exception accepting command : Error executing DDL "
    alter table compte 
       add constraint UK_55pqxvdmn5q8piy3nc1b3lr69 unique (email)" via JDBC [Specified key was too long; max key length is 767 bytes]
	org.hibernate.tool.schema.spi.CommandAcceptanceException: Error executing DDL "
    alter table compte 
       add constraint UK_55pqxvdmn5q8piy3nc1b3lr69 unique (email)" via JDBC [Specified key was too long; max key length is 767 bytes]
		at org.hibernate.tool.schema.internal.exec.GenerationTargetToDatabase.accept(GenerationTargetToDatabase.java:92)
		at org.hibernate.tool.schema.internal.Helper.applySqlString(Helper.java:235)
		at org.hibernate.tool.schema.internal.Helper.applySqlStrings(Helper.java:219)
		at org.hibernate.tool.schema.internal.SchemaCreatorImpl.createTableConstraints(SchemaCreatorImpl.java:393)
		at org.hibernate.tool.schema.internal.SchemaCreatorImpl.createSequencesTablesConstraints(SchemaCreatorImpl.java:351)
		at org.hibernate.tool.schema.internal.SchemaCreatorImpl.createFromMetadata(SchemaCreatorImpl.java:239)
		at org.hibernate.tool.schema.internal.SchemaCreatorImpl.performCreation(SchemaCreatorImpl.java:172)
		at org.hibernate.tool.schema.internal.SchemaCreatorImpl.doCreation(SchemaCreatorImpl.java:142)
		at org.hibernate.tool.schema.internal.SchemaCreatorImpl.doCreation(SchemaCreatorImpl.java:118)
		at org.hibernate.tool.schema.spi.SchemaManagementToolCoordinator.performDatabaseAction(SchemaManagementToolCoordinator.java:254)
		at org.hibernate.tool.schema.spi.SchemaManagementToolCoordinator.lambda$process$5(SchemaManagementToolCoordinator.java:143)
		at java.base/java.util.HashMap.forEach(HashMap.java:1429)
		at org.hibernate.tool.schema.spi.SchemaManagementToolCoordinator.process(SchemaManagementToolCoordinator.java:140)
		at org.hibernate.boot.internal.SessionFactoryObserverForSchemaExport.sessionFactoryCreated(SessionFactoryObserverForSchemaExport.java:37)
		at org.hibernate.internal.SessionFactoryObserverChain.sessionFactoryCreated(SessionFactoryObserverChain.java:35)
		at org.hibernate.internal.SessionFactoryImpl.<init>(SessionFactoryImpl.java:292)
		at org.hibernate.boot.internal.SessionFactoryBuilderImpl.build(SessionFactoryBuilderImpl.java:431)
		at org.hibernate.jpa.boot.internal.EntityManagerFactoryBuilderImpl.build(EntityManagerFactoryBuilderImpl.java:1455)
		at org.hibernate.jpa.HibernatePersistenceProvider.createEntityManagerFactory(HibernatePersistenceProvider.java:55)
		at jakarta.persistence.Persistence.createEntityManagerFactory(Persistence.java:80)
		at jakarta.persistence.Persistence.createEntityManagerFactory(Persistence.java:55)
		at com.suivi.controller.ForgotPasswordServlet.<clinit>(ForgotPasswordServlet.java:17)
		at java.base/jdk.internal.misc.Unsafe.ensureClassInitialized0(Native Method)
		at java.base/jdk.internal.misc.Unsafe.ensureClassInitialized(Unsafe.java:1160)
		at java.base/jdk.internal.reflect.MethodHandleAccessorFactory.ensureClassInitialized(MethodHandleAccessorFactory.java:300)
		at java.base/jdk.internal.reflect.MethodHandleAccessorFactory.newConstructorAccessor(MethodHandleAccessorFactory.java:103)
		at java.base/jdk.internal.reflect.ReflectionFactory.newConstructorAccessor(ReflectionFactory.java:200)
		at java.base/java.lang.reflect.Constructor.acquireConstructorAccessor(Constructor.java:549)
		at java.base/java.lang.reflect.Constructor.newInstanceWithCaller(Constructor.java:499)
		at java.base/java.lang.reflect.Constructor.newInstance(Constructor.java:486)
		at org.apache.catalina.core.DefaultInstanceManager.newInstance(DefaultInstanceManager.java:144)
		at org.apache.catalina.core.StandardWrapper.loadServlet(StandardWrapper.java:764)
		at org.apache.catalina.core.StandardWrapper.allocate(StandardWrapper.java:581)
		at org.apache.catalina.core.StandardWrapperValve.invoke(StandardWrapperValve.java:115)
		at org.apache.catalina.core.StandardContextValve.invoke(StandardContextValve.java:90)
		at org.apache.catalina.authenticator.AuthenticatorBase.invoke(AuthenticatorBase.java:483)
		at org.apache.catalina.core.StandardHostValve.invoke(StandardHostValve.java:116)
		at org.apache.catalina.valves.ErrorReportValve.invoke(ErrorReportValve.java:93)
		at org.apache.catalina.valves.AbstractAccessLogValve.invoke(AbstractAccessLogValve.java:666)
		at org.apache.catalina.core.StandardEngineValve.invoke(StandardEngineValve.java:74)
		at org.apache.catalina.connector.CoyoteAdapter.service(CoyoteAdapter.java:344)
		at org.apache.coyote.http11.Http11Processor.service(Http11Processor.java:398)
		at org.apache.coyote.AbstractProcessorLight.process(AbstractProcessorLight.java:63)
		at org.apache.coyote.AbstractProtocol$ConnectionHandler.process(AbstractProtocol.java:903)
		at org.apache.tomcat.util.net.NioEndpoint$SocketProcessor.doRun(NioEndpoint.java:1769)
		at org.apache.tomcat.util.net.SocketProcessorBase.run(SocketProcessorBase.java:52)
		at org.apache.tomcat.util.threads.ThreadPoolExecutor.runWorker(ThreadPoolExecutor.java:1189)
		at org.apache.tomcat.util.threads.ThreadPoolExecutor$Worker.run(ThreadPoolExecutor.java:658)
		at org.apache.tomcat.util.threads.TaskThread$WrappingRunnable.run(TaskThread.java:63)
		at java.base/java.lang.Thread.run(Thread.java:1583)
	Caused by: java.sql.SQLSyntaxErrorException: Specified key was too long; max key length is 767 bytes
		at com.mysql.cj.jdbc.exceptions.SQLError.createSQLException(SQLError.java:121)
		at com.mysql.cj.jdbc.exceptions.SQLExceptionsMapping.translateException(SQLExceptionsMapping.java:122)
		at com.mysql.cj.jdbc.StatementImpl.executeInternal(StatementImpl.java:770)
		at com.mysql.cj.jdbc.StatementImpl.execute(StatementImpl.java:653)
		at org.hibernate.tool.schema.internal.exec.GenerationTargetToDatabase.accept(GenerationTargetToDatabase.java:78)
		... 49 more
23-Aug-2026 16:29:23.802 INFO [http-nio-8080-exec-1] org.hibernate.jpa.internal.util.LogHelper.logPersistenceUnitInformation HHH000204: Processing PersistenceUnitInfo [name: glycemiePU]
23-Aug-2026 16:29:23.910 WARN [http-nio-8080-exec-1] org.hibernate.engine.jdbc.connections.internal.DriverManagerConnectionProviderImpl.configure HHH10001002: Using built-in connection pool (not intended for production use)
23-Aug-2026 16:29:23.910 INFO [http-nio-8080-exec-1] org.hibernate.engine.jdbc.connections.internal.DriverManagerConnectionProviderImpl.buildCreator HHH10001005: Loaded JDBC driver class: com.mysql.cj.jdbc.Driver
23-Aug-2026 16:29:23.910 INFO [http-nio-8080-exec-1] org.hibernate.engine.jdbc.connections.internal.DriverManagerConnectionProviderImpl.buildCreator HHH10001012: Connecting with JDBC URL [jdbc:mysql://localhost:3306/suivi_glycemie_db?useSSL=false&serverTimezone=UTC]
23-Aug-2026 16:29:23.910 INFO [http-nio-8080-exec-1] org.hibernate.engine.jdbc.connections.internal.DriverManagerConnectionProviderImpl.buildCreator HHH10001001: Connection properties: {password=****, user=root}
23-Aug-2026 16:29:23.910 INFO [http-nio-8080-exec-1] org.hibernate.engine.jdbc.connections.internal.DriverManagerConnectionProviderImpl.buildCreator HHH10001003: Autocommit mode: false
23-Aug-2026 16:29:23.910 INFO [http-nio-8080-exec-1] org.hibernate.engine.jdbc.connections.internal.DriverManagerConnectionProviderImpl$PooledConnections.<init> HHH10001115: Connection pool size: 20 (min=1)
23-Aug-2026 16:29:23.914 WARN [http-nio-8080-exec-1] org.hibernate.dialect.Dialect.checkVersion HHH000511: The 5.6.17 version for [org.hibernate.dialect.MySQLDialect] is no longer supported, hence certain features may not work properly. The minimum supported version is 5.7.0. Check the community dialects project for available legacy versions.
23-Aug-2026 16:29:23.959 INFO [http-nio-8080-exec-1] org.hibernate.bytecode.internal.BytecodeProviderInitiator.buildBytecodeProvider HHH000021: Bytecode provider name : bytebuddy
23-Aug-2026 16:29:24.072 INFO [http-nio-8080-exec-1] org.hibernate.engine.transaction.jta.platform.internal.JtaPlatformInitiator.initiateService HHH000490: Using JtaPlatform implementation: [org.hibernate.engine.transaction.jta.platform.internal.NoJtaPlatform]
23-Aug-2026 16:29:24.074 INFO [http-nio-8080-exec-1] org.hibernate.resource.transaction.backend.jdbc.internal.DdlTransactionIsolatorNonJtaImpl.getIsolatedConnection HHH10001501: Connection obtained from JdbcConnectionAccess [org.hibernate.engine.jdbc.env.internal.JdbcEnvironmentInitiator$ConnectionProviderJdbcConnectionAccess@2e809161] for (non-JTA) DDL execution was not in auto-commit mode; the Connection 'local transaction' will be committed and the Connection will be set into auto-commit mode.
23-Aug-2026 16:29:24.140 INFO [http-nio-8080-exec-1] org.hibernate.resource.transaction.backend.jdbc.internal.DdlTransactionIsolatorNonJtaImpl.getIsolatedConnection HHH10001501: Connection obtained from JdbcConnectionAccess [org.hibernate.engine.jdbc.env.internal.JdbcEnvironmentInitiator$ConnectionProviderJdbcConnectionAccess@3bd30037] for (non-JTA) DDL execution was not in auto-commit mode; the Connection 'local transaction' will be committed and the Connection will be set into auto-commit mode.
23-Aug-2026 16:29:24.326 WARN [http-nio-8080-exec-1] org.hibernate.tool.schema.internal.ExceptionHandlerLoggedImpl.handleException GenerationTarget encountered exception accepting command : Error executing DDL "
    alter table compte 
       add constraint UK_55pqxvdmn5q8piy3nc1b3lr69 unique (email)" via JDBC [Specified key was too long; max key length is 767 bytes]
	org.hibernate.tool.schema.spi.CommandAcceptanceException: Error executing DDL "
    alter table compte 
       add constraint UK_55pqxvdmn5q8piy3nc1b3lr69 unique (email)" via JDBC [Specified key was too long; max key length is 767 bytes]
		at org.hibernate.tool.schema.internal.exec.GenerationTargetToDatabase.accept(GenerationTargetToDatabase.java:92)
		at org.hibernate.tool.schema.internal.Helper.applySqlString(Helper.java:235)
		at org.hibernate.tool.schema.internal.Helper.applySqlStrings(Helper.java:219)
		at org.hibernate.tool.schema.internal.SchemaCreatorImpl.createTableConstraints(SchemaCreatorImpl.java:393)
		at org.hibernate.tool.schema.internal.SchemaCreatorImpl.createSequencesTablesConstraints(SchemaCreatorImpl.java:351)
		at org.hibernate.tool.schema.internal.SchemaCreatorImpl.createFromMetadata(SchemaCreatorImpl.java:239)
		at org.hibernate.tool.schema.internal.SchemaCreatorImpl.performCreation(SchemaCreatorImpl.java:172)
		at org.hibernate.tool.schema.internal.SchemaCreatorImpl.doCreation(SchemaCreatorImpl.java:142)
		at org.hibernate.tool.schema.internal.SchemaCreatorImpl.doCreation(SchemaCreatorImpl.java:118)
		at org.hibernate.tool.schema.spi.SchemaManagementToolCoordinator.performDatabaseAction(SchemaManagementToolCoordinator.java:254)
		at org.hibernate.tool.schema.spi.SchemaManagementToolCoordinator.lambda$process$5(SchemaManagementToolCoordinator.java:143)
		at java.base/java.util.HashMap.forEach(HashMap.java:1429)
		at org.hibernate.tool.schema.spi.SchemaManagementToolCoordinator.process(SchemaManagementToolCoordinator.java:140)
		at org.hibernate.boot.internal.SessionFactoryObserverForSchemaExport.sessionFactoryCreated(SessionFactoryObserverForSchemaExport.java:37)
		at org.hibernate.internal.SessionFactoryObserverChain.sessionFactoryCreated(SessionFactoryObserverChain.java:35)
		at org.hibernate.internal.SessionFactoryImpl.<init>(SessionFactoryImpl.java:292)
		at org.hibernate.boot.internal.SessionFactoryBuilderImpl.build(SessionFactoryBuilderImpl.java:431)
		at org.hibernate.jpa.boot.internal.EntityManagerFactoryBuilderImpl.build(EntityManagerFactoryBuilderImpl.java:1455)
		at org.hibernate.jpa.HibernatePersistenceProvider.createEntityManagerFactory(HibernatePersistenceProvider.java:55)
		at jakarta.persistence.Persistence.createEntityManagerFactory(Persistence.java:80)
		at jakarta.persistence.Persistence.createEntityManagerFactory(Persistence.java:55)
		at com.suivi.controller.RegisterServlet.<clinit>(RegisterServlet.java:17)
		at java.base/jdk.internal.misc.Unsafe.ensureClassInitialized0(Native Method)
		at java.base/jdk.internal.misc.Unsafe.ensureClassInitialized(Unsafe.java:1160)
		at java.base/jdk.internal.reflect.MethodHandleAccessorFactory.ensureClassInitialized(MethodHandleAccessorFactory.java:300)
		at java.base/jdk.internal.reflect.MethodHandleAccessorFactory.newConstructorAccessor(MethodHandleAccessorFactory.java:103)
		at java.base/jdk.internal.reflect.ReflectionFactory.newConstructorAccessor(ReflectionFactory.java:200)
		at java.base/java.lang.reflect.Constructor.acquireConstructorAccessor(Constructor.java:549)
		at java.base/java.lang.reflect.Constructor.newInstanceWithCaller(Constructor.java:499)
		at java.base/java.lang.reflect.Constructor.newInstance(Constructor.java:486)
		at org.apache.catalina.core.DefaultInstanceManager.newInstance(DefaultInstanceManager.java:144)
		at org.apache.catalina.core.StandardWrapper.loadServlet(StandardWrapper.java:764)
		at org.apache.catalina.core.StandardWrapper.allocate(StandardWrapper.java:581)
		at org.apache.catalina.core.StandardWrapperValve.invoke(StandardWrapperValve.java:115)
		at org.apache.catalina.core.StandardContextValve.invoke(StandardContextValve.java:90)
		at org.apache.catalina.authenticator.AuthenticatorBase.invoke(AuthenticatorBase.java:483)
		at org.apache.catalina.core.StandardHostValve.invoke(StandardHostValve.java:116)
		at org.apache.catalina.valves.ErrorReportValve.invoke(ErrorReportValve.java:93)
		at org.apache.catalina.valves.AbstractAccessLogValve.invoke(AbstractAccessLogValve.java:666)
		at org.apache.catalina.core.StandardEngineValve.invoke(StandardEngineValve.java:74)
		at org.apache.catalina.connector.CoyoteAdapter.service(CoyoteAdapter.java:344)
		at org.apache.coyote.http11.Http11Processor.service(Http11Processor.java:398)
		at org.apache.coyote.AbstractProcessorLight.process(AbstractProcessorLight.java:63)
		at org.apache.coyote.AbstractProtocol$ConnectionHandler.process(AbstractProtocol.java:903)
		at org.apache.tomcat.util.net.NioEndpoint$SocketProcessor.doRun(NioEndpoint.java:1769)
		at org.apache.tomcat.util.net.SocketProcessorBase.run(SocketProcessorBase.java:52)
		at org.apache.tomcat.util.threads.ThreadPoolExecutor.runWorker(ThreadPoolExecutor.java:1189)
		at org.apache.tomcat.util.threads.ThreadPoolExecutor$Worker.run(ThreadPoolExecutor.java:658)
		at org.apache.tomcat.util.threads.TaskThread$WrappingRunnable.run(TaskThread.java:63)
		at java.base/java.lang.Thread.run(Thread.java:1583)
	Caused by: java.sql.SQLSyntaxErrorException: Specified key was too long; max key length is 767 bytes
		at com.mysql.cj.jdbc.exceptions.SQLError.createSQLException(SQLError.java:121)
		at com.mysql.cj.jdbc.exceptions.SQLExceptionsMapping.translateException(SQLExceptionsMapping.java:122)
		at com.mysql.cj.jdbc.StatementImpl.executeInternal(StatementImpl.java:770)
		at com.mysql.cj.jdbc.StatementImpl.execute(StatementImpl.java:653)
		at org.hibernate.tool.schema.internal.exec.GenerationTargetToDatabase.accept(GenerationTargetToDatabase.java:78)
		... 49 more
23-Aug-2026 16:29:24.888 INFO [http-nio-8080-exec-2] org.hibernate.jpa.internal.util.LogHelper.logPersistenceUnitInformation HHH000204: Processing PersistenceUnitInfo [name: glycemiePU]
23-Aug-2026 16:29:24.949 WARN [http-nio-8080-exec-2] org.hibernate.engine.jdbc.connections.internal.DriverManagerConnectionProviderImpl.configure HHH10001002: Using built-in connection pool (not intended for production use)
23-Aug-2026 16:29:24.950 INFO [http-nio-8080-exec-2] org.hibernate.engine.jdbc.connections.internal.DriverManagerConnectionProviderImpl.buildCreator HHH10001005: Loaded JDBC driver class: com.mysql.cj.jdbc.Driver
23-Aug-2026 16:29:24.950 INFO [http-nio-8080-exec-2] org.hibernate.engine.jdbc.connections.internal.DriverManagerConnectionProviderImpl.buildCreator HHH10001012: Connecting with JDBC URL [jdbc:mysql://localhost:3306/suivi_glycemie_db?useSSL=false&serverTimezone=UTC]
23-Aug-2026 16:29:24.950 INFO [http-nio-8080-exec-2] org.hibernate.engine.jdbc.connections.internal.DriverManagerConnectionProviderImpl.buildCreator HHH10001001: Connection properties: {password=****, user=root}
23-Aug-2026 16:29:24.950 INFO [http-nio-8080-exec-2] org.hibernate.engine.jdbc.connections.internal.DriverManagerConnectionProviderImpl.buildCreator HHH10001003: Autocommit mode: false
23-Aug-2026 16:29:24.950 INFO [http-nio-8080-exec-2] org.hibernate.engine.jdbc.connections.internal.DriverManagerConnectionProviderImpl$PooledConnections.<init> HHH10001115: Connection pool size: 20 (min=1)
23-Aug-2026 16:29:24.975 WARN [http-nio-8080-exec-2] org.hibernate.dialect.Dialect.checkVersion HHH000511: The 5.6.17 version for [org.hibernate.dialect.MySQLDialect] is no longer supported, hence certain features may not work properly. The minimum supported version is 5.7.0. Check the community dialects project for available legacy versions.
23-Aug-2026 16:29:25.005 INFO [http-nio-8080-exec-2] org.hibernate.bytecode.internal.BytecodeProviderInitiator.buildBytecodeProvider HHH000021: Bytecode provider name : bytebuddy
23-Aug-2026 16:29:25.091 INFO [http-nio-8080-exec-2] org.hibernate.engine.transaction.jta.platform.internal.JtaPlatformInitiator.initiateService HHH000490: Using JtaPlatform implementation: [org.hibernate.engine.transaction.jta.platform.internal.NoJtaPlatform]
23-Aug-2026 16:29:25.091 INFO [http-nio-8080-exec-2] org.hibernate.resource.transaction.backend.jdbc.internal.DdlTransactionIsolatorNonJtaImpl.getIsolatedConnection HHH10001501: Connection obtained from JdbcConnectionAccess [org.hibernate.engine.jdbc.env.internal.JdbcEnvironmentInitiator$ConnectionProviderJdbcConnectionAccess@7c9fc5be] for (non-JTA) DDL execution was not in auto-commit mode; the Connection 'local transaction' will be committed and the Connection will be set into auto-commit mode.
23-Aug-2026 16:29:25.170 INFO [http-nio-8080-exec-2] org.hibernate.resource.transaction.backend.jdbc.internal.DdlTransactionIsolatorNonJtaImpl.getIsolatedConnection HHH10001501: Connection obtained from JdbcConnectionAccess [org.hibernate.engine.jdbc.env.internal.JdbcEnvironmentInitiator$ConnectionProviderJdbcConnectionAccess@7cd2b917] for (non-JTA) DDL execution was not in auto-commit mode; the Connection 'local transaction' will be committed and the Connection will be set into auto-commit mode.
23-Aug-2026 16:29:25.391 WARN [http-nio-8080-exec-2] org.hibernate.tool.schema.internal.ExceptionHandlerLoggedImpl.handleException GenerationTarget encountered exception accepting command : Error executing DDL "
    alter table compte 
       add constraint UK_55pqxvdmn5q8piy3nc1b3lr69 unique (email)" via JDBC [Specified key was too long; max key length is 767 bytes]
	org.hibernate.tool.schema.spi.CommandAcceptanceException: Error executing DDL "
    alter table compte 
       add constraint UK_55pqxvdmn5q8piy3nc1b3lr69 unique (email)" via JDBC [Specified key was too long; max key length is 767 bytes]
		at org.hibernate.tool.schema.internal.exec.GenerationTargetToDatabase.accept(GenerationTargetToDatabase.java:92)
		at org.hibernate.tool.schema.internal.Helper.applySqlString(Helper.java:235)
		at org.hibernate.tool.schema.internal.Helper.applySqlStrings(Helper.java:219)
		at org.hibernate.tool.schema.internal.SchemaCreatorImpl.createTableConstraints(SchemaCreatorImpl.java:393)
		at org.hibernate.tool.schema.internal.SchemaCreatorImpl.createSequencesTablesConstraints(SchemaCreatorImpl.java:351)
		at org.hibernate.tool.schema.internal.SchemaCreatorImpl.createFromMetadata(SchemaCreatorImpl.java:239)
		at org.hibernate.tool.schema.internal.SchemaCreatorImpl.performCreation(SchemaCreatorImpl.java:172)
		at org.hibernate.tool.schema.internal.SchemaCreatorImpl.doCreation(SchemaCreatorImpl.java:142)
		at org.hibernate.tool.schema.internal.SchemaCreatorImpl.doCreation(SchemaCreatorImpl.java:118)
		at org.hibernate.tool.schema.spi.SchemaManagementToolCoordinator.performDatabaseAction(SchemaManagementToolCoordinator.java:254)
		at org.hibernate.tool.schema.spi.SchemaManagementToolCoordinator.lambda$process$5(SchemaManagementToolCoordinator.java:143)
		at java.base/java.util.HashMap.forEach(HashMap.java:1429)
		at org.hibernate.tool.schema.spi.SchemaManagementToolCoordinator.process(SchemaManagementToolCoordinator.java:140)
		at org.hibernate.boot.internal.SessionFactoryObserverForSchemaExport.sessionFactoryCreated(SessionFactoryObserverForSchemaExport.java:37)
		at org.hibernate.internal.SessionFactoryObserverChain.sessionFactoryCreated(SessionFactoryObserverChain.java:35)
		at org.hibernate.internal.SessionFactoryImpl.<init>(SessionFactoryImpl.java:292)
		at org.hibernate.boot.internal.SessionFactoryBuilderImpl.build(SessionFactoryBuilderImpl.java:431)
		at org.hibernate.jpa.boot.internal.EntityManagerFactoryBuilderImpl.build(EntityManagerFactoryBuilderImpl.java:1455)
		at org.hibernate.jpa.HibernatePersistenceProvider.createEntityManagerFactory(HibernatePersistenceProvider.java:55)
		at jakarta.persistence.Persistence.createEntityManagerFactory(Persistence.java:80)
		at jakarta.persistence.Persistence.createEntityManagerFactory(Persistence.java:55)
		at com.suivi.controller.DashboardServlet.<clinit>(DashboardServlet.java:21)
		at java.base/jdk.internal.misc.Unsafe.ensureClassInitialized0(Native Method)
		at java.base/jdk.internal.misc.Unsafe.ensureClassInitialized(Unsafe.java:1160)
		at java.base/jdk.internal.reflect.MethodHandleAccessorFactory.ensureClassInitialized(MethodHandleAccessorFactory.java:300)
		at java.base/jdk.internal.reflect.MethodHandleAccessorFactory.newConstructorAccessor(MethodHandleAccessorFactory.java:103)
		at java.base/jdk.internal.reflect.ReflectionFactory.newConstructorAccessor(ReflectionFactory.java:200)
		at java.base/java.lang.reflect.Constructor.acquireConstructorAccessor(Constructor.java:549)
		at java.base/java.lang.reflect.Constructor.newInstanceWithCaller(Constructor.java:499)
		at java.base/java.lang.reflect.Constructor.newInstance(Constructor.java:486)
		at org.apache.catalina.core.DefaultInstanceManager.newInstance(DefaultInstanceManager.java:144)
		at org.apache.catalina.core.StandardWrapper.loadServlet(StandardWrapper.java:764)
		at org.apache.catalina.core.StandardWrapper.allocate(StandardWrapper.java:581)
		at org.apache.catalina.core.StandardWrapperValve.invoke(StandardWrapperValve.java:115)
		at org.apache.catalina.core.StandardContextValve.invoke(StandardContextValve.java:90)
		at org.apache.catalina.authenticator.AuthenticatorBase.invoke(AuthenticatorBase.java:483)
		at org.apache.catalina.core.StandardHostValve.invoke(StandardHostValve.java:116)
		at org.apache.catalina.valves.ErrorReportValve.invoke(ErrorReportValve.java:93)
		at org.apache.catalina.valves.AbstractAccessLogValve.invoke(AbstractAccessLogValve.java:666)
		at org.apache.catalina.core.StandardEngineValve.invoke(StandardEngineValve.java:74)
		at org.apache.catalina.connector.CoyoteAdapter.service(CoyoteAdapter.java:344)
		at org.apache.coyote.http11.Http11Processor.service(Http11Processor.java:398)
		at org.apache.coyote.AbstractProcessorLight.process(AbstractProcessorLight.java:63)
		at org.apache.coyote.AbstractProtocol$ConnectionHandler.process(AbstractProtocol.java:903)
		at org.apache.tomcat.util.net.NioEndpoint$SocketProcessor.doRun(NioEndpoint.java:1769)
		at org.apache.tomcat.util.net.SocketProcessorBase.run(SocketProcessorBase.java:52)
		at org.apache.tomcat.util.threads.ThreadPoolExecutor.runWorker(ThreadPoolExecutor.java:1189)
		at org.apache.tomcat.util.threads.ThreadPoolExecutor$Worker.run(ThreadPoolExecutor.java:658)
		at org.apache.tomcat.util.threads.TaskThread$WrappingRunnable.run(TaskThread.java:63)
		at java.base/java.lang.Thread.run(Thread.java:1583)
	Caused by: java.sql.SQLSyntaxErrorException: Specified key was too long; max key length is 767 bytes
		at com.mysql.cj.jdbc.exceptions.SQLError.createSQLException(SQLError.java:121)
		at com.mysql.cj.jdbc.exceptions.SQLExceptionsMapping.translateException(SQLExceptionsMapping.java:122)
		at com.mysql.cj.jdbc.StatementImpl.executeInternal(StatementImpl.java:770)
		at com.mysql.cj.jdbc.StatementImpl.execute(StatementImpl.java:653)
		at org.hibernate.tool.schema.internal.exec.GenerationTargetToDatabase.accept(GenerationTargetToDatabase.java:78)
		... 49 more
23-Aug-2026 16:29:37.104 INFO [http-nio-8080-exec-5] org.hibernate.jpa.internal.util.LogHelper.logPersistenceUnitInformation HHH000204: Processing PersistenceUnitInfo [name: glycemiePU]
23-Aug-2026 16:29:37.237 WARN [http-nio-8080-exec-5] org.hibernate.engine.jdbc.connections.internal.DriverManagerConnectionProviderImpl.configure HHH10001002: Using built-in connection pool (not intended for production use)
23-Aug-2026 16:29:37.237 INFO [http-nio-8080-exec-5] org.hibernate.engine.jdbc.connections.internal.DriverManagerConnectionProviderImpl.buildCreator HHH10001005: Loaded JDBC driver class: com.mysql.cj.jdbc.Driver
23-Aug-2026 16:29:37.237 INFO [http-nio-8080-exec-5] org.hibernate.engine.jdbc.connections.internal.DriverManagerConnectionProviderImpl.buildCreator HHH10001012: Connecting with JDBC URL [jdbc:mysql://localhost:3306/suivi_glycemie_db?useSSL=false&serverTimezone=UTC]
23-Aug-2026 16:29:37.237 INFO [http-nio-8080-exec-5] org.hibernate.engine.jdbc.connections.internal.DriverManagerConnectionProviderImpl.buildCreator HHH10001001: Connection properties: {password=****, user=root}
23-Aug-2026 16:29:37.237 INFO [http-nio-8080-exec-5] org.hibernate.engine.jdbc.connections.internal.DriverManagerConnectionProviderImpl.buildCreator HHH10001003: Autocommit mode: false
23-Aug-2026 16:29:37.237 INFO [http-nio-8080-exec-5] org.hibernate.engine.jdbc.connections.internal.DriverManagerConnectionProviderImpl$PooledConnections.<init> HHH10001115: Connection pool size: 20 (min=1)
23-Aug-2026 16:29:37.254 WARN [http-nio-8080-exec-5] org.hibernate.dialect.Dialect.checkVersion HHH000511: The 5.6.17 version for [org.hibernate.dialect.MySQLDialect] is no longer supported, hence certain features may not work properly. The minimum supported version is 5.7.0. Check the community dialects project for available legacy versions.
23-Aug-2026 16:29:37.291 INFO [http-nio-8080-exec-5] org.hibernate.bytecode.internal.BytecodeProviderInitiator.buildBytecodeProvider HHH000021: Bytecode provider name : bytebuddy
23-Aug-2026 16:29:37.461 INFO [http-nio-8080-exec-5] org.hibernate.engine.transaction.jta.platform.internal.JtaPlatformInitiator.initiateService HHH000490: Using JtaPlatform implementation: [org.hibernate.engine.transaction.jta.platform.internal.NoJtaPlatform]
23-Aug-2026 16:29:37.462 INFO [http-nio-8080-exec-5] org.hibernate.resource.transaction.backend.jdbc.internal.DdlTransactionIsolatorNonJtaImpl.getIsolatedConnection HHH10001501: Connection obtained from JdbcConnectionAccess [org.hibernate.engine.jdbc.env.internal.JdbcEnvironmentInitiator$ConnectionProviderJdbcConnectionAccess@eff208a] for (non-JTA) DDL execution was not in auto-commit mode; the Connection 'local transaction' will be committed and the Connection will be set into auto-commit mode.
23-Aug-2026 16:29:37.538 INFO [http-nio-8080-exec-5] org.hibernate.resource.transaction.backend.jdbc.internal.DdlTransactionIsolatorNonJtaImpl.getIsolatedConnection HHH10001501: Connection obtained from JdbcConnectionAccess [org.hibernate.engine.jdbc.env.internal.JdbcEnvironmentInitiator$ConnectionProviderJdbcConnectionAccess@77334ddc] for (non-JTA) DDL execution was not in auto-commit mode; the Connection 'local transaction' will be committed and the Connection will be set into auto-commit mode.
23-Aug-2026 16:29:37.709 WARN [http-nio-8080-exec-5] org.hibernate.tool.schema.internal.ExceptionHandlerLoggedImpl.handleException GenerationTarget encountered exception accepting command : Error executing DDL "
    alter table compte 
       add constraint UK_55pqxvdmn5q8piy3nc1b3lr69 unique (email)" via JDBC [Specified key was too long; max key length is 767 bytes]
	org.hibernate.tool.schema.spi.CommandAcceptanceException: Error executing DDL "
    alter table compte 
       add constraint UK_55pqxvdmn5q8piy3nc1b3lr69 unique (email)" via JDBC [Specified key was too long; max key length is 767 bytes]
		at org.hibernate.tool.schema.internal.exec.GenerationTargetToDatabase.accept(GenerationTargetToDatabase.java:92)
		at org.hibernate.tool.schema.internal.Helper.applySqlString(Helper.java:235)
		at org.hibernate.tool.schema.internal.Helper.applySqlStrings(Helper.java:219)
		at org.hibernate.tool.schema.internal.SchemaCreatorImpl.createTableConstraints(SchemaCreatorImpl.java:393)
		at org.hibernate.tool.schema.internal.SchemaCreatorImpl.createSequencesTablesConstraints(SchemaCreatorImpl.java:351)
		at org.hibernate.tool.schema.internal.SchemaCreatorImpl.createFromMetadata(SchemaCreatorImpl.java:239)
		at org.hibernate.tool.schema.internal.SchemaCreatorImpl.performCreation(SchemaCreatorImpl.java:172)
		at org.hibernate.tool.schema.internal.SchemaCreatorImpl.doCreation(SchemaCreatorImpl.java:142)
		at org.hibernate.tool.schema.internal.SchemaCreatorImpl.doCreation(SchemaCreatorImpl.java:118)
		at org.hibernate.tool.schema.spi.SchemaManagementToolCoordinator.performDatabaseAction(SchemaManagementToolCoordinator.java:254)
		at org.hibernate.tool.schema.spi.SchemaManagementToolCoordinator.lambda$process$5(SchemaManagementToolCoordinator.java:143)
		at java.base/java.util.HashMap.forEach(HashMap.java:1429)
		at org.hibernate.tool.schema.spi.SchemaManagementToolCoordinator.process(SchemaManagementToolCoordinator.java:140)
		at org.hibernate.boot.internal.SessionFactoryObserverForSchemaExport.sessionFactoryCreated(SessionFactoryObserverForSchemaExport.java:37)
		at org.hibernate.internal.SessionFactoryObserverChain.sessionFactoryCreated(SessionFactoryObserverChain.java:35)
		at org.hibernate.internal.SessionFactoryImpl.<init>(SessionFactoryImpl.java:292)
		at org.hibernate.boot.internal.SessionFactoryBuilderImpl.build(SessionFactoryBuilderImpl.java:431)
		at org.hibernate.jpa.boot.internal.EntityManagerFactoryBuilderImpl.build(EntityManagerFactoryBuilderImpl.java:1455)
		at org.hibernate.jpa.HibernatePersistenceProvider.createEntityManagerFactory(HibernatePersistenceProvider.java:55)
		at jakarta.persistence.Persistence.createEntityManagerFactory(Persistence.java:80)
		at jakarta.persistence.Persistence.createEntityManagerFactory(Persistence.java:55)
		at com.suivi.dao.GlycemieDao.<clinit>(GlycemieDao.java:10)
		at com.suivi.controller.GlycemieServlet.<init>(GlycemieServlet.java:17)
		at java.base/jdk.internal.reflect.DirectConstructorHandleAccessor.newInstance(DirectConstructorHandleAccessor.java:62)
		at java.base/java.lang.reflect.Constructor.newInstanceWithCaller(Constructor.java:502)
		at java.base/java.lang.reflect.Constructor.newInstance(Constructor.java:486)
		at org.apache.catalina.core.DefaultInstanceManager.newInstance(DefaultInstanceManager.java:144)
		at org.apache.catalina.core.StandardWrapper.loadServlet(StandardWrapper.java:764)
		at org.apache.catalina.core.StandardWrapper.allocate(StandardWrapper.java:581)
		at org.apache.catalina.core.StandardWrapperValve.invoke(StandardWrapperValve.java:115)
		at org.apache.catalina.core.StandardContextValve.invoke(StandardContextValve.java:90)
		at org.apache.catalina.authenticator.AuthenticatorBase.invoke(AuthenticatorBase.java:483)
		at org.apache.catalina.core.StandardHostValve.invoke(StandardHostValve.java:116)
		at org.apache.catalina.valves.ErrorReportValve.invoke(ErrorReportValve.java:93)
		at org.apache.catalina.valves.AbstractAccessLogValve.invoke(AbstractAccessLogValve.java:666)
		at org.apache.catalina.core.StandardEngineValve.invoke(StandardEngineValve.java:74)
		at org.apache.catalina.connector.CoyoteAdapter.service(CoyoteAdapter.java:344)
		at org.apache.coyote.http11.Http11Processor.service(Http11Processor.java:398)
		at org.apache.coyote.AbstractProcessorLight.process(AbstractProcessorLight.java:63)
		at org.apache.coyote.AbstractProtocol$ConnectionHandler.process(AbstractProtocol.java:903)
		at org.apache.tomcat.util.net.NioEndpoint$SocketProcessor.doRun(NioEndpoint.java:1769)
		at org.apache.tomcat.util.net.SocketProcessorBase.run(SocketProcessorBase.java:52)
		at org.apache.tomcat.util.threads.ThreadPoolExecutor.runWorker(ThreadPoolExecutor.java:1189)
		at org.apache.tomcat.util.threads.ThreadPoolExecutor$Worker.run(ThreadPoolExecutor.java:658)
		at org.apache.tomcat.util.threads.TaskThread$WrappingRunnable.run(TaskThread.java:63)
		at java.base/java.lang.Thread.run(Thread.java:1583)
	Caused by: java.sql.SQLSyntaxErrorException: Specified key was too long; max key length is 767 bytes
		at com.mysql.cj.jdbc.exceptions.SQLError.createSQLException(SQLError.java:121)
		at com.mysql.cj.jdbc.exceptions.SQLExceptionsMapping.translateException(SQLExceptionsMapping.java:122)
		at com.mysql.cj.jdbc.StatementImpl.executeInternal(StatementImpl.java:770)
		at com.mysql.cj.jdbc.StatementImpl.execute(StatementImpl.java:653)
		at org.hibernate.tool.schema.internal.exec.GenerationTargetToDatabase.accept(GenerationTargetToDatabase.java:78)
		... 45 more
23-Aug-2026 16:29:38.039 WARN [http-nio-8080-exec-5] org.hibernate.engine.jdbc.spi.SqlExceptionHelper.logExceptions SQL Error: 1452, SQLState: 23000
23-Aug-2026 16:29:38.039 ERROR [http-nio-8080-exec-5] org.hibernate.engine.jdbc.spi.SqlExceptionHelper.logExceptions Cannot add or update a child row: a foreign key constraint fails (`suivi_glycemie_db`.`glycemie`, CONSTRAINT `FKkie70ed8g5liowttbbh9sf2lx` FOREIGN KEY (`compte_id`) REFERENCES `compte` (`id`))
23-Aug-2026 16:29:46.762 WARN [http-nio-8080-exec-3] org.hibernate.engine.jdbc.spi.SqlExceptionHelper.logExceptions SQL Error: 1452, SQLState: 23000
23-Aug-2026 16:29:46.764 ERROR [http-nio-8080-exec-3] org.hibernate.engine.jdbc.spi.SqlExceptionHelper.logExceptions Cannot add or update a child row: a foreign key constraint fails (`suivi_glycemie_db`.`glycemie`, CONSTRAINT `FKkie70ed8g5liowttbbh9sf2lx` FOREIGN KEY (`compte_id`) REFERENCES `compte` (`id`))
23-Aug-2026 16:32:45.038 INFOS [Thread-1] org.apache.coyote.AbstractProtocol.pause Le gestionnaire de protocole ["http-nio-8080"] est mis en pause
23-Aug-2026 16:32:45.062 INFOS [Thread-1] org.apache.catalina.core.StandardService.stopInternal Arrêt du service [Catalina]
23-Aug-2026 16:32:45.070 AVERTISSEMENT [Thread-1] org.apache.catalina.loader.WebappClassLoaderBase.clearReferencesJdbc L'application web [ROOT] a enregistré un pilote JDBC [com.mysql.cj.jdbc.Driver], mais ne l'a pas désenregistré avant l'arrêt de l'application.  Pour éviter une fuite de mémoire, le pilote JDBC a été désenregistré de force.
23-Aug-2026 16:32:45.072 AVERTISSEMENT [Thread-1] org.apache.catalina.loader.WebappClassLoaderBase.clearReferencesThreads L'application web [ROOT] semble avoir démarré un thread nommé [mysql-cj-abandoned-connection-cleanup] mais ne l'a pas arrêté, ce qui va probablement créer une fuite de mémoire ; la trace du thread est : 
 java.base/jdk.internal.misc.Unsafe.park(Native Method)
 java.base/java.util.concurrent.locks.LockSupport.parkNanos(LockSupport.java:269)
 java.base/java.util.concurrent.locks.AbstractQueuedSynchronizer$ConditionObject.await(AbstractQueuedSynchronizer.java:1886)
 java.base/java.lang.ref.ReferenceQueue.await(ReferenceQueue.java:71)
 java.base/java.lang.ref.ReferenceQueue.remove0(ReferenceQueue.java:143)
 java.base/java.lang.ref.ReferenceQueue.remove(ReferenceQueue.java:218)
 com.mysql.cj.jdbc.AbandonedConnectionCleanupThread.run(AbandonedConnectionCleanupThread.java:93)
 java.base/java.util.concurrent.ThreadPoolExecutor.runWorker(ThreadPoolExecutor.java:1144)
 java.base/java.util.concurrent.ThreadPoolExecutor$Worker.run(ThreadPoolExecutor.java:642)
 java.base/java.lang.Thread.run(Thread.java:1583)
23-Aug-2026 16:32:45.072 AVERTISSEMENT [Thread-1] org.apache.catalina.loader.WebappClassLoaderBase.clearReferencesThreads L'application web [ROOT] semble avoir démarré un thread nommé [Hibernate Connection Pool Validation Thread] mais ne l'a pas arrêté, ce qui va probablement créer une fuite de mémoire ; la trace du thread est : 
 java.base/jdk.internal.misc.Unsafe.park(Native Method)
 java.base/java.util.concurrent.locks.LockSupport.parkNanos(LockSupport.java:269)
 java.base/java.util.concurrent.locks.AbstractQueuedSynchronizer$ConditionObject.awaitNanos(AbstractQueuedSynchronizer.java:1797)
 java.base/java.util.concurrent.ScheduledThreadPoolExecutor$DelayedWorkQueue.take(ScheduledThreadPoolExecutor.java:1182)
 java.base/java.util.concurrent.ScheduledThreadPoolExecutor$DelayedWorkQueue.take(ScheduledThreadPoolExecutor.java:899)
 java.base/java.util.concurrent.ThreadPoolExecutor.getTask(ThreadPoolExecutor.java:1070)
 java.base/java.util.concurrent.ThreadPoolExecutor.runWorker(ThreadPoolExecutor.java:1130)
 java.base/java.util.concurrent.ThreadPoolExecutor$Worker.run(ThreadPoolExecutor.java:642)
 java.base/java.lang.Thread.run(Thread.java:1583)
23-Aug-2026 16:32:45.072 AVERTISSEMENT [Thread-1] org.apache.catalina.loader.WebappClassLoaderBase.clearReferencesThreads L'application web [ROOT] semble avoir démarré un thread nommé [Hibernate Connection Pool Validation Thread] mais ne l'a pas arrêté, ce qui va probablement créer une fuite de mémoire ; la trace du thread est : 
 java.base/jdk.internal.misc.Unsafe.park(Native Method)
 java.base/java.util.concurrent.locks.LockSupport.parkNanos(LockSupport.java:269)
 java.base/java.util.concurrent.locks.AbstractQueuedSynchronizer$ConditionObject.awaitNanos(AbstractQueuedSynchronizer.java:1797)
 java.base/java.util.concurrent.ScheduledThreadPoolExecutor$DelayedWorkQueue.take(ScheduledThreadPoolExecutor.java:1182)
 java.base/java.util.concurrent.ScheduledThreadPoolExecutor$DelayedWorkQueue.take(ScheduledThreadPoolExecutor.java:899)
 java.base/java.util.concurrent.ThreadPoolExecutor.getTask(ThreadPoolExecutor.java:1070)
 java.base/java.util.concurrent.ThreadPoolExecutor.runWorker(ThreadPoolExecutor.java:1130)
 java.base/java.util.concurrent.ThreadPoolExecutor$Worker.run(ThreadPoolExecutor.java:642)
 java.base/java.lang.Thread.run(Thread.java:1583)
23-Aug-2026 16:32:45.072 AVERTISSEMENT [Thread-1] org.apache.catalina.loader.WebappClassLoaderBase.clearReferencesThreads L'application web [ROOT] semble avoir démarré un thread nommé [Hibernate Connection Pool Validation Thread] mais ne l'a pas arrêté, ce qui va probablement créer une fuite de mémoire ; la trace du thread est : 
 java.base/jdk.internal.misc.Unsafe.park(Native Method)
 java.base/java.util.concurrent.locks.LockSupport.parkNanos(LockSupport.java:269)
 java.base/java.util.concurrent.locks.AbstractQueuedSynchronizer$ConditionObject.awaitNanos(AbstractQueuedSynchronizer.java:1797)
 java.base/java.util.concurrent.ScheduledThreadPoolExecutor$DelayedWorkQueue.take(ScheduledThreadPoolExecutor.java:1182)
 java.base/java.util.concurrent.ScheduledThreadPoolExecutor$DelayedWorkQueue.take(ScheduledThreadPoolExecutor.java:899)
 java.base/java.util.concurrent.ThreadPoolExecutor.getTask(ThreadPoolExecutor.java:1070)
 java.base/java.util.concurrent.ThreadPoolExecutor.runWorker(ThreadPoolExecutor.java:1130)
 java.base/java.util.concurrent.ThreadPoolExecutor$Worker.run(ThreadPoolExecutor.java:642)
 java.base/java.lang.Thread.run(Thread.java:1583)
23-Aug-2026 16:32:45.074 AVERTISSEMENT [Thread-1] org.apache.catalina.loader.WebappClassLoaderBase.clearReferencesThreads L'application web [ROOT] semble avoir démarré un thread nommé [Hibernate Connection Pool Validation Thread] mais ne l'a pas arrêté, ce qui va probablement créer une fuite de mémoire ; la trace du thread est : 
 java.base/jdk.internal.misc.Unsafe.park(Native Method)
 java.base/java.util.concurrent.locks.LockSupport.parkNanos(LockSupport.java:269)
 java.base/java.util.concurrent.locks.AbstractQueuedSynchronizer$ConditionObject.awaitNanos(AbstractQueuedSynchronizer.java:1797)
 java.base/java.util.concurrent.ScheduledThreadPoolExecutor$DelayedWorkQueue.take(ScheduledThreadPoolExecutor.java:1182)
 java.base/java.util.concurrent.ScheduledThreadPoolExecutor$DelayedWorkQueue.take(ScheduledThreadPoolExecutor.java:899)
 java.base/java.util.concurrent.ThreadPoolExecutor.getTask(ThreadPoolExecutor.java:1070)
 java.base/java.util.concurrent.ThreadPoolExecutor.runWorker(ThreadPoolExecutor.java:1130)
 java.base/java.util.concurrent.ThreadPoolExecutor$Worker.run(ThreadPoolExecutor.java:642)
 java.base/java.lang.Thread.run(Thread.java:1583)
23-Aug-2026 16:32:45.074 AVERTISSEMENT [Thread-1] org.apache.catalina.loader.WebappClassLoaderBase.clearReferencesThreads L'application web [ROOT] semble avoir démarré un thread nommé [Hibernate Connection Pool Validation Thread] mais ne l'a pas arrêté, ce qui va probablement créer une fuite de mémoire ; la trace du thread est : 
 java.base/jdk.internal.misc.Unsafe.park(Native Method)
 java.base/java.util.concurrent.locks.LockSupport.parkNanos(LockSupport.java:269)
 java.base/java.util.concurrent.locks.AbstractQueuedSynchronizer$ConditionObject.awaitNanos(AbstractQueuedSynchronizer.java:1797)
 java.base/java.util.concurrent.ScheduledThreadPoolExecutor$DelayedWorkQueue.take(ScheduledThreadPoolExecutor.java:1182)
 java.base/java.util.concurrent.ScheduledThreadPoolExecutor$DelayedWorkQueue.take(ScheduledThreadPoolExecutor.java:899)
 java.base/java.util.concurrent.ThreadPoolExecutor.getTask(ThreadPoolExecutor.java:1070)
 java.base/java.util.concurrent.ThreadPoolExecutor.runWorker(ThreadPoolExecutor.java:1130)
 java.base/java.util.concurrent.ThreadPoolExecutor$Worker.run(ThreadPoolExecutor.java:642)
 java.base/java.lang.Thread.run(Thread.java:1583)
23-Aug-2026 16:32:45.095 INFOS [Thread-1] org.apache.coyote.AbstractProtocol.stop Arrêt du gestionnaire de protocole ["http-nio-8080"]
23-Aug-2026 16:32:45.113 INFOS [Thread-1] org.apache.coyote.AbstractProtocol.destroy Destruction du gestionnaire de protocole ["http-nio-8080"]
23-Aug-2026 16:32:50.447 INFOS [main] org.apache.catalina.startup.VersionLoggerListener.log Nom version serveur :              Apache Tomcat/10.1.42
23-Aug-2026 16:32:50.454 INFOS [main] org.apache.catalina.startup.VersionLoggerListener.log Serveur compilé :                  Jun 5 2025 22:35:46 UTC
23-Aug-2026 16:32:50.454 INFOS [main] org.apache.catalina.startup.VersionLoggerListener.log Version du serveur :               10.1.42.0
23-Aug-2026 16:32:50.455 INFOS [main] org.apache.catalina.startup.VersionLoggerListener.log Nom de l'OS :                      Windows 11
23-Aug-2026 16:32:50.455 INFOS [main] org.apache.catalina.startup.VersionLoggerListener.log Version OS :                       10.0
23-Aug-2026 16:32:50.455 INFOS [main] org.apache.catalina.startup.VersionLoggerListener.log Architecture :                     amd64
23-Aug-2026 16:32:50.455 INFOS [main] org.apache.catalina.startup.VersionLoggerListener.log Java Home :                        C:\Users\HP\.jdks\jbrsdk_jcef-21.0.9
23-Aug-2026 16:32:50.455 INFOS [main] org.apache.catalina.startup.VersionLoggerListener.log Version JVM :                      21.0.9+1-b1038.75
23-Aug-2026 16:32:50.455 INFOS [main] org.apache.catalina.startup.VersionLoggerListener.log Fournisseur de la JVM :            JetBrains s.r.o.
23-Aug-2026 16:32:50.456 INFOS [main] org.apache.catalina.startup.VersionLoggerListener.log CATALINA_BASE :                    C:\Users\HP\Desktop\samasuker\.smarttomcat
23-Aug-2026 16:32:50.456 INFOS [main] org.apache.catalina.startup.VersionLoggerListener.log CATALINA_HOME :                    C:\Users\HP\Desktop\apache-tomcat-10.1.42
23-Aug-2026 16:32:50.488 INFOS [main] org.apache.catalina.startup.VersionLoggerListener.log Argument de la ligne de commande : --add-opens=java.base/java.lang=ALL-UNNAMED
23-Aug-2026 16:32:50.489 INFOS [main] org.apache.catalina.startup.VersionLoggerListener.log Argument de la ligne de commande : --add-opens=java.base/java.io=ALL-UNNAMED
23-Aug-2026 16:32:50.489 INFOS [main] org.apache.catalina.startup.VersionLoggerListener.log Argument de la ligne de commande : --add-opens=java.base/java.util=ALL-UNNAMED
23-Aug-2026 16:32:50.489 INFOS [main] org.apache.catalina.startup.VersionLoggerListener.log Argument de la ligne de commande : --add-opens=java.base/java.util.concurrent=ALL-UNNAMED
23-Aug-2026 16:32:50.489 INFOS [main] org.apache.catalina.startup.VersionLoggerListener.log Argument de la ligne de commande : --add-opens=java.rmi/sun.rmi.transport=ALL-UNNAMED
23-Aug-2026 16:32:50.489 INFOS [main] org.apache.catalina.startup.VersionLoggerListener.log Argument de la ligne de commande : -Dcatalina.home=C:\Users\HP\Desktop\apache-tomcat-10.1.42
23-Aug-2026 16:32:50.489 INFOS [main] org.apache.catalina.startup.VersionLoggerListener.log Argument de la ligne de commande : -Dcatalina.base=C:\Users\HP\Desktop\samasuker\.smarttomcat
23-Aug-2026 16:32:50.489 INFOS [main] org.apache.catalina.startup.VersionLoggerListener.log Argument de la ligne de commande : -Djava.io.tmpdir=C:\Users\HP\Desktop\samasuker\.smarttomcat\temp
23-Aug-2026 16:32:50.490 INFOS [main] org.apache.catalina.startup.VersionLoggerListener.log Argument de la ligne de commande : -Djava.util.logging.config.file=C:\Users\HP\Desktop\samasuker\.smarttomcat\conf\logging.properties
23-Aug-2026 16:32:50.490 INFOS [main] org.apache.catalina.startup.VersionLoggerListener.log Argument de la ligne de commande : -Djava.util.logging.manager=org.apache.juli.ClassLoaderLogManager
23-Aug-2026 16:32:50.490 INFOS [main] org.apache.catalina.startup.VersionLoggerListener.log Argument de la ligne de commande : -javaagent:C:\Program Files\JetBrains\IntelliJ IDEA 2025.2.2\lib\idea_rt.jar=55010
23-Aug-2026 16:32:50.490 INFOS [main] org.apache.catalina.startup.VersionLoggerListener.log Argument de la ligne de commande : -Dfile.encoding=UTF-8
23-Aug-2026 16:32:50.490 INFOS [main] org.apache.catalina.startup.VersionLoggerListener.log Argument de la ligne de commande : -Dsun.stdout.encoding=UTF-8
23-Aug-2026 16:32:50.490 INFOS [main] org.apache.catalina.startup.VersionLoggerListener.log Argument de la ligne de commande : -Dsun.stderr.encoding=UTF-8
23-Aug-2026 16:32:50.508 INFOS [main] org.apache.catalina.core.AprLifecycleListener.lifecycleEvent Chargement de la librairie Apache Tomcat Native [2.0.9] en utilisant APR version [1.7.6]
23-Aug-2026 16:32:50.524 INFOS [main] org.apache.catalina.core.AprLifecycleListener.initializeSSL OpenSSL a été initialisé avec succès [OpenSSL 3.5.0 8 Apr 2025]
23-Aug-2026 16:32:51.249 INFOS [main] org.apache.coyote.AbstractProtocol.init Initialisation du gestionnaire de protocole ["http-nio-8080"]
23-Aug-2026 16:32:51.280 INFOS [main] org.apache.catalina.startup.Catalina.load L'initialisation du serveur a pris [1406] millisecondes
23-Aug-2026 16:32:51.373 INFOS [main] org.apache.catalina.core.StandardService.startInternal Démarrage du service [Catalina]
23-Aug-2026 16:32:51.374 INFOS [main] org.apache.catalina.core.StandardEngine.startInternal Démarrage du moteur de Servlets : [Apache Tomcat/10.1.42]
23-Aug-2026 16:32:51.393 INFOS [main] org.apache.catalina.startup.HostConfig.deployDescriptor Déploiement du descripteur de configuration [C:\Users\HP\Desktop\samasuker\.smarttomcat\conf\Catalina\localhost\MDD.xml]
23-Aug-2026 16:32:57.648 INFOS [main] org.apache.jasper.servlet.TldScanner.scanJars Au moins un fichier JAR a été analysé pour trouver des TLDs mais il n'en contenait pas, le mode "debug" du journal peut être activé pour obtenir une liste complète de JAR scannés sans succès ; éviter d'analyser des JARs inutilement peut améliorer sensiblement le temps de démarrage et le temps de compilation des JSPs
23-Aug-2026 16:32:57.900 INFOS [main] org.apache.catalina.startup.HostConfig.deployDescriptor Le traitement du descripteur de déploiement [C:\Users\HP\Desktop\samasuker\.smarttomcat\conf\Catalina\localhost\MDD.xml] a pris [6 496] ms
23-Aug-2026 16:32:57.902 INFOS [main] org.apache.catalina.startup.HostConfig.deployDescriptor Déploiement du descripteur de configuration [C:\Users\HP\Desktop\samasuker\.smarttomcat\conf\Catalina\localhost\ROOT.xml]
23-Aug-2026 16:33:03.133 INFOS [main] org.apache.jasper.servlet.TldScanner.scanJars Au moins un fichier JAR a été analysé pour trouver des TLDs mais il n'en contenait pas, le mode "debug" du journal peut être activé pour obtenir une liste complète de JAR scannés sans succès ; éviter d'analyser des JARs inutilement peut améliorer sensiblement le temps de démarrage et le temps de compilation des JSPs
23-Aug-2026 16:33:03.219 INFOS [main] org.apache.catalina.startup.HostConfig.deployDescriptor Le traitement du descripteur de déploiement [C:\Users\HP\Desktop\samasuker\.smarttomcat\conf\Catalina\localhost\ROOT.xml] a pris [5 318] ms
23-Aug-2026 16:33:03.228 INFOS [main] org.apache.coyote.AbstractProtocol.start Démarrage du gestionnaire de protocole ["http-nio-8080"]
23-Aug-2026 16:33:03.288 INFOS [main] org.apache.catalina.startup.Catalina.start Le démarrage du serveur a pris [12005] millisecondes
23-Aug-2026 16:33:26.901 INFO [http-nio-8080-exec-3] org.hibernate.jpa.internal.util.LogHelper.logPersistenceUnitInformation HHH000204: Processing PersistenceUnitInfo [name: glycemiePU]
23-Aug-2026 16:33:27.582 INFO [http-nio-8080-exec-3] org.hibernate.Version.logVersion HHH000412: Hibernate ORM core version 6.2.7.Final
23-Aug-2026 16:33:27.594 INFO [http-nio-8080-exec-3] org.hibernate.cfg.Environment.<clinit> HHH000406: Using bytecode reflection optimizer
23-Aug-2026 16:33:29.305 WARN [http-nio-8080-exec-3] org.hibernate.engine.jdbc.connections.internal.DriverManagerConnectionProviderImpl.configure HHH10001002: Using built-in connection pool (not intended for production use)
23-Aug-2026 16:33:29.320 INFO [http-nio-8080-exec-3] org.hibernate.engine.jdbc.connections.internal.DriverManagerConnectionProviderImpl.buildCreator HHH10001005: Loaded JDBC driver class: com.mysql.cj.jdbc.Driver
23-Aug-2026 16:33:29.320 INFO [http-nio-8080-exec-3] org.hibernate.engine.jdbc.connections.internal.DriverManagerConnectionProviderImpl.buildCreator HHH10001012: Connecting with JDBC URL [jdbc:mysql://localhost:3306/suivi_glycemie_db?useSSL=false&serverTimezone=UTC]
23-Aug-2026 16:33:29.321 INFO [http-nio-8080-exec-3] org.hibernate.engine.jdbc.connections.internal.DriverManagerConnectionProviderImpl.buildCreator HHH10001001: Connection properties: {password=****, user=root}
23-Aug-2026 16:33:29.321 INFO [http-nio-8080-exec-3] org.hibernate.engine.jdbc.connections.internal.DriverManagerConnectionProviderImpl.buildCreator HHH10001003: Autocommit mode: false
23-Aug-2026 16:33:29.334 INFO [http-nio-8080-exec-3] org.hibernate.engine.jdbc.connections.internal.DriverManagerConnectionProviderImpl$PooledConnections.<init> HHH10001115: Connection pool size: 20 (min=1)
23-Aug-2026 16:33:30.083 WARN [http-nio-8080-exec-3] org.hibernate.dialect.Dialect.checkVersion HHH000511: The 5.6.17 version for [org.hibernate.dialect.MySQLDialect] is no longer supported, hence certain features may not work properly. The minimum supported version is 5.7.0. Check the community dialects project for available legacy versions.
23-Aug-2026 16:33:31.937 INFO [http-nio-8080-exec-3] org.hibernate.bytecode.internal.BytecodeProviderInitiator.buildBytecodeProvider HHH000021: Bytecode provider name : bytebuddy
23-Aug-2026 16:33:39.332 INFO [http-nio-8080-exec-3] org.hibernate.engine.transaction.jta.platform.internal.JtaPlatformInitiator.initiateService HHH000490: Using JtaPlatform implementation: [org.hibernate.engine.transaction.jta.platform.internal.NoJtaPlatform]
23-Aug-2026 16:33:39.510 INFO [http-nio-8080-exec-3] org.hibernate.resource.transaction.backend.jdbc.internal.DdlTransactionIsolatorNonJtaImpl.getIsolatedConnection HHH10001501: Connection obtained from JdbcConnectionAccess [org.hibernate.engine.jdbc.env.internal.JdbcEnvironmentInitiator$ConnectionProviderJdbcConnectionAccess@18209ae9] for (non-JTA) DDL execution was not in auto-commit mode; the Connection 'local transaction' will be committed and the Connection will be set into auto-commit mode.
23-Aug-2026 16:33:39.635 INFO [http-nio-8080-exec-3] org.hibernate.resource.transaction.backend.jdbc.internal.DdlTransactionIsolatorNonJtaImpl.getIsolatedConnection HHH10001501: Connection obtained from JdbcConnectionAccess [org.hibernate.engine.jdbc.env.internal.JdbcEnvironmentInitiator$ConnectionProviderJdbcConnectionAccess@6dc23158] for (non-JTA) DDL execution was not in auto-commit mode; the Connection 'local transaction' will be committed and the Connection will be set into auto-commit mode.
23-Aug-2026 16:33:39.962 WARN [http-nio-8080-exec-3] org.hibernate.tool.schema.internal.ExceptionHandlerLoggedImpl.handleException GenerationTarget encountered exception accepting command : Error executing DDL "
    alter table compte 
       add constraint UK_55pqxvdmn5q8piy3nc1b3lr69 unique (email)" via JDBC [Specified key was too long; max key length is 767 bytes]
	org.hibernate.tool.schema.spi.CommandAcceptanceException: Error executing DDL "
    alter table compte 
       add constraint UK_55pqxvdmn5q8piy3nc1b3lr69 unique (email)" via JDBC [Specified key was too long; max key length is 767 bytes]
		at org.hibernate.tool.schema.internal.exec.GenerationTargetToDatabase.accept(GenerationTargetToDatabase.java:92)
		at org.hibernate.tool.schema.internal.Helper.applySqlString(Helper.java:235)
		at org.hibernate.tool.schema.internal.Helper.applySqlStrings(Helper.java:219)
		at org.hibernate.tool.schema.internal.SchemaCreatorImpl.createTableConstraints(SchemaCreatorImpl.java:393)
		at org.hibernate.tool.schema.internal.SchemaCreatorImpl.createSequencesTablesConstraints(SchemaCreatorImpl.java:351)
		at org.hibernate.tool.schema.internal.SchemaCreatorImpl.createFromMetadata(SchemaCreatorImpl.java:239)
		at org.hibernate.tool.schema.internal.SchemaCreatorImpl.performCreation(SchemaCreatorImpl.java:172)
		at org.hibernate.tool.schema.internal.SchemaCreatorImpl.doCreation(SchemaCreatorImpl.java:142)
		at org.hibernate.tool.schema.internal.SchemaCreatorImpl.doCreation(SchemaCreatorImpl.java:118)
		at org.hibernate.tool.schema.spi.SchemaManagementToolCoordinator.performDatabaseAction(SchemaManagementToolCoordinator.java:254)
		at org.hibernate.tool.schema.spi.SchemaManagementToolCoordinator.lambda$process$5(SchemaManagementToolCoordinator.java:143)
		at java.base/java.util.HashMap.forEach(HashMap.java:1429)
		at org.hibernate.tool.schema.spi.SchemaManagementToolCoordinator.process(SchemaManagementToolCoordinator.java:140)
		at org.hibernate.boot.internal.SessionFactoryObserverForSchemaExport.sessionFactoryCreated(SessionFactoryObserverForSchemaExport.java:37)
		at org.hibernate.internal.SessionFactoryObserverChain.sessionFactoryCreated(SessionFactoryObserverChain.java:35)
		at org.hibernate.internal.SessionFactoryImpl.<init>(SessionFactoryImpl.java:292)
		at org.hibernate.boot.internal.SessionFactoryBuilderImpl.build(SessionFactoryBuilderImpl.java:431)
		at org.hibernate.jpa.boot.internal.EntityManagerFactoryBuilderImpl.build(EntityManagerFactoryBuilderImpl.java:1455)
		at org.hibernate.jpa.HibernatePersistenceProvider.createEntityManagerFactory(HibernatePersistenceProvider.java:55)
		at jakarta.persistence.Persistence.createEntityManagerFactory(Persistence.java:80)
		at jakarta.persistence.Persistence.createEntityManagerFactory(Persistence.java:55)
		at com.suivi.controller.LoginServlet.<clinit>(LoginServlet.java:17)
		at java.base/jdk.internal.misc.Unsafe.ensureClassInitialized0(Native Method)
		at java.base/jdk.internal.misc.Unsafe.ensureClassInitialized(Unsafe.java:1160)
		at java.base/jdk.internal.reflect.MethodHandleAccessorFactory.ensureClassInitialized(MethodHandleAccessorFactory.java:300)
		at java.base/jdk.internal.reflect.MethodHandleAccessorFactory.newConstructorAccessor(MethodHandleAccessorFactory.java:103)
		at java.base/jdk.internal.reflect.ReflectionFactory.newConstructorAccessor(ReflectionFactory.java:200)
		at java.base/java.lang.reflect.Constructor.acquireConstructorAccessor(Constructor.java:549)
		at java.base/java.lang.reflect.Constructor.newInstanceWithCaller(Constructor.java:499)
		at java.base/java.lang.reflect.Constructor.newInstance(Constructor.java:486)
		at org.apache.catalina.core.DefaultInstanceManager.newInstance(DefaultInstanceManager.java:144)
		at org.apache.catalina.core.StandardWrapper.loadServlet(StandardWrapper.java:764)
		at org.apache.catalina.core.StandardWrapper.allocate(StandardWrapper.java:581)
		at org.apache.catalina.core.StandardWrapperValve.invoke(StandardWrapperValve.java:115)
		at org.apache.catalina.core.StandardContextValve.invoke(StandardContextValve.java:90)
		at org.apache.catalina.authenticator.AuthenticatorBase.invoke(AuthenticatorBase.java:483)
		at org.apache.catalina.core.StandardHostValve.invoke(StandardHostValve.java:116)
		at org.apache.catalina.valves.ErrorReportValve.invoke(ErrorReportValve.java:93)
		at org.apache.catalina.valves.AbstractAccessLogValve.invoke(AbstractAccessLogValve.java:666)
		at org.apache.catalina.core.StandardEngineValve.invoke(StandardEngineValve.java:74)
		at org.apache.catalina.connector.CoyoteAdapter.service(CoyoteAdapter.java:344)
		at org.apache.coyote.http11.Http11Processor.service(Http11Processor.java:398)
		at org.apache.coyote.AbstractProcessorLight.process(AbstractProcessorLight.java:63)
		at org.apache.coyote.AbstractProtocol$ConnectionHandler.process(AbstractProtocol.java:903)
		at org.apache.tomcat.util.net.NioEndpoint$SocketProcessor.doRun(NioEndpoint.java:1769)
		at org.apache.tomcat.util.net.SocketProcessorBase.run(SocketProcessorBase.java:52)
		at org.apache.tomcat.util.threads.ThreadPoolExecutor.runWorker(ThreadPoolExecutor.java:1189)
		at org.apache.tomcat.util.threads.ThreadPoolExecutor$Worker.run(ThreadPoolExecutor.java:658)
		at org.apache.tomcat.util.threads.TaskThread$WrappingRunnable.run(TaskThread.java:63)
		at java.base/java.lang.Thread.run(Thread.java:1583)
	Caused by: java.sql.SQLSyntaxErrorException: Specified key was too long; max key length is 767 bytes
		at com.mysql.cj.jdbc.exceptions.SQLError.createSQLException(SQLError.java:121)
		at com.mysql.cj.jdbc.exceptions.SQLExceptionsMapping.translateException(SQLExceptionsMapping.java:122)
		at com.mysql.cj.jdbc.StatementImpl.executeInternal(StatementImpl.java:770)
		at com.mysql.cj.jdbc.StatementImpl.execute(StatementImpl.java:653)
		at org.hibernate.tool.schema.internal.exec.GenerationTargetToDatabase.accept(GenerationTargetToDatabase.java:78)
		... 49 more
23-Aug-2026 16:33:58.286 INFO [http-nio-8080-exec-6] org.hibernate.jpa.internal.util.LogHelper.logPersistenceUnitInformation HHH000204: Processing PersistenceUnitInfo [name: glycemiePU]
23-Aug-2026 16:33:58.422 WARN [http-nio-8080-exec-6] org.hibernate.engine.jdbc.connections.internal.DriverManagerConnectionProviderImpl.configure HHH10001002: Using built-in connection pool (not intended for production use)
23-Aug-2026 16:33:58.423 INFO [http-nio-8080-exec-6] org.hibernate.engine.jdbc.connections.internal.DriverManagerConnectionProviderImpl.buildCreator HHH10001005: Loaded JDBC driver class: com.mysql.cj.jdbc.Driver
23-Aug-2026 16:33:58.423 INFO [http-nio-8080-exec-6] org.hibernate.engine.jdbc.connections.internal.DriverManagerConnectionProviderImpl.buildCreator HHH10001012: Connecting with JDBC URL [jdbc:mysql://localhost:3306/suivi_glycemie_db?useSSL=false&serverTimezone=UTC]
23-Aug-2026 16:33:58.423 INFO [http-nio-8080-exec-6] org.hibernate.engine.jdbc.connections.internal.DriverManagerConnectionProviderImpl.buildCreator HHH10001001: Connection properties: {password=****, user=root}
23-Aug-2026 16:33:58.424 INFO [http-nio-8080-exec-6] org.hibernate.engine.jdbc.connections.internal.DriverManagerConnectionProviderImpl.buildCreator HHH10001003: Autocommit mode: false
23-Aug-2026 16:33:58.424 INFO [http-nio-8080-exec-6] org.hibernate.engine.jdbc.connections.internal.DriverManagerConnectionProviderImpl$PooledConnections.<init> HHH10001115: Connection pool size: 20 (min=1)
23-Aug-2026 16:33:58.438 WARN [http-nio-8080-exec-6] org.hibernate.dialect.Dialect.checkVersion HHH000511: The 5.6.17 version for [org.hibernate.dialect.MySQLDialect] is no longer supported, hence certain features may not work properly. The minimum supported version is 5.7.0. Check the community dialects project for available legacy versions.
23-Aug-2026 16:33:58.513 INFO [http-nio-8080-exec-6] org.hibernate.bytecode.internal.BytecodeProviderInitiator.buildBytecodeProvider HHH000021: Bytecode provider name : bytebuddy
23-Aug-2026 16:33:58.690 INFO [http-nio-8080-exec-6] org.hibernate.engine.transaction.jta.platform.internal.JtaPlatformInitiator.initiateService HHH000490: Using JtaPlatform implementation: [org.hibernate.engine.transaction.jta.platform.internal.NoJtaPlatform]
23-Aug-2026 16:33:58.691 INFO [http-nio-8080-exec-6] org.hibernate.resource.transaction.backend.jdbc.internal.DdlTransactionIsolatorNonJtaImpl.getIsolatedConnection HHH10001501: Connection obtained from JdbcConnectionAccess [org.hibernate.engine.jdbc.env.internal.JdbcEnvironmentInitiator$ConnectionProviderJdbcConnectionAccess@7ab0ec7a] for (non-JTA) DDL execution was not in auto-commit mode; the Connection 'local transaction' will be committed and the Connection will be set into auto-commit mode.
23-Aug-2026 16:33:58.765 INFO [http-nio-8080-exec-6] org.hibernate.resource.transaction.backend.jdbc.internal.DdlTransactionIsolatorNonJtaImpl.getIsolatedConnection HHH10001501: Connection obtained from JdbcConnectionAccess [org.hibernate.engine.jdbc.env.internal.JdbcEnvironmentInitiator$ConnectionProviderJdbcConnectionAccess@145a71de] for (non-JTA) DDL execution was not in auto-commit mode; the Connection 'local transaction' will be committed and the Connection will be set into auto-commit mode.
23-Aug-2026 16:33:58.974 WARN [http-nio-8080-exec-6] org.hibernate.tool.schema.internal.ExceptionHandlerLoggedImpl.handleException GenerationTarget encountered exception accepting command : Error executing DDL "
    alter table compte 
       add constraint UK_55pqxvdmn5q8piy3nc1b3lr69 unique (email)" via JDBC [Specified key was too long; max key length is 767 bytes]
	org.hibernate.tool.schema.spi.CommandAcceptanceException: Error executing DDL "
    alter table compte 
       add constraint UK_55pqxvdmn5q8piy3nc1b3lr69 unique (email)" via JDBC [Specified key was too long; max key length is 767 bytes]
		at org.hibernate.tool.schema.internal.exec.GenerationTargetToDatabase.accept(GenerationTargetToDatabase.java:92)
		at org.hibernate.tool.schema.internal.Helper.applySqlString(Helper.java:235)
		at org.hibernate.tool.schema.internal.Helper.applySqlStrings(Helper.java:219)
		at org.hibernate.tool.schema.internal.SchemaCreatorImpl.createTableConstraints(SchemaCreatorImpl.java:393)
		at org.hibernate.tool.schema.internal.SchemaCreatorImpl.createSequencesTablesConstraints(SchemaCreatorImpl.java:351)
		at org.hibernate.tool.schema.internal.SchemaCreatorImpl.createFromMetadata(SchemaCreatorImpl.java:239)
		at org.hibernate.tool.schema.internal.SchemaCreatorImpl.performCreation(SchemaCreatorImpl.java:172)
		at org.hibernate.tool.schema.internal.SchemaCreatorImpl.doCreation(SchemaCreatorImpl.java:142)
		at org.hibernate.tool.schema.internal.SchemaCreatorImpl.doCreation(SchemaCreatorImpl.java:118)
		at org.hibernate.tool.schema.spi.SchemaManagementToolCoordinator.performDatabaseAction(SchemaManagementToolCoordinator.java:254)
		at org.hibernate.tool.schema.spi.SchemaManagementToolCoordinator.lambda$process$5(SchemaManagementToolCoordinator.java:143)
		at java.base/java.util.HashMap.forEach(HashMap.java:1429)
		at org.hibernate.tool.schema.spi.SchemaManagementToolCoordinator.process(SchemaManagementToolCoordinator.java:140)
		at org.hibernate.boot.internal.SessionFactoryObserverForSchemaExport.sessionFactoryCreated(SessionFactoryObserverForSchemaExport.java:37)
		at org.hibernate.internal.SessionFactoryObserverChain.sessionFactoryCreated(SessionFactoryObserverChain.java:35)
		at org.hibernate.internal.SessionFactoryImpl.<init>(SessionFactoryImpl.java:292)
		at org.hibernate.boot.internal.SessionFactoryBuilderImpl.build(SessionFactoryBuilderImpl.java:431)
		at org.hibernate.jpa.boot.internal.EntityManagerFactoryBuilderImpl.build(EntityManagerFactoryBuilderImpl.java:1455)
		at org.hibernate.jpa.HibernatePersistenceProvider.createEntityManagerFactory(HibernatePersistenceProvider.java:55)
		at jakarta.persistence.Persistence.createEntityManagerFactory(Persistence.java:80)
		at jakarta.persistence.Persistence.createEntityManagerFactory(Persistence.java:55)
		at com.suivi.controller.RegisterServlet.<clinit>(RegisterServlet.java:17)
		at java.base/jdk.internal.misc.Unsafe.ensureClassInitialized0(Native Method)
		at java.base/jdk.internal.misc.Unsafe.ensureClassInitialized(Unsafe.java:1160)
		at java.base/jdk.internal.reflect.MethodHandleAccessorFactory.ensureClassInitialized(MethodHandleAccessorFactory.java:300)
		at java.base/jdk.internal.reflect.MethodHandleAccessorFactory.newConstructorAccessor(MethodHandleAccessorFactory.java:103)
		at java.base/jdk.internal.reflect.ReflectionFactory.newConstructorAccessor(ReflectionFactory.java:200)
		at java.base/java.lang.reflect.Constructor.acquireConstructorAccessor(Constructor.java:549)
		at java.base/java.lang.reflect.Constructor.newInstanceWithCaller(Constructor.java:499)
		at java.base/java.lang.reflect.Constructor.newInstance(Constructor.java:486)
		at org.apache.catalina.core.DefaultInstanceManager.newInstance(DefaultInstanceManager.java:144)
		at org.apache.catalina.core.StandardWrapper.loadServlet(StandardWrapper.java:764)
		at org.apache.catalina.core.StandardWrapper.allocate(StandardWrapper.java:581)
		at org.apache.catalina.core.StandardWrapperValve.invoke(StandardWrapperValve.java:115)
		at org.apache.catalina.core.StandardContextValve.invoke(StandardContextValve.java:90)
		at org.apache.catalina.authenticator.AuthenticatorBase.invoke(AuthenticatorBase.java:483)
		at org.apache.catalina.core.StandardHostValve.invoke(StandardHostValve.java:116)
		at org.apache.catalina.valves.ErrorReportValve.invoke(ErrorReportValve.java:93)
		at org.apache.catalina.valves.AbstractAccessLogValve.invoke(AbstractAccessLogValve.java:666)
		at org.apache.catalina.core.StandardEngineValve.invoke(StandardEngineValve.java:74)
		at org.apache.catalina.connector.CoyoteAdapter.service(CoyoteAdapter.java:344)
		at org.apache.coyote.http11.Http11Processor.service(Http11Processor.java:398)
		at org.apache.coyote.AbstractProcessorLight.process(AbstractProcessorLight.java:63)
		at org.apache.coyote.AbstractProtocol$ConnectionHandler.process(AbstractProtocol.java:903)
		at org.apache.tomcat.util.net.NioEndpoint$SocketProcessor.doRun(NioEndpoint.java:1769)
		at org.apache.tomcat.util.net.SocketProcessorBase.run(SocketProcessorBase.java:52)
		at org.apache.tomcat.util.threads.ThreadPoolExecutor.runWorker(ThreadPoolExecutor.java:1189)
		at org.apache.tomcat.util.threads.ThreadPoolExecutor$Worker.run(ThreadPoolExecutor.java:658)
		at org.apache.tomcat.util.threads.TaskThread$WrappingRunnable.run(TaskThread.java:63)
		at java.base/java.lang.Thread.run(Thread.java:1583)
	Caused by: java.sql.SQLSyntaxErrorException: Specified key was too long; max key length is 767 bytes
		at com.mysql.cj.jdbc.exceptions.SQLError.createSQLException(SQLError.java:121)
		at com.mysql.cj.jdbc.exceptions.SQLExceptionsMapping.translateException(SQLExceptionsMapping.java:122)
		at com.mysql.cj.jdbc.StatementImpl.executeInternal(StatementImpl.java:770)
		at com.mysql.cj.jdbc.StatementImpl.execute(StatementImpl.java:653)
		at org.hibernate.tool.schema.internal.exec.GenerationTargetToDatabase.accept(GenerationTargetToDatabase.java:78)
		... 49 more
23-Aug-2026 16:33:59.641 INFO [http-nio-8080-exec-8] org.hibernate.jpa.internal.util.LogHelper.logPersistenceUnitInformation HHH000204: Processing PersistenceUnitInfo [name: glycemiePU]
23-Aug-2026 16:33:59.697 WARN [http-nio-8080-exec-8] org.hibernate.engine.jdbc.connections.internal.DriverManagerConnectionProviderImpl.configure HHH10001002: Using built-in connection pool (not intended for production use)
23-Aug-2026 16:33:59.697 INFO [http-nio-8080-exec-8] org.hibernate.engine.jdbc.connections.internal.DriverManagerConnectionProviderImpl.buildCreator HHH10001005: Loaded JDBC driver class: com.mysql.cj.jdbc.Driver
23-Aug-2026 16:33:59.698 INFO [http-nio-8080-exec-8] org.hibernate.engine.jdbc.connections.internal.DriverManagerConnectionProviderImpl.buildCreator HHH10001012: Connecting with JDBC URL [jdbc:mysql://localhost:3306/suivi_glycemie_db?useSSL=false&serverTimezone=UTC]
23-Aug-2026 16:33:59.698 INFO [http-nio-8080-exec-8] org.hibernate.engine.jdbc.connections.internal.DriverManagerConnectionProviderImpl.buildCreator HHH10001001: Connection properties: {password=****, user=root}
23-Aug-2026 16:33:59.698 INFO [http-nio-8080-exec-8] org.hibernate.engine.jdbc.connections.internal.DriverManagerConnectionProviderImpl.buildCreator HHH10001003: Autocommit mode: false
23-Aug-2026 16:33:59.698 INFO [http-nio-8080-exec-8] org.hibernate.engine.jdbc.connections.internal.DriverManagerConnectionProviderImpl$PooledConnections.<init> HHH10001115: Connection pool size: 20 (min=1)
23-Aug-2026 16:33:59.709 WARN [http-nio-8080-exec-8] org.hibernate.dialect.Dialect.checkVersion HHH000511: The 5.6.17 version for [org.hibernate.dialect.MySQLDialect] is no longer supported, hence certain features may not work properly. The minimum supported version is 5.7.0. Check the community dialects project for available legacy versions.
23-Aug-2026 16:33:59.740 INFO [http-nio-8080-exec-8] org.hibernate.bytecode.internal.BytecodeProviderInitiator.buildBytecodeProvider HHH000021: Bytecode provider name : bytebuddy
23-Aug-2026 16:33:59.812 INFO [http-nio-8080-exec-8] org.hibernate.engine.transaction.jta.platform.internal.JtaPlatformInitiator.initiateService HHH000490: Using JtaPlatform implementation: [org.hibernate.engine.transaction.jta.platform.internal.NoJtaPlatform]
23-Aug-2026 16:33:59.813 INFO [http-nio-8080-exec-8] org.hibernate.resource.transaction.backend.jdbc.internal.DdlTransactionIsolatorNonJtaImpl.getIsolatedConnection HHH10001501: Connection obtained from JdbcConnectionAccess [org.hibernate.engine.jdbc.env.internal.JdbcEnvironmentInitiator$ConnectionProviderJdbcConnectionAccess@50662337] for (non-JTA) DDL execution was not in auto-commit mode; the Connection 'local transaction' will be committed and the Connection will be set into auto-commit mode.
23-Aug-2026 16:33:59.890 INFO [http-nio-8080-exec-8] org.hibernate.resource.transaction.backend.jdbc.internal.DdlTransactionIsolatorNonJtaImpl.getIsolatedConnection HHH10001501: Connection obtained from JdbcConnectionAccess [org.hibernate.engine.jdbc.env.internal.JdbcEnvironmentInitiator$ConnectionProviderJdbcConnectionAccess@573274a6] for (non-JTA) DDL execution was not in auto-commit mode; the Connection 'local transaction' will be committed and the Connection will be set into auto-commit mode.
23-Aug-2026 16:34:00.067 WARN [http-nio-8080-exec-8] org.hibernate.tool.schema.internal.ExceptionHandlerLoggedImpl.handleException GenerationTarget encountered exception accepting command : Error executing DDL "
    alter table compte 
       add constraint UK_55pqxvdmn5q8piy3nc1b3lr69 unique (email)" via JDBC [Specified key was too long; max key length is 767 bytes]
	org.hibernate.tool.schema.spi.CommandAcceptanceException: Error executing DDL "
    alter table compte 
       add constraint UK_55pqxvdmn5q8piy3nc1b3lr69 unique (email)" via JDBC [Specified key was too long; max key length is 767 bytes]
		at org.hibernate.tool.schema.internal.exec.GenerationTargetToDatabase.accept(GenerationTargetToDatabase.java:92)
		at org.hibernate.tool.schema.internal.Helper.applySqlString(Helper.java:235)
		at org.hibernate.tool.schema.internal.Helper.applySqlStrings(Helper.java:219)
		at org.hibernate.tool.schema.internal.SchemaCreatorImpl.createTableConstraints(SchemaCreatorImpl.java:393)
		at org.hibernate.tool.schema.internal.SchemaCreatorImpl.createSequencesTablesConstraints(SchemaCreatorImpl.java:351)
		at org.hibernate.tool.schema.internal.SchemaCreatorImpl.createFromMetadata(SchemaCreatorImpl.java:239)
		at org.hibernate.tool.schema.internal.SchemaCreatorImpl.performCreation(SchemaCreatorImpl.java:172)
		at org.hibernate.tool.schema.internal.SchemaCreatorImpl.doCreation(SchemaCreatorImpl.java:142)
		at org.hibernate.tool.schema.internal.SchemaCreatorImpl.doCreation(SchemaCreatorImpl.java:118)
		at org.hibernate.tool.schema.spi.SchemaManagementToolCoordinator.performDatabaseAction(SchemaManagementToolCoordinator.java:254)
		at org.hibernate.tool.schema.spi.SchemaManagementToolCoordinator.lambda$process$5(SchemaManagementToolCoordinator.java:143)
		at java.base/java.util.HashMap.forEach(HashMap.java:1429)
		at org.hibernate.tool.schema.spi.SchemaManagementToolCoordinator.process(SchemaManagementToolCoordinator.java:140)
		at org.hibernate.boot.internal.SessionFactoryObserverForSchemaExport.sessionFactoryCreated(SessionFactoryObserverForSchemaExport.java:37)
		at org.hibernate.internal.SessionFactoryObserverChain.sessionFactoryCreated(SessionFactoryObserverChain.java:35)
		at org.hibernate.internal.SessionFactoryImpl.<init>(SessionFactoryImpl.java:292)
		at org.hibernate.boot.internal.SessionFactoryBuilderImpl.build(SessionFactoryBuilderImpl.java:431)
		at org.hibernate.jpa.boot.internal.EntityManagerFactoryBuilderImpl.build(EntityManagerFactoryBuilderImpl.java:1455)
		at org.hibernate.jpa.HibernatePersistenceProvider.createEntityManagerFactory(HibernatePersistenceProvider.java:55)
		at jakarta.persistence.Persistence.createEntityManagerFactory(Persistence.java:80)
		at jakarta.persistence.Persistence.createEntityManagerFactory(Persistence.java:55)
		at com.suivi.controller.DashboardServlet.<clinit>(DashboardServlet.java:21)
		at java.base/jdk.internal.misc.Unsafe.ensureClassInitialized0(Native Method)
		at java.base/jdk.internal.misc.Unsafe.ensureClassInitialized(Unsafe.java:1160)
		at java.base/jdk.internal.reflect.MethodHandleAccessorFactory.ensureClassInitialized(MethodHandleAccessorFactory.java:300)
		at java.base/jdk.internal.reflect.MethodHandleAccessorFactory.newConstructorAccessor(MethodHandleAccessorFactory.java:103)
		at java.base/jdk.internal.reflect.ReflectionFactory.newConstructorAccessor(ReflectionFactory.java:200)
		at java.base/java.lang.reflect.Constructor.acquireConstructorAccessor(Constructor.java:549)
		at java.base/java.lang.reflect.Constructor.newInstanceWithCaller(Constructor.java:499)
		at java.base/java.lang.reflect.Constructor.newInstance(Constructor.java:486)
		at org.apache.catalina.core.DefaultInstanceManager.newInstance(DefaultInstanceManager.java:144)
		at org.apache.catalina.core.StandardWrapper.loadServlet(StandardWrapper.java:764)
		at org.apache.catalina.core.StandardWrapper.allocate(StandardWrapper.java:581)
		at org.apache.catalina.core.StandardWrapperValve.invoke(StandardWrapperValve.java:115)
		at org.apache.catalina.core.StandardContextValve.invoke(StandardContextValve.java:90)
		at org.apache.catalina.authenticator.AuthenticatorBase.invoke(AuthenticatorBase.java:483)
		at org.apache.catalina.core.StandardHostValve.invoke(StandardHostValve.java:116)
		at org.apache.catalina.valves.ErrorReportValve.invoke(ErrorReportValve.java:93)
		at org.apache.catalina.valves.AbstractAccessLogValve.invoke(AbstractAccessLogValve.java:666)
		at org.apache.catalina.core.StandardEngineValve.invoke(StandardEngineValve.java:74)
		at org.apache.catalina.connector.CoyoteAdapter.service(CoyoteAdapter.java:344)
		at org.apache.coyote.http11.Http11Processor.service(Http11Processor.java:398)
		at org.apache.coyote.AbstractProcessorLight.process(AbstractProcessorLight.java:63)
		at org.apache.coyote.AbstractProtocol$ConnectionHandler.process(AbstractProtocol.java:903)
		at org.apache.tomcat.util.net.NioEndpoint$SocketProcessor.doRun(NioEndpoint.java:1769)
		at org.apache.tomcat.util.net.SocketProcessorBase.run(SocketProcessorBase.java:52)
		at org.apache.tomcat.util.threads.ThreadPoolExecutor.runWorker(ThreadPoolExecutor.java:1189)
		at org.apache.tomcat.util.threads.ThreadPoolExecutor$Worker.run(ThreadPoolExecutor.java:658)
		at org.apache.tomcat.util.threads.TaskThread$WrappingRunnable.run(TaskThread.java:63)
		at java.base/java.lang.Thread.run(Thread.java:1583)
	Caused by: java.sql.SQLSyntaxErrorException: Specified key was too long; max key length is 767 bytes
		at com.mysql.cj.jdbc.exceptions.SQLError.createSQLException(SQLError.java:121)
		at com.mysql.cj.jdbc.exceptions.SQLExceptionsMapping.translateException(SQLExceptionsMapping.java:122)
		at com.mysql.cj.jdbc.StatementImpl.executeInternal(StatementImpl.java:770)
		at com.mysql.cj.jdbc.StatementImpl.execute(StatementImpl.java:653)
		at org.hibernate.tool.schema.internal.exec.GenerationTargetToDatabase.accept(GenerationTargetToDatabase.java:78)
		... 49 more
23-Aug-2026 16:34:06.987 INFO [http-nio-8080-exec-7] org.hibernate.jpa.internal.util.LogHelper.logPersistenceUnitInformation HHH000204: Processing PersistenceUnitInfo [name: glycemiePU]
23-Aug-2026 16:34:07.131 WARN [http-nio-8080-exec-7] org.hibernate.engine.jdbc.connections.internal.DriverManagerConnectionProviderImpl.configure HHH10001002: Using built-in connection pool (not intended for production use)
23-Aug-2026 16:34:07.132 INFO [http-nio-8080-exec-7] org.hibernate.engine.jdbc.connections.internal.DriverManagerConnectionProviderImpl.buildCreator HHH10001005: Loaded JDBC driver class: com.mysql.cj.jdbc.Driver
23-Aug-2026 16:34:07.132 INFO [http-nio-8080-exec-7] org.hibernate.engine.jdbc.connections.internal.DriverManagerConnectionProviderImpl.buildCreator HHH10001012: Connecting with JDBC URL [jdbc:mysql://localhost:3306/suivi_glycemie_db?useSSL=false&serverTimezone=UTC]
23-Aug-2026 16:34:07.134 INFO [http-nio-8080-exec-7] org.hibernate.engine.jdbc.connections.internal.DriverManagerConnectionProviderImpl.buildCreator HHH10001001: Connection properties: {password=****, user=root}
23-Aug-2026 16:34:07.134 INFO [http-nio-8080-exec-7] org.hibernate.engine.jdbc.connections.internal.DriverManagerConnectionProviderImpl.buildCreator HHH10001003: Autocommit mode: false
23-Aug-2026 16:34:07.134 INFO [http-nio-8080-exec-7] org.hibernate.engine.jdbc.connections.internal.DriverManagerConnectionProviderImpl$PooledConnections.<init> HHH10001115: Connection pool size: 20 (min=1)
23-Aug-2026 16:34:07.149 WARN [http-nio-8080-exec-7] org.hibernate.dialect.Dialect.checkVersion HHH000511: The 5.6.17 version for [org.hibernate.dialect.MySQLDialect] is no longer supported, hence certain features may not work properly. The minimum supported version is 5.7.0. Check the community dialects project for available legacy versions.
23-Aug-2026 16:34:07.224 INFO [http-nio-8080-exec-7] org.hibernate.bytecode.internal.BytecodeProviderInitiator.buildBytecodeProvider HHH000021: Bytecode provider name : bytebuddy
23-Aug-2026 16:34:07.420 INFO [http-nio-8080-exec-7] org.hibernate.engine.transaction.jta.platform.internal.JtaPlatformInitiator.initiateService HHH000490: Using JtaPlatform implementation: [org.hibernate.engine.transaction.jta.platform.internal.NoJtaPlatform]
23-Aug-2026 16:34:07.422 INFO [http-nio-8080-exec-7] org.hibernate.resource.transaction.backend.jdbc.internal.DdlTransactionIsolatorNonJtaImpl.getIsolatedConnection HHH10001501: Connection obtained from JdbcConnectionAccess [org.hibernate.engine.jdbc.env.internal.JdbcEnvironmentInitiator$ConnectionProviderJdbcConnectionAccess@2cd5271e] for (non-JTA) DDL execution was not in auto-commit mode; the Connection 'local transaction' will be committed and the Connection will be set into auto-commit mode.
23-Aug-2026 16:34:07.504 INFO [http-nio-8080-exec-7] org.hibernate.resource.transaction.backend.jdbc.internal.DdlTransactionIsolatorNonJtaImpl.getIsolatedConnection HHH10001501: Connection obtained from JdbcConnectionAccess [org.hibernate.engine.jdbc.env.internal.JdbcEnvironmentInitiator$ConnectionProviderJdbcConnectionAccess@6a89998f] for (non-JTA) DDL execution was not in auto-commit mode; the Connection 'local transaction' will be committed and the Connection will be set into auto-commit mode.
23-Aug-2026 16:34:07.693 WARN [http-nio-8080-exec-7] org.hibernate.tool.schema.internal.ExceptionHandlerLoggedImpl.handleException GenerationTarget encountered exception accepting command : Error executing DDL "
    alter table compte 
       add constraint UK_55pqxvdmn5q8piy3nc1b3lr69 unique (email)" via JDBC [Specified key was too long; max key length is 767 bytes]
	org.hibernate.tool.schema.spi.CommandAcceptanceException: Error executing DDL "
    alter table compte 
       add constraint UK_55pqxvdmn5q8piy3nc1b3lr69 unique (email)" via JDBC [Specified key was too long; max key length is 767 bytes]
		at org.hibernate.tool.schema.internal.exec.GenerationTargetToDatabase.accept(GenerationTargetToDatabase.java:92)
		at org.hibernate.tool.schema.internal.Helper.applySqlString(Helper.java:235)
		at org.hibernate.tool.schema.internal.Helper.applySqlStrings(Helper.java:219)
		at org.hibernate.tool.schema.internal.SchemaCreatorImpl.createTableConstraints(SchemaCreatorImpl.java:393)
		at org.hibernate.tool.schema.internal.SchemaCreatorImpl.createSequencesTablesConstraints(SchemaCreatorImpl.java:351)
		at org.hibernate.tool.schema.internal.SchemaCreatorImpl.createFromMetadata(SchemaCreatorImpl.java:239)
		at org.hibernate.tool.schema.internal.SchemaCreatorImpl.performCreation(SchemaCreatorImpl.java:172)
		at org.hibernate.tool.schema.internal.SchemaCreatorImpl.doCreation(SchemaCreatorImpl.java:142)
		at org.hibernate.tool.schema.internal.SchemaCreatorImpl.doCreation(SchemaCreatorImpl.java:118)
		at org.hibernate.tool.schema.spi.SchemaManagementToolCoordinator.performDatabaseAction(SchemaManagementToolCoordinator.java:254)
		at org.hibernate.tool.schema.spi.SchemaManagementToolCoordinator.lambda$process$5(SchemaManagementToolCoordinator.java:143)
		at java.base/java.util.HashMap.forEach(HashMap.java:1429)
		at org.hibernate.tool.schema.spi.SchemaManagementToolCoordinator.process(SchemaManagementToolCoordinator.java:140)
		at org.hibernate.boot.internal.SessionFactoryObserverForSchemaExport.sessionFactoryCreated(SessionFactoryObserverForSchemaExport.java:37)
		at org.hibernate.internal.SessionFactoryObserverChain.sessionFactoryCreated(SessionFactoryObserverChain.java:35)
		at org.hibernate.internal.SessionFactoryImpl.<init>(SessionFactoryImpl.java:292)
		at org.hibernate.boot.internal.SessionFactoryBuilderImpl.build(SessionFactoryBuilderImpl.java:431)
		at org.hibernate.jpa.boot.internal.EntityManagerFactoryBuilderImpl.build(EntityManagerFactoryBuilderImpl.java:1455)
		at org.hibernate.jpa.HibernatePersistenceProvider.createEntityManagerFactory(HibernatePersistenceProvider.java:55)
		at jakarta.persistence.Persistence.createEntityManagerFactory(Persistence.java:80)
		at jakarta.persistence.Persistence.createEntityManagerFactory(Persistence.java:55)
		at com.suivi.dao.GlycemieDao.<clinit>(GlycemieDao.java:10)
		at com.suivi.controller.GlycemieServlet.<init>(GlycemieServlet.java:17)
		at java.base/jdk.internal.reflect.DirectConstructorHandleAccessor.newInstance(DirectConstructorHandleAccessor.java:62)
		at java.base/java.lang.reflect.Constructor.newInstanceWithCaller(Constructor.java:502)
		at java.base/java.lang.reflect.Constructor.newInstance(Constructor.java:486)
		at org.apache.catalina.core.DefaultInstanceManager.newInstance(DefaultInstanceManager.java:144)
		at org.apache.catalina.core.StandardWrapper.loadServlet(StandardWrapper.java:764)
		at org.apache.catalina.core.StandardWrapper.allocate(StandardWrapper.java:581)
		at org.apache.catalina.core.StandardWrapperValve.invoke(StandardWrapperValve.java:115)
		at org.apache.catalina.core.StandardContextValve.invoke(StandardContextValve.java:90)
		at org.apache.catalina.authenticator.AuthenticatorBase.invoke(AuthenticatorBase.java:483)
		at org.apache.catalina.core.StandardHostValve.invoke(StandardHostValve.java:116)
		at org.apache.catalina.valves.ErrorReportValve.invoke(ErrorReportValve.java:93)
		at org.apache.catalina.valves.AbstractAccessLogValve.invoke(AbstractAccessLogValve.java:666)
		at org.apache.catalina.core.StandardEngineValve.invoke(StandardEngineValve.java:74)
		at org.apache.catalina.connector.CoyoteAdapter.service(CoyoteAdapter.java:344)
		at org.apache.coyote.http11.Http11Processor.service(Http11Processor.java:398)
		at org.apache.coyote.AbstractProcessorLight.process(AbstractProcessorLight.java:63)
		at org.apache.coyote.AbstractProtocol$ConnectionHandler.process(AbstractProtocol.java:903)
		at org.apache.tomcat.util.net.NioEndpoint$SocketProcessor.doRun(NioEndpoint.java:1769)
		at org.apache.tomcat.util.net.SocketProcessorBase.run(SocketProcessorBase.java:52)
		at org.apache.tomcat.util.threads.ThreadPoolExecutor.runWorker(ThreadPoolExecutor.java:1189)
		at org.apache.tomcat.util.threads.ThreadPoolExecutor$Worker.run(ThreadPoolExecutor.java:658)
		at org.apache.tomcat.util.threads.TaskThread$WrappingRunnable.run(TaskThread.java:63)
		at java.base/java.lang.Thread.run(Thread.java:1583)
	Caused by: java.sql.SQLSyntaxErrorException: Specified key was too long; max key length is 767 bytes
		at com.mysql.cj.jdbc.exceptions.SQLError.createSQLException(SQLError.java:121)
		at com.mysql.cj.jdbc.exceptions.SQLExceptionsMapping.translateException(SQLExceptionsMapping.java:122)
		at com.mysql.cj.jdbc.StatementImpl.executeInternal(StatementImpl.java:770)
		at com.mysql.cj.jdbc.StatementImpl.execute(StatementImpl.java:653)
		at org.hibernate.tool.schema.internal.exec.GenerationTargetToDatabase.accept(GenerationTargetToDatabase.java:78)
		... 45 more
23-Aug-2026 16:34:08.035 WARN [http-nio-8080-exec-7] org.hibernate.engine.jdbc.spi.SqlExceptionHelper.logExceptions SQL Error: 1452, SQLState: 23000
23-Aug-2026 16:34:08.036 ERROR [http-nio-8080-exec-7] org.hibernate.engine.jdbc.spi.SqlExceptionHelper.logExceptions Cannot add or update a child row: a foreign key constraint fails (`suivi_glycemie_db`.`glycemie`, CONSTRAINT `FKkie70ed8g5liowttbbh9sf2lx` FOREIGN KEY (`compte_id`) REFERENCES `compte` (`id`))
23-Aug-2026 16:34:50.227 INFOS [Thread-1] org.apache.coyote.AbstractProtocol.pause Le gestionnaire de protocole ["http-nio-8080"] est mis en pause
23-Aug-2026 16:34:50.251 INFOS [Thread-1] org.apache.catalina.core.StandardService.stopInternal Arrêt du service [Catalina]
23-Aug-2026 16:34:50.264 AVERTISSEMENT [Thread-1] org.apache.catalina.loader.WebappClassLoaderBase.clearReferencesJdbc L'application web [ROOT] a enregistré un pilote JDBC [com.mysql.cj.jdbc.Driver], mais ne l'a pas désenregistré avant l'arrêt de l'application.  Pour éviter une fuite de mémoire, le pilote JDBC a été désenregistré de force.
23-Aug-2026 16:34:50.265 AVERTISSEMENT [Thread-1] org.apache.catalina.loader.WebappClassLoaderBase.clearReferencesThreads L'application web [ROOT] semble avoir démarré un thread nommé [mysql-cj-abandoned-connection-cleanup] mais ne l'a pas arrêté, ce qui va probablement créer une fuite de mémoire ; la trace du thread est : 
 java.base/jdk.internal.misc.Unsafe.park(Native Method)
 java.base/java.util.concurrent.locks.LockSupport.parkNanos(LockSupport.java:269)
 java.base/java.util.concurrent.locks.AbstractQueuedSynchronizer$ConditionObject.await(AbstractQueuedSynchronizer.java:1886)
 java.base/java.lang.ref.ReferenceQueue.await(ReferenceQueue.java:71)
 java.base/java.lang.ref.ReferenceQueue.remove0(ReferenceQueue.java:143)
 java.base/java.lang.ref.ReferenceQueue.remove(ReferenceQueue.java:218)
 com.mysql.cj.jdbc.AbandonedConnectionCleanupThread.run(AbandonedConnectionCleanupThread.java:93)
 java.base/java.util.concurrent.ThreadPoolExecutor.runWorker(ThreadPoolExecutor.java:1144)
 java.base/java.util.concurrent.ThreadPoolExecutor$Worker.run(ThreadPoolExecutor.java:642)
 java.base/java.lang.Thread.run(Thread.java:1583)
23-Aug-2026 16:34:50.266 AVERTISSEMENT [Thread-1] org.apache.catalina.loader.WebappClassLoaderBase.clearReferencesThreads L'application web [ROOT] semble avoir démarré un thread nommé [Hibernate Connection Pool Validation Thread] mais ne l'a pas arrêté, ce qui va probablement créer une fuite de mémoire ; la trace du thread est : 
 java.base/jdk.internal.misc.Unsafe.park(Native Method)
 java.base/java.util.concurrent.locks.LockSupport.parkNanos(LockSupport.java:269)
 java.base/java.util.concurrent.locks.AbstractQueuedSynchronizer$ConditionObject.awaitNanos(AbstractQueuedSynchronizer.java:1797)
 java.base/java.util.concurrent.ScheduledThreadPoolExecutor$DelayedWorkQueue.take(ScheduledThreadPoolExecutor.java:1182)
 java.base/java.util.concurrent.ScheduledThreadPoolExecutor$DelayedWorkQueue.take(ScheduledThreadPoolExecutor.java:899)
 java.base/java.util.concurrent.ThreadPoolExecutor.getTask(ThreadPoolExecutor.java:1070)
 java.base/java.util.concurrent.ThreadPoolExecutor.runWorker(ThreadPoolExecutor.java:1130)
 java.base/java.util.concurrent.ThreadPoolExecutor$Worker.run(ThreadPoolExecutor.java:642)
 java.base/java.lang.Thread.run(Thread.java:1583)
23-Aug-2026 16:34:50.266 AVERTISSEMENT [Thread-1] org.apache.catalina.loader.WebappClassLoaderBase.clearReferencesThreads L'application web [ROOT] semble avoir démarré un thread nommé [Hibernate Connection Pool Validation Thread] mais ne l'a pas arrêté, ce qui va probablement créer une fuite de mémoire ; la trace du thread est : 
 java.base/jdk.internal.misc.Unsafe.park(Native Method)
 java.base/java.util.concurrent.locks.LockSupport.parkNanos(LockSupport.java:269)
 java.base/java.util.concurrent.locks.AbstractQueuedSynchronizer$ConditionObject.awaitNanos(AbstractQueuedSynchronizer.java:1797)
 java.base/java.util.concurrent.ScheduledThreadPoolExecutor$DelayedWorkQueue.take(ScheduledThreadPoolExecutor.java:1182)
 java.base/java.util.concurrent.ScheduledThreadPoolExecutor$DelayedWorkQueue.take(ScheduledThreadPoolExecutor.java:899)
 java.base/java.util.concurrent.ThreadPoolExecutor.getTask(ThreadPoolExecutor.java:1070)
 java.base/java.util.concurrent.ThreadPoolExecutor.runWorker(ThreadPoolExecutor.java:1130)
 java.base/java.util.concurrent.ThreadPoolExecutor$Worker.run(ThreadPoolExecutor.java:642)
 java.base/java.lang.Thread.run(Thread.java:1583)
23-Aug-2026 16:34:50.267 AVERTISSEMENT [Thread-1] org.apache.catalina.loader.WebappClassLoaderBase.clearReferencesThreads L'application web [ROOT] semble avoir démarré un thread nommé [Hibernate Connection Pool Validation Thread] mais ne l'a pas arrêté, ce qui va probablement créer une fuite de mémoire ; la trace du thread est : 
 java.base/jdk.internal.misc.Unsafe.park(Native Method)
 java.base/java.util.concurrent.locks.LockSupport.parkNanos(LockSupport.java:269)
 java.base/java.util.concurrent.locks.AbstractQueuedSynchronizer$ConditionObject.awaitNanos(AbstractQueuedSynchronizer.java:1797)
 java.base/java.util.concurrent.ScheduledThreadPoolExecutor$DelayedWorkQueue.take(ScheduledThreadPoolExecutor.java:1182)
 java.base/java.util.concurrent.ScheduledThreadPoolExecutor$DelayedWorkQueue.take(ScheduledThreadPoolExecutor.java:899)
 java.base/java.util.concurrent.ThreadPoolExecutor.getTask(ThreadPoolExecutor.java:1070)
 java.base/java.util.concurrent.ThreadPoolExecutor.runWorker(ThreadPoolExecutor.java:1130)
 java.base/java.util.concurrent.ThreadPoolExecutor$Worker.run(ThreadPoolExecutor.java:642)
 java.base/java.lang.Thread.run(Thread.java:1583)
23-Aug-2026 16:34:50.269 AVERTISSEMENT [Thread-1] org.apache.catalina.loader.WebappClassLoaderBase.clearReferencesThreads L'application web [ROOT] semble avoir démarré un thread nommé [Hibernate Connection Pool Validation Thread] mais ne l'a pas arrêté, ce qui va probablement créer une fuite de mémoire ; la trace du thread est : 
 java.base/jdk.internal.misc.Unsafe.park(Native Method)
 java.base/java.util.concurrent.locks.LockSupport.parkNanos(LockSupport.java:269)
 java.base/java.util.concurrent.locks.AbstractQueuedSynchronizer$ConditionObject.awaitNanos(AbstractQueuedSynchronizer.java:1797)
 java.base/java.util.concurrent.ScheduledThreadPoolExecutor$DelayedWorkQueue.take(ScheduledThreadPoolExecutor.java:1182)
 java.base/java.util.concurrent.ScheduledThreadPoolExecutor$DelayedWorkQueue.take(ScheduledThreadPoolExecutor.java:899)
 java.base/java.util.concurrent.ThreadPoolExecutor.getTask(ThreadPoolExecutor.java:1070)
 java.base/java.util.concurrent.ThreadPoolExecutor.runWorker(ThreadPoolExecutor.java:1130)
 java.base/java.util.concurrent.ThreadPoolExecutor$Worker.run(ThreadPoolExecutor.java:642)
 java.base/java.lang.Thread.run(Thread.java:1583)
23-Aug-2026 16:34:50.297 INFOS [Thread-1] org.apache.coyote.AbstractProtocol.stop Arrêt du gestionnaire de protocole ["http-nio-8080"]
23-Aug-2026 16:34:50.305 INFOS [Thread-1] org.apache.coyote.AbstractProtocol.destroy Destruction du gestionnaire de protocole ["http-nio-8080"]
23-Aug-2026 16:34:53.668 INFOS [main] org.apache.catalina.startup.VersionLoggerListener.log Nom version serveur :              Apache Tomcat/10.1.42
23-Aug-2026 16:34:53.676 INFOS [main] org.apache.catalina.startup.VersionLoggerListener.log Serveur compilé :                  Jun 5 2025 22:35:46 UTC
23-Aug-2026 16:34:53.676 INFOS [main] org.apache.catalina.startup.VersionLoggerListener.log Version du serveur :               10.1.42.0
23-Aug-2026 16:34:53.677 INFOS [main] org.apache.catalina.startup.VersionLoggerListener.log Nom de l'OS :                      Windows 11
23-Aug-2026 16:34:53.677 INFOS [main] org.apache.catalina.startup.VersionLoggerListener.log Version OS :                       10.0
23-Aug-2026 16:34:53.677 INFOS [main] org.apache.catalina.startup.VersionLoggerListener.log Architecture :                     amd64
23-Aug-2026 16:34:53.677 INFOS [main] org.apache.catalina.startup.VersionLoggerListener.log Java Home :                        C:\Users\HP\.jdks\jbrsdk_jcef-21.0.9
23-Aug-2026 16:34:53.677 INFOS [main] org.apache.catalina.startup.VersionLoggerListener.log Version JVM :                      21.0.9+1-b1038.75
23-Aug-2026 16:34:53.677 INFOS [main] org.apache.catalina.startup.VersionLoggerListener.log Fournisseur de la JVM :            JetBrains s.r.o.
23-Aug-2026 16:34:53.677 INFOS [main] org.apache.catalina.startup.VersionLoggerListener.log CATALINA_BASE :                    C:\Users\HP\Desktop\samasuker\.smarttomcat
23-Aug-2026 16:34:53.678 INFOS [main] org.apache.catalina.startup.VersionLoggerListener.log CATALINA_HOME :                    C:\Users\HP\Desktop\apache-tomcat-10.1.42
23-Aug-2026 16:34:53.705 INFOS [main] org.apache.catalina.startup.VersionLoggerListener.log Argument de la ligne de commande : --add-opens=java.base/java.lang=ALL-UNNAMED
23-Aug-2026 16:34:53.705 INFOS [main] org.apache.catalina.startup.VersionLoggerListener.log Argument de la ligne de commande : --add-opens=java.base/java.io=ALL-UNNAMED
23-Aug-2026 16:34:53.706 INFOS [main] org.apache.catalina.startup.VersionLoggerListener.log Argument de la ligne de commande : --add-opens=java.base/java.util=ALL-UNNAMED
23-Aug-2026 16:34:53.706 INFOS [main] org.apache.catalina.startup.VersionLoggerListener.log Argument de la ligne de commande : --add-opens=java.base/java.util.concurrent=ALL-UNNAMED
23-Aug-2026 16:34:53.706 INFOS [main] org.apache.catalina.startup.VersionLoggerListener.log Argument de la ligne de commande : --add-opens=java.rmi/sun.rmi.transport=ALL-UNNAMED
23-Aug-2026 16:34:53.706 INFOS [main] org.apache.catalina.startup.VersionLoggerListener.log Argument de la ligne de commande : -Dcatalina.home=C:\Users\HP\Desktop\apache-tomcat-10.1.42
23-Aug-2026 16:34:53.706 INFOS [main] org.apache.catalina.startup.VersionLoggerListener.log Argument de la ligne de commande : -Dcatalina.base=C:\Users\HP\Desktop\samasuker\.smarttomcat
23-Aug-2026 16:34:53.707 INFOS [main] org.apache.catalina.startup.VersionLoggerListener.log Argument de la ligne de commande : -Djava.io.tmpdir=C:\Users\HP\Desktop\samasuker\.smarttomcat\temp
23-Aug-2026 16:34:53.707 INFOS [main] org.apache.catalina.startup.VersionLoggerListener.log Argument de la ligne de commande : -Djava.util.logging.config.file=C:\Users\HP\Desktop\samasuker\.smarttomcat\conf\logging.properties
23-Aug-2026 16:34:53.707 INFOS [main] org.apache.catalina.startup.VersionLoggerListener.log Argument de la ligne de commande : -Djava.util.logging.manager=org.apache.juli.ClassLoaderLogManager
23-Aug-2026 16:34:53.707 INFOS [main] org.apache.catalina.startup.VersionLoggerListener.log Argument de la ligne de commande : -javaagent:C:\Program Files\JetBrains\IntelliJ IDEA 2025.2.2\lib\idea_rt.jar=63472
23-Aug-2026 16:34:53.708 INFOS [main] org.apache.catalina.startup.VersionLoggerListener.log Argument de la ligne de commande : -Dfile.encoding=UTF-8
23-Aug-2026 16:34:53.708 INFOS [main] org.apache.catalina.startup.VersionLoggerListener.log Argument de la ligne de commande : -Dsun.stdout.encoding=UTF-8
23-Aug-2026 16:34:53.708 INFOS [main] org.apache.catalina.startup.VersionLoggerListener.log Argument de la ligne de commande : -Dsun.stderr.encoding=UTF-8
23-Aug-2026 16:34:53.716 INFOS [main] org.apache.catalina.core.AprLifecycleListener.lifecycleEvent Chargement de la librairie Apache Tomcat Native [2.0.9] en utilisant APR version [1.7.6]
23-Aug-2026 16:34:53.730 INFOS [main] org.apache.catalina.core.AprLifecycleListener.initializeSSL OpenSSL a été initialisé avec succès [OpenSSL 3.5.0 8 Apr 2025]
23-Aug-2026 16:34:54.380 INFOS [main] org.apache.coyote.AbstractProtocol.init Initialisation du gestionnaire de protocole ["http-nio-8080"]
23-Aug-2026 16:34:54.411 INFOS [main] org.apache.catalina.startup.Catalina.load L'initialisation du serveur a pris [1298] millisecondes
23-Aug-2026 16:34:54.495 INFOS [main] org.apache.catalina.core.StandardService.startInternal Démarrage du service [Catalina]
23-Aug-2026 16:34:54.496 INFOS [main] org.apache.catalina.core.StandardEngine.startInternal Démarrage du moteur de Servlets : [Apache Tomcat/10.1.42]
23-Aug-2026 16:34:54.519 INFOS [main] org.apache.catalina.startup.HostConfig.deployDescriptor Déploiement du descripteur de configuration [C:\Users\HP\Desktop\samasuker\.smarttomcat\conf\Catalina\localhost\MDD.xml]
23-Aug-2026 16:35:00.980 INFOS [main] org.apache.jasper.servlet.TldScanner.scanJars Au moins un fichier JAR a été analysé pour trouver des TLDs mais il n'en contenait pas, le mode "debug" du journal peut être activé pour obtenir une liste complète de JAR scannés sans succès ; éviter d'analyser des JARs inutilement peut améliorer sensiblement le temps de démarrage et le temps de compilation des JSPs
23-Aug-2026 16:35:01.186 INFOS [main] org.apache.catalina.startup.HostConfig.deployDescriptor Le traitement du descripteur de déploiement [C:\Users\HP\Desktop\samasuker\.smarttomcat\conf\Catalina\localhost\MDD.xml] a pris [6 657] ms
23-Aug-2026 16:35:01.187 INFOS [main] org.apache.catalina.startup.HostConfig.deployDescriptor Déploiement du descripteur de configuration [C:\Users\HP\Desktop\samasuker\.smarttomcat\conf\Catalina\localhost\ROOT.xml]
23-Aug-2026 16:35:06.614 INFOS [main] org.apache.jasper.servlet.TldScanner.scanJars Au moins un fichier JAR a été analysé pour trouver des TLDs mais il n'en contenait pas, le mode "debug" du journal peut être activé pour obtenir une liste complète de JAR scannés sans succès ; éviter d'analyser des JARs inutilement peut améliorer sensiblement le temps de démarrage et le temps de compilation des JSPs
23-Aug-2026 16:35:06.696 INFOS [main] org.apache.catalina.startup.HostConfig.deployDescriptor Le traitement du descripteur de déploiement [C:\Users\HP\Desktop\samasuker\.smarttomcat\conf\Catalina\localhost\ROOT.xml] a pris [5 509] ms
23-Aug-2026 16:35:06.709 INFOS [main] org.apache.coyote.AbstractProtocol.start Démarrage du gestionnaire de protocole ["http-nio-8080"]
23-Aug-2026 16:35:06.761 INFOS [main] org.apache.catalina.startup.Catalina.start Le démarrage du serveur a pris [12348] millisecondes
23-Aug-2026 16:35:17.696 INFO [http-nio-8080-exec-3] org.hibernate.jpa.internal.util.LogHelper.logPersistenceUnitInformation HHH000204: Processing PersistenceUnitInfo [name: glycemiePU]
23-Aug-2026 16:35:18.024 INFO [http-nio-8080-exec-3] org.hibernate.Version.logVersion HHH000412: Hibernate ORM core version 6.2.7.Final
23-Aug-2026 16:35:18.037 INFO [http-nio-8080-exec-3] org.hibernate.cfg.Environment.<clinit> HHH000406: Using bytecode reflection optimizer
23-Aug-2026 16:35:20.076 WARN [http-nio-8080-exec-3] org.hibernate.engine.jdbc.connections.internal.DriverManagerConnectionProviderImpl.configure HHH10001002: Using built-in connection pool (not intended for production use)
23-Aug-2026 16:35:20.112 INFO [http-nio-8080-exec-3] org.hibernate.engine.jdbc.connections.internal.DriverManagerConnectionProviderImpl.buildCreator HHH10001005: Loaded JDBC driver class: com.mysql.cj.jdbc.Driver
23-Aug-2026 16:35:20.112 INFO [http-nio-8080-exec-3] org.hibernate.engine.jdbc.connections.internal.DriverManagerConnectionProviderImpl.buildCreator HHH10001012: Connecting with JDBC URL [jdbc:mysql://localhost:3306/suivi_glycemie_db?useSSL=false&serverTimezone=UTC]
23-Aug-2026 16:35:20.114 INFO [http-nio-8080-exec-3] org.hibernate.engine.jdbc.connections.internal.DriverManagerConnectionProviderImpl.buildCreator HHH10001001: Connection properties: {password=****, user=root}
23-Aug-2026 16:35:20.115 INFO [http-nio-8080-exec-3] org.hibernate.engine.jdbc.connections.internal.DriverManagerConnectionProviderImpl.buildCreator HHH10001003: Autocommit mode: false
23-Aug-2026 16:35:20.143 INFO [http-nio-8080-exec-3] org.hibernate.engine.jdbc.connections.internal.DriverManagerConnectionProviderImpl$PooledConnections.<init> HHH10001115: Connection pool size: 20 (min=1)
23-Aug-2026 16:35:21.154 WARN [http-nio-8080-exec-3] org.hibernate.dialect.Dialect.checkVersion HHH000511: The 5.6.17 version for [org.hibernate.dialect.MySQLDialect] is no longer supported, hence certain features may not work properly. The minimum supported version is 5.7.0. Check the community dialects project for available legacy versions.
23-Aug-2026 16:35:22.602 INFO [http-nio-8080-exec-3] org.hibernate.bytecode.internal.BytecodeProviderInitiator.buildBytecodeProvider HHH000021: Bytecode provider name : bytebuddy
23-Aug-2026 16:35:27.326 INFO [http-nio-8080-exec-3] org.hibernate.engine.transaction.jta.platform.internal.JtaPlatformInitiator.initiateService HHH000490: Using JtaPlatform implementation: [org.hibernate.engine.transaction.jta.platform.internal.NoJtaPlatform]
23-Aug-2026 16:35:27.457 INFO [http-nio-8080-exec-3] org.hibernate.resource.transaction.backend.jdbc.internal.DdlTransactionIsolatorNonJtaImpl.getIsolatedConnection HHH10001501: Connection obtained from JdbcConnectionAccess [org.hibernate.engine.jdbc.env.internal.JdbcEnvironmentInitiator$ConnectionProviderJdbcConnectionAccess@5f87025] for (non-JTA) DDL execution was not in auto-commit mode; the Connection 'local transaction' will be committed and the Connection will be set into auto-commit mode.
23-Aug-2026 16:35:43.723 INFO [http-nio-8080-exec-6] org.hibernate.jpa.internal.util.LogHelper.logPersistenceUnitInformation HHH000204: Processing PersistenceUnitInfo [name: glycemiePU]
23-Aug-2026 16:35:43.819 WARN [http-nio-8080-exec-6] org.hibernate.engine.jdbc.connections.internal.DriverManagerConnectionProviderImpl.configure HHH10001002: Using built-in connection pool (not intended for production use)
23-Aug-2026 16:35:43.819 INFO [http-nio-8080-exec-6] org.hibernate.engine.jdbc.connections.internal.DriverManagerConnectionProviderImpl.buildCreator HHH10001005: Loaded JDBC driver class: com.mysql.cj.jdbc.Driver
23-Aug-2026 16:35:43.819 INFO [http-nio-8080-exec-6] org.hibernate.engine.jdbc.connections.internal.DriverManagerConnectionProviderImpl.buildCreator HHH10001012: Connecting with JDBC URL [jdbc:mysql://localhost:3306/suivi_glycemie_db?useSSL=false&serverTimezone=UTC]
23-Aug-2026 16:35:43.819 INFO [http-nio-8080-exec-6] org.hibernate.engine.jdbc.connections.internal.DriverManagerConnectionProviderImpl.buildCreator HHH10001001: Connection properties: {password=****, user=root}
23-Aug-2026 16:35:43.827 INFO [http-nio-8080-exec-6] org.hibernate.engine.jdbc.connections.internal.DriverManagerConnectionProviderImpl.buildCreator HHH10001003: Autocommit mode: false
23-Aug-2026 16:35:43.827 INFO [http-nio-8080-exec-6] org.hibernate.engine.jdbc.connections.internal.DriverManagerConnectionProviderImpl$PooledConnections.<init> HHH10001115: Connection pool size: 20 (min=1)
23-Aug-2026 16:35:43.836 WARN [http-nio-8080-exec-6] org.hibernate.dialect.Dialect.checkVersion HHH000511: The 5.6.17 version for [org.hibernate.dialect.MySQLDialect] is no longer supported, hence certain features may not work properly. The minimum supported version is 5.7.0. Check the community dialects project for available legacy versions.
23-Aug-2026 16:35:43.873 INFO [http-nio-8080-exec-6] org.hibernate.bytecode.internal.BytecodeProviderInitiator.buildBytecodeProvider HHH000021: Bytecode provider name : bytebuddy
23-Aug-2026 16:35:44.016 INFO [http-nio-8080-exec-6] org.hibernate.engine.transaction.jta.platform.internal.JtaPlatformInitiator.initiateService HHH000490: Using JtaPlatform implementation: [org.hibernate.engine.transaction.jta.platform.internal.NoJtaPlatform]
23-Aug-2026 16:35:44.018 INFO [http-nio-8080-exec-6] org.hibernate.resource.transaction.backend.jdbc.internal.DdlTransactionIsolatorNonJtaImpl.getIsolatedConnection HHH10001501: Connection obtained from JdbcConnectionAccess [org.hibernate.engine.jdbc.env.internal.JdbcEnvironmentInitiator$ConnectionProviderJdbcConnectionAccess@5bd14a16] for (non-JTA) DDL execution was not in auto-commit mode; the Connection 'local transaction' will be committed and the Connection will be set into auto-commit mode.
23-Aug-2026 16:35:44.571 INFO [http-nio-8080-exec-7] org.hibernate.jpa.internal.util.LogHelper.logPersistenceUnitInformation HHH000204: Processing PersistenceUnitInfo [name: glycemiePU]
23-Aug-2026 16:35:44.605 WARN [http-nio-8080-exec-7] org.hibernate.engine.jdbc.connections.internal.DriverManagerConnectionProviderImpl.configure HHH10001002: Using built-in connection pool (not intended for production use)
23-Aug-2026 16:35:44.613 INFO [http-nio-8080-exec-7] org.hibernate.engine.jdbc.connections.internal.DriverManagerConnectionProviderImpl.buildCreator HHH10001005: Loaded JDBC driver class: com.mysql.cj.jdbc.Driver
23-Aug-2026 16:35:44.613 INFO [http-nio-8080-exec-7] org.hibernate.engine.jdbc.connections.internal.DriverManagerConnectionProviderImpl.buildCreator HHH10001012: Connecting with JDBC URL [jdbc:mysql://localhost:3306/suivi_glycemie_db?useSSL=false&serverTimezone=UTC]
23-Aug-2026 16:35:44.613 INFO [http-nio-8080-exec-7] org.hibernate.engine.jdbc.connections.internal.DriverManagerConnectionProviderImpl.buildCreator HHH10001001: Connection properties: {password=****, user=root}
23-Aug-2026 16:35:44.613 INFO [http-nio-8080-exec-7] org.hibernate.engine.jdbc.connections.internal.DriverManagerConnectionProviderImpl.buildCreator HHH10001003: Autocommit mode: false
23-Aug-2026 16:35:44.613 INFO [http-nio-8080-exec-7] org.hibernate.engine.jdbc.connections.internal.DriverManagerConnectionProviderImpl$PooledConnections.<init> HHH10001115: Connection pool size: 20 (min=1)
23-Aug-2026 16:35:44.619 WARN [http-nio-8080-exec-7] org.hibernate.dialect.Dialect.checkVersion HHH000511: The 5.6.17 version for [org.hibernate.dialect.MySQLDialect] is no longer supported, hence certain features may not work properly. The minimum supported version is 5.7.0. Check the community dialects project for available legacy versions.
23-Aug-2026 16:35:44.655 INFO [http-nio-8080-exec-7] org.hibernate.bytecode.internal.BytecodeProviderInitiator.buildBytecodeProvider HHH000021: Bytecode provider name : bytebuddy
23-Aug-2026 16:35:44.734 INFO [http-nio-8080-exec-7] org.hibernate.engine.transaction.jta.platform.internal.JtaPlatformInitiator.initiateService HHH000490: Using JtaPlatform implementation: [org.hibernate.engine.transaction.jta.platform.internal.NoJtaPlatform]
23-Aug-2026 16:35:44.742 INFO [http-nio-8080-exec-7] org.hibernate.resource.transaction.backend.jdbc.internal.DdlTransactionIsolatorNonJtaImpl.getIsolatedConnection HHH10001501: Connection obtained from JdbcConnectionAccess [org.hibernate.engine.jdbc.env.internal.JdbcEnvironmentInitiator$ConnectionProviderJdbcConnectionAccess@5c3d687e] for (non-JTA) DDL execution was not in auto-commit mode; the Connection 'local transaction' will be committed and the Connection will be set into auto-commit mode.
23-Aug-2026 16:35:55.634 INFO [http-nio-8080-exec-9] org.hibernate.jpa.internal.util.LogHelper.logPersistenceUnitInformation HHH000204: Processing PersistenceUnitInfo [name: glycemiePU]
23-Aug-2026 16:35:55.789 WARN [http-nio-8080-exec-9] org.hibernate.engine.jdbc.connections.internal.DriverManagerConnectionProviderImpl.configure HHH10001002: Using built-in connection pool (not intended for production use)
23-Aug-2026 16:35:55.790 INFO [http-nio-8080-exec-9] org.hibernate.engine.jdbc.connections.internal.DriverManagerConnectionProviderImpl.buildCreator HHH10001005: Loaded JDBC driver class: com.mysql.cj.jdbc.Driver
23-Aug-2026 16:35:55.790 INFO [http-nio-8080-exec-9] org.hibernate.engine.jdbc.connections.internal.DriverManagerConnectionProviderImpl.buildCreator HHH10001012: Connecting with JDBC URL [jdbc:mysql://localhost:3306/suivi_glycemie_db?useSSL=false&serverTimezone=UTC]
23-Aug-2026 16:35:55.791 INFO [http-nio-8080-exec-9] org.hibernate.engine.jdbc.connections.internal.DriverManagerConnectionProviderImpl.buildCreator HHH10001001: Connection properties: {password=****, user=root}
23-Aug-2026 16:35:55.791 INFO [http-nio-8080-exec-9] org.hibernate.engine.jdbc.connections.internal.DriverManagerConnectionProviderImpl.buildCreator HHH10001003: Autocommit mode: false
23-Aug-2026 16:35:55.791 INFO [http-nio-8080-exec-9] org.hibernate.engine.jdbc.connections.internal.DriverManagerConnectionProviderImpl$PooledConnections.<init> HHH10001115: Connection pool size: 20 (min=1)
23-Aug-2026 16:35:55.803 WARN [http-nio-8080-exec-9] org.hibernate.dialect.Dialect.checkVersion HHH000511: The 5.6.17 version for [org.hibernate.dialect.MySQLDialect] is no longer supported, hence certain features may not work properly. The minimum supported version is 5.7.0. Check the community dialects project for available legacy versions.
23-Aug-2026 16:35:55.859 INFO [http-nio-8080-exec-9] org.hibernate.bytecode.internal.BytecodeProviderInitiator.buildBytecodeProvider HHH000021: Bytecode provider name : bytebuddy
23-Aug-2026 16:35:56.008 INFO [http-nio-8080-exec-9] org.hibernate.engine.transaction.jta.platform.internal.JtaPlatformInitiator.initiateService HHH000490: Using JtaPlatform implementation: [org.hibernate.engine.transaction.jta.platform.internal.NoJtaPlatform]
23-Aug-2026 16:35:56.010 INFO [http-nio-8080-exec-9] org.hibernate.resource.transaction.backend.jdbc.internal.DdlTransactionIsolatorNonJtaImpl.getIsolatedConnection HHH10001501: Connection obtained from JdbcConnectionAccess [org.hibernate.engine.jdbc.env.internal.JdbcEnvironmentInitiator$ConnectionProviderJdbcConnectionAccess@2b550e7b] for (non-JTA) DDL execution was not in auto-commit mode; the Connection 'local transaction' will be committed and the Connection will be set into auto-commit mode.
23-Aug-2026 16:38:32.241 INFOS [Thread-1] org.apache.coyote.AbstractProtocol.pause Le gestionnaire de protocole ["http-nio-8080"] est mis en pause
23-Aug-2026 16:38:32.261 INFOS [Thread-1] org.apache.catalina.core.StandardService.stopInternal Arrêt du service [Catalina]
23-Aug-2026 16:38:32.277 AVERTISSEMENT [Thread-1] org.apache.catalina.loader.WebappClassLoaderBase.clearReferencesJdbc L'application web [ROOT] a enregistré un pilote JDBC [com.mysql.cj.jdbc.Driver], mais ne l'a pas désenregistré avant l'arrêt de l'application.  Pour éviter une fuite de mémoire, le pilote JDBC a été désenregistré de force.
23-Aug-2026 16:38:32.279 AVERTISSEMENT [Thread-1] org.apache.catalina.loader.WebappClassLoaderBase.clearReferencesThreads L'application web [ROOT] semble avoir démarré un thread nommé [mysql-cj-abandoned-connection-cleanup] mais ne l'a pas arrêté, ce qui va probablement créer une fuite de mémoire ; la trace du thread est : 
 java.base/jdk.internal.misc.Unsafe.park(Native Method)
 java.base/java.util.concurrent.locks.LockSupport.parkNanos(LockSupport.java:269)
 java.base/java.util.concurrent.locks.AbstractQueuedSynchronizer$ConditionObject.await(AbstractQueuedSynchronizer.java:1886)
 java.base/java.lang.ref.ReferenceQueue.await(ReferenceQueue.java:71)
 java.base/java.lang.ref.ReferenceQueue.remove0(ReferenceQueue.java:143)
 java.base/java.lang.ref.ReferenceQueue.remove(ReferenceQueue.java:218)
 com.mysql.cj.jdbc.AbandonedConnectionCleanupThread.run(AbandonedConnectionCleanupThread.java:93)
 java.base/java.util.concurrent.ThreadPoolExecutor.runWorker(ThreadPoolExecutor.java:1144)
 java.base/java.util.concurrent.ThreadPoolExecutor$Worker.run(ThreadPoolExecutor.java:642)
 java.base/java.lang.Thread.run(Thread.java:1583)
23-Aug-2026 16:38:32.280 AVERTISSEMENT [Thread-1] org.apache.catalina.loader.WebappClassLoaderBase.clearReferencesThreads L'application web [ROOT] semble avoir démarré un thread nommé [Hibernate Connection Pool Validation Thread] mais ne l'a pas arrêté, ce qui va probablement créer une fuite de mémoire ; la trace du thread est : 
 java.base/jdk.internal.misc.Unsafe.park(Native Method)
 java.base/java.util.concurrent.locks.LockSupport.parkNanos(LockSupport.java:269)
 java.base/java.util.concurrent.locks.AbstractQueuedSynchronizer$ConditionObject.awaitNanos(AbstractQueuedSynchronizer.java:1797)
 java.base/java.util.concurrent.ScheduledThreadPoolExecutor$DelayedWorkQueue.take(ScheduledThreadPoolExecutor.java:1182)
 java.base/java.util.concurrent.ScheduledThreadPoolExecutor$DelayedWorkQueue.take(ScheduledThreadPoolExecutor.java:899)
 java.base/java.util.concurrent.ThreadPoolExecutor.getTask(ThreadPoolExecutor.java:1070)
 java.base/java.util.concurrent.ThreadPoolExecutor.runWorker(ThreadPoolExecutor.java:1130)
 java.base/java.util.concurrent.ThreadPoolExecutor$Worker.run(ThreadPoolExecutor.java:642)
 java.base/java.lang.Thread.run(Thread.java:1583)
23-Aug-2026 16:38:32.281 AVERTISSEMENT [Thread-1] org.apache.catalina.loader.WebappClassLoaderBase.clearReferencesThreads L'application web [ROOT] semble avoir démarré un thread nommé [Hibernate Connection Pool Validation Thread] mais ne l'a pas arrêté, ce qui va probablement créer une fuite de mémoire ; la trace du thread est : 
 java.base/jdk.internal.misc.Unsafe.park(Native Method)
 java.base/java.util.concurrent.locks.LockSupport.parkNanos(LockSupport.java:269)
 java.base/java.util.concurrent.locks.AbstractQueuedSynchronizer$ConditionObject.awaitNanos(AbstractQueuedSynchronizer.java:1797)
 java.base/java.util.concurrent.ScheduledThreadPoolExecutor$DelayedWorkQueue.take(ScheduledThreadPoolExecutor.java:1182)
 java.base/java.util.concurrent.ScheduledThreadPoolExecutor$DelayedWorkQueue.take(ScheduledThreadPoolExecutor.java:899)
 java.base/java.util.concurrent.ThreadPoolExecutor.getTask(ThreadPoolExecutor.java:1070)
 java.base/java.util.concurrent.ThreadPoolExecutor.runWorker(ThreadPoolExecutor.java:1130)
 java.base/java.util.concurrent.ThreadPoolExecutor$Worker.run(ThreadPoolExecutor.java:642)
 java.base/java.lang.Thread.run(Thread.java:1583)
23-Aug-2026 16:38:32.281 AVERTISSEMENT [Thread-1] org.apache.catalina.loader.WebappClassLoaderBase.clearReferencesThreads L'application web [ROOT] semble avoir démarré un thread nommé [Hibernate Connection Pool Validation Thread] mais ne l'a pas arrêté, ce qui va probablement créer une fuite de mémoire ; la trace du thread est : 
 java.base/jdk.internal.misc.Unsafe.park(Native Method)
 java.base/java.util.concurrent.locks.LockSupport.parkNanos(LockSupport.java:269)
 java.base/java.util.concurrent.locks.AbstractQueuedSynchronizer$ConditionObject.awaitNanos(AbstractQueuedSynchronizer.java:1797)
 java.base/java.util.concurrent.ScheduledThreadPoolExecutor$DelayedWorkQueue.take(ScheduledThreadPoolExecutor.java:1182)
 java.base/java.util.concurrent.ScheduledThreadPoolExecutor$DelayedWorkQueue.take(ScheduledThreadPoolExecutor.java:899)
 java.base/java.util.concurrent.ThreadPoolExecutor.getTask(ThreadPoolExecutor.java:1070)
 java.base/java.util.concurrent.ThreadPoolExecutor.runWorker(ThreadPoolExecutor.java:1130)
 java.base/java.util.concurrent.ThreadPoolExecutor$Worker.run(ThreadPoolExecutor.java:642)
 java.base/java.lang.Thread.run(Thread.java:1583)
23-Aug-2026 16:38:32.282 AVERTISSEMENT [Thread-1] org.apache.catalina.loader.WebappClassLoaderBase.clearReferencesThreads L'application web [ROOT] semble avoir démarré un thread nommé [Hibernate Connection Pool Validation Thread] mais ne l'a pas arrêté, ce qui va probablement créer une fuite de mémoire ; la trace du thread est : 
 java.base/jdk.internal.misc.Unsafe.park(Native Method)
 java.base/java.util.concurrent.locks.LockSupport.parkNanos(LockSupport.java:269)
 java.base/java.util.concurrent.locks.AbstractQueuedSynchronizer$ConditionObject.awaitNanos(AbstractQueuedSynchronizer.java:1797)
 java.base/java.util.concurrent.ScheduledThreadPoolExecutor$DelayedWorkQueue.take(ScheduledThreadPoolExecutor.java:1182)
 java.base/java.util.concurrent.ScheduledThreadPoolExecutor$DelayedWorkQueue.take(ScheduledThreadPoolExecutor.java:899)
 java.base/java.util.concurrent.ThreadPoolExecutor.getTask(ThreadPoolExecutor.java:1070)
 java.base/java.util.concurrent.ThreadPoolExecutor.runWorker(ThreadPoolExecutor.java:1130)
 java.base/java.util.concurrent.ThreadPoolExecutor$Worker.run(ThreadPoolExecutor.java:642)
 java.base/java.lang.Thread.run(Thread.java:1583)
23-Aug-2026 16:38:32.307 INFOS [Thread-1] org.apache.coyote.AbstractProtocol.stop Arrêt du gestionnaire de protocole ["http-nio-8080"]
23-Aug-2026 16:38:32.319 INFOS [Thread-1] org.apache.coyote.AbstractProtocol.destroy Destruction du gestionnaire de protocole ["http-nio-8080"]
23-Aug-2026 16:38:38.006 INFOS [main] org.apache.catalina.startup.VersionLoggerListener.log Nom version serveur :              Apache Tomcat/10.1.42
23-Aug-2026 16:38:38.012 INFOS [main] org.apache.catalina.startup.VersionLoggerListener.log Serveur compilé :                  Jun 5 2025 22:35:46 UTC
23-Aug-2026 16:38:38.013 INFOS [main] org.apache.catalina.startup.VersionLoggerListener.log Version du serveur :               10.1.42.0
23-Aug-2026 16:38:38.013 INFOS [main] org.apache.catalina.startup.VersionLoggerListener.log Nom de l'OS :                      Windows 11
23-Aug-2026 16:38:38.013 INFOS [main] org.apache.catalina.startup.VersionLoggerListener.log Version OS :                       10.0
23-Aug-2026 16:38:38.013 INFOS [main] org.apache.catalina.startup.VersionLoggerListener.log Architecture :                     amd64
23-Aug-2026 16:38:38.014 INFOS [main] org.apache.catalina.startup.VersionLoggerListener.log Java Home :                        C:\Users\HP\.jdks\jbrsdk_jcef-21.0.9
23-Aug-2026 16:38:38.014 INFOS [main] org.apache.catalina.startup.VersionLoggerListener.log Version JVM :                      21.0.9+1-b1038.75
23-Aug-2026 16:38:38.014 INFOS [main] org.apache.catalina.startup.VersionLoggerListener.log Fournisseur de la JVM :            JetBrains s.r.o.
23-Aug-2026 16:38:38.014 INFOS [main] org.apache.catalina.startup.VersionLoggerListener.log CATALINA_BASE :                    C:\Users\HP\Desktop\samasuker\.smarttomcat
23-Aug-2026 16:38:38.014 INFOS [main] org.apache.catalina.startup.VersionLoggerListener.log CATALINA_HOME :                    C:\Users\HP\Desktop\apache-tomcat-10.1.42
23-Aug-2026 16:38:38.039 INFOS [main] org.apache.catalina.startup.VersionLoggerListener.log Argument de la ligne de commande : --add-opens=java.base/java.lang=ALL-UNNAMED
23-Aug-2026 16:38:38.040 INFOS [main] org.apache.catalina.startup.VersionLoggerListener.log Argument de la ligne de commande : --add-opens=java.base/java.io=ALL-UNNAMED
23-Aug-2026 16:38:38.041 INFOS [main] org.apache.catalina.startup.VersionLoggerListener.log Argument de la ligne de commande : --add-opens=java.base/java.util=ALL-UNNAMED
23-Aug-2026 16:38:38.041 INFOS [main] org.apache.catalina.startup.VersionLoggerListener.log Argument de la ligne de commande : --add-opens=java.base/java.util.concurrent=ALL-UNNAMED
23-Aug-2026 16:38:38.042 INFOS [main] org.apache.catalina.startup.VersionLoggerListener.log Argument de la ligne de commande : --add-opens=java.rmi/sun.rmi.transport=ALL-UNNAMED
23-Aug-2026 16:38:38.042 INFOS [main] org.apache.catalina.startup.VersionLoggerListener.log Argument de la ligne de commande : -Dcatalina.home=C:\Users\HP\Desktop\apache-tomcat-10.1.42
23-Aug-2026 16:38:38.043 INFOS [main] org.apache.catalina.startup.VersionLoggerListener.log Argument de la ligne de commande : -Dcatalina.base=C:\Users\HP\Desktop\samasuker\.smarttomcat
23-Aug-2026 16:38:38.043 INFOS [main] org.apache.catalina.startup.VersionLoggerListener.log Argument de la ligne de commande : -Djava.io.tmpdir=C:\Users\HP\Desktop\samasuker\.smarttomcat\temp
23-Aug-2026 16:38:38.043 INFOS [main] org.apache.catalina.startup.VersionLoggerListener.log Argument de la ligne de commande : -Djava.util.logging.config.file=C:\Users\HP\Desktop\samasuker\.smarttomcat\conf\logging.properties
23-Aug-2026 16:38:38.044 INFOS [main] org.apache.catalina.startup.VersionLoggerListener.log Argument de la ligne de commande : -Djava.util.logging.manager=org.apache.juli.ClassLoaderLogManager
23-Aug-2026 16:38:38.044 INFOS [main] org.apache.catalina.startup.VersionLoggerListener.log Argument de la ligne de commande : -javaagent:C:\Program Files\JetBrains\IntelliJ IDEA 2025.2.2\lib\idea_rt.jar=54874
23-Aug-2026 16:38:38.044 INFOS [main] org.apache.catalina.startup.VersionLoggerListener.log Argument de la ligne de commande : -Dfile.encoding=UTF-8
23-Aug-2026 16:38:38.045 INFOS [main] org.apache.catalina.startup.VersionLoggerListener.log Argument de la ligne de commande : -Dsun.stdout.encoding=UTF-8
23-Aug-2026 16:38:38.045 INFOS [main] org.apache.catalina.startup.VersionLoggerListener.log Argument de la ligne de commande : -Dsun.stderr.encoding=UTF-8
23-Aug-2026 16:38:38.054 INFOS [main] org.apache.catalina.core.AprLifecycleListener.lifecycleEvent Chargement de la librairie Apache Tomcat Native [2.0.9] en utilisant APR version [1.7.6]
23-Aug-2026 16:38:38.066 INFOS [main] org.apache.catalina.core.AprLifecycleListener.initializeSSL OpenSSL a été initialisé avec succès [OpenSSL 3.5.0 8 Apr 2025]
23-Aug-2026 16:38:38.744 INFOS [main] org.apache.coyote.AbstractProtocol.init Initialisation du gestionnaire de protocole ["http-nio-8080"]
23-Aug-2026 16:38:38.776 INFOS [main] org.apache.catalina.startup.Catalina.load L'initialisation du serveur a pris [1191] millisecondes
23-Aug-2026 16:38:38.871 INFOS [main] org.apache.catalina.core.StandardService.startInternal Démarrage du service [Catalina]
23-Aug-2026 16:38:38.872 INFOS [main] org.apache.catalina.core.StandardEngine.startInternal Démarrage du moteur de Servlets : [Apache Tomcat/10.1.42]
23-Aug-2026 16:38:38.892 INFOS [main] org.apache.catalina.startup.HostConfig.deployDescriptor Déploiement du descripteur de configuration [C:\Users\HP\Desktop\samasuker\.smarttomcat\conf\Catalina\localhost\MDD.xml]
23-Aug-2026 16:38:44.881 INFOS [main] org.apache.jasper.servlet.TldScanner.scanJars Au moins un fichier JAR a été analysé pour trouver des TLDs mais il n'en contenait pas, le mode "debug" du journal peut être activé pour obtenir une liste complète de JAR scannés sans succès ; éviter d'analyser des JARs inutilement peut améliorer sensiblement le temps de démarrage et le temps de compilation des JSPs
23-Aug-2026 16:38:45.071 INFOS [main] org.apache.catalina.startup.HostConfig.deployDescriptor Le traitement du descripteur de déploiement [C:\Users\HP\Desktop\samasuker\.smarttomcat\conf\Catalina\localhost\MDD.xml] a pris [6 173] ms
23-Aug-2026 16:38:45.071 INFOS [main] org.apache.catalina.startup.HostConfig.deployDescriptor Déploiement du descripteur de configuration [C:\Users\HP\Desktop\samasuker\.smarttomcat\conf\Catalina\localhost\ROOT.xml]
23-Aug-2026 16:38:50.508 INFOS [main] org.apache.jasper.servlet.TldScanner.scanJars Au moins un fichier JAR a été analysé pour trouver des TLDs mais il n'en contenait pas, le mode "debug" du journal peut être activé pour obtenir une liste complète de JAR scannés sans succès ; éviter d'analyser des JARs inutilement peut améliorer sensiblement le temps de démarrage et le temps de compilation des JSPs
23-Aug-2026 16:38:50.606 INFOS [main] org.apache.catalina.startup.HostConfig.deployDescriptor Le traitement du descripteur de déploiement [C:\Users\HP\Desktop\samasuker\.smarttomcat\conf\Catalina\localhost\ROOT.xml] a pris [5 535] ms
23-Aug-2026 16:38:50.618 INFOS [main] org.apache.coyote.AbstractProtocol.start Démarrage du gestionnaire de protocole ["http-nio-8080"]
23-Aug-2026 16:38:50.687 INFOS [main] org.apache.catalina.startup.Catalina.start Le démarrage du serveur a pris [11909] millisecondes
23-Aug-2026 16:39:01.264 INFO [http-nio-8080-exec-3] org.hibernate.jpa.internal.util.LogHelper.logPersistenceUnitInformation HHH000204: Processing PersistenceUnitInfo [name: glycemiePU]
23-Aug-2026 16:39:01.869 INFO [http-nio-8080-exec-3] org.hibernate.Version.logVersion HHH000412: Hibernate ORM core version 6.2.7.Final
23-Aug-2026 16:39:01.883 INFO [http-nio-8080-exec-3] org.hibernate.cfg.Environment.<clinit> HHH000406: Using bytecode reflection optimizer
23-Aug-2026 16:39:03.998 WARN [http-nio-8080-exec-3] org.hibernate.engine.jdbc.connections.internal.DriverManagerConnectionProviderImpl.configure HHH10001002: Using built-in connection pool (not intended for production use)
23-Aug-2026 16:39:04.020 INFO [http-nio-8080-exec-3] org.hibernate.engine.jdbc.connections.internal.DriverManagerConnectionProviderImpl.buildCreator HHH10001005: Loaded JDBC driver class: com.mysql.cj.jdbc.Driver
23-Aug-2026 16:39:04.021 INFO [http-nio-8080-exec-3] org.hibernate.engine.jdbc.connections.internal.DriverManagerConnectionProviderImpl.buildCreator HHH10001012: Connecting with JDBC URL [jdbc:mysql://localhost:3306/suivi_glycemie_db?useSSL=false&serverTimezone=UTC]
23-Aug-2026 16:39:04.022 INFO [http-nio-8080-exec-3] org.hibernate.engine.jdbc.connections.internal.DriverManagerConnectionProviderImpl.buildCreator HHH10001001: Connection properties: {password=****, user=root}
23-Aug-2026 16:39:04.022 INFO [http-nio-8080-exec-3] org.hibernate.engine.jdbc.connections.internal.DriverManagerConnectionProviderImpl.buildCreator HHH10001003: Autocommit mode: false
23-Aug-2026 16:39:04.039 INFO [http-nio-8080-exec-3] org.hibernate.engine.jdbc.connections.internal.DriverManagerConnectionProviderImpl$PooledConnections.<init> HHH10001115: Connection pool size: 20 (min=1)
23-Aug-2026 16:39:05.246 WARN [http-nio-8080-exec-3] org.hibernate.dialect.Dialect.checkVersion HHH000511: The 5.6.17 version for [org.hibernate.dialect.MySQLDialect] is no longer supported, hence certain features may not work properly. The minimum supported version is 5.7.0. Check the community dialects project for available legacy versions.
23-Aug-2026 16:39:06.734 INFO [http-nio-8080-exec-3] org.hibernate.bytecode.internal.BytecodeProviderInitiator.buildBytecodeProvider HHH000021: Bytecode provider name : bytebuddy
23-Aug-2026 16:39:11.668 INFO [http-nio-8080-exec-3] org.hibernate.engine.transaction.jta.platform.internal.JtaPlatformInitiator.initiateService HHH000490: Using JtaPlatform implementation: [org.hibernate.engine.transaction.jta.platform.internal.NoJtaPlatform]
23-Aug-2026 16:39:11.898 INFO [http-nio-8080-exec-3] org.hibernate.resource.transaction.backend.jdbc.internal.DdlTransactionIsolatorNonJtaImpl.getIsolatedConnection HHH10001501: Connection obtained from JdbcConnectionAccess [org.hibernate.engine.jdbc.env.internal.JdbcEnvironmentInitiator$ConnectionProviderJdbcConnectionAccess@67016914] for (non-JTA) DDL execution was not in auto-commit mode; the Connection 'local transaction' will be committed and the Connection will be set into auto-commit mode.
23-Aug-2026 16:39:15.303 INFO [http-nio-8080-exec-5] org.hibernate.jpa.internal.util.LogHelper.logPersistenceUnitInformation HHH000204: Processing PersistenceUnitInfo [name: glycemiePU]
23-Aug-2026 16:39:15.454 WARN [http-nio-8080-exec-5] org.hibernate.engine.jdbc.connections.internal.DriverManagerConnectionProviderImpl.configure HHH10001002: Using built-in connection pool (not intended for production use)
23-Aug-2026 16:39:15.455 INFO [http-nio-8080-exec-5] org.hibernate.engine.jdbc.connections.internal.DriverManagerConnectionProviderImpl.buildCreator HHH10001005: Loaded JDBC driver class: com.mysql.cj.jdbc.Driver
23-Aug-2026 16:39:15.455 INFO [http-nio-8080-exec-5] org.hibernate.engine.jdbc.connections.internal.DriverManagerConnectionProviderImpl.buildCreator HHH10001012: Connecting with JDBC URL [jdbc:mysql://localhost:3306/suivi_glycemie_db?useSSL=false&serverTimezone=UTC]
23-Aug-2026 16:39:15.456 INFO [http-nio-8080-exec-5] org.hibernate.engine.jdbc.connections.internal.DriverManagerConnectionProviderImpl.buildCreator HHH10001001: Connection properties: {password=****, user=root}
23-Aug-2026 16:39:15.456 INFO [http-nio-8080-exec-5] org.hibernate.engine.jdbc.connections.internal.DriverManagerConnectionProviderImpl.buildCreator HHH10001003: Autocommit mode: false
23-Aug-2026 16:39:15.456 INFO [http-nio-8080-exec-5] org.hibernate.engine.jdbc.connections.internal.DriverManagerConnectionProviderImpl$PooledConnections.<init> HHH10001115: Connection pool size: 20 (min=1)
23-Aug-2026 16:39:15.470 WARN [http-nio-8080-exec-5] org.hibernate.dialect.Dialect.checkVersion HHH000511: The 5.6.17 version for [org.hibernate.dialect.MySQLDialect] is no longer supported, hence certain features may not work properly. The minimum supported version is 5.7.0. Check the community dialects project for available legacy versions.
23-Aug-2026 16:39:15.536 INFO [http-nio-8080-exec-5] org.hibernate.bytecode.internal.BytecodeProviderInitiator.buildBytecodeProvider HHH000021: Bytecode provider name : bytebuddy
23-Aug-2026 16:39:15.746 INFO [http-nio-8080-exec-5] org.hibernate.engine.transaction.jta.platform.internal.JtaPlatformInitiator.initiateService HHH000490: Using JtaPlatform implementation: [org.hibernate.engine.transaction.jta.platform.internal.NoJtaPlatform]
23-Aug-2026 16:39:15.747 INFO [http-nio-8080-exec-5] org.hibernate.resource.transaction.backend.jdbc.internal.DdlTransactionIsolatorNonJtaImpl.getIsolatedConnection HHH10001501: Connection obtained from JdbcConnectionAccess [org.hibernate.engine.jdbc.env.internal.JdbcEnvironmentInitiator$ConnectionProviderJdbcConnectionAccess@2cd5271e] for (non-JTA) DDL execution was not in auto-commit mode; the Connection 'local transaction' will be committed and the Connection will be set into auto-commit mode.
23-Aug-2026 16:39:38.195 INFO [http-nio-8080-exec-7] org.hibernate.jpa.internal.util.LogHelper.logPersistenceUnitInformation HHH000204: Processing PersistenceUnitInfo [name: glycemiePU]
23-Aug-2026 16:39:38.337 WARN [http-nio-8080-exec-7] org.hibernate.engine.jdbc.connections.internal.DriverManagerConnectionProviderImpl.configure HHH10001002: Using built-in connection pool (not intended for production use)
23-Aug-2026 16:39:38.338 INFO [http-nio-8080-exec-7] org.hibernate.engine.jdbc.connections.internal.DriverManagerConnectionProviderImpl.buildCreator HHH10001005: Loaded JDBC driver class: com.mysql.cj.jdbc.Driver
23-Aug-2026 16:39:38.339 INFO [http-nio-8080-exec-7] org.hibernate.engine.jdbc.connections.internal.DriverManagerConnectionProviderImpl.buildCreator HHH10001012: Connecting with JDBC URL [jdbc:mysql://localhost:3306/suivi_glycemie_db?useSSL=false&serverTimezone=UTC]
23-Aug-2026 16:39:38.339 INFO [http-nio-8080-exec-7] org.hibernate.engine.jdbc.connections.internal.DriverManagerConnectionProviderImpl.buildCreator HHH10001001: Connection properties: {password=****, user=root}
23-Aug-2026 16:39:38.340 INFO [http-nio-8080-exec-7] org.hibernate.engine.jdbc.connections.internal.DriverManagerConnectionProviderImpl.buildCreator HHH10001003: Autocommit mode: false
23-Aug-2026 16:39:38.340 INFO [http-nio-8080-exec-7] org.hibernate.engine.jdbc.connections.internal.DriverManagerConnectionProviderImpl$PooledConnections.<init> HHH10001115: Connection pool size: 20 (min=1)
23-Aug-2026 16:39:38.352 WARN [http-nio-8080-exec-7] org.hibernate.dialect.Dialect.checkVersion HHH000511: The 5.6.17 version for [org.hibernate.dialect.MySQLDialect] is no longer supported, hence certain features may not work properly. The minimum supported version is 5.7.0. Check the community dialects project for available legacy versions.
23-Aug-2026 16:39:38.426 INFO [http-nio-8080-exec-7] org.hibernate.bytecode.internal.BytecodeProviderInitiator.buildBytecodeProvider HHH000021: Bytecode provider name : bytebuddy
23-Aug-2026 16:39:38.603 INFO [http-nio-8080-exec-7] org.hibernate.engine.transaction.jta.platform.internal.JtaPlatformInitiator.initiateService HHH000490: Using JtaPlatform implementation: [org.hibernate.engine.transaction.jta.platform.internal.NoJtaPlatform]
23-Aug-2026 16:39:38.605 INFO [http-nio-8080-exec-7] org.hibernate.resource.transaction.backend.jdbc.internal.DdlTransactionIsolatorNonJtaImpl.getIsolatedConnection HHH10001501: Connection obtained from JdbcConnectionAccess [org.hibernate.engine.jdbc.env.internal.JdbcEnvironmentInitiator$ConnectionProviderJdbcConnectionAccess@6d6c7e30] for (non-JTA) DDL execution was not in auto-commit mode; the Connection 'local transaction' will be committed and the Connection will be set into auto-commit mode.
23-Aug-2026 16:41:02.420 INFO [http-nio-8080-exec-9] org.hibernate.jpa.internal.util.LogHelper.logPersistenceUnitInformation HHH000204: Processing PersistenceUnitInfo [name: glycemiePU]
23-Aug-2026 16:41:02.570 WARN [http-nio-8080-exec-9] org.hibernate.engine.jdbc.connections.internal.DriverManagerConnectionProviderImpl.configure HHH10001002: Using built-in connection pool (not intended for production use)
23-Aug-2026 16:41:02.571 INFO [http-nio-8080-exec-9] org.hibernate.engine.jdbc.connections.internal.DriverManagerConnectionProviderImpl.buildCreator HHH10001005: Loaded JDBC driver class: com.mysql.cj.jdbc.Driver
23-Aug-2026 16:41:02.571 INFO [http-nio-8080-exec-9] org.hibernate.engine.jdbc.connections.internal.DriverManagerConnectionProviderImpl.buildCreator HHH10001012: Connecting with JDBC URL [jdbc:mysql://localhost:3306/suivi_glycemie_db?useSSL=false&serverTimezone=UTC]
23-Aug-2026 16:41:02.572 INFO [http-nio-8080-exec-9] org.hibernate.engine.jdbc.connections.internal.DriverManagerConnectionProviderImpl.buildCreator HHH10001001: Connection properties: {password=****, user=root}
23-Aug-2026 16:41:02.572 INFO [http-nio-8080-exec-9] org.hibernate.engine.jdbc.connections.internal.DriverManagerConnectionProviderImpl.buildCreator HHH10001003: Autocommit mode: false
23-Aug-2026 16:41:02.572 INFO [http-nio-8080-exec-9] org.hibernate.engine.jdbc.connections.internal.DriverManagerConnectionProviderImpl$PooledConnections.<init> HHH10001115: Connection pool size: 20 (min=1)
23-Aug-2026 16:41:02.587 WARN [http-nio-8080-exec-9] org.hibernate.dialect.Dialect.checkVersion HHH000511: The 5.6.17 version for [org.hibernate.dialect.MySQLDialect] is no longer supported, hence certain features may not work properly. The minimum supported version is 5.7.0. Check the community dialects project for available legacy versions.
23-Aug-2026 16:41:02.639 INFO [http-nio-8080-exec-9] org.hibernate.bytecode.internal.BytecodeProviderInitiator.buildBytecodeProvider HHH000021: Bytecode provider name : bytebuddy
23-Aug-2026 16:41:02.824 INFO [http-nio-8080-exec-9] org.hibernate.engine.transaction.jta.platform.internal.JtaPlatformInitiator.initiateService HHH000490: Using JtaPlatform implementation: [org.hibernate.engine.transaction.jta.platform.internal.NoJtaPlatform]
23-Aug-2026 16:41:02.826 INFO [http-nio-8080-exec-9] org.hibernate.resource.transaction.backend.jdbc.internal.DdlTransactionIsolatorNonJtaImpl.getIsolatedConnection HHH10001501: Connection obtained from JdbcConnectionAccess [org.hibernate.engine.jdbc.env.internal.JdbcEnvironmentInitiator$ConnectionProviderJdbcConnectionAccess@eff208a] for (non-JTA) DDL execution was not in auto-commit mode; the Connection 'local transaction' will be committed and the Connection will be set into auto-commit mode.
23-Aug-2026 16:41:22.056 INFO [http-nio-8080-exec-1] org.hibernate.jpa.internal.util.LogHelper.logPersistenceUnitInformation HHH000204: Processing PersistenceUnitInfo [name: glycemiePU]
23-Aug-2026 16:41:22.183 WARN [http-nio-8080-exec-1] org.hibernate.engine.jdbc.connections.internal.DriverManagerConnectionProviderImpl.configure HHH10001002: Using built-in connection pool (not intended for production use)
23-Aug-2026 16:41:22.184 INFO [http-nio-8080-exec-1] org.hibernate.engine.jdbc.connections.internal.DriverManagerConnectionProviderImpl.buildCreator HHH10001005: Loaded JDBC driver class: com.mysql.cj.jdbc.Driver
23-Aug-2026 16:41:22.184 INFO [http-nio-8080-exec-1] org.hibernate.engine.jdbc.connections.internal.DriverManagerConnectionProviderImpl.buildCreator HHH10001012: Connecting with JDBC URL [jdbc:mysql://localhost:3306/suivi_glycemie_db?useSSL=false&serverTimezone=UTC]
23-Aug-2026 16:41:22.185 INFO [http-nio-8080-exec-1] org.hibernate.engine.jdbc.connections.internal.DriverManagerConnectionProviderImpl.buildCreator HHH10001001: Connection properties: {password=****, user=root}
23-Aug-2026 16:41:22.185 INFO [http-nio-8080-exec-1] org.hibernate.engine.jdbc.connections.internal.DriverManagerConnectionProviderImpl.buildCreator HHH10001003: Autocommit mode: false
23-Aug-2026 16:41:22.185 INFO [http-nio-8080-exec-1] org.hibernate.engine.jdbc.connections.internal.DriverManagerConnectionProviderImpl$PooledConnections.<init> HHH10001115: Connection pool size: 20 (min=1)
23-Aug-2026 16:41:22.194 WARN [http-nio-8080-exec-1] org.hibernate.dialect.Dialect.checkVersion HHH000511: The 5.6.17 version for [org.hibernate.dialect.MySQLDialect] is no longer supported, hence certain features may not work properly. The minimum supported version is 5.7.0. Check the community dialects project for available legacy versions.
23-Aug-2026 16:41:22.233 INFO [http-nio-8080-exec-1] org.hibernate.bytecode.internal.BytecodeProviderInitiator.buildBytecodeProvider HHH000021: Bytecode provider name : bytebuddy
23-Aug-2026 16:41:22.368 INFO [http-nio-8080-exec-1] org.hibernate.engine.transaction.jta.platform.internal.JtaPlatformInitiator.initiateService HHH000490: Using JtaPlatform implementation: [org.hibernate.engine.transaction.jta.platform.internal.NoJtaPlatform]
23-Aug-2026 16:41:22.370 INFO [http-nio-8080-exec-1] org.hibernate.resource.transaction.backend.jdbc.internal.DdlTransactionIsolatorNonJtaImpl.getIsolatedConnection HHH10001501: Connection obtained from JdbcConnectionAccess [org.hibernate.engine.jdbc.env.internal.JdbcEnvironmentInitiator$ConnectionProviderJdbcConnectionAccess@83b0b17] for (non-JTA) DDL execution was not in auto-commit mode; the Connection 'local transaction' will be committed and the Connection will be set into auto-commit mode.
23-Aug-2026 16:42:20.851 INFOS [Thread-1] org.apache.coyote.AbstractProtocol.pause Le gestionnaire de protocole ["http-nio-8080"] est mis en pause
23-Aug-2026 16:42:20.874 INFOS [Thread-1] org.apache.catalina.core.StandardService.stopInternal Arrêt du service [Catalina]
23-Aug-2026 16:42:20.887 AVERTISSEMENT [Thread-1] org.apache.catalina.loader.WebappClassLoaderBase.clearReferencesJdbc L'application web [ROOT] a enregistré un pilote JDBC [com.mysql.cj.jdbc.Driver], mais ne l'a pas désenregistré avant l'arrêt de l'application.  Pour éviter une fuite de mémoire, le pilote JDBC a été désenregistré de force.
23-Aug-2026 16:42:20.888 AVERTISSEMENT [Thread-1] org.apache.catalina.loader.WebappClassLoaderBase.clearReferencesThreads L'application web [ROOT] semble avoir démarré un thread nommé [mysql-cj-abandoned-connection-cleanup] mais ne l'a pas arrêté, ce qui va probablement créer une fuite de mémoire ; la trace du thread est : 
 java.base/jdk.internal.misc.Unsafe.park(Native Method)
 java.base/java.util.concurrent.locks.LockSupport.parkNanos(LockSupport.java:269)
 java.base/java.util.concurrent.locks.AbstractQueuedSynchronizer$ConditionObject.await(AbstractQueuedSynchronizer.java:1886)
 java.base/java.lang.ref.ReferenceQueue.await(ReferenceQueue.java:71)
 java.base/java.lang.ref.ReferenceQueue.remove0(ReferenceQueue.java:143)
 java.base/java.lang.ref.ReferenceQueue.remove(ReferenceQueue.java:218)
 com.mysql.cj.jdbc.AbandonedConnectionCleanupThread.run(AbandonedConnectionCleanupThread.java:93)
 java.base/java.util.concurrent.ThreadPoolExecutor.runWorker(ThreadPoolExecutor.java:1144)
 java.base/java.util.concurrent.ThreadPoolExecutor$Worker.run(ThreadPoolExecutor.java:642)
 java.base/java.lang.Thread.run(Thread.java:1583)
23-Aug-2026 16:42:20.888 AVERTISSEMENT [Thread-1] org.apache.catalina.loader.WebappClassLoaderBase.clearReferencesThreads L'application web [ROOT] semble avoir démarré un thread nommé [Hibernate Connection Pool Validation Thread] mais ne l'a pas arrêté, ce qui va probablement créer une fuite de mémoire ; la trace du thread est : 
 java.base/jdk.internal.misc.Unsafe.park(Native Method)
 java.base/java.util.concurrent.locks.LockSupport.parkNanos(LockSupport.java:269)
 java.base/java.util.concurrent.locks.AbstractQueuedSynchronizer$ConditionObject.awaitNanos(AbstractQueuedSynchronizer.java:1797)
 java.base/java.util.concurrent.ScheduledThreadPoolExecutor$DelayedWorkQueue.take(ScheduledThreadPoolExecutor.java:1182)
 java.base/java.util.concurrent.ScheduledThreadPoolExecutor$DelayedWorkQueue.take(ScheduledThreadPoolExecutor.java:899)
 java.base/java.util.concurrent.ThreadPoolExecutor.getTask(ThreadPoolExecutor.java:1070)
 java.base/java.util.concurrent.ThreadPoolExecutor.runWorker(ThreadPoolExecutor.java:1130)
 java.base/java.util.concurrent.ThreadPoolExecutor$Worker.run(ThreadPoolExecutor.java:642)
 java.base/java.lang.Thread.run(Thread.java:1583)
23-Aug-2026 16:42:20.889 AVERTISSEMENT [Thread-1] org.apache.catalina.loader.WebappClassLoaderBase.clearReferencesThreads L'application web [ROOT] semble avoir démarré un thread nommé [Hibernate Connection Pool Validation Thread] mais ne l'a pas arrêté, ce qui va probablement créer une fuite de mémoire ; la trace du thread est : 
 java.base/jdk.internal.misc.Unsafe.park(Native Method)
 java.base/java.util.concurrent.locks.LockSupport.parkNanos(LockSupport.java:269)
 java.base/java.util.concurrent.locks.AbstractQueuedSynchronizer$ConditionObject.awaitNanos(AbstractQueuedSynchronizer.java:1797)
 java.base/java.util.concurrent.ScheduledThreadPoolExecutor$DelayedWorkQueue.take(ScheduledThreadPoolExecutor.java:1182)
 java.base/java.util.concurrent.ScheduledThreadPoolExecutor$DelayedWorkQueue.take(ScheduledThreadPoolExecutor.java:899)
 java.base/java.util.concurrent.ThreadPoolExecutor.getTask(ThreadPoolExecutor.java:1070)
 java.base/java.util.concurrent.ThreadPoolExecutor.runWorker(ThreadPoolExecutor.java:1130)
 java.base/java.util.concurrent.ThreadPoolExecutor$Worker.run(ThreadPoolExecutor.java:642)
 java.base/java.lang.Thread.run(Thread.java:1583)
23-Aug-2026 16:42:20.889 AVERTISSEMENT [Thread-1] org.apache.catalina.loader.WebappClassLoaderBase.clearReferencesThreads L'application web [ROOT] semble avoir démarré un thread nommé [Hibernate Connection Pool Validation Thread] mais ne l'a pas arrêté, ce qui va probablement créer une fuite de mémoire ; la trace du thread est : 
 java.base/jdk.internal.misc.Unsafe.park(Native Method)
 java.base/java.util.concurrent.locks.LockSupport.parkNanos(LockSupport.java:269)
 java.base/java.util.concurrent.locks.AbstractQueuedSynchronizer$ConditionObject.awaitNanos(AbstractQueuedSynchronizer.java:1797)
 java.base/java.util.concurrent.ScheduledThreadPoolExecutor$DelayedWorkQueue.take(ScheduledThreadPoolExecutor.java:1182)
 java.base/java.util.concurrent.ScheduledThreadPoolExecutor$DelayedWorkQueue.take(ScheduledThreadPoolExecutor.java:899)
 java.base/java.util.concurrent.ThreadPoolExecutor.getTask(ThreadPoolExecutor.java:1070)
 java.base/java.util.concurrent.ThreadPoolExecutor.runWorker(ThreadPoolExecutor.java:1130)
 java.base/java.util.concurrent.ThreadPoolExecutor$Worker.run(ThreadPoolExecutor.java:642)
 java.base/java.lang.Thread.run(Thread.java:1583)
23-Aug-2026 16:42:20.891 AVERTISSEMENT [Thread-1] org.apache.catalina.loader.WebappClassLoaderBase.clearReferencesThreads L'application web [ROOT] semble avoir démarré un thread nommé [Hibernate Connection Pool Validation Thread] mais ne l'a pas arrêté, ce qui va probablement créer une fuite de mémoire ; la trace du thread est : 
 java.base/jdk.internal.misc.Unsafe.park(Native Method)
 java.base/java.util.concurrent.locks.LockSupport.parkNanos(LockSupport.java:269)
 java.base/java.util.concurrent.locks.AbstractQueuedSynchronizer$ConditionObject.awaitNanos(AbstractQueuedSynchronizer.java:1797)
 java.base/java.util.concurrent.ScheduledThreadPoolExecutor$DelayedWorkQueue.take(ScheduledThreadPoolExecutor.java:1182)
 java.base/java.util.concurrent.ScheduledThreadPoolExecutor$DelayedWorkQueue.take(ScheduledThreadPoolExecutor.java:899)
 java.base/java.util.concurrent.ThreadPoolExecutor.getTask(ThreadPoolExecutor.java:1070)
 java.base/java.util.concurrent.ThreadPoolExecutor.runWorker(ThreadPoolExecutor.java:1130)
 java.base/java.util.concurrent.ThreadPoolExecutor$Worker.run(ThreadPoolExecutor.java:642)
 java.base/java.lang.Thread.run(Thread.java:1583)
23-Aug-2026 16:42:20.891 AVERTISSEMENT [Thread-1] org.apache.catalina.loader.WebappClassLoaderBase.clearReferencesThreads L'application web [ROOT] semble avoir démarré un thread nommé [Hibernate Connection Pool Validation Thread] mais ne l'a pas arrêté, ce qui va probablement créer une fuite de mémoire ; la trace du thread est : 
 java.base/jdk.internal.misc.Unsafe.park(Native Method)
 java.base/java.util.concurrent.locks.LockSupport.parkNanos(LockSupport.java:269)
 java.base/java.util.concurrent.locks.AbstractQueuedSynchronizer$ConditionObject.awaitNanos(AbstractQueuedSynchronizer.java:1797)
 java.base/java.util.concurrent.ScheduledThreadPoolExecutor$DelayedWorkQueue.take(ScheduledThreadPoolExecutor.java:1182)
 java.base/java.util.concurrent.ScheduledThreadPoolExecutor$DelayedWorkQueue.take(ScheduledThreadPoolExecutor.java:899)
 java.base/java.util.concurrent.ThreadPoolExecutor.getTask(ThreadPoolExecutor.java:1070)
 java.base/java.util.concurrent.ThreadPoolExecutor.runWorker(ThreadPoolExecutor.java:1130)
 java.base/java.util.concurrent.ThreadPoolExecutor$Worker.run(ThreadPoolExecutor.java:642)
 java.base/java.lang.Thread.run(Thread.java:1583)
23-Aug-2026 16:42:20.912 INFOS [Thread-1] org.apache.coyote.AbstractProtocol.stop Arrêt du gestionnaire de protocole ["http-nio-8080"]
23-Aug-2026 16:42:20.933 INFOS [Thread-1] org.apache.coyote.AbstractProtocol.destroy Destruction du gestionnaire de protocole ["http-nio-8080"]
23-Aug-2026 16:43:27.147 INFOS [main] org.apache.catalina.startup.VersionLoggerListener.log Nom version serveur :              Apache Tomcat/10.1.42
23-Aug-2026 16:43:27.156 INFOS [main] org.apache.catalina.startup.VersionLoggerListener.log Serveur compilé :                  Jun 5 2025 22:35:46 UTC
23-Aug-2026 16:43:27.157 INFOS [main] org.apache.catalina.startup.VersionLoggerListener.log Version du serveur :               10.1.42.0
23-Aug-2026 16:43:27.157 INFOS [main] org.apache.catalina.startup.VersionLoggerListener.log Nom de l'OS :                      Windows 11
23-Aug-2026 16:43:27.157 INFOS [main] org.apache.catalina.startup.VersionLoggerListener.log Version OS :                       10.0
23-Aug-2026 16:43:27.157 INFOS [main] org.apache.catalina.startup.VersionLoggerListener.log Architecture :                     amd64
23-Aug-2026 16:43:27.158 INFOS [main] org.apache.catalina.startup.VersionLoggerListener.log Java Home :                        C:\Users\HP\.jdks\jbrsdk_jcef-21.0.9
23-Aug-2026 16:43:27.158 INFOS [main] org.apache.catalina.startup.VersionLoggerListener.log Version JVM :                      21.0.9+1-b1038.75
23-Aug-2026 16:43:27.158 INFOS [main] org.apache.catalina.startup.VersionLoggerListener.log Fournisseur de la JVM :            JetBrains s.r.o.
23-Aug-2026 16:43:27.159 INFOS [main] org.apache.catalina.startup.VersionLoggerListener.log CATALINA_BASE :                    C:\Users\HP\Desktop\samasuker\.smarttomcat
23-Aug-2026 16:43:27.159 INFOS [main] org.apache.catalina.startup.VersionLoggerListener.log CATALINA_HOME :                    C:\Users\HP\Desktop\apache-tomcat-10.1.42
23-Aug-2026 16:43:27.180 INFOS [main] org.apache.catalina.startup.VersionLoggerListener.log Argument de la ligne de commande : --add-opens=java.base/java.lang=ALL-UNNAMED
23-Aug-2026 16:43:27.181 INFOS [main] org.apache.catalina.startup.VersionLoggerListener.log Argument de la ligne de commande : --add-opens=java.base/java.io=ALL-UNNAMED
23-Aug-2026 16:43:27.181 INFOS [main] org.apache.catalina.startup.VersionLoggerListener.log Argument de la ligne de commande : --add-opens=java.base/java.util=ALL-UNNAMED
23-Aug-2026 16:43:27.181 INFOS [main] org.apache.catalina.startup.VersionLoggerListener.log Argument de la ligne de commande : --add-opens=java.base/java.util.concurrent=ALL-UNNAMED
23-Aug-2026 16:43:27.182 INFOS [main] org.apache.catalina.startup.VersionLoggerListener.log Argument de la ligne de commande : --add-opens=java.rmi/sun.rmi.transport=ALL-UNNAMED
23-Aug-2026 16:43:27.182 INFOS [main] org.apache.catalina.startup.VersionLoggerListener.log Argument de la ligne de commande : -Dcatalina.home=C:\Users\HP\Desktop\apache-tomcat-10.1.42
23-Aug-2026 16:43:27.182 INFOS [main] org.apache.catalina.startup.VersionLoggerListener.log Argument de la ligne de commande : -Dcatalina.base=C:\Users\HP\Desktop\samasuker\.smarttomcat
23-Aug-2026 16:43:27.182 INFOS [main] org.apache.catalina.startup.VersionLoggerListener.log Argument de la ligne de commande : -Djava.io.tmpdir=C:\Users\HP\Desktop\samasuker\.smarttomcat\temp
23-Aug-2026 16:43:27.182 INFOS [main] org.apache.catalina.startup.VersionLoggerListener.log Argument de la ligne de commande : -Djava.util.logging.config.file=C:\Users\HP\Desktop\samasuker\.smarttomcat\conf\logging.properties
23-Aug-2026 16:43:27.182 INFOS [main] org.apache.catalina.startup.VersionLoggerListener.log Argument de la ligne de commande : -Djava.util.logging.manager=org.apache.juli.ClassLoaderLogManager
23-Aug-2026 16:43:27.183 INFOS [main] org.apache.catalina.startup.VersionLoggerListener.log Argument de la ligne de commande : -javaagent:C:\Program Files\JetBrains\IntelliJ IDEA 2025.2.2\lib\idea_rt.jar=52528
23-Aug-2026 16:43:27.183 INFOS [main] org.apache.catalina.startup.VersionLoggerListener.log Argument de la ligne de commande : -Dfile.encoding=UTF-8
23-Aug-2026 16:43:27.183 INFOS [main] org.apache.catalina.startup.VersionLoggerListener.log Argument de la ligne de commande : -Dsun.stdout.encoding=UTF-8
23-Aug-2026 16:43:27.184 INFOS [main] org.apache.catalina.startup.VersionLoggerListener.log Argument de la ligne de commande : -Dsun.stderr.encoding=UTF-8
23-Aug-2026 16:43:27.191 INFOS [main] org.apache.catalina.core.AprLifecycleListener.lifecycleEvent Chargement de la librairie Apache Tomcat Native [2.0.9] en utilisant APR version [1.7.6]
23-Aug-2026 16:43:27.202 INFOS [main] org.apache.catalina.core.AprLifecycleListener.initializeSSL OpenSSL a été initialisé avec succès [OpenSSL 3.5.0 8 Apr 2025]
23-Aug-2026 16:43:27.797 INFOS [main] org.apache.coyote.AbstractProtocol.init Initialisation du gestionnaire de protocole ["http-nio-8080"]
23-Aug-2026 16:43:27.830 INFOS [main] org.apache.catalina.startup.Catalina.load L'initialisation du serveur a pris [1185] millisecondes
23-Aug-2026 16:43:27.922 INFOS [main] org.apache.catalina.core.StandardService.startInternal Démarrage du service [Catalina]
23-Aug-2026 16:43:27.923 INFOS [main] org.apache.catalina.core.StandardEngine.startInternal Démarrage du moteur de Servlets : [Apache Tomcat/10.1.42]
23-Aug-2026 16:43:27.940 INFOS [main] org.apache.catalina.startup.HostConfig.deployDescriptor Déploiement du descripteur de configuration [C:\Users\HP\Desktop\samasuker\.smarttomcat\conf\Catalina\localhost\MDD.xml]
23-Aug-2026 16:43:34.717 INFOS [main] org.apache.jasper.servlet.TldScanner.scanJars Au moins un fichier JAR a été analysé pour trouver des TLDs mais il n'en contenait pas, le mode "debug" du journal peut être activé pour obtenir une liste complète de JAR scannés sans succès ; éviter d'analyser des JARs inutilement peut améliorer sensiblement le temps de démarrage et le temps de compilation des JSPs
23-Aug-2026 16:43:34.973 INFOS [main] org.apache.catalina.startup.HostConfig.deployDescriptor Le traitement du descripteur de déploiement [C:\Users\HP\Desktop\samasuker\.smarttomcat\conf\Catalina\localhost\MDD.xml] a pris [7 025] ms
23-Aug-2026 16:43:34.974 INFOS [main] org.apache.catalina.startup.HostConfig.deployDescriptor Déploiement du descripteur de configuration [C:\Users\HP\Desktop\samasuker\.smarttomcat\conf\Catalina\localhost\ROOT.xml]
23-Aug-2026 16:43:41.405 INFOS [main] org.apache.jasper.servlet.TldScanner.scanJars Au moins un fichier JAR a été analysé pour trouver des TLDs mais il n'en contenait pas, le mode "debug" du journal peut être activé pour obtenir une liste complète de JAR scannés sans succès ; éviter d'analyser des JARs inutilement peut améliorer sensiblement le temps de démarrage et le temps de compilation des JSPs
23-Aug-2026 16:43:41.541 INFOS [main] org.apache.catalina.startup.HostConfig.deployDescriptor Le traitement du descripteur de déploiement [C:\Users\HP\Desktop\samasuker\.smarttomcat\conf\Catalina\localhost\ROOT.xml] a pris [6 567] ms
23-Aug-2026 16:43:41.610 INFOS [main] org.apache.coyote.AbstractProtocol.start Démarrage du gestionnaire de protocole ["http-nio-8080"]
23-Aug-2026 16:43:41.824 INFOS [main] org.apache.catalina.startup.Catalina.start Le démarrage du serveur a pris [13993] millisecondes
23-Aug-2026 16:44:15.086 INFO [http-nio-8080-exec-7] org.hibernate.jpa.internal.util.LogHelper.logPersistenceUnitInformation HHH000204: Processing PersistenceUnitInfo [name: glycemiePU]
23-Aug-2026 16:44:15.580 INFO [http-nio-8080-exec-7] org.hibernate.Version.logVersion HHH000412: Hibernate ORM core version 6.2.7.Final
23-Aug-2026 16:44:15.588 INFO [http-nio-8080-exec-7] org.hibernate.cfg.Environment.<clinit> HHH000406: Using bytecode reflection optimizer
23-Aug-2026 16:44:17.324 WARN [http-nio-8080-exec-7] org.hibernate.engine.jdbc.connections.internal.DriverManagerConnectionProviderImpl.configure HHH10001002: Using built-in connection pool (not intended for production use)
23-Aug-2026 16:44:17.357 INFO [http-nio-8080-exec-7] org.hibernate.engine.jdbc.connections.internal.DriverManagerConnectionProviderImpl.buildCreator HHH10001005: Loaded JDBC driver class: com.mysql.cj.jdbc.Driver
23-Aug-2026 16:44:17.357 INFO [http-nio-8080-exec-7] org.hibernate.engine.jdbc.connections.internal.DriverManagerConnectionProviderImpl.buildCreator HHH10001012: Connecting with JDBC URL [jdbc:mysql://localhost:3306/suivi_glycemie_db?useSSL=false&serverTimezone=UTC]
23-Aug-2026 16:44:17.364 INFO [http-nio-8080-exec-7] org.hibernate.engine.jdbc.connections.internal.DriverManagerConnectionProviderImpl.buildCreator HHH10001001: Connection properties: {password=****, user=root}
23-Aug-2026 16:44:17.364 INFO [http-nio-8080-exec-7] org.hibernate.engine.jdbc.connections.internal.DriverManagerConnectionProviderImpl.buildCreator HHH10001003: Autocommit mode: false
23-Aug-2026 16:44:17.394 INFO [http-nio-8080-exec-7] org.hibernate.engine.jdbc.connections.internal.DriverManagerConnectionProviderImpl$PooledConnections.<init> HHH10001115: Connection pool size: 20 (min=1)
23-Aug-2026 16:44:18.808 WARN [http-nio-8080-exec-7] org.hibernate.dialect.Dialect.checkVersion HHH000511: The 5.6.17 version for [org.hibernate.dialect.MySQLDialect] is no longer supported, hence certain features may not work properly. The minimum supported version is 5.7.0. Check the community dialects project for available legacy versions.
23-Aug-2026 16:44:21.021 INFO [http-nio-8080-exec-7] org.hibernate.bytecode.internal.BytecodeProviderInitiator.buildBytecodeProvider HHH000021: Bytecode provider name : bytebuddy
23-Aug-2026 16:44:26.452 INFO [http-nio-8080-exec-7] org.hibernate.engine.transaction.jta.platform.internal.JtaPlatformInitiator.initiateService HHH000490: Using JtaPlatform implementation: [org.hibernate.engine.transaction.jta.platform.internal.NoJtaPlatform]
23-Aug-2026 16:44:26.735 INFO [http-nio-8080-exec-7] org.hibernate.resource.transaction.backend.jdbc.internal.DdlTransactionIsolatorNonJtaImpl.getIsolatedConnection HHH10001501: Connection obtained from JdbcConnectionAccess [org.hibernate.engine.jdbc.env.internal.JdbcEnvironmentInitiator$ConnectionProviderJdbcConnectionAccess@12400436] for (non-JTA) DDL execution was not in auto-commit mode; the Connection 'local transaction' will be committed and the Connection will be set into auto-commit mode.
23-Aug-2026 16:44:29.382 INFO [http-nio-8080-exec-5] org.hibernate.jpa.internal.util.LogHelper.logPersistenceUnitInformation HHH000204: Processing PersistenceUnitInfo [name: glycemiePU]
23-Aug-2026 16:44:29.457 WARN [http-nio-8080-exec-5] org.hibernate.engine.jdbc.connections.internal.DriverManagerConnectionProviderImpl.configure HHH10001002: Using built-in connection pool (not intended for production use)
23-Aug-2026 16:44:29.458 INFO [http-nio-8080-exec-5] org.hibernate.engine.jdbc.connections.internal.DriverManagerConnectionProviderImpl.buildCreator HHH10001005: Loaded JDBC driver class: com.mysql.cj.jdbc.Driver
23-Aug-2026 16:44:29.458 INFO [http-nio-8080-exec-5] org.hibernate.engine.jdbc.connections.internal.DriverManagerConnectionProviderImpl.buildCreator HHH10001012: Connecting with JDBC URL [jdbc:mysql://localhost:3306/suivi_glycemie_db?useSSL=false&serverTimezone=UTC]
23-Aug-2026 16:44:29.458 INFO [http-nio-8080-exec-5] org.hibernate.engine.jdbc.connections.internal.DriverManagerConnectionProviderImpl.buildCreator HHH10001001: Connection properties: {password=****, user=root}
23-Aug-2026 16:44:29.458 INFO [http-nio-8080-exec-5] org.hibernate.engine.jdbc.connections.internal.DriverManagerConnectionProviderImpl.buildCreator HHH10001003: Autocommit mode: false
23-Aug-2026 16:44:29.458 INFO [http-nio-8080-exec-5] org.hibernate.engine.jdbc.connections.internal.DriverManagerConnectionProviderImpl$PooledConnections.<init> HHH10001115: Connection pool size: 20 (min=1)
23-Aug-2026 16:44:29.466 WARN [http-nio-8080-exec-5] org.hibernate.dialect.Dialect.checkVersion HHH000511: The 5.6.17 version for [org.hibernate.dialect.MySQLDialect] is no longer supported, hence certain features may not work properly. The minimum supported version is 5.7.0. Check the community dialects project for available legacy versions.
23-Aug-2026 16:44:29.497 INFO [http-nio-8080-exec-5] org.hibernate.bytecode.internal.BytecodeProviderInitiator.buildBytecodeProvider HHH000021: Bytecode provider name : bytebuddy
23-Aug-2026 16:44:29.640 INFO [http-nio-8080-exec-5] org.hibernate.engine.transaction.jta.platform.internal.JtaPlatformInitiator.initiateService HHH000490: Using JtaPlatform implementation: [org.hibernate.engine.transaction.jta.platform.internal.NoJtaPlatform]
23-Aug-2026 16:44:29.642 INFO [http-nio-8080-exec-5] org.hibernate.resource.transaction.backend.jdbc.internal.DdlTransactionIsolatorNonJtaImpl.getIsolatedConnection HHH10001501: Connection obtained from JdbcConnectionAccess [org.hibernate.engine.jdbc.env.internal.JdbcEnvironmentInitiator$ConnectionProviderJdbcConnectionAccess@31b9eae5] for (non-JTA) DDL execution was not in auto-commit mode; the Connection 'local transaction' will be committed and the Connection will be set into auto-commit mode.
23-Aug-2026 16:44:39.568 INFO [http-nio-8080-exec-8] org.hibernate.jpa.internal.util.LogHelper.logPersistenceUnitInformation HHH000204: Processing PersistenceUnitInfo [name: glycemiePU]
23-Aug-2026 16:44:39.708 WARN [http-nio-8080-exec-8] org.hibernate.engine.jdbc.connections.internal.DriverManagerConnectionProviderImpl.configure HHH10001002: Using built-in connection pool (not intended for production use)
23-Aug-2026 16:44:39.708 INFO [http-nio-8080-exec-8] org.hibernate.engine.jdbc.connections.internal.DriverManagerConnectionProviderImpl.buildCreator HHH10001005: Loaded JDBC driver class: com.mysql.cj.jdbc.Driver
23-Aug-2026 16:44:39.708 INFO [http-nio-8080-exec-8] org.hibernate.engine.jdbc.connections.internal.DriverManagerConnectionProviderImpl.buildCreator HHH10001012: Connecting with JDBC URL [jdbc:mysql://localhost:3306/suivi_glycemie_db?useSSL=false&serverTimezone=UTC]
23-Aug-2026 16:44:39.708 INFO [http-nio-8080-exec-8] org.hibernate.engine.jdbc.connections.internal.DriverManagerConnectionProviderImpl.buildCreator HHH10001001: Connection properties: {password=****, user=root}
23-Aug-2026 16:44:39.708 INFO [http-nio-8080-exec-8] org.hibernate.engine.jdbc.connections.internal.DriverManagerConnectionProviderImpl.buildCreator HHH10001003: Autocommit mode: false
23-Aug-2026 16:44:39.708 INFO [http-nio-8080-exec-8] org.hibernate.engine.jdbc.connections.internal.DriverManagerConnectionProviderImpl$PooledConnections.<init> HHH10001115: Connection pool size: 20 (min=1)
23-Aug-2026 16:44:39.723 WARN [http-nio-8080-exec-8] org.hibernate.dialect.Dialect.checkVersion HHH000511: The 5.6.17 version for [org.hibernate.dialect.MySQLDialect] is no longer supported, hence certain features may not work properly. The minimum supported version is 5.7.0. Check the community dialects project for available legacy versions.
23-Aug-2026 16:44:39.772 INFO [http-nio-8080-exec-8] org.hibernate.bytecode.internal.BytecodeProviderInitiator.buildBytecodeProvider HHH000021: Bytecode provider name : bytebuddy
23-Aug-2026 16:44:39.880 INFO [http-nio-8080-exec-8] org.hibernate.engine.transaction.jta.platform.internal.JtaPlatformInitiator.initiateService HHH000490: Using JtaPlatform implementation: [org.hibernate.engine.transaction.jta.platform.internal.NoJtaPlatform]
23-Aug-2026 16:44:39.885 INFO [http-nio-8080-exec-8] org.hibernate.resource.transaction.backend.jdbc.internal.DdlTransactionIsolatorNonJtaImpl.getIsolatedConnection HHH10001501: Connection obtained from JdbcConnectionAccess [org.hibernate.engine.jdbc.env.internal.JdbcEnvironmentInitiator$ConnectionProviderJdbcConnectionAccess@2daa1cf8] for (non-JTA) DDL execution was not in auto-commit mode; the Connection 'local transaction' will be committed and the Connection will be set into auto-commit mode.
23-Aug-2026 16:46:19.126 INFOS [Thread-1] org.apache.coyote.AbstractProtocol.pause Le gestionnaire de protocole ["http-nio-8080"] est mis en pause
23-Aug-2026 16:46:19.151 INFOS [Thread-1] org.apache.catalina.core.StandardService.stopInternal Arrêt du service [Catalina]
23-Aug-2026 16:46:19.178 AVERTISSEMENT [Thread-1] org.apache.catalina.loader.WebappClassLoaderBase.clearReferencesJdbc L'application web [ROOT] a enregistré un pilote JDBC [com.mysql.cj.jdbc.Driver], mais ne l'a pas désenregistré avant l'arrêt de l'application.  Pour éviter une fuite de mémoire, le pilote JDBC a été désenregistré de force.
23-Aug-2026 16:46:19.179 AVERTISSEMENT [Thread-1] org.apache.catalina.loader.WebappClassLoaderBase.clearReferencesThreads L'application web [ROOT] semble avoir démarré un thread nommé [mysql-cj-abandoned-connection-cleanup] mais ne l'a pas arrêté, ce qui va probablement créer une fuite de mémoire ; la trace du thread est : 
 java.base/jdk.internal.misc.Unsafe.park(Native Method)
 java.base/java.util.concurrent.locks.LockSupport.parkNanos(LockSupport.java:269)
 java.base/java.util.concurrent.locks.AbstractQueuedSynchronizer$ConditionObject.await(AbstractQueuedSynchronizer.java:1886)
 java.base/java.lang.ref.ReferenceQueue.await(ReferenceQueue.java:71)
 java.base/java.lang.ref.ReferenceQueue.remove0(ReferenceQueue.java:143)
 java.base/java.lang.ref.ReferenceQueue.remove(ReferenceQueue.java:218)
 com.mysql.cj.jdbc.AbandonedConnectionCleanupThread.run(AbandonedConnectionCleanupThread.java:93)
 java.base/java.util.concurrent.ThreadPoolExecutor.runWorker(ThreadPoolExecutor.java:1144)
 java.base/java.util.concurrent.ThreadPoolExecutor$Worker.run(ThreadPoolExecutor.java:642)
 java.base/java.lang.Thread.run(Thread.java:1583)
23-Aug-2026 16:46:19.179 AVERTISSEMENT [Thread-1] org.apache.catalina.loader.WebappClassLoaderBase.clearReferencesThreads L'application web [ROOT] semble avoir démarré un thread nommé [Hibernate Connection Pool Validation Thread] mais ne l'a pas arrêté, ce qui va probablement créer une fuite de mémoire ; la trace du thread est : 
 java.base/jdk.internal.misc.Unsafe.park(Native Method)
 java.base/java.util.concurrent.locks.LockSupport.parkNanos(LockSupport.java:269)
 java.base/java.util.concurrent.locks.AbstractQueuedSynchronizer$ConditionObject.awaitNanos(AbstractQueuedSynchronizer.java:1797)
 java.base/java.util.concurrent.ScheduledThreadPoolExecutor$DelayedWorkQueue.take(ScheduledThreadPoolExecutor.java:1182)
 java.base/java.util.concurrent.ScheduledThreadPoolExecutor$DelayedWorkQueue.take(ScheduledThreadPoolExecutor.java:899)
 java.base/java.util.concurrent.ThreadPoolExecutor.getTask(ThreadPoolExecutor.java:1070)
 java.base/java.util.concurrent.ThreadPoolExecutor.runWorker(ThreadPoolExecutor.java:1130)
 java.base/java.util.concurrent.ThreadPoolExecutor$Worker.run(ThreadPoolExecutor.java:642)
 java.base/java.lang.Thread.run(Thread.java:1583)
23-Aug-2026 16:46:19.179 AVERTISSEMENT [Thread-1] org.apache.catalina.loader.WebappClassLoaderBase.clearReferencesThreads L'application web [ROOT] semble avoir démarré un thread nommé [Hibernate Connection Pool Validation Thread] mais ne l'a pas arrêté, ce qui va probablement créer une fuite de mémoire ; la trace du thread est : 
 java.base/jdk.internal.misc.Unsafe.park(Native Method)
 java.base/java.util.concurrent.locks.LockSupport.parkNanos(LockSupport.java:269)
 java.base/java.util.concurrent.locks.AbstractQueuedSynchronizer$ConditionObject.awaitNanos(AbstractQueuedSynchronizer.java:1797)
 java.base/java.util.concurrent.ScheduledThreadPoolExecutor$DelayedWorkQueue.take(ScheduledThreadPoolExecutor.java:1182)
 java.base/java.util.concurrent.ScheduledThreadPoolExecutor$DelayedWorkQueue.take(ScheduledThreadPoolExecutor.java:899)
 java.base/java.util.concurrent.ThreadPoolExecutor.getTask(ThreadPoolExecutor.java:1070)
 java.base/java.util.concurrent.ThreadPoolExecutor.runWorker(ThreadPoolExecutor.java:1130)
 java.base/java.util.concurrent.ThreadPoolExecutor$Worker.run(ThreadPoolExecutor.java:642)
 java.base/java.lang.Thread.run(Thread.java:1583)
23-Aug-2026 16:46:19.179 AVERTISSEMENT [Thread-1] org.apache.catalina.loader.WebappClassLoaderBase.clearReferencesThreads L'application web [ROOT] semble avoir démarré un thread nommé [Hibernate Connection Pool Validation Thread] mais ne l'a pas arrêté, ce qui va probablement créer une fuite de mémoire ; la trace du thread est : 
 java.base/jdk.internal.misc.Unsafe.park(Native Method)
 java.base/java.util.concurrent.locks.LockSupport.parkNanos(LockSupport.java:269)
 java.base/java.util.concurrent.locks.AbstractQueuedSynchronizer$ConditionObject.awaitNanos(AbstractQueuedSynchronizer.java:1797)
 java.base/java.util.concurrent.ScheduledThreadPoolExecutor$DelayedWorkQueue.take(ScheduledThreadPoolExecutor.java:1182)
 java.base/java.util.concurrent.ScheduledThreadPoolExecutor$DelayedWorkQueue.take(ScheduledThreadPoolExecutor.java:899)
 java.base/java.util.concurrent.ThreadPoolExecutor.getTask(ThreadPoolExecutor.java:1070)
 java.base/java.util.concurrent.ThreadPoolExecutor.runWorker(ThreadPoolExecutor.java:1130)
 java.base/java.util.concurrent.ThreadPoolExecutor$Worker.run(ThreadPoolExecutor.java:642)
 java.base/java.lang.Thread.run(Thread.java:1583)
23-Aug-2026 16:46:19.219 INFOS [Thread-1] org.apache.coyote.AbstractProtocol.stop Arrêt du gestionnaire de protocole ["http-nio-8080"]
23-Aug-2026 16:46:19.235 INFOS [Thread-1] org.apache.coyote.AbstractProtocol.destroy Destruction du gestionnaire de protocole ["http-nio-8080"]
23-Aug-2026 16:46:22.219 INFOS [main] org.apache.catalina.startup.VersionLoggerListener.log Nom version serveur :              Apache Tomcat/10.1.42
23-Aug-2026 16:46:22.226 INFOS [main] org.apache.catalina.startup.VersionLoggerListener.log Serveur compilé :                  Jun 5 2025 22:35:46 UTC
23-Aug-2026 16:46:22.226 INFOS [main] org.apache.catalina.startup.VersionLoggerListener.log Version du serveur :               10.1.42.0
23-Aug-2026 16:46:22.226 INFOS [main] org.apache.catalina.startup.VersionLoggerListener.log Nom de l'OS :                      Windows 11
23-Aug-2026 16:46:22.226 INFOS [main] org.apache.catalina.startup.VersionLoggerListener.log Version OS :                       10.0
23-Aug-2026 16:46:22.227 INFOS [main] org.apache.catalina.startup.VersionLoggerListener.log Architecture :                     amd64
23-Aug-2026 16:46:22.227 INFOS [main] org.apache.catalina.startup.VersionLoggerListener.log Java Home :                        C:\Users\HP\.jdks\jbrsdk_jcef-21.0.9
23-Aug-2026 16:46:22.227 INFOS [main] org.apache.catalina.startup.VersionLoggerListener.log Version JVM :                      21.0.9+1-b1038.75
23-Aug-2026 16:46:22.227 INFOS [main] org.apache.catalina.startup.VersionLoggerListener.log Fournisseur de la JVM :            JetBrains s.r.o.
23-Aug-2026 16:46:22.227 INFOS [main] org.apache.catalina.startup.VersionLoggerListener.log CATALINA_BASE :                    C:\Users\HP\Desktop\samasuker\.smarttomcat
23-Aug-2026 16:46:22.227 INFOS [main] org.apache.catalina.startup.VersionLoggerListener.log CATALINA_HOME :                    C:\Users\HP\Desktop\apache-tomcat-10.1.42
23-Aug-2026 16:46:22.248 INFOS [main] org.apache.catalina.startup.VersionLoggerListener.log Argument de la ligne de commande : --add-opens=java.base/java.lang=ALL-UNNAMED
23-Aug-2026 16:46:22.249 INFOS [main] org.apache.catalina.startup.VersionLoggerListener.log Argument de la ligne de commande : --add-opens=java.base/java.io=ALL-UNNAMED
23-Aug-2026 16:46:22.249 INFOS [main] org.apache.catalina.startup.VersionLoggerListener.log Argument de la ligne de commande : --add-opens=java.base/java.util=ALL-UNNAMED
23-Aug-2026 16:46:22.249 INFOS [main] org.apache.catalina.startup.VersionLoggerListener.log Argument de la ligne de commande : --add-opens=java.base/java.util.concurrent=ALL-UNNAMED
23-Aug-2026 16:46:22.249 INFOS [main] org.apache.catalina.startup.VersionLoggerListener.log Argument de la ligne de commande : --add-opens=java.rmi/sun.rmi.transport=ALL-UNNAMED
23-Aug-2026 16:46:22.249 INFOS [main] org.apache.catalina.startup.VersionLoggerListener.log Argument de la ligne de commande : -Dcatalina.home=C:\Users\HP\Desktop\apache-tomcat-10.1.42
23-Aug-2026 16:46:22.249 INFOS [main] org.apache.catalina.startup.VersionLoggerListener.log Argument de la ligne de commande : -Dcatalina.base=C:\Users\HP\Desktop\samasuker\.smarttomcat
23-Aug-2026 16:46:22.249 INFOS [main] org.apache.catalina.startup.VersionLoggerListener.log Argument de la ligne de commande : -Djava.io.tmpdir=C:\Users\HP\Desktop\samasuker\.smarttomcat\temp
23-Aug-2026 16:46:22.250 INFOS [main] org.apache.catalina.startup.VersionLoggerListener.log Argument de la ligne de commande : -Djava.util.logging.config.file=C:\Users\HP\Desktop\samasuker\.smarttomcat\conf\logging.properties
23-Aug-2026 16:46:22.250 INFOS [main] org.apache.catalina.startup.VersionLoggerListener.log Argument de la ligne de commande : -Djava.util.logging.manager=org.apache.juli.ClassLoaderLogManager
23-Aug-2026 16:46:22.250 INFOS [main] org.apache.catalina.startup.VersionLoggerListener.log Argument de la ligne de commande : -javaagent:C:\Program Files\JetBrains\IntelliJ IDEA 2025.2.2\lib\idea_rt.jar=65153
23-Aug-2026 16:46:22.250 INFOS [main] org.apache.catalina.startup.VersionLoggerListener.log Argument de la ligne de commande : -Dfile.encoding=UTF-8
23-Aug-2026 16:46:22.250 INFOS [main] org.apache.catalina.startup.VersionLoggerListener.log Argument de la ligne de commande : -Dsun.stdout.encoding=UTF-8
23-Aug-2026 16:46:22.250 INFOS [main] org.apache.catalina.startup.VersionLoggerListener.log Argument de la ligne de commande : -Dsun.stderr.encoding=UTF-8
23-Aug-2026 16:46:22.257 INFOS [main] org.apache.catalina.core.AprLifecycleListener.lifecycleEvent Chargement de la librairie Apache Tomcat Native [2.0.9] en utilisant APR version [1.7.6]
23-Aug-2026 16:46:22.269 INFOS [main] org.apache.catalina.core.AprLifecycleListener.initializeSSL OpenSSL a été initialisé avec succès [OpenSSL 3.5.0 8 Apr 2025]
23-Aug-2026 16:46:22.922 INFOS [main] org.apache.coyote.AbstractProtocol.init Initialisation du gestionnaire de protocole ["http-nio-8080"]
23-Aug-2026 16:46:22.960 INFOS [main] org.apache.catalina.startup.Catalina.load L'initialisation du serveur a pris [1216] millisecondes
23-Aug-2026 16:46:23.099 INFOS [main] org.apache.catalina.core.StandardService.startInternal Démarrage du service [Catalina]
23-Aug-2026 16:46:23.099 INFOS [main] org.apache.catalina.core.StandardEngine.startInternal Démarrage du moteur de Servlets : [Apache Tomcat/10.1.42]
23-Aug-2026 16:46:23.127 INFOS [main] org.apache.catalina.startup.HostConfig.deployDescriptor Déploiement du descripteur de configuration [C:\Users\HP\Desktop\samasuker\.smarttomcat\conf\Catalina\localhost\MDD.xml]
23-Aug-2026 16:46:29.667 INFOS [main] org.apache.jasper.servlet.TldScanner.scanJars Au moins un fichier JAR a été analysé pour trouver des TLDs mais il n'en contenait pas, le mode "debug" du journal peut être activé pour obtenir une liste complète de JAR scannés sans succès ; éviter d'analyser des JARs inutilement peut améliorer sensiblement le temps de démarrage et le temps de compilation des JSPs
23-Aug-2026 16:46:29.927 INFOS [main] org.apache.catalina.startup.HostConfig.deployDescriptor Le traitement du descripteur de déploiement [C:\Users\HP\Desktop\samasuker\.smarttomcat\conf\Catalina\localhost\MDD.xml] a pris [6 791] ms
23-Aug-2026 16:46:29.928 INFOS [main] org.apache.catalina.startup.HostConfig.deployDescriptor Déploiement du descripteur de configuration [C:\Users\HP\Desktop\samasuker\.smarttomcat\conf\Catalina\localhost\ROOT.xml]
23-Aug-2026 16:46:35.006 INFOS [main] org.apache.jasper.servlet.TldScanner.scanJars Au moins un fichier JAR a été analysé pour trouver des TLDs mais il n'en contenait pas, le mode "debug" du journal peut être activé pour obtenir une liste complète de JAR scannés sans succès ; éviter d'analyser des JARs inutilement peut améliorer sensiblement le temps de démarrage et le temps de compilation des JSPs
23-Aug-2026 16:46:35.080 INFOS [main] org.apache.catalina.startup.HostConfig.deployDescriptor Le traitement du descripteur de déploiement [C:\Users\HP\Desktop\samasuker\.smarttomcat\conf\Catalina\localhost\ROOT.xml] a pris [5 153] ms
23-Aug-2026 16:46:35.087 INFOS [main] org.apache.coyote.AbstractProtocol.start Démarrage du gestionnaire de protocole ["http-nio-8080"]
23-Aug-2026 16:46:35.156 INFOS [main] org.apache.catalina.startup.Catalina.start Le démarrage du serveur a pris [12193] millisecondes
23-Aug-2026 16:46:56.090 INFO [http-nio-8080-exec-3] org.hibernate.jpa.internal.util.LogHelper.logPersistenceUnitInformation HHH000204: Processing PersistenceUnitInfo [name: glycemiePU]
23-Aug-2026 16:46:56.573 INFO [http-nio-8080-exec-3] org.hibernate.Version.logVersion HHH000412: Hibernate ORM core version 6.2.7.Final
23-Aug-2026 16:46:56.581 INFO [http-nio-8080-exec-3] org.hibernate.cfg.Environment.<clinit> HHH000406: Using bytecode reflection optimizer
23-Aug-2026 16:46:58.588 WARN [http-nio-8080-exec-3] org.hibernate.engine.jdbc.connections.internal.DriverManagerConnectionProviderImpl.configure HHH10001002: Using built-in connection pool (not intended for production use)
23-Aug-2026 16:46:58.612 INFO [http-nio-8080-exec-3] org.hibernate.engine.jdbc.connections.internal.DriverManagerConnectionProviderImpl.buildCreator HHH10001005: Loaded JDBC driver class: com.mysql.cj.jdbc.Driver
23-Aug-2026 16:46:58.612 INFO [http-nio-8080-exec-3] org.hibernate.engine.jdbc.connections.internal.DriverManagerConnectionProviderImpl.buildCreator HHH10001012: Connecting with JDBC URL [jdbc:mysql://localhost:3306/suivi_glycemie_db?useSSL=false&serverTimezone=UTC]
23-Aug-2026 16:46:58.613 INFO [http-nio-8080-exec-3] org.hibernate.engine.jdbc.connections.internal.DriverManagerConnectionProviderImpl.buildCreator HHH10001001: Connection properties: {password=****, user=root}
23-Aug-2026 16:46:58.613 INFO [http-nio-8080-exec-3] org.hibernate.engine.jdbc.connections.internal.DriverManagerConnectionProviderImpl.buildCreator HHH10001003: Autocommit mode: false
23-Aug-2026 16:46:58.638 INFO [http-nio-8080-exec-3] org.hibernate.engine.jdbc.connections.internal.DriverManagerConnectionProviderImpl$PooledConnections.<init> HHH10001115: Connection pool size: 20 (min=1)
23-Aug-2026 16:46:59.790 WARN [http-nio-8080-exec-3] org.hibernate.dialect.Dialect.checkVersion HHH000511: The 5.6.17 version for [org.hibernate.dialect.MySQLDialect] is no longer supported, hence certain features may not work properly. The minimum supported version is 5.7.0. Check the community dialects project for available legacy versions.
23-Aug-2026 16:47:01.777 INFO [http-nio-8080-exec-3] org.hibernate.bytecode.internal.BytecodeProviderInitiator.buildBytecodeProvider HHH000021: Bytecode provider name : bytebuddy
23-Aug-2026 16:47:07.511 INFO [http-nio-8080-exec-3] org.hibernate.engine.transaction.jta.platform.internal.JtaPlatformInitiator.initiateService HHH000490: Using JtaPlatform implementation: [org.hibernate.engine.transaction.jta.platform.internal.NoJtaPlatform]
23-Aug-2026 16:47:07.645 INFO [http-nio-8080-exec-3] org.hibernate.resource.transaction.backend.jdbc.internal.DdlTransactionIsolatorNonJtaImpl.getIsolatedConnection HHH10001501: Connection obtained from JdbcConnectionAccess [org.hibernate.engine.jdbc.env.internal.JdbcEnvironmentInitiator$ConnectionProviderJdbcConnectionAccess@2ae076b9] for (non-JTA) DDL execution was not in auto-commit mode; the Connection 'local transaction' will be committed and the Connection will be set into auto-commit mode.
23-Aug-2026 16:47:10.226 INFO [http-nio-8080-exec-7] org.hibernate.jpa.internal.util.LogHelper.logPersistenceUnitInformation HHH000204: Processing PersistenceUnitInfo [name: glycemiePU]
23-Aug-2026 16:47:10.334 WARN [http-nio-8080-exec-7] org.hibernate.engine.jdbc.connections.internal.DriverManagerConnectionProviderImpl.configure HHH10001002: Using built-in connection pool (not intended for production use)
23-Aug-2026 16:47:10.334 INFO [http-nio-8080-exec-7] org.hibernate.engine.jdbc.connections.internal.DriverManagerConnectionProviderImpl.buildCreator HHH10001005: Loaded JDBC driver class: com.mysql.cj.jdbc.Driver
23-Aug-2026 16:47:10.334 INFO [http-nio-8080-exec-7] org.hibernate.engine.jdbc.connections.internal.DriverManagerConnectionProviderImpl.buildCreator HHH10001012: Connecting with JDBC URL [jdbc:mysql://localhost:3306/suivi_glycemie_db?useSSL=false&serverTimezone=UTC]
23-Aug-2026 16:47:10.335 INFO [http-nio-8080-exec-7] org.hibernate.engine.jdbc.connections.internal.DriverManagerConnectionProviderImpl.buildCreator HHH10001001: Connection properties: {password=****, user=root}
23-Aug-2026 16:47:10.335 INFO [http-nio-8080-exec-7] org.hibernate.engine.jdbc.connections.internal.DriverManagerConnectionProviderImpl.buildCreator HHH10001003: Autocommit mode: false
23-Aug-2026 16:47:10.335 INFO [http-nio-8080-exec-7] org.hibernate.engine.jdbc.connections.internal.DriverManagerConnectionProviderImpl$PooledConnections.<init> HHH10001115: Connection pool size: 20 (min=1)
23-Aug-2026 16:47:10.346 WARN [http-nio-8080-exec-7] org.hibernate.dialect.Dialect.checkVersion HHH000511: The 5.6.17 version for [org.hibernate.dialect.MySQLDialect] is no longer supported, hence certain features may not work properly. The minimum supported version is 5.7.0. Check the community dialects project for available legacy versions.
23-Aug-2026 16:47:10.388 INFO [http-nio-8080-exec-7] org.hibernate.bytecode.internal.BytecodeProviderInitiator.buildBytecodeProvider HHH000021: Bytecode provider name : bytebuddy
23-Aug-2026 16:47:10.520 INFO [http-nio-8080-exec-7] org.hibernate.engine.transaction.jta.platform.internal.JtaPlatformInitiator.initiateService HHH000490: Using JtaPlatform implementation: [org.hibernate.engine.transaction.jta.platform.internal.NoJtaPlatform]
23-Aug-2026 16:47:10.521 INFO [http-nio-8080-exec-7] org.hibernate.resource.transaction.backend.jdbc.internal.DdlTransactionIsolatorNonJtaImpl.getIsolatedConnection HHH10001501: Connection obtained from JdbcConnectionAccess [org.hibernate.engine.jdbc.env.internal.JdbcEnvironmentInitiator$ConnectionProviderJdbcConnectionAccess@a77078b] for (non-JTA) DDL execution was not in auto-commit mode; the Connection 'local transaction' will be committed and the Connection will be set into auto-commit mode.
23-Aug-2026 16:47:15.463 INFO [http-nio-8080-exec-6] org.hibernate.jpa.internal.util.LogHelper.logPersistenceUnitInformation HHH000204: Processing PersistenceUnitInfo [name: glycemiePU]
23-Aug-2026 16:47:15.623 WARN [http-nio-8080-exec-6] org.hibernate.engine.jdbc.connections.internal.DriverManagerConnectionProviderImpl.configure HHH10001002: Using built-in connection pool (not intended for production use)
23-Aug-2026 16:47:15.623 INFO [http-nio-8080-exec-6] org.hibernate.engine.jdbc.connections.internal.DriverManagerConnectionProviderImpl.buildCreator HHH10001005: Loaded JDBC driver class: com.mysql.cj.jdbc.Driver
23-Aug-2026 16:47:15.624 INFO [http-nio-8080-exec-6] org.hibernate.engine.jdbc.connections.internal.DriverManagerConnectionProviderImpl.buildCreator HHH10001012: Connecting with JDBC URL [jdbc:mysql://localhost:3306/suivi_glycemie_db?useSSL=false&serverTimezone=UTC]
23-Aug-2026 16:47:15.624 INFO [http-nio-8080-exec-6] org.hibernate.engine.jdbc.connections.internal.DriverManagerConnectionProviderImpl.buildCreator HHH10001001: Connection properties: {password=****, user=root}
23-Aug-2026 16:47:15.624 INFO [http-nio-8080-exec-6] org.hibernate.engine.jdbc.connections.internal.DriverManagerConnectionProviderImpl.buildCreator HHH10001003: Autocommit mode: false
23-Aug-2026 16:47:15.625 INFO [http-nio-8080-exec-6] org.hibernate.engine.jdbc.connections.internal.DriverManagerConnectionProviderImpl$PooledConnections.<init> HHH10001115: Connection pool size: 20 (min=1)
23-Aug-2026 16:47:15.638 WARN [http-nio-8080-exec-6] org.hibernate.dialect.Dialect.checkVersion HHH000511: The 5.6.17 version for [org.hibernate.dialect.MySQLDialect] is no longer supported, hence certain features may not work properly. The minimum supported version is 5.7.0. Check the community dialects project for available legacy versions.
23-Aug-2026 16:47:15.720 INFO [http-nio-8080-exec-6] org.hibernate.bytecode.internal.BytecodeProviderInitiator.buildBytecodeProvider HHH000021: Bytecode provider name : bytebuddy
23-Aug-2026 16:47:15.889 INFO [http-nio-8080-exec-6] org.hibernate.engine.transaction.jta.platform.internal.JtaPlatformInitiator.initiateService HHH000490: Using JtaPlatform implementation: [org.hibernate.engine.transaction.jta.platform.internal.NoJtaPlatform]
23-Aug-2026 16:47:15.890 INFO [http-nio-8080-exec-6] org.hibernate.resource.transaction.backend.jdbc.internal.DdlTransactionIsolatorNonJtaImpl.getIsolatedConnection HHH10001501: Connection obtained from JdbcConnectionAccess [org.hibernate.engine.jdbc.env.internal.JdbcEnvironmentInitiator$ConnectionProviderJdbcConnectionAccess@76ffba31] for (non-JTA) DDL execution was not in auto-commit mode; the Connection 'local transaction' will be committed and the Connection will be set into auto-commit mode.
23-Aug-2026 16:48:35.710 INFOS [Thread-1] org.apache.coyote.AbstractProtocol.pause Le gestionnaire de protocole ["http-nio-8080"] est mis en pause
23-Aug-2026 16:48:35.738 INFOS [Thread-1] org.apache.catalina.core.StandardService.stopInternal Arrêt du service [Catalina]
23-Aug-2026 16:48:35.753 AVERTISSEMENT [Thread-1] org.apache.catalina.loader.WebappClassLoaderBase.clearReferencesJdbc L'application web [ROOT] a enregistré un pilote JDBC [com.mysql.cj.jdbc.Driver], mais ne l'a pas désenregistré avant l'arrêt de l'application.  Pour éviter une fuite de mémoire, le pilote JDBC a été désenregistré de force.
23-Aug-2026 16:48:35.754 AVERTISSEMENT [Thread-1] org.apache.catalina.loader.WebappClassLoaderBase.clearReferencesThreads L'application web [ROOT] semble avoir démarré un thread nommé [mysql-cj-abandoned-connection-cleanup] mais ne l'a pas arrêté, ce qui va probablement créer une fuite de mémoire ; la trace du thread est : 
 java.base/jdk.internal.misc.Unsafe.park(Native Method)
 java.base/java.util.concurrent.locks.LockSupport.parkNanos(LockSupport.java:269)
 java.base/java.util.concurrent.locks.AbstractQueuedSynchronizer$ConditionObject.await(AbstractQueuedSynchronizer.java:1886)
 java.base/java.lang.ref.ReferenceQueue.await(ReferenceQueue.java:71)
 java.base/java.lang.ref.ReferenceQueue.remove0(ReferenceQueue.java:143)
 java.base/java.lang.ref.ReferenceQueue.remove(ReferenceQueue.java:218)
 com.mysql.cj.jdbc.AbandonedConnectionCleanupThread.run(AbandonedConnectionCleanupThread.java:93)
 java.base/java.util.concurrent.ThreadPoolExecutor.runWorker(ThreadPoolExecutor.java:1144)
 java.base/java.util.concurrent.ThreadPoolExecutor$Worker.run(ThreadPoolExecutor.java:642)
 java.base/java.lang.Thread.run(Thread.java:1583)
23-Aug-2026 16:48:35.755 AVERTISSEMENT [Thread-1] org.apache.catalina.loader.WebappClassLoaderBase.clearReferencesThreads L'application web [ROOT] semble avoir démarré un thread nommé [Hibernate Connection Pool Validation Thread] mais ne l'a pas arrêté, ce qui va probablement créer une fuite de mémoire ; la trace du thread est : 
 java.base/jdk.internal.misc.Unsafe.park(Native Method)
 java.base/java.util.concurrent.locks.LockSupport.parkNanos(LockSupport.java:269)
 java.base/java.util.concurrent.locks.AbstractQueuedSynchronizer$ConditionObject.awaitNanos(AbstractQueuedSynchronizer.java:1797)
 java.base/java.util.concurrent.ScheduledThreadPoolExecutor$DelayedWorkQueue.take(ScheduledThreadPoolExecutor.java:1182)
 java.base/java.util.concurrent.ScheduledThreadPoolExecutor$DelayedWorkQueue.take(ScheduledThreadPoolExecutor.java:899)
 java.base/java.util.concurrent.ThreadPoolExecutor.getTask(ThreadPoolExecutor.java:1070)
 java.base/java.util.concurrent.ThreadPoolExecutor.runWorker(ThreadPoolExecutor.java:1130)
 java.base/java.util.concurrent.ThreadPoolExecutor$Worker.run(ThreadPoolExecutor.java:642)
 java.base/java.lang.Thread.run(Thread.java:1583)
23-Aug-2026 16:48:35.755 AVERTISSEMENT [Thread-1] org.apache.catalina.loader.WebappClassLoaderBase.clearReferencesThreads L'application web [ROOT] semble avoir démarré un thread nommé [Hibernate Connection Pool Validation Thread] mais ne l'a pas arrêté, ce qui va probablement créer une fuite de mémoire ; la trace du thread est : 
 java.base/jdk.internal.misc.Unsafe.park(Native Method)
 java.base/java.util.concurrent.locks.LockSupport.parkNanos(LockSupport.java:269)
 java.base/java.util.concurrent.locks.AbstractQueuedSynchronizer$ConditionObject.awaitNanos(AbstractQueuedSynchronizer.java:1797)
 java.base/java.util.concurrent.ScheduledThreadPoolExecutor$DelayedWorkQueue.take(ScheduledThreadPoolExecutor.java:1182)
 java.base/java.util.concurrent.ScheduledThreadPoolExecutor$DelayedWorkQueue.take(ScheduledThreadPoolExecutor.java:899)
 java.base/java.util.concurrent.ThreadPoolExecutor.getTask(ThreadPoolExecutor.java:1070)
 java.base/java.util.concurrent.ThreadPoolExecutor.runWorker(ThreadPoolExecutor.java:1130)
 java.base/java.util.concurrent.ThreadPoolExecutor$Worker.run(ThreadPoolExecutor.java:642)
 java.base/java.lang.Thread.run(Thread.java:1583)
23-Aug-2026 16:48:35.756 AVERTISSEMENT [Thread-1] org.apache.catalina.loader.WebappClassLoaderBase.clearReferencesThreads L'application web [ROOT] semble avoir démarré un thread nommé [Hibernate Connection Pool Validation Thread] mais ne l'a pas arrêté, ce qui va probablement créer une fuite de mémoire ; la trace du thread est : 
 java.base/jdk.internal.misc.Unsafe.park(Native Method)
 java.base/java.util.concurrent.locks.LockSupport.parkNanos(LockSupport.java:269)
 java.base/java.util.concurrent.locks.AbstractQueuedSynchronizer$ConditionObject.awaitNanos(AbstractQueuedSynchronizer.java:1797)
 java.base/java.util.concurrent.ScheduledThreadPoolExecutor$DelayedWorkQueue.take(ScheduledThreadPoolExecutor.java:1182)
 java.base/java.util.concurrent.ScheduledThreadPoolExecutor$DelayedWorkQueue.take(ScheduledThreadPoolExecutor.java:899)
 java.base/java.util.concurrent.ThreadPoolExecutor.getTask(ThreadPoolExecutor.java:1070)
 java.base/java.util.concurrent.ThreadPoolExecutor.runWorker(ThreadPoolExecutor.java:1130)
 java.base/java.util.concurrent.ThreadPoolExecutor$Worker.run(ThreadPoolExecutor.java:642)
 java.base/java.lang.Thread.run(Thread.java:1583)
23-Aug-2026 16:48:35.778 INFOS [Thread-1] org.apache.coyote.AbstractProtocol.stop Arrêt du gestionnaire de protocole ["http-nio-8080"]
23-Aug-2026 16:48:35.794 INFOS [Thread-1] org.apache.coyote.AbstractProtocol.destroy Destruction du gestionnaire de protocole ["http-nio-8080"]
23-Aug-2026 16:48:38.902 INFOS [main] org.apache.catalina.startup.VersionLoggerListener.log Nom version serveur :              Apache Tomcat/10.1.42
23-Aug-2026 16:48:38.913 INFOS [main] org.apache.catalina.startup.VersionLoggerListener.log Serveur compilé :                  Jun 5 2025 22:35:46 UTC
23-Aug-2026 16:48:38.914 INFOS [main] org.apache.catalina.startup.VersionLoggerListener.log Version du serveur :               10.1.42.0
23-Aug-2026 16:48:38.914 INFOS [main] org.apache.catalina.startup.VersionLoggerListener.log Nom de l'OS :                      Windows 11
23-Aug-2026 16:48:38.914 INFOS [main] org.apache.catalina.startup.VersionLoggerListener.log Version OS :                       10.0
23-Aug-2026 16:48:38.915 INFOS [main] org.apache.catalina.startup.VersionLoggerListener.log Architecture :                     amd64
23-Aug-2026 16:48:38.915 INFOS [main] org.apache.catalina.startup.VersionLoggerListener.log Java Home :                        C:\Users\HP\.jdks\jbrsdk_jcef-21.0.9
23-Aug-2026 16:48:38.915 INFOS [main] org.apache.catalina.startup.VersionLoggerListener.log Version JVM :                      21.0.9+1-b1038.75
23-Aug-2026 16:48:38.915 INFOS [main] org.apache.catalina.startup.VersionLoggerListener.log Fournisseur de la JVM :            JetBrains s.r.o.
23-Aug-2026 16:48:38.915 INFOS [main] org.apache.catalina.startup.VersionLoggerListener.log CATALINA_BASE :                    C:\Users\HP\Desktop\samasuker\.smarttomcat
23-Aug-2026 16:48:38.915 INFOS [main] org.apache.catalina.startup.VersionLoggerListener.log CATALINA_HOME :                    C:\Users\HP\Desktop\apache-tomcat-10.1.42
23-Aug-2026 16:48:38.939 INFOS [main] org.apache.catalina.startup.VersionLoggerListener.log Argument de la ligne de commande : --add-opens=java.base/java.lang=ALL-UNNAMED
23-Aug-2026 16:48:38.939 INFOS [main] org.apache.catalina.startup.VersionLoggerListener.log Argument de la ligne de commande : --add-opens=java.base/java.io=ALL-UNNAMED
23-Aug-2026 16:48:38.941 INFOS [main] org.apache.catalina.startup.VersionLoggerListener.log Argument de la ligne de commande : --add-opens=java.base/java.util=ALL-UNNAMED
23-Aug-2026 16:48:38.941 INFOS [main] org.apache.catalina.startup.VersionLoggerListener.log Argument de la ligne de commande : --add-opens=java.base/java.util.concurrent=ALL-UNNAMED
23-Aug-2026 16:48:38.941 INFOS [main] org.apache.catalina.startup.VersionLoggerListener.log Argument de la ligne de commande : --add-opens=java.rmi/sun.rmi.transport=ALL-UNNAMED
23-Aug-2026 16:48:38.941 INFOS [main] org.apache.catalina.startup.VersionLoggerListener.log Argument de la ligne de commande : -Dcatalina.home=C:\Users\HP\Desktop\apache-tomcat-10.1.42
23-Aug-2026 16:48:38.942 INFOS [main] org.apache.catalina.startup.VersionLoggerListener.log Argument de la ligne de commande : -Dcatalina.base=C:\Users\HP\Desktop\samasuker\.smarttomcat
23-Aug-2026 16:48:38.942 INFOS [main] org.apache.catalina.startup.VersionLoggerListener.log Argument de la ligne de commande : -Djava.io.tmpdir=C:\Users\HP\Desktop\samasuker\.smarttomcat\temp
23-Aug-2026 16:48:38.942 INFOS [main] org.apache.catalina.startup.VersionLoggerListener.log Argument de la ligne de commande : -Djava.util.logging.config.file=C:\Users\HP\Desktop\samasuker\.smarttomcat\conf\logging.properties
23-Aug-2026 16:48:38.942 INFOS [main] org.apache.catalina.startup.VersionLoggerListener.log Argument de la ligne de commande : -Djava.util.logging.manager=org.apache.juli.ClassLoaderLogManager
23-Aug-2026 16:48:38.942 INFOS [main] org.apache.catalina.startup.VersionLoggerListener.log Argument de la ligne de commande : -javaagent:C:\Program Files\JetBrains\IntelliJ IDEA 2025.2.2\lib\idea_rt.jar=51205
23-Aug-2026 16:48:38.943 INFOS [main] org.apache.catalina.startup.VersionLoggerListener.log Argument de la ligne de commande : -Dfile.encoding=UTF-8
23-Aug-2026 16:48:38.943 INFOS [main] org.apache.catalina.startup.VersionLoggerListener.log Argument de la ligne de commande : -Dsun.stdout.encoding=UTF-8
23-Aug-2026 16:48:38.943 INFOS [main] org.apache.catalina.startup.VersionLoggerListener.log Argument de la ligne de commande : -Dsun.stderr.encoding=UTF-8
23-Aug-2026 16:48:38.949 INFOS [main] org.apache.catalina.core.AprLifecycleListener.lifecycleEvent Chargement de la librairie Apache Tomcat Native [2.0.9] en utilisant APR version [1.7.6]
23-Aug-2026 16:48:38.963 INFOS [main] org.apache.catalina.core.AprLifecycleListener.initializeSSL OpenSSL a été initialisé avec succès [OpenSSL 3.5.0 8 Apr 2025]
23-Aug-2026 16:48:39.733 INFOS [main] org.apache.coyote.AbstractProtocol.init Initialisation du gestionnaire de protocole ["http-nio-8080"]
23-Aug-2026 16:48:39.759 INFOS [main] org.apache.catalina.startup.Catalina.load L'initialisation du serveur a pris [1355] millisecondes
23-Aug-2026 16:48:39.852 INFOS [main] org.apache.catalina.core.StandardService.startInternal Démarrage du service [Catalina]
23-Aug-2026 16:48:39.852 INFOS [main] org.apache.catalina.core.StandardEngine.startInternal Démarrage du moteur de Servlets : [Apache Tomcat/10.1.42]
23-Aug-2026 16:48:39.872 INFOS [main] org.apache.catalina.startup.HostConfig.deployDescriptor Déploiement du descripteur de configuration [C:\Users\HP\Desktop\samasuker\.smarttomcat\conf\Catalina\localhost\MDD.xml]
23-Aug-2026 16:48:46.974 INFOS [main] org.apache.jasper.servlet.TldScanner.scanJars Au moins un fichier JAR a été analysé pour trouver des TLDs mais il n'en contenait pas, le mode "debug" du journal peut être activé pour obtenir une liste complète de JAR scannés sans succès ; éviter d'analyser des JARs inutilement peut améliorer sensiblement le temps de démarrage et le temps de compilation des JSPs
23-Aug-2026 16:48:47.168 INFOS [main] org.apache.catalina.startup.HostConfig.deployDescriptor Le traitement du descripteur de déploiement [C:\Users\HP\Desktop\samasuker\.smarttomcat\conf\Catalina\localhost\MDD.xml] a pris [7 291] ms
23-Aug-2026 16:48:47.169 INFOS [main] org.apache.catalina.startup.HostConfig.deployDescriptor Déploiement du descripteur de configuration [C:\Users\HP\Desktop\samasuker\.smarttomcat\conf\Catalina\localhost\ROOT.xml]
23-Aug-2026 16:48:51.862 INFOS [main] org.apache.jasper.servlet.TldScanner.scanJars Au moins un fichier JAR a été analysé pour trouver des TLDs mais il n'en contenait pas, le mode "debug" du journal peut être activé pour obtenir une liste complète de JAR scannés sans succès ; éviter d'analyser des JARs inutilement peut améliorer sensiblement le temps de démarrage et le temps de compilation des JSPs
23-Aug-2026 16:48:51.934 INFOS [main] org.apache.catalina.startup.HostConfig.deployDescriptor Le traitement du descripteur de déploiement [C:\Users\HP\Desktop\samasuker\.smarttomcat\conf\Catalina\localhost\ROOT.xml] a pris [4 764] ms
23-Aug-2026 16:48:51.941 INFOS [main] org.apache.coyote.AbstractProtocol.start Démarrage du gestionnaire de protocole ["http-nio-8080"]
23-Aug-2026 16:48:51.984 INFOS [main] org.apache.catalina.startup.Catalina.start Le démarrage du serveur a pris [12223] millisecondes
23-Aug-2026 16:50:52.340 INFOS [main] org.apache.catalina.startup.VersionLoggerListener.log Nom version serveur :              Apache Tomcat/10.1.42
23-Aug-2026 16:50:52.349 INFOS [main] org.apache.catalina.startup.VersionLoggerListener.log Serveur compilé :                  Jun 5 2025 22:35:46 UTC
23-Aug-2026 16:50:52.349 INFOS [main] org.apache.catalina.startup.VersionLoggerListener.log Version du serveur :               10.1.42.0
23-Aug-2026 16:50:52.350 INFOS [main] org.apache.catalina.startup.VersionLoggerListener.log Nom de l'OS :                      Windows 11
23-Aug-2026 16:50:52.350 INFOS [main] org.apache.catalina.startup.VersionLoggerListener.log Version OS :                       10.0
23-Aug-2026 16:50:52.351 INFOS [main] org.apache.catalina.startup.VersionLoggerListener.log Architecture :                     amd64
23-Aug-2026 16:50:52.351 INFOS [main] org.apache.catalina.startup.VersionLoggerListener.log Java Home :                        C:\Users\HP\.jdks\jbrsdk_jcef-21.0.9
23-Aug-2026 16:50:52.351 INFOS [main] org.apache.catalina.startup.VersionLoggerListener.log Version JVM :                      21.0.9+1-b1038.75
23-Aug-2026 16:50:52.351 INFOS [main] org.apache.catalina.startup.VersionLoggerListener.log Fournisseur de la JVM :            JetBrains s.r.o.
23-Aug-2026 16:50:52.351 INFOS [main] org.apache.catalina.startup.VersionLoggerListener.log CATALINA_BASE :                    C:\Users\HP\Desktop\samasuker\.smarttomcat
23-Aug-2026 16:50:52.352 INFOS [main] org.apache.catalina.startup.VersionLoggerListener.log CATALINA_HOME :                    C:\Users\HP\Desktop\apache-tomcat-10.1.42
23-Aug-2026 16:50:52.373 INFOS [main] org.apache.catalina.startup.VersionLoggerListener.log Argument de la ligne de commande : --add-opens=java.base/java.lang=ALL-UNNAMED
23-Aug-2026 16:50:52.374 INFOS [main] org.apache.catalina.startup.VersionLoggerListener.log Argument de la ligne de commande : --add-opens=java.base/java.io=ALL-UNNAMED
23-Aug-2026 16:50:52.375 INFOS [main] org.apache.catalina.startup.VersionLoggerListener.log Argument de la ligne de commande : --add-opens=java.base/java.util=ALL-UNNAMED
23-Aug-2026 16:50:52.375 INFOS [main] org.apache.catalina.startup.VersionLoggerListener.log Argument de la ligne de commande : --add-opens=java.base/java.util.concurrent=ALL-UNNAMED
23-Aug-2026 16:50:52.375 INFOS [main] org.apache.catalina.startup.VersionLoggerListener.log Argument de la ligne de commande : --add-opens=java.rmi/sun.rmi.transport=ALL-UNNAMED
23-Aug-2026 16:50:52.375 INFOS [main] org.apache.catalina.startup.VersionLoggerListener.log Argument de la ligne de commande : -Dcatalina.home=C:\Users\HP\Desktop\apache-tomcat-10.1.42
23-Aug-2026 16:50:52.375 INFOS [main] org.apache.catalina.startup.VersionLoggerListener.log Argument de la ligne de commande : -Dcatalina.base=C:\Users\HP\Desktop\samasuker\.smarttomcat
23-Aug-2026 16:50:52.376 INFOS [main] org.apache.catalina.startup.VersionLoggerListener.log Argument de la ligne de commande : -Djava.io.tmpdir=C:\Users\HP\Desktop\samasuker\.smarttomcat\temp
23-Aug-2026 16:50:52.376 INFOS [main] org.apache.catalina.startup.VersionLoggerListener.log Argument de la ligne de commande : -Djava.util.logging.config.file=C:\Users\HP\Desktop\samasuker\.smarttomcat\conf\logging.properties
23-Aug-2026 16:50:52.376 INFOS [main] org.apache.catalina.startup.VersionLoggerListener.log Argument de la ligne de commande : -Djava.util.logging.manager=org.apache.juli.ClassLoaderLogManager
23-Aug-2026 16:50:52.377 INFOS [main] org.apache.catalina.startup.VersionLoggerListener.log Argument de la ligne de commande : -javaagent:C:\Program Files\JetBrains\IntelliJ IDEA 2025.2.2\lib\idea_rt.jar=57933
23-Aug-2026 16:50:52.377 INFOS [main] org.apache.catalina.startup.VersionLoggerListener.log Argument de la ligne de commande : -Dfile.encoding=UTF-8
23-Aug-2026 16:50:52.377 INFOS [main] org.apache.catalina.startup.VersionLoggerListener.log Argument de la ligne de commande : -Dsun.stdout.encoding=UTF-8
23-Aug-2026 16:50:52.377 INFOS [main] org.apache.catalina.startup.VersionLoggerListener.log Argument de la ligne de commande : -Dsun.stderr.encoding=UTF-8
23-Aug-2026 16:50:52.463 INFOS [main] org.apache.catalina.core.AprLifecycleListener.lifecycleEvent Chargement de la librairie Apache Tomcat Native [2.0.9] en utilisant APR version [1.7.6]
23-Aug-2026 16:50:52.492 INFOS [main] org.apache.catalina.core.AprLifecycleListener.initializeSSL OpenSSL a été initialisé avec succès [OpenSSL 3.5.0 8 Apr 2025]
23-Aug-2026 16:50:53.320 INFOS [main] org.apache.coyote.AbstractProtocol.init Initialisation du gestionnaire de protocole ["http-nio-8080"]
23-Aug-2026 16:50:53.356 INFOS [main] org.apache.catalina.startup.Catalina.load L'initialisation du serveur a pris [1603] millisecondes
23-Aug-2026 16:50:53.485 INFOS [main] org.apache.catalina.core.StandardService.startInternal Démarrage du service [Catalina]
23-Aug-2026 16:50:53.485 INFOS [main] org.apache.catalina.core.StandardEngine.startInternal Démarrage du moteur de Servlets : [Apache Tomcat/10.1.42]
23-Aug-2026 16:50:53.509 INFOS [main] org.apache.catalina.startup.HostConfig.deployDescriptor Déploiement du descripteur de configuration [C:\Users\HP\Desktop\samasuker\.smarttomcat\conf\Catalina\localhost\MDD.xml]
23-Aug-2026 16:51:01.372 INFOS [main] org.apache.jasper.servlet.TldScanner.scanJars Au moins un fichier JAR a été analysé pour trouver des TLDs mais il n'en contenait pas, le mode "debug" du journal peut être activé pour obtenir une liste complète de JAR scannés sans succès ; éviter d'analyser des JARs inutilement peut améliorer sensiblement le temps de démarrage et le temps de compilation des JSPs
23-Aug-2026 16:51:01.575 INFOS [main] org.apache.catalina.startup.HostConfig.deployDescriptor Le traitement du descripteur de déploiement [C:\Users\HP\Desktop\samasuker\.smarttomcat\conf\Catalina\localhost\MDD.xml] a pris [8 060] ms
23-Aug-2026 16:51:01.575 INFOS [main] org.apache.catalina.startup.HostConfig.deployDescriptor Déploiement du descripteur de configuration [C:\Users\HP\Desktop\samasuker\.smarttomcat\conf\Catalina\localhost\ROOT.xml]
23-Aug-2026 16:51:07.890 INFOS [main] org.apache.jasper.servlet.TldScanner.scanJars Au moins un fichier JAR a été analysé pour trouver des TLDs mais il n'en contenait pas, le mode "debug" du journal peut être activé pour obtenir une liste complète de JAR scannés sans succès ; éviter d'analyser des JARs inutilement peut améliorer sensiblement le temps de démarrage et le temps de compilation des JSPs
23-Aug-2026 16:51:07.936 INFOS [main] org.apache.catalina.startup.HostConfig.deployDescriptor Le traitement du descripteur de déploiement [C:\Users\HP\Desktop\samasuker\.smarttomcat\conf\Catalina\localhost\ROOT.xml] a pris [6 361] ms
23-Aug-2026 16:51:07.942 INFOS [main] org.apache.coyote.AbstractProtocol.start Démarrage du gestionnaire de protocole ["http-nio-8080"]
23-Aug-2026 16:51:07.979 INFOS [main] org.apache.catalina.startup.Catalina.start Le démarrage du serveur a pris [14620] millisecondes
23-Aug-2026 16:51:31.850 INFO [http-nio-8080-exec-3] org.hibernate.jpa.internal.util.LogHelper.logPersistenceUnitInformation HHH000204: Processing PersistenceUnitInfo [name: glycemiePU]
23-Aug-2026 16:51:32.247 INFO [http-nio-8080-exec-3] org.hibernate.Version.logVersion HHH000412: Hibernate ORM core version 6.2.7.Final
23-Aug-2026 16:51:32.260 INFO [http-nio-8080-exec-3] org.hibernate.cfg.Environment.<clinit> HHH000406: Using bytecode reflection optimizer
23-Aug-2026 16:51:33.891 WARN [http-nio-8080-exec-3] org.hibernate.engine.jdbc.connections.internal.DriverManagerConnectionProviderImpl.configure HHH10001002: Using built-in connection pool (not intended for production use)
23-Aug-2026 16:51:33.919 INFO [http-nio-8080-exec-3] org.hibernate.engine.jdbc.connections.internal.DriverManagerConnectionProviderImpl.buildCreator HHH10001005: Loaded JDBC driver class: com.mysql.cj.jdbc.Driver
23-Aug-2026 16:51:33.920 INFO [http-nio-8080-exec-3] org.hibernate.engine.jdbc.connections.internal.DriverManagerConnectionProviderImpl.buildCreator HHH10001012: Connecting with JDBC URL [jdbc:mysql://localhost:3306/suivi_glycemie_db?useSSL=false&serverTimezone=UTC]
23-Aug-2026 16:51:33.920 INFO [http-nio-8080-exec-3] org.hibernate.engine.jdbc.connections.internal.DriverManagerConnectionProviderImpl.buildCreator HHH10001001: Connection properties: {password=****, user=root}
23-Aug-2026 16:51:33.921 INFO [http-nio-8080-exec-3] org.hibernate.engine.jdbc.connections.internal.DriverManagerConnectionProviderImpl.buildCreator HHH10001003: Autocommit mode: false
23-Aug-2026 16:51:33.942 INFO [http-nio-8080-exec-3] org.hibernate.engine.jdbc.connections.internal.DriverManagerConnectionProviderImpl$PooledConnections.<init> HHH10001115: Connection pool size: 20 (min=1)
23-Aug-2026 16:51:35.108 WARN [http-nio-8080-exec-3] org.hibernate.dialect.Dialect.checkVersion HHH000511: The 5.6.17 version for [org.hibernate.dialect.MySQLDialect] is no longer supported, hence certain features may not work properly. The minimum supported version is 5.7.0. Check the community dialects project for available legacy versions.
23-Aug-2026 16:51:37.012 INFO [http-nio-8080-exec-3] org.hibernate.bytecode.internal.BytecodeProviderInitiator.buildBytecodeProvider HHH000021: Bytecode provider name : bytebuddy
23-Aug-2026 16:51:42.770 INFO [http-nio-8080-exec-3] org.hibernate.engine.transaction.jta.platform.internal.JtaPlatformInitiator.initiateService HHH000490: Using JtaPlatform implementation: [org.hibernate.engine.transaction.jta.platform.internal.NoJtaPlatform]
23-Aug-2026 16:51:42.987 INFO [http-nio-8080-exec-3] org.hibernate.resource.transaction.backend.jdbc.internal.DdlTransactionIsolatorNonJtaImpl.getIsolatedConnection HHH10001501: Connection obtained from JdbcConnectionAccess [org.hibernate.engine.jdbc.env.internal.JdbcEnvironmentInitiator$ConnectionProviderJdbcConnectionAccess@4ef4b382] for (non-JTA) DDL execution was not in auto-commit mode; the Connection 'local transaction' will be committed and the Connection will be set into auto-commit mode.
23-Aug-2026 16:51:45.611 INFO [http-nio-8080-exec-5] org.hibernate.jpa.internal.util.LogHelper.logPersistenceUnitInformation HHH000204: Processing PersistenceUnitInfo [name: glycemiePU]
23-Aug-2026 16:51:45.696 WARN [http-nio-8080-exec-5] org.hibernate.engine.jdbc.connections.internal.DriverManagerConnectionProviderImpl.configure HHH10001002: Using built-in connection pool (not intended for production use)
23-Aug-2026 16:51:45.696 INFO [http-nio-8080-exec-5] org.hibernate.engine.jdbc.connections.internal.DriverManagerConnectionProviderImpl.buildCreator HHH10001005: Loaded JDBC driver class: com.mysql.cj.jdbc.Driver
23-Aug-2026 16:51:45.697 INFO [http-nio-8080-exec-5] org.hibernate.engine.jdbc.connections.internal.DriverManagerConnectionProviderImpl.buildCreator HHH10001012: Connecting with JDBC URL [jdbc:mysql://localhost:3306/suivi_glycemie_db?useSSL=false&serverTimezone=UTC]
23-Aug-2026 16:51:45.697 INFO [http-nio-8080-exec-5] org.hibernate.engine.jdbc.connections.internal.DriverManagerConnectionProviderImpl.buildCreator HHH10001001: Connection properties: {password=****, user=root}
23-Aug-2026 16:51:45.697 INFO [http-nio-8080-exec-5] org.hibernate.engine.jdbc.connections.internal.DriverManagerConnectionProviderImpl.buildCreator HHH10001003: Autocommit mode: false
23-Aug-2026 16:51:45.698 INFO [http-nio-8080-exec-5] org.hibernate.engine.jdbc.connections.internal.DriverManagerConnectionProviderImpl$PooledConnections.<init> HHH10001115: Connection pool size: 20 (min=1)
23-Aug-2026 16:51:45.708 WARN [http-nio-8080-exec-5] org.hibernate.dialect.Dialect.checkVersion HHH000511: The 5.6.17 version for [org.hibernate.dialect.MySQLDialect] is no longer supported, hence certain features may not work properly. The minimum supported version is 5.7.0. Check the community dialects project for available legacy versions.
23-Aug-2026 16:51:45.770 INFO [http-nio-8080-exec-5] org.hibernate.bytecode.internal.BytecodeProviderInitiator.buildBytecodeProvider HHH000021: Bytecode provider name : bytebuddy
23-Aug-2026 16:51:45.956 INFO [http-nio-8080-exec-5] org.hibernate.engine.transaction.jta.platform.internal.JtaPlatformInitiator.initiateService HHH000490: Using JtaPlatform implementation: [org.hibernate.engine.transaction.jta.platform.internal.NoJtaPlatform]
23-Aug-2026 16:51:45.960 INFO [http-nio-8080-exec-5] org.hibernate.resource.transaction.backend.jdbc.internal.DdlTransactionIsolatorNonJtaImpl.getIsolatedConnection HHH10001501: Connection obtained from JdbcConnectionAccess [org.hibernate.engine.jdbc.env.internal.JdbcEnvironmentInitiator$ConnectionProviderJdbcConnectionAccess@a77078b] for (non-JTA) DDL execution was not in auto-commit mode; the Connection 'local transaction' will be committed and the Connection will be set into auto-commit mode.
23-Aug-2026 16:51:51.333 INFO [http-nio-8080-exec-7] org.hibernate.jpa.internal.util.LogHelper.logPersistenceUnitInformation HHH000204: Processing PersistenceUnitInfo [name: glycemiePU]
23-Aug-2026 16:51:51.430 WARN [http-nio-8080-exec-7] org.hibernate.engine.jdbc.connections.internal.DriverManagerConnectionProviderImpl.configure HHH10001002: Using built-in connection pool (not intended for production use)
23-Aug-2026 16:51:51.430 INFO [http-nio-8080-exec-7] org.hibernate.engine.jdbc.connections.internal.DriverManagerConnectionProviderImpl.buildCreator HHH10001005: Loaded JDBC driver class: com.mysql.cj.jdbc.Driver
23-Aug-2026 16:51:51.430 INFO [http-nio-8080-exec-7] org.hibernate.engine.jdbc.connections.internal.DriverManagerConnectionProviderImpl.buildCreator HHH10001012: Connecting with JDBC URL [jdbc:mysql://localhost:3306/suivi_glycemie_db?useSSL=false&serverTimezone=UTC]
23-Aug-2026 16:51:51.431 INFO [http-nio-8080-exec-7] org.hibernate.engine.jdbc.connections.internal.DriverManagerConnectionProviderImpl.buildCreator HHH10001001: Connection properties: {password=****, user=root}
23-Aug-2026 16:51:51.431 INFO [http-nio-8080-exec-7] org.hibernate.engine.jdbc.connections.internal.DriverManagerConnectionProviderImpl.buildCreator HHH10001003: Autocommit mode: false
23-Aug-2026 16:51:51.431 INFO [http-nio-8080-exec-7] org.hibernate.engine.jdbc.connections.internal.DriverManagerConnectionProviderImpl$PooledConnections.<init> HHH10001115: Connection pool size: 20 (min=1)
23-Aug-2026 16:51:51.442 WARN [http-nio-8080-exec-7] org.hibernate.dialect.Dialect.checkVersion HHH000511: The 5.6.17 version for [org.hibernate.dialect.MySQLDialect] is no longer supported, hence certain features may not work properly. The minimum supported version is 5.7.0. Check the community dialects project for available legacy versions.
23-Aug-2026 16:51:51.482 INFO [http-nio-8080-exec-7] org.hibernate.bytecode.internal.BytecodeProviderInitiator.buildBytecodeProvider HHH000021: Bytecode provider name : bytebuddy
23-Aug-2026 16:51:51.624 INFO [http-nio-8080-exec-7] org.hibernate.engine.transaction.jta.platform.internal.JtaPlatformInitiator.initiateService HHH000490: Using JtaPlatform implementation: [org.hibernate.engine.transaction.jta.platform.internal.NoJtaPlatform]
23-Aug-2026 16:51:51.626 INFO [http-nio-8080-exec-7] org.hibernate.resource.transaction.backend.jdbc.internal.DdlTransactionIsolatorNonJtaImpl.getIsolatedConnection HHH10001501: Connection obtained from JdbcConnectionAccess [org.hibernate.engine.jdbc.env.internal.JdbcEnvironmentInitiator$ConnectionProviderJdbcConnectionAccess@3db6d105] for (non-JTA) DDL execution was not in auto-commit mode; the Connection 'local transaction' will be committed and the Connection will be set into auto-commit mode.
23-Aug-2026 16:54:18.503 INFOS [Thread-1] org.apache.coyote.AbstractProtocol.pause Le gestionnaire de protocole ["http-nio-8080"] est mis en pause
23-Aug-2026 16:54:18.519 INFOS [Thread-1] org.apache.catalina.core.StandardService.stopInternal Arrêt du service [Catalina]
23-Aug-2026 16:54:18.527 AVERTISSEMENT [Thread-1] org.apache.catalina.loader.WebappClassLoaderBase.clearReferencesJdbc L'application web [ROOT] a enregistré un pilote JDBC [com.mysql.cj.jdbc.Driver], mais ne l'a pas désenregistré avant l'arrêt de l'application.  Pour éviter une fuite de mémoire, le pilote JDBC a été désenregistré de force.
23-Aug-2026 16:54:18.527 AVERTISSEMENT [Thread-1] org.apache.catalina.loader.WebappClassLoaderBase.clearReferencesThreads L'application web [ROOT] semble avoir démarré un thread nommé [mysql-cj-abandoned-connection-cleanup] mais ne l'a pas arrêté, ce qui va probablement créer une fuite de mémoire ; la trace du thread est : 
 java.base/jdk.internal.misc.Unsafe.park(Native Method)
 java.base/java.util.concurrent.locks.LockSupport.parkNanos(LockSupport.java:269)
 java.base/java.util.concurrent.locks.AbstractQueuedSynchronizer$ConditionObject.await(AbstractQueuedSynchronizer.java:1886)
 java.base/java.lang.ref.ReferenceQueue.await(ReferenceQueue.java:71)
 java.base/java.lang.ref.ReferenceQueue.remove0(ReferenceQueue.java:143)
 java.base/java.lang.ref.ReferenceQueue.remove(ReferenceQueue.java:218)
 com.mysql.cj.jdbc.AbandonedConnectionCleanupThread.run(AbandonedConnectionCleanupThread.java:93)
 java.base/java.util.concurrent.ThreadPoolExecutor.runWorker(ThreadPoolExecutor.java:1144)
 java.base/java.util.concurrent.ThreadPoolExecutor$Worker.run(ThreadPoolExecutor.java:642)
 java.base/java.lang.Thread.run(Thread.java:1583)
23-Aug-2026 16:54:18.527 AVERTISSEMENT [Thread-1] org.apache.catalina.loader.WebappClassLoaderBase.clearReferencesThreads L'application web [ROOT] semble avoir démarré un thread nommé [Hibernate Connection Pool Validation Thread] mais ne l'a pas arrêté, ce qui va probablement créer une fuite de mémoire ; la trace du thread est : 
 java.base/jdk.internal.misc.Unsafe.park(Native Method)
 java.base/java.util.concurrent.locks.LockSupport.parkNanos(LockSupport.java:269)
 java.base/java.util.concurrent.locks.AbstractQueuedSynchronizer$ConditionObject.awaitNanos(AbstractQueuedSynchronizer.java:1797)
 java.base/java.util.concurrent.ScheduledThreadPoolExecutor$DelayedWorkQueue.take(ScheduledThreadPoolExecutor.java:1182)
 java.base/java.util.concurrent.ScheduledThreadPoolExecutor$DelayedWorkQueue.take(ScheduledThreadPoolExecutor.java:899)
 java.base/java.util.concurrent.ThreadPoolExecutor.getTask(ThreadPoolExecutor.java:1070)
 java.base/java.util.concurrent.ThreadPoolExecutor.runWorker(ThreadPoolExecutor.java:1130)
 java.base/java.util.concurrent.ThreadPoolExecutor$Worker.run(ThreadPoolExecutor.java:642)
 java.base/java.lang.Thread.run(Thread.java:1583)
23-Aug-2026 16:54:18.528 AVERTISSEMENT [Thread-1] org.apache.catalina.loader.WebappClassLoaderBase.clearReferencesThreads L'application web [ROOT] semble avoir démarré un thread nommé [Hibernate Connection Pool Validation Thread] mais ne l'a pas arrêté, ce qui va probablement créer une fuite de mémoire ; la trace du thread est : 
 java.base/jdk.internal.misc.Unsafe.park(Native Method)
 java.base/java.util.concurrent.locks.LockSupport.parkNanos(LockSupport.java:269)
 java.base/java.util.concurrent.locks.AbstractQueuedSynchronizer$ConditionObject.awaitNanos(AbstractQueuedSynchronizer.java:1797)
 java.base/java.util.concurrent.ScheduledThreadPoolExecutor$DelayedWorkQueue.take(ScheduledThreadPoolExecutor.java:1182)
 java.base/java.util.concurrent.ScheduledThreadPoolExecutor$DelayedWorkQueue.take(ScheduledThreadPoolExecutor.java:899)
 java.base/java.util.concurrent.ThreadPoolExecutor.getTask(ThreadPoolExecutor.java:1070)
 java.base/java.util.concurrent.ThreadPoolExecutor.runWorker(ThreadPoolExecutor.java:1130)
 java.base/java.util.concurrent.ThreadPoolExecutor$Worker.run(ThreadPoolExecutor.java:642)
 java.base/java.lang.Thread.run(Thread.java:1583)
23-Aug-2026 16:54:18.528 AVERTISSEMENT [Thread-1] org.apache.catalina.loader.WebappClassLoaderBase.clearReferencesThreads L'application web [ROOT] semble avoir démarré un thread nommé [Hibernate Connection Pool Validation Thread] mais ne l'a pas arrêté, ce qui va probablement créer une fuite de mémoire ; la trace du thread est : 
 java.base/jdk.internal.misc.Unsafe.park(Native Method)
 java.base/java.util.concurrent.locks.LockSupport.parkNanos(LockSupport.java:269)
 java.base/java.util.concurrent.locks.AbstractQueuedSynchronizer$ConditionObject.awaitNanos(AbstractQueuedSynchronizer.java:1797)
 java.base/java.util.concurrent.ScheduledThreadPoolExecutor$DelayedWorkQueue.take(ScheduledThreadPoolExecutor.java:1182)
 java.base/java.util.concurrent.ScheduledThreadPoolExecutor$DelayedWorkQueue.take(ScheduledThreadPoolExecutor.java:899)
 java.base/java.util.concurrent.ThreadPoolExecutor.getTask(ThreadPoolExecutor.java:1070)
 java.base/java.util.concurrent.ThreadPoolExecutor.runWorker(ThreadPoolExecutor.java:1130)
 java.base/java.util.concurrent.ThreadPoolExecutor$Worker.run(ThreadPoolExecutor.java:642)
 java.base/java.lang.Thread.run(Thread.java:1583)
23-Aug-2026 16:54:18.550 INFOS [Thread-1] org.apache.coyote.AbstractProtocol.stop Arrêt du gestionnaire de protocole ["http-nio-8080"]
23-Aug-2026 16:54:18.555 INFOS [Thread-1] org.apache.coyote.AbstractProtocol.destroy Destruction du gestionnaire de protocole ["http-nio-8080"]
23-Aug-2026 16:54:23.659 INFOS [main] org.apache.catalina.startup.VersionLoggerListener.log Nom version serveur :              Apache Tomcat/10.1.42
23-Aug-2026 16:54:23.665 INFOS [main] org.apache.catalina.startup.VersionLoggerListener.log Serveur compilé :                  Jun 5 2025 22:35:46 UTC
23-Aug-2026 16:54:23.665 INFOS [main] org.apache.catalina.startup.VersionLoggerListener.log Version du serveur :               10.1.42.0
23-Aug-2026 16:54:23.665 INFOS [main] org.apache.catalina.startup.VersionLoggerListener.log Nom de l'OS :                      Windows 11
23-Aug-2026 16:54:23.665 INFOS [main] org.apache.catalina.startup.VersionLoggerListener.log Version OS :                       10.0
23-Aug-2026 16:54:23.665 INFOS [main] org.apache.catalina.startup.VersionLoggerListener.log Architecture :                     amd64
23-Aug-2026 16:54:23.665 INFOS [main] org.apache.catalina.startup.VersionLoggerListener.log Java Home :                        C:\Users\HP\.jdks\jbrsdk_jcef-21.0.9
23-Aug-2026 16:54:23.665 INFOS [main] org.apache.catalina.startup.VersionLoggerListener.log Version JVM :                      21.0.9+1-b1038.75
23-Aug-2026 16:54:23.666 INFOS [main] org.apache.catalina.startup.VersionLoggerListener.log Fournisseur de la JVM :            JetBrains s.r.o.
23-Aug-2026 16:54:23.666 INFOS [main] org.apache.catalina.startup.VersionLoggerListener.log CATALINA_BASE :                    C:\Users\HP\Desktop\samasuker\.smarttomcat
23-Aug-2026 16:54:23.666 INFOS [main] org.apache.catalina.startup.VersionLoggerListener.log CATALINA_HOME :                    C:\Users\HP\Desktop\apache-tomcat-10.1.42
23-Aug-2026 16:54:23.680 INFOS [main] org.apache.catalina.startup.VersionLoggerListener.log Argument de la ligne de commande : --add-opens=java.base/java.lang=ALL-UNNAMED
23-Aug-2026 16:54:23.680 INFOS [main] org.apache.catalina.startup.VersionLoggerListener.log Argument de la ligne de commande : --add-opens=java.base/java.io=ALL-UNNAMED
23-Aug-2026 16:54:23.680 INFOS [main] org.apache.catalina.startup.VersionLoggerListener.log Argument de la ligne de commande : --add-opens=java.base/java.util=ALL-UNNAMED
23-Aug-2026 16:54:23.680 INFOS [main] org.apache.catalina.startup.VersionLoggerListener.log Argument de la ligne de commande : --add-opens=java.base/java.util.concurrent=ALL-UNNAMED
23-Aug-2026 16:54:23.680 INFOS [main] org.apache.catalina.startup.VersionLoggerListener.log Argument de la ligne de commande : --add-opens=java.rmi/sun.rmi.transport=ALL-UNNAMED
23-Aug-2026 16:54:23.682 INFOS [main] org.apache.catalina.startup.VersionLoggerListener.log Argument de la ligne de commande : -Dcatalina.home=C:\Users\HP\Desktop\apache-tomcat-10.1.42
23-Aug-2026 16:54:23.682 INFOS [main] org.apache.catalina.startup.VersionLoggerListener.log Argument de la ligne de commande : -Dcatalina.base=C:\Users\HP\Desktop\samasuker\.smarttomcat
23-Aug-2026 16:54:23.682 INFOS [main] org.apache.catalina.startup.VersionLoggerListener.log Argument de la ligne de commande : -Djava.io.tmpdir=C:\Users\HP\Desktop\samasuker\.smarttomcat\temp
23-Aug-2026 16:54:23.682 INFOS [main] org.apache.catalina.startup.VersionLoggerListener.log Argument de la ligne de commande : -Djava.util.logging.config.file=C:\Users\HP\Desktop\samasuker\.smarttomcat\conf\logging.properties
23-Aug-2026 16:54:23.682 INFOS [main] org.apache.catalina.startup.VersionLoggerListener.log Argument de la ligne de commande : -Djava.util.logging.manager=org.apache.juli.ClassLoaderLogManager
23-Aug-2026 16:54:23.682 INFOS [main] org.apache.catalina.startup.VersionLoggerListener.log Argument de la ligne de commande : -javaagent:C:\Program Files\JetBrains\IntelliJ IDEA 2025.2.2\lib\idea_rt.jar=51533
23-Aug-2026 16:54:23.682 INFOS [main] org.apache.catalina.startup.VersionLoggerListener.log Argument de la ligne de commande : -Dfile.encoding=UTF-8
23-Aug-2026 16:54:23.682 INFOS [main] org.apache.catalina.startup.VersionLoggerListener.log Argument de la ligne de commande : -Dsun.stdout.encoding=UTF-8
23-Aug-2026 16:54:23.682 INFOS [main] org.apache.catalina.startup.VersionLoggerListener.log Argument de la ligne de commande : -Dsun.stderr.encoding=UTF-8
23-Aug-2026 16:54:23.725 INFOS [main] org.apache.catalina.core.AprLifecycleListener.lifecycleEvent Chargement de la librairie Apache Tomcat Native [2.0.9] en utilisant APR version [1.7.6]
23-Aug-2026 16:54:23.733 INFOS [main] org.apache.catalina.core.AprLifecycleListener.initializeSSL OpenSSL a été initialisé avec succès [OpenSSL 3.5.0 8 Apr 2025]
23-Aug-2026 16:54:24.237 INFOS [main] org.apache.coyote.AbstractProtocol.init Initialisation du gestionnaire de protocole ["http-nio-8080"]
23-Aug-2026 16:54:24.258 INFOS [main] org.apache.catalina.startup.Catalina.load L'initialisation du serveur a pris [890] millisecondes
23-Aug-2026 16:54:24.327 INFOS [main] org.apache.catalina.core.StandardService.startInternal Démarrage du service [Catalina]
23-Aug-2026 16:54:24.328 INFOS [main] org.apache.catalina.core.StandardEngine.startInternal Démarrage du moteur de Servlets : [Apache Tomcat/10.1.42]
23-Aug-2026 16:54:24.342 INFOS [main] org.apache.catalina.startup.HostConfig.deployDescriptor Déploiement du descripteur de configuration [C:\Users\HP\Desktop\samasuker\.smarttomcat\conf\Catalina\localhost\MDD.xml]
23-Aug-2026 16:54:29.677 INFOS [main] org.apache.jasper.servlet.TldScanner.scanJars Au moins un fichier JAR a été analysé pour trouver des TLDs mais il n'en contenait pas, le mode "debug" du journal peut être activé pour obtenir une liste complète de JAR scannés sans succès ; éviter d'analyser des JARs inutilement peut améliorer sensiblement le temps de démarrage et le temps de compilation des JSPs
23-Aug-2026 16:54:29.819 INFOS [main] org.apache.catalina.startup.HostConfig.deployDescriptor Le traitement du descripteur de déploiement [C:\Users\HP\Desktop\samasuker\.smarttomcat\conf\Catalina\localhost\MDD.xml] a pris [5 473] ms
23-Aug-2026 16:54:29.819 INFOS [main] org.apache.catalina.startup.HostConfig.deployDescriptor Déploiement du descripteur de configuration [C:\Users\HP\Desktop\samasuker\.smarttomcat\conf\Catalina\localhost\ROOT.xml]
23-Aug-2026 16:54:32.536 INFOS [main] org.apache.jasper.servlet.TldScanner.scanJars Au moins un fichier JAR a été analysé pour trouver des TLDs mais il n'en contenait pas, le mode "debug" du journal peut être activé pour obtenir une liste complète de JAR scannés sans succès ; éviter d'analyser des JARs inutilement peut améliorer sensiblement le temps de démarrage et le temps de compilation des JSPs
23-Aug-2026 16:54:32.592 INFOS [main] org.apache.catalina.startup.HostConfig.deployDescriptor Le traitement du descripteur de déploiement [C:\Users\HP\Desktop\samasuker\.smarttomcat\conf\Catalina\localhost\ROOT.xml] a pris [2 772] ms
23-Aug-2026 16:54:32.598 INFOS [main] org.apache.coyote.AbstractProtocol.start Démarrage du gestionnaire de protocole ["http-nio-8080"]
23-Aug-2026 16:54:32.639 INFOS [main] org.apache.catalina.startup.Catalina.start Le démarrage du serveur a pris [8379] millisecondes
23-Aug-2026 16:54:59.106 INFO [http-nio-8080-exec-3] org.hibernate.jpa.internal.util.LogHelper.logPersistenceUnitInformation HHH000204: Processing PersistenceUnitInfo [name: glycemiePU]
23-Aug-2026 16:54:59.415 INFO [http-nio-8080-exec-3] org.hibernate.Version.logVersion HHH000412: Hibernate ORM core version 6.2.7.Final
23-Aug-2026 16:54:59.424 INFO [http-nio-8080-exec-3] org.hibernate.cfg.Environment.<clinit> HHH000406: Using bytecode reflection optimizer
23-Aug-2026 16:55:00.655 WARN [http-nio-8080-exec-3] org.hibernate.engine.jdbc.connections.internal.DriverManagerConnectionProviderImpl.configure HHH10001002: Using built-in connection pool (not intended for production use)
23-Aug-2026 16:55:00.672 INFO [http-nio-8080-exec-3] org.hibernate.engine.jdbc.connections.internal.DriverManagerConnectionProviderImpl.buildCreator HHH10001005: Loaded JDBC driver class: com.mysql.cj.jdbc.Driver
23-Aug-2026 16:55:00.672 INFO [http-nio-8080-exec-3] org.hibernate.engine.jdbc.connections.internal.DriverManagerConnectionProviderImpl.buildCreator HHH10001012: Connecting with JDBC URL [jdbc:mysql://localhost:3306/suivi_glycemie_db?useSSL=false&serverTimezone=UTC]
23-Aug-2026 16:55:00.673 INFO [http-nio-8080-exec-3] org.hibernate.engine.jdbc.connections.internal.DriverManagerConnectionProviderImpl.buildCreator HHH10001001: Connection properties: {password=****, user=root}
23-Aug-2026 16:55:00.673 INFO [http-nio-8080-exec-3] org.hibernate.engine.jdbc.connections.internal.DriverManagerConnectionProviderImpl.buildCreator HHH10001003: Autocommit mode: false
23-Aug-2026 16:55:00.688 INFO [http-nio-8080-exec-3] org.hibernate.engine.jdbc.connections.internal.DriverManagerConnectionProviderImpl$PooledConnections.<init> HHH10001115: Connection pool size: 20 (min=1)
23-Aug-2026 16:55:01.427 WARN [http-nio-8080-exec-3] org.hibernate.dialect.Dialect.checkVersion HHH000511: The 5.6.17 version for [org.hibernate.dialect.MySQLDialect] is no longer supported, hence certain features may not work properly. The minimum supported version is 5.7.0. Check the community dialects project for available legacy versions.
23-Aug-2026 16:55:02.850 INFO [http-nio-8080-exec-3] org.hibernate.bytecode.internal.BytecodeProviderInitiator.buildBytecodeProvider HHH000021: Bytecode provider name : bytebuddy
23-Aug-2026 16:55:07.091 INFO [http-nio-8080-exec-3] org.hibernate.engine.transaction.jta.platform.internal.JtaPlatformInitiator.initiateService HHH000490: Using JtaPlatform implementation: [org.hibernate.engine.transaction.jta.platform.internal.NoJtaPlatform]
23-Aug-2026 16:55:07.230 INFO [http-nio-8080-exec-3] org.hibernate.resource.transaction.backend.jdbc.internal.DdlTransactionIsolatorNonJtaImpl.getIsolatedConnection HHH10001501: Connection obtained from JdbcConnectionAccess [org.hibernate.engine.jdbc.env.internal.JdbcEnvironmentInitiator$ConnectionProviderJdbcConnectionAccess@6e783d06] for (non-JTA) DDL execution was not in auto-commit mode; the Connection 'local transaction' will be committed and the Connection will be set into auto-commit mode.
23-Aug-2026 16:55:09.216 INFO [http-nio-8080-exec-4] org.hibernate.jpa.internal.util.LogHelper.logPersistenceUnitInformation HHH000204: Processing PersistenceUnitInfo [name: glycemiePU]
23-Aug-2026 16:55:09.285 WARN [http-nio-8080-exec-4] org.hibernate.engine.jdbc.connections.internal.DriverManagerConnectionProviderImpl.configure HHH10001002: Using built-in connection pool (not intended for production use)
23-Aug-2026 16:55:09.286 INFO [http-nio-8080-exec-4] org.hibernate.engine.jdbc.connections.internal.DriverManagerConnectionProviderImpl.buildCreator HHH10001005: Loaded JDBC driver class: com.mysql.cj.jdbc.Driver
23-Aug-2026 16:55:09.286 INFO [http-nio-8080-exec-4] org.hibernate.engine.jdbc.connections.internal.DriverManagerConnectionProviderImpl.buildCreator HHH10001012: Connecting with JDBC URL [jdbc:mysql://localhost:3306/suivi_glycemie_db?useSSL=false&serverTimezone=UTC]
23-Aug-2026 16:55:09.286 INFO [http-nio-8080-exec-4] org.hibernate.engine.jdbc.connections.internal.DriverManagerConnectionProviderImpl.buildCreator HHH10001001: Connection properties: {password=****, user=root}
23-Aug-2026 16:55:09.286 INFO [http-nio-8080-exec-4] org.hibernate.engine.jdbc.connections.internal.DriverManagerConnectionProviderImpl.buildCreator HHH10001003: Autocommit mode: false
23-Aug-2026 16:55:09.286 INFO [http-nio-8080-exec-4] org.hibernate.engine.jdbc.connections.internal.DriverManagerConnectionProviderImpl$PooledConnections.<init> HHH10001115: Connection pool size: 20 (min=1)
23-Aug-2026 16:55:09.287 WARN [http-nio-8080-exec-4] org.hibernate.dialect.Dialect.checkVersion HHH000511: The 5.6.17 version for [org.hibernate.dialect.MySQLDialect] is no longer supported, hence certain features may not work properly. The minimum supported version is 5.7.0. Check the community dialects project for available legacy versions.
23-Aug-2026 16:55:09.332 INFO [http-nio-8080-exec-4] org.hibernate.bytecode.internal.BytecodeProviderInitiator.buildBytecodeProvider HHH000021: Bytecode provider name : bytebuddy
23-Aug-2026 16:55:09.466 INFO [http-nio-8080-exec-4] org.hibernate.engine.transaction.jta.platform.internal.JtaPlatformInitiator.initiateService HHH000490: Using JtaPlatform implementation: [org.hibernate.engine.transaction.jta.platform.internal.NoJtaPlatform]
23-Aug-2026 16:55:09.467 INFO [http-nio-8080-exec-4] org.hibernate.resource.transaction.backend.jdbc.internal.DdlTransactionIsolatorNonJtaImpl.getIsolatedConnection HHH10001501: Connection obtained from JdbcConnectionAccess [org.hibernate.engine.jdbc.env.internal.JdbcEnvironmentInitiator$ConnectionProviderJdbcConnectionAccess@7ff5774e] for (non-JTA) DDL execution was not in auto-commit mode; the Connection 'local transaction' will be committed and the Connection will be set into auto-commit mode.
23-Aug-2026 16:56:44.904 INFOS [Thread-1] org.apache.coyote.AbstractProtocol.pause Le gestionnaire de protocole ["http-nio-8080"] est mis en pause
23-Aug-2026 16:56:44.918 INFOS [Thread-1] org.apache.catalina.core.StandardService.stopInternal Arrêt du service [Catalina]
23-Aug-2026 16:56:44.926 AVERTISSEMENT [Thread-1] org.apache.catalina.loader.WebappClassLoaderBase.clearReferencesJdbc L'application web [ROOT] a enregistré un pilote JDBC [com.mysql.cj.jdbc.Driver], mais ne l'a pas désenregistré avant l'arrêt de l'application.  Pour éviter une fuite de mémoire, le pilote JDBC a été désenregistré de force.
23-Aug-2026 16:56:44.926 AVERTISSEMENT [Thread-1] org.apache.catalina.loader.WebappClassLoaderBase.clearReferencesThreads L'application web [ROOT] semble avoir démarré un thread nommé [mysql-cj-abandoned-connection-cleanup] mais ne l'a pas arrêté, ce qui va probablement créer une fuite de mémoire ; la trace du thread est : 
 java.base/jdk.internal.misc.Unsafe.park(Native Method)
 java.base/java.util.concurrent.locks.LockSupport.parkNanos(LockSupport.java:269)
 java.base/java.util.concurrent.locks.AbstractQueuedSynchronizer$ConditionObject.await(AbstractQueuedSynchronizer.java:1886)
 java.base/java.lang.ref.ReferenceQueue.await(ReferenceQueue.java:71)
 java.base/java.lang.ref.ReferenceQueue.remove0(ReferenceQueue.java:143)
 java.base/java.lang.ref.ReferenceQueue.remove(ReferenceQueue.java:218)
 com.mysql.cj.jdbc.AbandonedConnectionCleanupThread.run(AbandonedConnectionCleanupThread.java:93)
 java.base/java.util.concurrent.ThreadPoolExecutor.runWorker(ThreadPoolExecutor.java:1144)
 java.base/java.util.concurrent.ThreadPoolExecutor$Worker.run(ThreadPoolExecutor.java:642)
 java.base/java.lang.Thread.run(Thread.java:1583)
23-Aug-2026 16:56:44.927 AVERTISSEMENT [Thread-1] org.apache.catalina.loader.WebappClassLoaderBase.clearReferencesThreads L'application web [ROOT] semble avoir démarré un thread nommé [Hibernate Connection Pool Validation Thread] mais ne l'a pas arrêté, ce qui va probablement créer une fuite de mémoire ; la trace du thread est : 
 java.base/jdk.internal.misc.Unsafe.park(Native Method)
 java.base/java.util.concurrent.locks.LockSupport.parkNanos(LockSupport.java:269)
 java.base/java.util.concurrent.locks.AbstractQueuedSynchronizer$ConditionObject.awaitNanos(AbstractQueuedSynchronizer.java:1797)
 java.base/java.util.concurrent.ScheduledThreadPoolExecutor$DelayedWorkQueue.take(ScheduledThreadPoolExecutor.java:1182)
 java.base/java.util.concurrent.ScheduledThreadPoolExecutor$DelayedWorkQueue.take(ScheduledThreadPoolExecutor.java:899)
 java.base/java.util.concurrent.ThreadPoolExecutor.getTask(ThreadPoolExecutor.java:1070)
 java.base/java.util.concurrent.ThreadPoolExecutor.runWorker(ThreadPoolExecutor.java:1130)
 java.base/java.util.concurrent.ThreadPoolExecutor$Worker.run(ThreadPoolExecutor.java:642)
 java.base/java.lang.Thread.run(Thread.java:1583)
23-Aug-2026 16:56:44.927 AVERTISSEMENT [Thread-1] org.apache.catalina.loader.WebappClassLoaderBase.clearReferencesThreads L'application web [ROOT] semble avoir démarré un thread nommé [Hibernate Connection Pool Validation Thread] mais ne l'a pas arrêté, ce qui va probablement créer une fuite de mémoire ; la trace du thread est : 
 java.base/jdk.internal.misc.Unsafe.park(Native Method)
 java.base/java.util.concurrent.locks.LockSupport.parkNanos(LockSupport.java:269)
 java.base/java.util.concurrent.locks.AbstractQueuedSynchronizer$ConditionObject.awaitNanos(AbstractQueuedSynchronizer.java:1797)
 java.base/java.util.concurrent.ScheduledThreadPoolExecutor$DelayedWorkQueue.take(ScheduledThreadPoolExecutor.java:1182)
 java.base/java.util.concurrent.ScheduledThreadPoolExecutor$DelayedWorkQueue.take(ScheduledThreadPoolExecutor.java:899)
 java.base/java.util.concurrent.ThreadPoolExecutor.getTask(ThreadPoolExecutor.java:1070)
 java.base/java.util.concurrent.ThreadPoolExecutor.runWorker(ThreadPoolExecutor.java:1130)
 java.base/java.util.concurrent.ThreadPoolExecutor$Worker.run(ThreadPoolExecutor.java:642)
 java.base/java.lang.Thread.run(Thread.java:1583)
23-Aug-2026 16:56:44.943 INFOS [Thread-1] org.apache.coyote.AbstractProtocol.stop Arrêt du gestionnaire de protocole ["http-nio-8080"]
23-Aug-2026 16:56:44.958 INFOS [Thread-1] org.apache.coyote.AbstractProtocol.destroy Destruction du gestionnaire de protocole ["http-nio-8080"]
23-Aug-2026 16:56:47.792 INFOS [main] org.apache.catalina.startup.VersionLoggerListener.log Nom version serveur :              Apache Tomcat/10.1.42
23-Aug-2026 16:56:47.798 INFOS [main] org.apache.catalina.startup.VersionLoggerListener.log Serveur compilé :                  Jun 5 2025 22:35:46 UTC
23-Aug-2026 16:56:47.799 INFOS [main] org.apache.catalina.startup.VersionLoggerListener.log Version du serveur :               10.1.42.0
23-Aug-2026 16:56:47.799 INFOS [main] org.apache.catalina.startup.VersionLoggerListener.log Nom de l'OS :                      Windows 11
23-Aug-2026 16:56:47.799 INFOS [main] org.apache.catalina.startup.VersionLoggerListener.log Version OS :                       10.0
23-Aug-2026 16:56:47.799 INFOS [main] org.apache.catalina.startup.VersionLoggerListener.log Architecture :                     amd64
23-Aug-2026 16:56:47.800 INFOS [main] org.apache.catalina.startup.VersionLoggerListener.log Java Home :                        C:\Users\HP\.jdks\jbrsdk_jcef-21.0.9
23-Aug-2026 16:56:47.800 INFOS [main] org.apache.catalina.startup.VersionLoggerListener.log Version JVM :                      21.0.9+1-b1038.75
23-Aug-2026 16:56:47.800 INFOS [main] org.apache.catalina.startup.VersionLoggerListener.log Fournisseur de la JVM :            JetBrains s.r.o.
23-Aug-2026 16:56:47.800 INFOS [main] org.apache.catalina.startup.VersionLoggerListener.log CATALINA_BASE :                    C:\Users\HP\Desktop\samasuker\.smarttomcat
23-Aug-2026 16:56:47.800 INFOS [main] org.apache.catalina.startup.VersionLoggerListener.log CATALINA_HOME :                    C:\Users\HP\Desktop\apache-tomcat-10.1.42
23-Aug-2026 16:56:47.819 INFOS [main] org.apache.catalina.startup.VersionLoggerListener.log Argument de la ligne de commande : --add-opens=java.base/java.lang=ALL-UNNAMED
23-Aug-2026 16:56:47.819 INFOS [main] org.apache.catalina.startup.VersionLoggerListener.log Argument de la ligne de commande : --add-opens=java.base/java.io=ALL-UNNAMED
23-Aug-2026 16:56:47.819 INFOS [main] org.apache.catalina.startup.VersionLoggerListener.log Argument de la ligne de commande : --add-opens=java.base/java.util=ALL-UNNAMED
23-Aug-2026 16:56:47.820 INFOS [main] org.apache.catalina.startup.VersionLoggerListener.log Argument de la ligne de commande : --add-opens=java.base/java.util.concurrent=ALL-UNNAMED
23-Aug-2026 16:56:47.820 INFOS [main] org.apache.catalina.startup.VersionLoggerListener.log Argument de la ligne de commande : --add-opens=java.rmi/sun.rmi.transport=ALL-UNNAMED
23-Aug-2026 16:56:47.820 INFOS [main] org.apache.catalina.startup.VersionLoggerListener.log Argument de la ligne de commande : -Dcatalina.home=C:\Users\HP\Desktop\apache-tomcat-10.1.42
23-Aug-2026 16:56:47.820 INFOS [main] org.apache.catalina.startup.VersionLoggerListener.log Argument de la ligne de commande : -Dcatalina.base=C:\Users\HP\Desktop\samasuker\.smarttomcat
23-Aug-2026 16:56:47.820 INFOS [main] org.apache.catalina.startup.VersionLoggerListener.log Argument de la ligne de commande : -Djava.io.tmpdir=C:\Users\HP\Desktop\samasuker\.smarttomcat\temp
23-Aug-2026 16:56:47.820 INFOS [main] org.apache.catalina.startup.VersionLoggerListener.log Argument de la ligne de commande : -Djava.util.logging.config.file=C:\Users\HP\Desktop\samasuker\.smarttomcat\conf\logging.properties
23-Aug-2026 16:56:47.820 INFOS [main] org.apache.catalina.startup.VersionLoggerListener.log Argument de la ligne de commande : -Djava.util.logging.manager=org.apache.juli.ClassLoaderLogManager
23-Aug-2026 16:56:47.820 INFOS [main] org.apache.catalina.startup.VersionLoggerListener.log Argument de la ligne de commande : -javaagent:C:\Program Files\JetBrains\IntelliJ IDEA 2025.2.2\lib\idea_rt.jar=50282
23-Aug-2026 16:56:47.821 INFOS [main] org.apache.catalina.startup.VersionLoggerListener.log Argument de la ligne de commande : -Dfile.encoding=UTF-8
23-Aug-2026 16:56:47.821 INFOS [main] org.apache.catalina.startup.VersionLoggerListener.log Argument de la ligne de commande : -Dsun.stdout.encoding=UTF-8
23-Aug-2026 16:56:47.821 INFOS [main] org.apache.catalina.startup.VersionLoggerListener.log Argument de la ligne de commande : -Dsun.stderr.encoding=UTF-8
23-Aug-2026 16:56:47.826 INFOS [main] org.apache.catalina.core.AprLifecycleListener.lifecycleEvent Chargement de la librairie Apache Tomcat Native [2.0.9] en utilisant APR version [1.7.6]
23-Aug-2026 16:56:47.836 INFOS [main] org.apache.catalina.core.AprLifecycleListener.initializeSSL OpenSSL a été initialisé avec succès [OpenSSL 3.5.0 8 Apr 2025]
23-Aug-2026 16:56:48.333 INFOS [main] org.apache.coyote.AbstractProtocol.init Initialisation du gestionnaire de protocole ["http-nio-8080"]
23-Aug-2026 16:56:48.360 INFOS [main] org.apache.catalina.startup.Catalina.load L'initialisation du serveur a pris [1028] millisecondes
23-Aug-2026 16:56:48.443 INFOS [main] org.apache.catalina.core.StandardService.startInternal Démarrage du service [Catalina]
23-Aug-2026 16:56:48.443 INFOS [main] org.apache.catalina.core.StandardEngine.startInternal Démarrage du moteur de Servlets : [Apache Tomcat/10.1.42]
23-Aug-2026 16:56:48.461 INFOS [main] org.apache.catalina.startup.HostConfig.deployDescriptor Déploiement du descripteur de configuration [C:\Users\HP\Desktop\samasuker\.smarttomcat\conf\Catalina\localhost\MDD.xml]
23-Aug-2026 16:56:52.236 INFOS [main] org.apache.jasper.servlet.TldScanner.scanJars Au moins un fichier JAR a été analysé pour trouver des TLDs mais il n'en contenait pas, le mode "debug" du journal peut être activé pour obtenir une liste complète de JAR scannés sans succès ; éviter d'analyser des JARs inutilement peut améliorer sensiblement le temps de démarrage et le temps de compilation des JSPs
23-Aug-2026 16:56:52.368 INFOS [main] org.apache.catalina.startup.HostConfig.deployDescriptor Le traitement du descripteur de déploiement [C:\Users\HP\Desktop\samasuker\.smarttomcat\conf\Catalina\localhost\MDD.xml] a pris [3 903] ms
23-Aug-2026 16:56:52.368 INFOS [main] org.apache.catalina.startup.HostConfig.deployDescriptor Déploiement du descripteur de configuration [C:\Users\HP\Desktop\samasuker\.smarttomcat\conf\Catalina\localhost\ROOT.xml]
23-Aug-2026 16:56:55.156 INFOS [main] org.apache.jasper.servlet.TldScanner.scanJars Au moins un fichier JAR a été analysé pour trouver des TLDs mais il n'en contenait pas, le mode "debug" du journal peut être activé pour obtenir une liste complète de JAR scannés sans succès ; éviter d'analyser des JARs inutilement peut améliorer sensiblement le temps de démarrage et le temps de compilation des JSPs
23-Aug-2026 16:56:55.206 INFOS [main] org.apache.catalina.startup.HostConfig.deployDescriptor Le traitement du descripteur de déploiement [C:\Users\HP\Desktop\samasuker\.smarttomcat\conf\Catalina\localhost\ROOT.xml] a pris [2 838] ms
23-Aug-2026 16:56:55.213 INFOS [main] org.apache.coyote.AbstractProtocol.start Démarrage du gestionnaire de protocole ["http-nio-8080"]
23-Aug-2026 16:56:55.248 INFOS [main] org.apache.catalina.startup.Catalina.start Le démarrage du serveur a pris [6886] millisecondes
23-Aug-2026 16:57:05.769 INFO [http-nio-8080-exec-3] org.hibernate.jpa.internal.util.LogHelper.logPersistenceUnitInformation HHH000204: Processing PersistenceUnitInfo [name: glycemiePU]
23-Aug-2026 16:57:06.086 INFO [http-nio-8080-exec-3] org.hibernate.Version.logVersion HHH000412: Hibernate ORM core version 6.2.7.Final
23-Aug-2026 16:57:06.093 INFO [http-nio-8080-exec-3] org.hibernate.cfg.Environment.<clinit> HHH000406: Using bytecode reflection optimizer
23-Aug-2026 16:57:07.228 WARN [http-nio-8080-exec-3] org.hibernate.engine.jdbc.connections.internal.DriverManagerConnectionProviderImpl.configure HHH10001002: Using built-in connection pool (not intended for production use)
23-Aug-2026 16:57:07.246 INFO [http-nio-8080-exec-3] org.hibernate.engine.jdbc.connections.internal.DriverManagerConnectionProviderImpl.buildCreator HHH10001005: Loaded JDBC driver class: com.mysql.cj.jdbc.Driver
23-Aug-2026 16:57:07.246 INFO [http-nio-8080-exec-3] org.hibernate.engine.jdbc.connections.internal.DriverManagerConnectionProviderImpl.buildCreator HHH10001012: Connecting with JDBC URL [jdbc:mysql://localhost:3306/suivi_glycemie_db?useSSL=false&serverTimezone=UTC]
23-Aug-2026 16:57:07.247 INFO [http-nio-8080-exec-3] org.hibernate.engine.jdbc.connections.internal.DriverManagerConnectionProviderImpl.buildCreator HHH10001001: Connection properties: {password=****, user=root}
23-Aug-2026 16:57:07.247 INFO [http-nio-8080-exec-3] org.hibernate.engine.jdbc.connections.internal.DriverManagerConnectionProviderImpl.buildCreator HHH10001003: Autocommit mode: false
23-Aug-2026 16:57:07.265 INFO [http-nio-8080-exec-3] org.hibernate.engine.jdbc.connections.internal.DriverManagerConnectionProviderImpl$PooledConnections.<init> HHH10001115: Connection pool size: 20 (min=1)
23-Aug-2026 16:57:08.036 WARN [http-nio-8080-exec-3] org.hibernate.dialect.Dialect.checkVersion HHH000511: The 5.6.17 version for [org.hibernate.dialect.MySQLDialect] is no longer supported, hence certain features may not work properly. The minimum supported version is 5.7.0. Check the community dialects project for available legacy versions.
23-Aug-2026 16:57:09.301 INFO [http-nio-8080-exec-3] org.hibernate.bytecode.internal.BytecodeProviderInitiator.buildBytecodeProvider HHH000021: Bytecode provider name : bytebuddy
23-Aug-2026 16:57:13.134 INFO [http-nio-8080-exec-3] org.hibernate.engine.transaction.jta.platform.internal.JtaPlatformInitiator.initiateService HHH000490: Using JtaPlatform implementation: [org.hibernate.engine.transaction.jta.platform.internal.NoJtaPlatform]
23-Aug-2026 16:57:13.334 INFO [http-nio-8080-exec-3] org.hibernate.resource.transaction.backend.jdbc.internal.DdlTransactionIsolatorNonJtaImpl.getIsolatedConnection HHH10001501: Connection obtained from JdbcConnectionAccess [org.hibernate.engine.jdbc.env.internal.JdbcEnvironmentInitiator$ConnectionProviderJdbcConnectionAccess@2d806d7] for (non-JTA) DDL execution was not in auto-commit mode; the Connection 'local transaction' will be committed and the Connection will be set into auto-commit mode.
23-Aug-2026 16:57:15.548 INFO [http-nio-8080-exec-4] org.hibernate.jpa.internal.util.LogHelper.logPersistenceUnitInformation HHH000204: Processing PersistenceUnitInfo [name: glycemiePU]
23-Aug-2026 16:57:15.622 WARN [http-nio-8080-exec-4] org.hibernate.engine.jdbc.connections.internal.DriverManagerConnectionProviderImpl.configure HHH10001002: Using built-in connection pool (not intended for production use)
23-Aug-2026 16:57:15.622 INFO [http-nio-8080-exec-4] org.hibernate.engine.jdbc.connections.internal.DriverManagerConnectionProviderImpl.buildCreator HHH10001005: Loaded JDBC driver class: com.mysql.cj.jdbc.Driver
23-Aug-2026 16:57:15.622 INFO [http-nio-8080-exec-4] org.hibernate.engine.jdbc.connections.internal.DriverManagerConnectionProviderImpl.buildCreator HHH10001012: Connecting with JDBC URL [jdbc:mysql://localhost:3306/suivi_glycemie_db?useSSL=false&serverTimezone=UTC]
23-Aug-2026 16:57:15.623 INFO [http-nio-8080-exec-4] org.hibernate.engine.jdbc.connections.internal.DriverManagerConnectionProviderImpl.buildCreator HHH10001001: Connection properties: {password=****, user=root}
23-Aug-2026 16:57:15.623 INFO [http-nio-8080-exec-4] org.hibernate.engine.jdbc.connections.internal.DriverManagerConnectionProviderImpl.buildCreator HHH10001003: Autocommit mode: false
23-Aug-2026 16:57:15.623 INFO [http-nio-8080-exec-4] org.hibernate.engine.jdbc.connections.internal.DriverManagerConnectionProviderImpl$PooledConnections.<init> HHH10001115: Connection pool size: 20 (min=1)
23-Aug-2026 16:57:15.628 WARN [http-nio-8080-exec-4] org.hibernate.dialect.Dialect.checkVersion HHH000511: The 5.6.17 version for [org.hibernate.dialect.MySQLDialect] is no longer supported, hence certain features may not work properly. The minimum supported version is 5.7.0. Check the community dialects project for available legacy versions.
23-Aug-2026 16:57:15.663 INFO [http-nio-8080-exec-4] org.hibernate.bytecode.internal.BytecodeProviderInitiator.buildBytecodeProvider HHH000021: Bytecode provider name : bytebuddy
23-Aug-2026 16:57:15.774 INFO [http-nio-8080-exec-4] org.hibernate.engine.transaction.jta.platform.internal.JtaPlatformInitiator.initiateService HHH000490: Using JtaPlatform implementation: [org.hibernate.engine.transaction.jta.platform.internal.NoJtaPlatform]
23-Aug-2026 16:57:15.775 INFO [http-nio-8080-exec-4] org.hibernate.resource.transaction.backend.jdbc.internal.DdlTransactionIsolatorNonJtaImpl.getIsolatedConnection HHH10001501: Connection obtained from JdbcConnectionAccess [org.hibernate.engine.jdbc.env.internal.JdbcEnvironmentInitiator$ConnectionProviderJdbcConnectionAccess@69952170] for (non-JTA) DDL execution was not in auto-commit mode; the Connection 'local transaction' will be committed and the Connection will be set into auto-commit mode.
23-Aug-2026 16:59:25.924 INFOS [Thread-1] org.apache.coyote.AbstractProtocol.pause Le gestionnaire de protocole ["http-nio-8080"] est mis en pause
23-Aug-2026 16:59:25.939 INFOS [Thread-1] org.apache.catalina.core.StandardService.stopInternal Arrêt du service [Catalina]
23-Aug-2026 16:59:25.947 AVERTISSEMENT [Thread-1] org.apache.catalina.loader.WebappClassLoaderBase.clearReferencesJdbc L'application web [ROOT] a enregistré un pilote JDBC [com.mysql.cj.jdbc.Driver], mais ne l'a pas désenregistré avant l'arrêt de l'application.  Pour éviter une fuite de mémoire, le pilote JDBC a été désenregistré de force.
23-Aug-2026 16:59:25.948 AVERTISSEMENT [Thread-1] org.apache.catalina.loader.WebappClassLoaderBase.clearReferencesThreads L'application web [ROOT] semble avoir démarré un thread nommé [mysql-cj-abandoned-connection-cleanup] mais ne l'a pas arrêté, ce qui va probablement créer une fuite de mémoire ; la trace du thread est : 
 java.base/jdk.internal.misc.Unsafe.park(Native Method)
 java.base/java.util.concurrent.locks.LockSupport.parkNanos(LockSupport.java:269)
 java.base/java.util.concurrent.locks.AbstractQueuedSynchronizer$ConditionObject.await(AbstractQueuedSynchronizer.java:1886)
 java.base/java.lang.ref.ReferenceQueue.await(ReferenceQueue.java:71)
 java.base/java.lang.ref.ReferenceQueue.remove0(ReferenceQueue.java:143)
 java.base/java.lang.ref.ReferenceQueue.remove(ReferenceQueue.java:218)
 com.mysql.cj.jdbc.AbandonedConnectionCleanupThread.run(AbandonedConnectionCleanupThread.java:93)
 java.base/java.util.concurrent.ThreadPoolExecutor.runWorker(ThreadPoolExecutor.java:1144)
 java.base/java.util.concurrent.ThreadPoolExecutor$Worker.run(ThreadPoolExecutor.java:642)
 java.base/java.lang.Thread.run(Thread.java:1583)
23-Aug-2026 16:59:25.948 AVERTISSEMENT [Thread-1] org.apache.catalina.loader.WebappClassLoaderBase.clearReferencesThreads L'application web [ROOT] semble avoir démarré un thread nommé [Hibernate Connection Pool Validation Thread] mais ne l'a pas arrêté, ce qui va probablement créer une fuite de mémoire ; la trace du thread est : 
 java.base/jdk.internal.misc.Unsafe.park(Native Method)
 java.base/java.util.concurrent.locks.LockSupport.parkNanos(LockSupport.java:269)
 java.base/java.util.concurrent.locks.AbstractQueuedSynchronizer$ConditionObject.awaitNanos(AbstractQueuedSynchronizer.java:1797)
 java.base/java.util.concurrent.ScheduledThreadPoolExecutor$DelayedWorkQueue.take(ScheduledThreadPoolExecutor.java:1182)
 java.base/java.util.concurrent.ScheduledThreadPoolExecutor$DelayedWorkQueue.take(ScheduledThreadPoolExecutor.java:899)
 java.base/java.util.concurrent.ThreadPoolExecutor.getTask(ThreadPoolExecutor.java:1070)
 java.base/java.util.concurrent.ThreadPoolExecutor.runWorker(ThreadPoolExecutor.java:1130)
 java.base/java.util.concurrent.ThreadPoolExecutor$Worker.run(ThreadPoolExecutor.java:642)
 java.base/java.lang.Thread.run(Thread.java:1583)
23-Aug-2026 16:59:25.949 AVERTISSEMENT [Thread-1] org.apache.catalina.loader.WebappClassLoaderBase.clearReferencesThreads L'application web [ROOT] semble avoir démarré un thread nommé [Hibernate Connection Pool Validation Thread] mais ne l'a pas arrêté, ce qui va probablement créer une fuite de mémoire ; la trace du thread est : 
 java.base/jdk.internal.misc.Unsafe.park(Native Method)
 java.base/java.util.concurrent.locks.LockSupport.parkNanos(LockSupport.java:269)
 java.base/java.util.concurrent.locks.AbstractQueuedSynchronizer$ConditionObject.awaitNanos(AbstractQueuedSynchronizer.java:1797)
 java.base/java.util.concurrent.ScheduledThreadPoolExecutor$DelayedWorkQueue.take(ScheduledThreadPoolExecutor.java:1182)
 java.base/java.util.concurrent.ScheduledThreadPoolExecutor$DelayedWorkQueue.take(ScheduledThreadPoolExecutor.java:899)
 java.base/java.util.concurrent.ThreadPoolExecutor.getTask(ThreadPoolExecutor.java:1070)
 java.base/java.util.concurrent.ThreadPoolExecutor.runWorker(ThreadPoolExecutor.java:1130)
 java.base/java.util.concurrent.ThreadPoolExecutor$Worker.run(ThreadPoolExecutor.java:642)
 java.base/java.lang.Thread.run(Thread.java:1583)
23-Aug-2026 16:59:25.962 INFOS [Thread-1] org.apache.coyote.AbstractProtocol.stop Arrêt du gestionnaire de protocole ["http-nio-8080"]
23-Aug-2026 16:59:25.981 INFOS [Thread-1] org.apache.coyote.AbstractProtocol.destroy Destruction du gestionnaire de protocole ["http-nio-8080"]
23-Aug-2026 16:59:28.683 INFOS [main] org.apache.catalina.startup.VersionLoggerListener.log Nom version serveur :              Apache Tomcat/10.1.42
23-Aug-2026 16:59:28.688 INFOS [main] org.apache.catalina.startup.VersionLoggerListener.log Serveur compilé :                  Jun 5 2025 22:35:46 UTC
23-Aug-2026 16:59:28.689 INFOS [main] org.apache.catalina.startup.VersionLoggerListener.log Version du serveur :               10.1.42.0
23-Aug-2026 16:59:28.689 INFOS [main] org.apache.catalina.startup.VersionLoggerListener.log Nom de l'OS :                      Windows 11
23-Aug-2026 16:59:28.689 INFOS [main] org.apache.catalina.startup.VersionLoggerListener.log Version OS :                       10.0
23-Aug-2026 16:59:28.690 INFOS [main] org.apache.catalina.startup.VersionLoggerListener.log Architecture :                     amd64
23-Aug-2026 16:59:28.690 INFOS [main] org.apache.catalina.startup.VersionLoggerListener.log Java Home :                        C:\Users\HP\.jdks\jbrsdk_jcef-21.0.9
23-Aug-2026 16:59:28.690 INFOS [main] org.apache.catalina.startup.VersionLoggerListener.log Version JVM :                      21.0.9+1-b1038.75
23-Aug-2026 16:59:28.690 INFOS [main] org.apache.catalina.startup.VersionLoggerListener.log Fournisseur de la JVM :            JetBrains s.r.o.
23-Aug-2026 16:59:28.690 INFOS [main] org.apache.catalina.startup.VersionLoggerListener.log CATALINA_BASE :                    C:\Users\HP\Desktop\samasuker\.smarttomcat
23-Aug-2026 16:59:28.690 INFOS [main] org.apache.catalina.startup.VersionLoggerListener.log CATALINA_HOME :                    C:\Users\HP\Desktop\apache-tomcat-10.1.42
23-Aug-2026 16:59:28.711 INFOS [main] org.apache.catalina.startup.VersionLoggerListener.log Argument de la ligne de commande : --add-opens=java.base/java.lang=ALL-UNNAMED
23-Aug-2026 16:59:28.711 INFOS [main] org.apache.catalina.startup.VersionLoggerListener.log Argument de la ligne de commande : --add-opens=java.base/java.io=ALL-UNNAMED
23-Aug-2026 16:59:28.711 INFOS [main] org.apache.catalina.startup.VersionLoggerListener.log Argument de la ligne de commande : --add-opens=java.base/java.util=ALL-UNNAMED
23-Aug-2026 16:59:28.711 INFOS [main] org.apache.catalina.startup.VersionLoggerListener.log Argument de la ligne de commande : --add-opens=java.base/java.util.concurrent=ALL-UNNAMED
23-Aug-2026 16:59:28.711 INFOS [main] org.apache.catalina.startup.VersionLoggerListener.log Argument de la ligne de commande : --add-opens=java.rmi/sun.rmi.transport=ALL-UNNAMED
23-Aug-2026 16:59:28.711 INFOS [main] org.apache.catalina.startup.VersionLoggerListener.log Argument de la ligne de commande : -Dcatalina.home=C:\Users\HP\Desktop\apache-tomcat-10.1.42
23-Aug-2026 16:59:28.713 INFOS [main] org.apache.catalina.startup.VersionLoggerListener.log Argument de la ligne de commande : -Dcatalina.base=C:\Users\HP\Desktop\samasuker\.smarttomcat
23-Aug-2026 16:59:28.713 INFOS [main] org.apache.catalina.startup.VersionLoggerListener.log Argument de la ligne de commande : -Djava.io.tmpdir=C:\Users\HP\Desktop\samasuker\.smarttomcat\temp
23-Aug-2026 16:59:28.713 INFOS [main] org.apache.catalina.startup.VersionLoggerListener.log Argument de la ligne de commande : -Djava.util.logging.config.file=C:\Users\HP\Desktop\samasuker\.smarttomcat\conf\logging.properties
23-Aug-2026 16:59:28.713 INFOS [main] org.apache.catalina.startup.VersionLoggerListener.log Argument de la ligne de commande : -Djava.util.logging.manager=org.apache.juli.ClassLoaderLogManager
23-Aug-2026 16:59:28.713 INFOS [main] org.apache.catalina.startup.VersionLoggerListener.log Argument de la ligne de commande : -javaagent:C:\Program Files\JetBrains\IntelliJ IDEA 2025.2.2\lib\idea_rt.jar=51643
23-Aug-2026 16:59:28.713 INFOS [main] org.apache.catalina.startup.VersionLoggerListener.log Argument de la ligne de commande : -Dfile.encoding=UTF-8
23-Aug-2026 16:59:28.713 INFOS [main] org.apache.catalina.startup.VersionLoggerListener.log Argument de la ligne de commande : -Dsun.stdout.encoding=UTF-8
23-Aug-2026 16:59:28.713 INFOS [main] org.apache.catalina.startup.VersionLoggerListener.log Argument de la ligne de commande : -Dsun.stderr.encoding=UTF-8
23-Aug-2026 16:59:28.720 INFOS [main] org.apache.catalina.core.AprLifecycleListener.lifecycleEvent Chargement de la librairie Apache Tomcat Native [2.0.9] en utilisant APR version [1.7.6]
23-Aug-2026 16:59:28.731 INFOS [main] org.apache.catalina.core.AprLifecycleListener.initializeSSL OpenSSL a été initialisé avec succès [OpenSSL 3.5.0 8 Apr 2025]
23-Aug-2026 16:59:29.391 INFOS [main] org.apache.coyote.AbstractProtocol.init Initialisation du gestionnaire de protocole ["http-nio-8080"]
23-Aug-2026 16:59:29.423 INFOS [main] org.apache.catalina.startup.Catalina.load L'initialisation du serveur a pris [1122] millisecondes
23-Aug-2026 16:59:29.524 INFOS [main] org.apache.catalina.core.StandardService.startInternal Démarrage du service [Catalina]
23-Aug-2026 16:59:29.524 INFOS [main] org.apache.catalina.core.StandardEngine.startInternal Démarrage du moteur de Servlets : [Apache Tomcat/10.1.42]
23-Aug-2026 16:59:29.547 INFOS [main] org.apache.catalina.startup.HostConfig.deployDescriptor Déploiement du descripteur de configuration [C:\Users\HP\Desktop\samasuker\.smarttomcat\conf\Catalina\localhost\MDD.xml]
23-Aug-2026 16:59:33.742 INFOS [main] org.apache.jasper.servlet.TldScanner.scanJars Au moins un fichier JAR a été analysé pour trouver des TLDs mais il n'en contenait pas, le mode "debug" du journal peut être activé pour obtenir une liste complète de JAR scannés sans succès ; éviter d'analyser des JARs inutilement peut améliorer sensiblement le temps de démarrage et le temps de compilation des JSPs
23-Aug-2026 16:59:33.863 INFOS [main] org.apache.catalina.startup.HostConfig.deployDescriptor Le traitement du descripteur de déploiement [C:\Users\HP\Desktop\samasuker\.smarttomcat\conf\Catalina\localhost\MDD.xml] a pris [4 313] ms
23-Aug-2026 16:59:33.864 INFOS [main] org.apache.catalina.startup.HostConfig.deployDescriptor Déploiement du descripteur de configuration [C:\Users\HP\Desktop\samasuker\.smarttomcat\conf\Catalina\localhost\ROOT.xml]
23-Aug-2026 16:59:36.583 INFOS [main] org.apache.jasper.servlet.TldScanner.scanJars Au moins un fichier JAR a été analysé pour trouver des TLDs mais il n'en contenait pas, le mode "debug" du journal peut être activé pour obtenir une liste complète de JAR scannés sans succès ; éviter d'analyser des JARs inutilement peut améliorer sensiblement le temps de démarrage et le temps de compilation des JSPs
23-Aug-2026 16:59:36.650 INFOS [main] org.apache.catalina.startup.HostConfig.deployDescriptor Le traitement du descripteur de déploiement [C:\Users\HP\Desktop\samasuker\.smarttomcat\conf\Catalina\localhost\ROOT.xml] a pris [2 786] ms
23-Aug-2026 16:59:36.661 INFOS [main] org.apache.coyote.AbstractProtocol.start Démarrage du gestionnaire de protocole ["http-nio-8080"]
23-Aug-2026 16:59:36.711 INFOS [main] org.apache.catalina.startup.Catalina.start Le démarrage du serveur a pris [7285] millisecondes
23-Aug-2026 17:01:06.373 INFOS [Thread-1] org.apache.coyote.AbstractProtocol.pause Le gestionnaire de protocole ["http-nio-8080"] est mis en pause
23-Aug-2026 17:01:06.389 INFOS [Thread-1] org.apache.catalina.core.StandardService.stopInternal Arrêt du service [Catalina]
23-Aug-2026 17:01:06.411 INFOS [Thread-1] org.apache.coyote.AbstractProtocol.stop Arrêt du gestionnaire de protocole ["http-nio-8080"]
23-Aug-2026 17:01:06.424 INFOS [Thread-1] org.apache.coyote.AbstractProtocol.destroy Destruction du gestionnaire de protocole ["http-nio-8080"]
23-Aug-2026 17:01:12.448 INFOS [main] org.apache.catalina.startup.VersionLoggerListener.log Nom version serveur :              Apache Tomcat/10.1.42
23-Aug-2026 17:01:12.452 INFOS [main] org.apache.catalina.startup.VersionLoggerListener.log Serveur compilé :                  Jun 5 2025 22:35:46 UTC
23-Aug-2026 17:01:12.452 INFOS [main] org.apache.catalina.startup.VersionLoggerListener.log Version du serveur :               10.1.42.0
23-Aug-2026 17:01:12.452 INFOS [main] org.apache.catalina.startup.VersionLoggerListener.log Nom de l'OS :                      Windows 11
23-Aug-2026 17:01:12.452 INFOS [main] org.apache.catalina.startup.VersionLoggerListener.log Version OS :                       10.0
23-Aug-2026 17:01:12.452 INFOS [main] org.apache.catalina.startup.VersionLoggerListener.log Architecture :                     amd64
23-Aug-2026 17:01:12.452 INFOS [main] org.apache.catalina.startup.VersionLoggerListener.log Java Home :                        C:\Users\HP\.jdks\jbrsdk_jcef-21.0.9
23-Aug-2026 17:01:12.452 INFOS [main] org.apache.catalina.startup.VersionLoggerListener.log Version JVM :                      21.0.9+1-b1038.75
23-Aug-2026 17:01:12.452 INFOS [main] org.apache.catalina.startup.VersionLoggerListener.log Fournisseur de la JVM :            JetBrains s.r.o.
23-Aug-2026 17:01:12.453 INFOS [main] org.apache.catalina.startup.VersionLoggerListener.log CATALINA_BASE :                    C:\Users\HP\Desktop\samasuker\.smarttomcat
23-Aug-2026 17:01:12.453 INFOS [main] org.apache.catalina.startup.VersionLoggerListener.log CATALINA_HOME :                    C:\Users\HP\Desktop\apache-tomcat-10.1.42
23-Aug-2026 17:01:12.466 INFOS [main] org.apache.catalina.startup.VersionLoggerListener.log Argument de la ligne de commande : --add-opens=java.base/java.lang=ALL-UNNAMED
23-Aug-2026 17:01:12.466 INFOS [main] org.apache.catalina.startup.VersionLoggerListener.log Argument de la ligne de commande : --add-opens=java.base/java.io=ALL-UNNAMED
23-Aug-2026 17:01:12.466 INFOS [main] org.apache.catalina.startup.VersionLoggerListener.log Argument de la ligne de commande : --add-opens=java.base/java.util=ALL-UNNAMED
23-Aug-2026 17:01:12.467 INFOS [main] org.apache.catalina.startup.VersionLoggerListener.log Argument de la ligne de commande : --add-opens=java.base/java.util.concurrent=ALL-UNNAMED
23-Aug-2026 17:01:12.467 INFOS [main] org.apache.catalina.startup.VersionLoggerListener.log Argument de la ligne de commande : --add-opens=java.rmi/sun.rmi.transport=ALL-UNNAMED
23-Aug-2026 17:01:12.467 INFOS [main] org.apache.catalina.startup.VersionLoggerListener.log Argument de la ligne de commande : -Dcatalina.home=C:\Users\HP\Desktop\apache-tomcat-10.1.42
23-Aug-2026 17:01:12.467 INFOS [main] org.apache.catalina.startup.VersionLoggerListener.log Argument de la ligne de commande : -Dcatalina.base=C:\Users\HP\Desktop\samasuker\.smarttomcat
23-Aug-2026 17:01:12.467 INFOS [main] org.apache.catalina.startup.VersionLoggerListener.log Argument de la ligne de commande : -Djava.io.tmpdir=C:\Users\HP\Desktop\samasuker\.smarttomcat\temp
23-Aug-2026 17:01:12.467 INFOS [main] org.apache.catalina.startup.VersionLoggerListener.log Argument de la ligne de commande : -Djava.util.logging.config.file=C:\Users\HP\Desktop\samasuker\.smarttomcat\conf\logging.properties
23-Aug-2026 17:01:12.467 INFOS [main] org.apache.catalina.startup.VersionLoggerListener.log Argument de la ligne de commande : -Djava.util.logging.manager=org.apache.juli.ClassLoaderLogManager
23-Aug-2026 17:01:12.467 INFOS [main] org.apache.catalina.startup.VersionLoggerListener.log Argument de la ligne de commande : -javaagent:C:\Program Files\JetBrains\IntelliJ IDEA 2025.2.2\lib\idea_rt.jar=51666
23-Aug-2026 17:01:12.467 INFOS [main] org.apache.catalina.startup.VersionLoggerListener.log Argument de la ligne de commande : -Dfile.encoding=UTF-8
23-Aug-2026 17:01:12.467 INFOS [main] org.apache.catalina.startup.VersionLoggerListener.log Argument de la ligne de commande : -Dsun.stdout.encoding=UTF-8
23-Aug-2026 17:01:12.468 INFOS [main] org.apache.catalina.startup.VersionLoggerListener.log Argument de la ligne de commande : -Dsun.stderr.encoding=UTF-8
23-Aug-2026 17:01:12.523 INFOS [main] org.apache.catalina.core.AprLifecycleListener.lifecycleEvent Chargement de la librairie Apache Tomcat Native [2.0.9] en utilisant APR version [1.7.6]
23-Aug-2026 17:01:12.531 INFOS [main] org.apache.catalina.core.AprLifecycleListener.initializeSSL OpenSSL a été initialisé avec succès [OpenSSL 3.5.0 8 Apr 2025]
23-Aug-2026 17:01:13.029 INFOS [main] org.apache.coyote.AbstractProtocol.init Initialisation du gestionnaire de protocole ["http-nio-8080"]
23-Aug-2026 17:01:13.059 INFOS [main] org.apache.catalina.startup.Catalina.load L'initialisation du serveur a pris [962] millisecondes
23-Aug-2026 17:01:13.168 INFOS [main] org.apache.catalina.core.StandardService.startInternal Démarrage du service [Catalina]
23-Aug-2026 17:01:13.168 INFOS [main] org.apache.catalina.core.StandardEngine.startInternal Démarrage du moteur de Servlets : [Apache Tomcat/10.1.42]
23-Aug-2026 17:01:13.191 INFOS [main] org.apache.catalina.startup.HostConfig.deployDescriptor Déploiement du descripteur de configuration [C:\Users\HP\Desktop\samasuker\.smarttomcat\conf\Catalina\localhost\MDD.xml]
23-Aug-2026 17:01:18.741 INFOS [main] org.apache.jasper.servlet.TldScanner.scanJars Au moins un fichier JAR a été analysé pour trouver des TLDs mais il n'en contenait pas, le mode "debug" du journal peut être activé pour obtenir une liste complète de JAR scannés sans succès ; éviter d'analyser des JARs inutilement peut améliorer sensiblement le temps de démarrage et le temps de compilation des JSPs
23-Aug-2026 17:01:18.874 INFOS [main] org.apache.catalina.startup.HostConfig.deployDescriptor Le traitement du descripteur de déploiement [C:\Users\HP\Desktop\samasuker\.smarttomcat\conf\Catalina\localhost\MDD.xml] a pris [5 678] ms
23-Aug-2026 17:01:18.874 INFOS [main] org.apache.catalina.startup.HostConfig.deployDescriptor Déploiement du descripteur de configuration [C:\Users\HP\Desktop\samasuker\.smarttomcat\conf\Catalina\localhost\ROOT.xml]
23-Aug-2026 17:01:23.449 INFOS [main] org.apache.jasper.servlet.TldScanner.scanJars Au moins un fichier JAR a été analysé pour trouver des TLDs mais il n'en contenait pas, le mode "debug" du journal peut être activé pour obtenir une liste complète de JAR scannés sans succès ; éviter d'analyser des JARs inutilement peut améliorer sensiblement le temps de démarrage et le temps de compilation des JSPs
23-Aug-2026 17:01:23.502 INFOS [main] org.apache.catalina.startup.HostConfig.deployDescriptor Le traitement du descripteur de déploiement [C:\Users\HP\Desktop\samasuker\.smarttomcat\conf\Catalina\localhost\ROOT.xml] a pris [4 627] ms
23-Aug-2026 17:01:23.510 INFOS [main] org.apache.coyote.AbstractProtocol.start Démarrage du gestionnaire de protocole ["http-nio-8080"]
23-Aug-2026 17:01:23.552 INFOS [main] org.apache.catalina.startup.Catalina.start Le démarrage du serveur a pris [10491] millisecondes
23-Aug-2026 17:01:34.615 INFO [http-nio-8080-exec-3] org.hibernate.jpa.internal.util.LogHelper.logPersistenceUnitInformation HHH000204: Processing PersistenceUnitInfo [name: glycemiePU]
23-Aug-2026 17:01:34.949 INFO [http-nio-8080-exec-3] org.hibernate.Version.logVersion HHH000412: Hibernate ORM core version 6.2.7.Final
23-Aug-2026 17:01:34.957 INFO [http-nio-8080-exec-3] org.hibernate.cfg.Environment.<clinit> HHH000406: Using bytecode reflection optimizer
23-Aug-2026 17:01:36.027 WARN [http-nio-8080-exec-3] org.hibernate.engine.jdbc.connections.internal.DriverManagerConnectionProviderImpl.configure HHH10001002: Using built-in connection pool (not intended for production use)
23-Aug-2026 17:01:36.042 INFO [http-nio-8080-exec-3] org.hibernate.engine.jdbc.connections.internal.DriverManagerConnectionProviderImpl.buildCreator HHH10001005: Loaded JDBC driver class: com.mysql.cj.jdbc.Driver
23-Aug-2026 17:01:36.043 INFO [http-nio-8080-exec-3] org.hibernate.engine.jdbc.connections.internal.DriverManagerConnectionProviderImpl.buildCreator HHH10001012: Connecting with JDBC URL [jdbc:mysql://localhost:3306/suivi_glycemie_db?useSSL=false&serverTimezone=UTC]
23-Aug-2026 17:01:36.043 INFO [http-nio-8080-exec-3] org.hibernate.engine.jdbc.connections.internal.DriverManagerConnectionProviderImpl.buildCreator HHH10001001: Connection properties: {password=****, user=root}
23-Aug-2026 17:01:36.043 INFO [http-nio-8080-exec-3] org.hibernate.engine.jdbc.connections.internal.DriverManagerConnectionProviderImpl.buildCreator HHH10001003: Autocommit mode: false
23-Aug-2026 17:01:36.056 INFO [http-nio-8080-exec-3] org.hibernate.engine.jdbc.connections.internal.DriverManagerConnectionProviderImpl$PooledConnections.<init> HHH10001115: Connection pool size: 20 (min=1)
23-Aug-2026 17:01:36.788 WARN [http-nio-8080-exec-3] org.hibernate.dialect.Dialect.checkVersion HHH000511: The 5.6.17 version for [org.hibernate.dialect.MySQLDialect] is no longer supported, hence certain features may not work properly. The minimum supported version is 5.7.0. Check the community dialects project for available legacy versions.
23-Aug-2026 17:01:38.034 INFO [http-nio-8080-exec-3] org.hibernate.bytecode.internal.BytecodeProviderInitiator.buildBytecodeProvider HHH000021: Bytecode provider name : bytebuddy
23-Aug-2026 17:01:42.276 INFO [http-nio-8080-exec-3] org.hibernate.engine.transaction.jta.platform.internal.JtaPlatformInitiator.initiateService HHH000490: Using JtaPlatform implementation: [org.hibernate.engine.transaction.jta.platform.internal.NoJtaPlatform]
23-Aug-2026 17:01:42.415 INFO [http-nio-8080-exec-3] org.hibernate.resource.transaction.backend.jdbc.internal.DdlTransactionIsolatorNonJtaImpl.getIsolatedConnection HHH10001501: Connection obtained from JdbcConnectionAccess [org.hibernate.engine.jdbc.env.internal.JdbcEnvironmentInitiator$ConnectionProviderJdbcConnectionAccess@72464637] for (non-JTA) DDL execution was not in auto-commit mode; the Connection 'local transaction' will be committed and the Connection will be set into auto-commit mode.
23-Aug-2026 17:01:44.419 INFO [http-nio-8080-exec-4] org.hibernate.jpa.internal.util.LogHelper.logPersistenceUnitInformation HHH000204: Processing PersistenceUnitInfo [name: glycemiePU]
23-Aug-2026 17:01:44.500 WARN [http-nio-8080-exec-4] org.hibernate.engine.jdbc.connections.internal.DriverManagerConnectionProviderImpl.configure HHH10001002: Using built-in connection pool (not intended for production use)
23-Aug-2026 17:01:44.500 INFO [http-nio-8080-exec-4] org.hibernate.engine.jdbc.connections.internal.DriverManagerConnectionProviderImpl.buildCreator HHH10001005: Loaded JDBC driver class: com.mysql.cj.jdbc.Driver
23-Aug-2026 17:01:44.500 INFO [http-nio-8080-exec-4] org.hibernate.engine.jdbc.connections.internal.DriverManagerConnectionProviderImpl.buildCreator HHH10001012: Connecting with JDBC URL [jdbc:mysql://localhost:3306/suivi_glycemie_db?useSSL=false&serverTimezone=UTC]
23-Aug-2026 17:01:44.500 INFO [http-nio-8080-exec-4] org.hibernate.engine.jdbc.connections.internal.DriverManagerConnectionProviderImpl.buildCreator HHH10001001: Connection properties: {password=****, user=root}
23-Aug-2026 17:01:44.500 INFO [http-nio-8080-exec-4] org.hibernate.engine.jdbc.connections.internal.DriverManagerConnectionProviderImpl.buildCreator HHH10001003: Autocommit mode: false
23-Aug-2026 17:01:44.500 INFO [http-nio-8080-exec-4] org.hibernate.engine.jdbc.connections.internal.DriverManagerConnectionProviderImpl$PooledConnections.<init> HHH10001115: Connection pool size: 20 (min=1)
23-Aug-2026 17:01:44.508 WARN [http-nio-8080-exec-4] org.hibernate.dialect.Dialect.checkVersion HHH000511: The 5.6.17 version for [org.hibernate.dialect.MySQLDialect] is no longer supported, hence certain features may not work properly. The minimum supported version is 5.7.0. Check the community dialects project for available legacy versions.
23-Aug-2026 17:01:44.543 INFO [http-nio-8080-exec-4] org.hibernate.bytecode.internal.BytecodeProviderInitiator.buildBytecodeProvider HHH000021: Bytecode provider name : bytebuddy
23-Aug-2026 17:01:44.684 INFO [http-nio-8080-exec-4] org.hibernate.engine.transaction.jta.platform.internal.JtaPlatformInitiator.initiateService HHH000490: Using JtaPlatform implementation: [org.hibernate.engine.transaction.jta.platform.internal.NoJtaPlatform]
23-Aug-2026 17:01:44.685 INFO [http-nio-8080-exec-4] org.hibernate.resource.transaction.backend.jdbc.internal.DdlTransactionIsolatorNonJtaImpl.getIsolatedConnection HHH10001501: Connection obtained from JdbcConnectionAccess [org.hibernate.engine.jdbc.env.internal.JdbcEnvironmentInitiator$ConnectionProviderJdbcConnectionAccess@550e717e] for (non-JTA) DDL execution was not in auto-commit mode; the Connection 'local transaction' will be committed and the Connection will be set into auto-commit mode.
23-Aug-2026 17:02:01.630 INFO [http-nio-8080-exec-6] org.hibernate.jpa.internal.util.LogHelper.logPersistenceUnitInformation HHH000204: Processing PersistenceUnitInfo [name: glycemiePU]
23-Aug-2026 17:02:01.715 WARN [http-nio-8080-exec-6] org.hibernate.engine.jdbc.connections.internal.DriverManagerConnectionProviderImpl.configure HHH10001002: Using built-in connection pool (not intended for production use)
23-Aug-2026 17:02:01.715 INFO [http-nio-8080-exec-6] org.hibernate.engine.jdbc.connections.internal.DriverManagerConnectionProviderImpl.buildCreator HHH10001005: Loaded JDBC driver class: com.mysql.cj.jdbc.Driver
23-Aug-2026 17:02:01.715 INFO [http-nio-8080-exec-6] org.hibernate.engine.jdbc.connections.internal.DriverManagerConnectionProviderImpl.buildCreator HHH10001012: Connecting with JDBC URL [jdbc:mysql://localhost:3306/suivi_glycemie_db?useSSL=false&serverTimezone=UTC]
23-Aug-2026 17:02:01.715 INFO [http-nio-8080-exec-6] org.hibernate.engine.jdbc.connections.internal.DriverManagerConnectionProviderImpl.buildCreator HHH10001001: Connection properties: {password=****, user=root}
23-Aug-2026 17:02:01.715 INFO [http-nio-8080-exec-6] org.hibernate.engine.jdbc.connections.internal.DriverManagerConnectionProviderImpl.buildCreator HHH10001003: Autocommit mode: false
23-Aug-2026 17:02:01.715 INFO [http-nio-8080-exec-6] org.hibernate.engine.jdbc.connections.internal.DriverManagerConnectionProviderImpl$PooledConnections.<init> HHH10001115: Connection pool size: 20 (min=1)
23-Aug-2026 17:02:01.715 WARN [http-nio-8080-exec-6] org.hibernate.dialect.Dialect.checkVersion HHH000511: The 5.6.17 version for [org.hibernate.dialect.MySQLDialect] is no longer supported, hence certain features may not work properly. The minimum supported version is 5.7.0. Check the community dialects project for available legacy versions.
23-Aug-2026 17:02:01.746 INFO [http-nio-8080-exec-6] org.hibernate.bytecode.internal.BytecodeProviderInitiator.buildBytecodeProvider HHH000021: Bytecode provider name : bytebuddy
23-Aug-2026 17:02:01.847 INFO [http-nio-8080-exec-6] org.hibernate.engine.transaction.jta.platform.internal.JtaPlatformInitiator.initiateService HHH000490: Using JtaPlatform implementation: [org.hibernate.engine.transaction.jta.platform.internal.NoJtaPlatform]
23-Aug-2026 17:02:01.847 INFO [http-nio-8080-exec-6] org.hibernate.resource.transaction.backend.jdbc.internal.DdlTransactionIsolatorNonJtaImpl.getIsolatedConnection HHH10001501: Connection obtained from JdbcConnectionAccess [org.hibernate.engine.jdbc.env.internal.JdbcEnvironmentInitiator$ConnectionProviderJdbcConnectionAccess@2675ecc6] for (non-JTA) DDL execution was not in auto-commit mode; the Connection 'local transaction' will be committed and the Connection will be set into auto-commit mode.
23-Aug-2026 17:04:54.953 INFOS [Thread-1] org.apache.coyote.AbstractProtocol.pause Le gestionnaire de protocole ["http-nio-8080"] est mis en pause
23-Aug-2026 17:04:54.970 INFOS [Thread-1] org.apache.catalina.core.StandardService.stopInternal Arrêt du service [Catalina]
23-Aug-2026 17:04:54.984 AVERTISSEMENT [Thread-1] org.apache.catalina.loader.WebappClassLoaderBase.clearReferencesJdbc L'application web [ROOT] a enregistré un pilote JDBC [com.mysql.cj.jdbc.Driver], mais ne l'a pas désenregistré avant l'arrêt de l'application.  Pour éviter une fuite de mémoire, le pilote JDBC a été désenregistré de force.
23-Aug-2026 17:04:54.986 AVERTISSEMENT [Thread-1] org.apache.catalina.loader.WebappClassLoaderBase.clearReferencesThreads L'application web [ROOT] semble avoir démarré un thread nommé [mysql-cj-abandoned-connection-cleanup] mais ne l'a pas arrêté, ce qui va probablement créer une fuite de mémoire ; la trace du thread est : 
 java.base/jdk.internal.misc.Unsafe.park(Native Method)
 java.base/java.util.concurrent.locks.LockSupport.parkNanos(LockSupport.java:269)
 java.base/java.util.concurrent.locks.AbstractQueuedSynchronizer$ConditionObject.await(AbstractQueuedSynchronizer.java:1886)
 java.base/java.lang.ref.ReferenceQueue.await(ReferenceQueue.java:71)
 java.base/java.lang.ref.ReferenceQueue.remove0(ReferenceQueue.java:143)
 java.base/java.lang.ref.ReferenceQueue.remove(ReferenceQueue.java:218)
 com.mysql.cj.jdbc.AbandonedConnectionCleanupThread.run(AbandonedConnectionCleanupThread.java:93)
 java.base/java.util.concurrent.ThreadPoolExecutor.runWorker(ThreadPoolExecutor.java:1144)
 java.base/java.util.concurrent.ThreadPoolExecutor$Worker.run(ThreadPoolExecutor.java:642)
 java.base/java.lang.Thread.run(Thread.java:1583)
23-Aug-2026 17:04:54.986 AVERTISSEMENT [Thread-1] org.apache.catalina.loader.WebappClassLoaderBase.clearReferencesThreads L'application web [ROOT] semble avoir démarré un thread nommé [Hibernate Connection Pool Validation Thread] mais ne l'a pas arrêté, ce qui va probablement créer une fuite de mémoire ; la trace du thread est : 
 java.base/jdk.internal.misc.Unsafe.park(Native Method)
 java.base/java.util.concurrent.locks.LockSupport.parkNanos(LockSupport.java:269)
 java.base/java.util.concurrent.locks.AbstractQueuedSynchronizer$ConditionObject.awaitNanos(AbstractQueuedSynchronizer.java:1797)
 java.base/java.util.concurrent.ScheduledThreadPoolExecutor$DelayedWorkQueue.take(ScheduledThreadPoolExecutor.java:1182)
 java.base/java.util.concurrent.ScheduledThreadPoolExecutor$DelayedWorkQueue.take(ScheduledThreadPoolExecutor.java:899)
 java.base/java.util.concurrent.ThreadPoolExecutor.getTask(ThreadPoolExecutor.java:1070)
 java.base/java.util.concurrent.ThreadPoolExecutor.runWorker(ThreadPoolExecutor.java:1130)
 java.base/java.util.concurrent.ThreadPoolExecutor$Worker.run(ThreadPoolExecutor.java:642)
 java.base/java.lang.Thread.run(Thread.java:1583)
23-Aug-2026 17:04:54.986 AVERTISSEMENT [Thread-1] org.apache.catalina.loader.WebappClassLoaderBase.clearReferencesThreads L'application web [ROOT] semble avoir démarré un thread nommé [Hibernate Connection Pool Validation Thread] mais ne l'a pas arrêté, ce qui va probablement créer une fuite de mémoire ; la trace du thread est : 
 java.base/jdk.internal.misc.Unsafe.park(Native Method)
 java.base/java.util.concurrent.locks.LockSupport.parkNanos(LockSupport.java:269)
 java.base/java.util.concurrent.locks.AbstractQueuedSynchronizer$ConditionObject.awaitNanos(AbstractQueuedSynchronizer.java:1797)
 java.base/java.util.concurrent.ScheduledThreadPoolExecutor$DelayedWorkQueue.take(ScheduledThreadPoolExecutor.java:1182)
 java.base/java.util.concurrent.ScheduledThreadPoolExecutor$DelayedWorkQueue.take(ScheduledThreadPoolExecutor.java:899)
 java.base/java.util.concurrent.ThreadPoolExecutor.getTask(ThreadPoolExecutor.java:1070)
 java.base/java.util.concurrent.ThreadPoolExecutor.runWorker(ThreadPoolExecutor.java:1130)
 java.base/java.util.concurrent.ThreadPoolExecutor$Worker.run(ThreadPoolExecutor.java:642)
 java.base/java.lang.Thread.run(Thread.java:1583)
23-Aug-2026 17:04:54.987 AVERTISSEMENT [Thread-1] org.apache.catalina.loader.WebappClassLoaderBase.clearReferencesThreads L'application web [ROOT] semble avoir démarré un thread nommé [Hibernate Connection Pool Validation Thread] mais ne l'a pas arrêté, ce qui va probablement créer une fuite de mémoire ; la trace du thread est : 
 java.base/jdk.internal.misc.Unsafe.park(Native Method)
 java.base/java.util.concurrent.locks.LockSupport.parkNanos(LockSupport.java:269)
 java.base/java.util.concurrent.locks.AbstractQueuedSynchronizer$ConditionObject.awaitNanos(AbstractQueuedSynchronizer.java:1797)
 java.base/java.util.concurrent.ScheduledThreadPoolExecutor$DelayedWorkQueue.take(ScheduledThreadPoolExecutor.java:1182)
 java.base/java.util.concurrent.ScheduledThreadPoolExecutor$DelayedWorkQueue.take(ScheduledThreadPoolExecutor.java:899)
 java.base/java.util.concurrent.ThreadPoolExecutor.getTask(ThreadPoolExecutor.java:1070)
 java.base/java.util.concurrent.ThreadPoolExecutor.runWorker(ThreadPoolExecutor.java:1130)
 java.base/java.util.concurrent.ThreadPoolExecutor$Worker.run(ThreadPoolExecutor.java:642)
 java.base/java.lang.Thread.run(Thread.java:1583)
23-Aug-2026 17:04:55.008 INFOS [Thread-1] org.apache.coyote.AbstractProtocol.stop Arrêt du gestionnaire de protocole ["http-nio-8080"]
23-Aug-2026 17:04:55.016 INFOS [Thread-1] org.apache.coyote.AbstractProtocol.destroy Destruction du gestionnaire de protocole ["http-nio-8080"]
23-Aug-2026 17:04:57.829 INFOS [main] org.apache.catalina.startup.VersionLoggerListener.log Nom version serveur :              Apache Tomcat/10.1.42
23-Aug-2026 17:04:57.836 INFOS [main] org.apache.catalina.startup.VersionLoggerListener.log Serveur compilé :                  Jun 5 2025 22:35:46 UTC
23-Aug-2026 17:04:57.837 INFOS [main] org.apache.catalina.startup.VersionLoggerListener.log Version du serveur :               10.1.42.0
23-Aug-2026 17:04:57.837 INFOS [main] org.apache.catalina.startup.VersionLoggerListener.log Nom de l'OS :                      Windows 11
23-Aug-2026 17:04:57.837 INFOS [main] org.apache.catalina.startup.VersionLoggerListener.log Version OS :                       10.0
23-Aug-2026 17:04:57.838 INFOS [main] org.apache.catalina.startup.VersionLoggerListener.log Architecture :                     amd64
23-Aug-2026 17:04:57.838 INFOS [main] org.apache.catalina.startup.VersionLoggerListener.log Java Home :                        C:\Users\HP\.jdks\jbrsdk_jcef-21.0.9
23-Aug-2026 17:04:57.838 INFOS [main] org.apache.catalina.startup.VersionLoggerListener.log Version JVM :                      21.0.9+1-b1038.75
23-Aug-2026 17:04:57.838 INFOS [main] org.apache.catalina.startup.VersionLoggerListener.log Fournisseur de la JVM :            JetBrains s.r.o.
23-Aug-2026 17:04:57.838 INFOS [main] org.apache.catalina.startup.VersionLoggerListener.log CATALINA_BASE :                    C:\Users\HP\Desktop\samasuker\.smarttomcat
23-Aug-2026 17:04:57.838 INFOS [main] org.apache.catalina.startup.VersionLoggerListener.log CATALINA_HOME :                    C:\Users\HP\Desktop\apache-tomcat-10.1.42
23-Aug-2026 17:04:57.857 INFOS [main] org.apache.catalina.startup.VersionLoggerListener.log Argument de la ligne de commande : --add-opens=java.base/java.lang=ALL-UNNAMED
23-Aug-2026 17:04:57.857 INFOS [main] org.apache.catalina.startup.VersionLoggerListener.log Argument de la ligne de commande : --add-opens=java.base/java.io=ALL-UNNAMED
23-Aug-2026 17:04:57.858 INFOS [main] org.apache.catalina.startup.VersionLoggerListener.log Argument de la ligne de commande : --add-opens=java.base/java.util=ALL-UNNAMED
23-Aug-2026 17:04:57.858 INFOS [main] org.apache.catalina.startup.VersionLoggerListener.log Argument de la ligne de commande : --add-opens=java.base/java.util.concurrent=ALL-UNNAMED
23-Aug-2026 17:04:57.858 INFOS [main] org.apache.catalina.startup.VersionLoggerListener.log Argument de la ligne de commande : --add-opens=java.rmi/sun.rmi.transport=ALL-UNNAMED
23-Aug-2026 17:04:57.858 INFOS [main] org.apache.catalina.startup.VersionLoggerListener.log Argument de la ligne de commande : -Dcatalina.home=C:\Users\HP\Desktop\apache-tomcat-10.1.42
23-Aug-2026 17:04:57.858 INFOS [main] org.apache.catalina.startup.VersionLoggerListener.log Argument de la ligne de commande : -Dcatalina.base=C:\Users\HP\Desktop\samasuker\.smarttomcat
23-Aug-2026 17:04:57.858 INFOS [main] org.apache.catalina.startup.VersionLoggerListener.log Argument de la ligne de commande : -Djava.io.tmpdir=C:\Users\HP\Desktop\samasuker\.smarttomcat\temp
23-Aug-2026 17:04:57.858 INFOS [main] org.apache.catalina.startup.VersionLoggerListener.log Argument de la ligne de commande : -Djava.util.logging.config.file=C:\Users\HP\Desktop\samasuker\.smarttomcat\conf\logging.properties
23-Aug-2026 17:04:57.859 INFOS [main] org.apache.catalina.startup.VersionLoggerListener.log Argument de la ligne de commande : -Djava.util.logging.manager=org.apache.juli.ClassLoaderLogManager
23-Aug-2026 17:04:57.859 INFOS [main] org.apache.catalina.startup.VersionLoggerListener.log Argument de la ligne de commande : -javaagent:C:\Program Files\JetBrains\IntelliJ IDEA 2025.2.2\lib\idea_rt.jar=49199
23-Aug-2026 17:04:57.859 INFOS [main] org.apache.catalina.startup.VersionLoggerListener.log Argument de la ligne de commande : -Dfile.encoding=UTF-8
23-Aug-2026 17:04:57.859 INFOS [main] org.apache.catalina.startup.VersionLoggerListener.log Argument de la ligne de commande : -Dsun.stdout.encoding=UTF-8
23-Aug-2026 17:04:57.859 INFOS [main] org.apache.catalina.startup.VersionLoggerListener.log Argument de la ligne de commande : -Dsun.stderr.encoding=UTF-8
23-Aug-2026 17:04:57.865 INFOS [main] org.apache.catalina.core.AprLifecycleListener.lifecycleEvent Chargement de la librairie Apache Tomcat Native [2.0.9] en utilisant APR version [1.7.6]
23-Aug-2026 17:04:57.875 INFOS [main] org.apache.catalina.core.AprLifecycleListener.initializeSSL OpenSSL a été initialisé avec succès [OpenSSL 3.5.0 8 Apr 2025]
23-Aug-2026 17:04:58.446 INFOS [main] org.apache.coyote.AbstractProtocol.init Initialisation du gestionnaire de protocole ["http-nio-8080"]
23-Aug-2026 17:04:58.476 INFOS [main] org.apache.catalina.startup.Catalina.load L'initialisation du serveur a pris [1076] millisecondes
23-Aug-2026 17:04:58.604 INFOS [main] org.apache.catalina.core.StandardService.startInternal Démarrage du service [Catalina]
23-Aug-2026 17:04:58.604 INFOS [main] org.apache.catalina.core.StandardEngine.startInternal Démarrage du moteur de Servlets : [Apache Tomcat/10.1.42]
23-Aug-2026 17:04:58.631 INFOS [main] org.apache.catalina.startup.HostConfig.deployDescriptor Déploiement du descripteur de configuration [C:\Users\HP\Desktop\samasuker\.smarttomcat\conf\Catalina\localhost\MDD.xml]
23-Aug-2026 17:05:02.907 INFOS [main] org.apache.jasper.servlet.TldScanner.scanJars Au moins un fichier JAR a été analysé pour trouver des TLDs mais il n'en contenait pas, le mode "debug" du journal peut être activé pour obtenir une liste complète de JAR scannés sans succès ; éviter d'analyser des JARs inutilement peut améliorer sensiblement le temps de démarrage et le temps de compilation des JSPs
23-Aug-2026 17:05:03.057 INFOS [main] org.apache.catalina.startup.HostConfig.deployDescriptor Le traitement du descripteur de déploiement [C:\Users\HP\Desktop\samasuker\.smarttomcat\conf\Catalina\localhost\MDD.xml] a pris [4 421] ms
23-Aug-2026 17:05:03.058 INFOS [main] org.apache.catalina.startup.HostConfig.deployDescriptor Déploiement du descripteur de configuration [C:\Users\HP\Desktop\samasuker\.smarttomcat\conf\Catalina\localhost\ROOT.xml]
23-Aug-2026 17:05:06.191 INFOS [main] org.apache.jasper.servlet.TldScanner.scanJars Au moins un fichier JAR a été analysé pour trouver des TLDs mais il n'en contenait pas, le mode "debug" du journal peut être activé pour obtenir une liste complète de JAR scannés sans succès ; éviter d'analyser des JARs inutilement peut améliorer sensiblement le temps de démarrage et le temps de compilation des JSPs
23-Aug-2026 17:05:06.241 INFOS [main] org.apache.catalina.startup.HostConfig.deployDescriptor Le traitement du descripteur de déploiement [C:\Users\HP\Desktop\samasuker\.smarttomcat\conf\Catalina\localhost\ROOT.xml] a pris [3 183] ms
23-Aug-2026 17:05:06.250 INFOS [main] org.apache.coyote.AbstractProtocol.start Démarrage du gestionnaire de protocole ["http-nio-8080"]
23-Aug-2026 17:05:06.289 INFOS [main] org.apache.catalina.startup.Catalina.start Le démarrage du serveur a pris [7809] millisecondes
23-Aug-2026 17:05:17.567 INFO [http-nio-8080-exec-3] org.hibernate.jpa.internal.util.LogHelper.logPersistenceUnitInformation HHH000204: Processing PersistenceUnitInfo [name: glycemiePU]
23-Aug-2026 17:05:17.888 INFO [http-nio-8080-exec-3] org.hibernate.Version.logVersion HHH000412: Hibernate ORM core version 6.2.7.Final
23-Aug-2026 17:05:17.896 INFO [http-nio-8080-exec-3] org.hibernate.cfg.Environment.<clinit> HHH000406: Using bytecode reflection optimizer
23-Aug-2026 17:05:19.276 WARN [http-nio-8080-exec-3] org.hibernate.engine.jdbc.connections.internal.DriverManagerConnectionProviderImpl.configure HHH10001002: Using built-in connection pool (not intended for production use)
23-Aug-2026 17:05:19.295 INFO [http-nio-8080-exec-3] org.hibernate.engine.jdbc.connections.internal.DriverManagerConnectionProviderImpl.buildCreator HHH10001005: Loaded JDBC driver class: com.mysql.cj.jdbc.Driver
23-Aug-2026 17:05:19.295 INFO [http-nio-8080-exec-3] org.hibernate.engine.jdbc.connections.internal.DriverManagerConnectionProviderImpl.buildCreator HHH10001012: Connecting with JDBC URL [jdbc:mysql://localhost:3306/suivi_glycemie_db?useSSL=false&serverTimezone=UTC]
23-Aug-2026 17:05:19.295 INFO [http-nio-8080-exec-3] org.hibernate.engine.jdbc.connections.internal.DriverManagerConnectionProviderImpl.buildCreator HHH10001001: Connection properties: {password=****, user=root}
23-Aug-2026 17:05:19.296 INFO [http-nio-8080-exec-3] org.hibernate.engine.jdbc.connections.internal.DriverManagerConnectionProviderImpl.buildCreator HHH10001003: Autocommit mode: false
23-Aug-2026 17:05:19.313 INFO [http-nio-8080-exec-3] org.hibernate.engine.jdbc.connections.internal.DriverManagerConnectionProviderImpl$PooledConnections.<init> HHH10001115: Connection pool size: 20 (min=1)
23-Aug-2026 17:05:20.346 WARN [http-nio-8080-exec-3] org.hibernate.dialect.Dialect.checkVersion HHH000511: The 5.6.17 version for [org.hibernate.dialect.MySQLDialect] is no longer supported, hence certain features may not work properly. The minimum supported version is 5.7.0. Check the community dialects project for available legacy versions.
23-Aug-2026 17:05:21.659 INFO [http-nio-8080-exec-3] org.hibernate.bytecode.internal.BytecodeProviderInitiator.buildBytecodeProvider HHH000021: Bytecode provider name : bytebuddy
23-Aug-2026 17:05:25.765 INFO [http-nio-8080-exec-3] org.hibernate.engine.transaction.jta.platform.internal.JtaPlatformInitiator.initiateService HHH000490: Using JtaPlatform implementation: [org.hibernate.engine.transaction.jta.platform.internal.NoJtaPlatform]
23-Aug-2026 17:05:25.892 INFO [http-nio-8080-exec-3] org.hibernate.resource.transaction.backend.jdbc.internal.DdlTransactionIsolatorNonJtaImpl.getIsolatedConnection HHH10001501: Connection obtained from JdbcConnectionAccess [org.hibernate.engine.jdbc.env.internal.JdbcEnvironmentInitiator$ConnectionProviderJdbcConnectionAccess@73617af1] for (non-JTA) DDL execution was not in auto-commit mode; the Connection 'local transaction' will be committed and the Connection will be set into auto-commit mode.
23-Aug-2026 17:05:27.784 INFO [http-nio-8080-exec-4] org.hibernate.jpa.internal.util.LogHelper.logPersistenceUnitInformation HHH000204: Processing PersistenceUnitInfo [name: glycemiePU]
23-Aug-2026 17:05:27.850 WARN [http-nio-8080-exec-4] org.hibernate.engine.jdbc.connections.internal.DriverManagerConnectionProviderImpl.configure HHH10001002: Using built-in connection pool (not intended for production use)
23-Aug-2026 17:05:27.850 INFO [http-nio-8080-exec-4] org.hibernate.engine.jdbc.connections.internal.DriverManagerConnectionProviderImpl.buildCreator HHH10001005: Loaded JDBC driver class: com.mysql.cj.jdbc.Driver
23-Aug-2026 17:05:27.850 INFO [http-nio-8080-exec-4] org.hibernate.engine.jdbc.connections.internal.DriverManagerConnectionProviderImpl.buildCreator HHH10001012: Connecting with JDBC URL [jdbc:mysql://localhost:3306/suivi_glycemie_db?useSSL=false&serverTimezone=UTC]
23-Aug-2026 17:05:27.851 INFO [http-nio-8080-exec-4] org.hibernate.engine.jdbc.connections.internal.DriverManagerConnectionProviderImpl.buildCreator HHH10001001: Connection properties: {password=****, user=root}
23-Aug-2026 17:05:27.851 INFO [http-nio-8080-exec-4] org.hibernate.engine.jdbc.connections.internal.DriverManagerConnectionProviderImpl.buildCreator HHH10001003: Autocommit mode: false
23-Aug-2026 17:05:27.851 INFO [http-nio-8080-exec-4] org.hibernate.engine.jdbc.connections.internal.DriverManagerConnectionProviderImpl$PooledConnections.<init> HHH10001115: Connection pool size: 20 (min=1)
23-Aug-2026 17:05:27.858 WARN [http-nio-8080-exec-4] org.hibernate.dialect.Dialect.checkVersion HHH000511: The 5.6.17 version for [org.hibernate.dialect.MySQLDialect] is no longer supported, hence certain features may not work properly. The minimum supported version is 5.7.0. Check the community dialects project for available legacy versions.
23-Aug-2026 17:05:27.894 INFO [http-nio-8080-exec-4] org.hibernate.bytecode.internal.BytecodeProviderInitiator.buildBytecodeProvider HHH000021: Bytecode provider name : bytebuddy
23-Aug-2026 17:05:28.019 INFO [http-nio-8080-exec-4] org.hibernate.engine.transaction.jta.platform.internal.JtaPlatformInitiator.initiateService HHH000490: Using JtaPlatform implementation: [org.hibernate.engine.transaction.jta.platform.internal.NoJtaPlatform]
23-Aug-2026 17:05:28.021 INFO [http-nio-8080-exec-4] org.hibernate.resource.transaction.backend.jdbc.internal.DdlTransactionIsolatorNonJtaImpl.getIsolatedConnection HHH10001501: Connection obtained from JdbcConnectionAccess [org.hibernate.engine.jdbc.env.internal.JdbcEnvironmentInitiator$ConnectionProviderJdbcConnectionAccess@7b544378] for (non-JTA) DDL execution was not in auto-commit mode; the Connection 'local transaction' will be committed and the Connection will be set into auto-commit mode.
23-Aug-2026 17:05:42.825 INFO [http-nio-8080-exec-6] org.hibernate.jpa.internal.util.LogHelper.logPersistenceUnitInformation HHH000204: Processing PersistenceUnitInfo [name: glycemiePU]
23-Aug-2026 17:05:42.901 WARN [http-nio-8080-exec-6] org.hibernate.engine.jdbc.connections.internal.DriverManagerConnectionProviderImpl.configure HHH10001002: Using built-in connection pool (not intended for production use)
23-Aug-2026 17:05:42.903 INFO [http-nio-8080-exec-6] org.hibernate.engine.jdbc.connections.internal.DriverManagerConnectionProviderImpl.buildCreator HHH10001005: Loaded JDBC driver class: com.mysql.cj.jdbc.Driver
23-Aug-2026 17:05:42.903 INFO [http-nio-8080-exec-6] org.hibernate.engine.jdbc.connections.internal.DriverManagerConnectionProviderImpl.buildCreator HHH10001012: Connecting with JDBC URL [jdbc:mysql://localhost:3306/suivi_glycemie_db?useSSL=false&serverTimezone=UTC]
23-Aug-2026 17:05:42.903 INFO [http-nio-8080-exec-6] org.hibernate.engine.jdbc.connections.internal.DriverManagerConnectionProviderImpl.buildCreator HHH10001001: Connection properties: {password=****, user=root}
23-Aug-2026 17:05:42.903 INFO [http-nio-8080-exec-6] org.hibernate.engine.jdbc.connections.internal.DriverManagerConnectionProviderImpl.buildCreator HHH10001003: Autocommit mode: false
23-Aug-2026 17:05:42.903 INFO [http-nio-8080-exec-6] org.hibernate.engine.jdbc.connections.internal.DriverManagerConnectionProviderImpl$PooledConnections.<init> HHH10001115: Connection pool size: 20 (min=1)
23-Aug-2026 17:05:42.914 WARN [http-nio-8080-exec-6] org.hibernate.dialect.Dialect.checkVersion HHH000511: The 5.6.17 version for [org.hibernate.dialect.MySQLDialect] is no longer supported, hence certain features may not work properly. The minimum supported version is 5.7.0. Check the community dialects project for available legacy versions.
23-Aug-2026 17:05:42.953 INFO [http-nio-8080-exec-6] org.hibernate.bytecode.internal.BytecodeProviderInitiator.buildBytecodeProvider HHH000021: Bytecode provider name : bytebuddy
23-Aug-2026 17:05:43.043 INFO [http-nio-8080-exec-6] org.hibernate.engine.transaction.jta.platform.internal.JtaPlatformInitiator.initiateService HHH000490: Using JtaPlatform implementation: [org.hibernate.engine.transaction.jta.platform.internal.NoJtaPlatform]
23-Aug-2026 17:05:43.044 INFO [http-nio-8080-exec-6] org.hibernate.resource.transaction.backend.jdbc.internal.DdlTransactionIsolatorNonJtaImpl.getIsolatedConnection HHH10001501: Connection obtained from JdbcConnectionAccess [org.hibernate.engine.jdbc.env.internal.JdbcEnvironmentInitiator$ConnectionProviderJdbcConnectionAccess@550b9fe] for (non-JTA) DDL execution was not in auto-commit mode; the Connection 'local transaction' will be committed and the Connection will be set into auto-commit mode.
23-Aug-2026 17:06:43.570 INFO [http-nio-8080-exec-3] org.hibernate.jpa.internal.util.LogHelper.logPersistenceUnitInformation HHH000204: Processing PersistenceUnitInfo [name: glycemiePU]
23-Aug-2026 17:06:43.660 WARN [http-nio-8080-exec-3] org.hibernate.engine.jdbc.connections.internal.DriverManagerConnectionProviderImpl.configure HHH10001002: Using built-in connection pool (not intended for production use)
23-Aug-2026 17:06:43.660 INFO [http-nio-8080-exec-3] org.hibernate.engine.jdbc.connections.internal.DriverManagerConnectionProviderImpl.buildCreator HHH10001005: Loaded JDBC driver class: com.mysql.cj.jdbc.Driver
23-Aug-2026 17:06:43.661 INFO [http-nio-8080-exec-3] org.hibernate.engine.jdbc.connections.internal.DriverManagerConnectionProviderImpl.buildCreator HHH10001012: Connecting with JDBC URL [jdbc:mysql://localhost:3306/suivi_glycemie_db?useSSL=false&serverTimezone=UTC]
23-Aug-2026 17:06:43.661 INFO [http-nio-8080-exec-3] org.hibernate.engine.jdbc.connections.internal.DriverManagerConnectionProviderImpl.buildCreator HHH10001001: Connection properties: {password=****, user=root}
23-Aug-2026 17:06:43.661 INFO [http-nio-8080-exec-3] org.hibernate.engine.jdbc.connections.internal.DriverManagerConnectionProviderImpl.buildCreator HHH10001003: Autocommit mode: false
23-Aug-2026 17:06:43.661 INFO [http-nio-8080-exec-3] org.hibernate.engine.jdbc.connections.internal.DriverManagerConnectionProviderImpl$PooledConnections.<init> HHH10001115: Connection pool size: 20 (min=1)
23-Aug-2026 17:06:43.668 WARN [http-nio-8080-exec-3] org.hibernate.dialect.Dialect.checkVersion HHH000511: The 5.6.17 version for [org.hibernate.dialect.MySQLDialect] is no longer supported, hence certain features may not work properly. The minimum supported version is 5.7.0. Check the community dialects project for available legacy versions.
23-Aug-2026 17:06:43.701 INFO [http-nio-8080-exec-3] org.hibernate.bytecode.internal.BytecodeProviderInitiator.buildBytecodeProvider HHH000021: Bytecode provider name : bytebuddy
23-Aug-2026 17:06:43.789 INFO [http-nio-8080-exec-3] org.hibernate.engine.transaction.jta.platform.internal.JtaPlatformInitiator.initiateService HHH000490: Using JtaPlatform implementation: [org.hibernate.engine.transaction.jta.platform.internal.NoJtaPlatform]
23-Aug-2026 17:06:43.790 INFO [http-nio-8080-exec-3] org.hibernate.resource.transaction.backend.jdbc.internal.DdlTransactionIsolatorNonJtaImpl.getIsolatedConnection HHH10001501: Connection obtained from JdbcConnectionAccess [org.hibernate.engine.jdbc.env.internal.JdbcEnvironmentInitiator$ConnectionProviderJdbcConnectionAccess@7b3459a4] for (non-JTA) DDL execution was not in auto-commit mode; the Connection 'local transaction' will be committed and the Connection will be set into auto-commit mode.
23-Aug-2026 17:15:33.540 INFOS [Thread-1] org.apache.coyote.AbstractProtocol.pause Le gestionnaire de protocole ["http-nio-8080"] est mis en pause
23-Aug-2026 17:15:33.560 INFOS [Thread-1] org.apache.catalina.core.StandardService.stopInternal Arrêt du service [Catalina]
23-Aug-2026 17:15:33.569 AVERTISSEMENT [Thread-1] org.apache.catalina.loader.WebappClassLoaderBase.clearReferencesJdbc L'application web [ROOT] a enregistré un pilote JDBC [com.mysql.cj.jdbc.Driver], mais ne l'a pas désenregistré avant l'arrêt de l'application.  Pour éviter une fuite de mémoire, le pilote JDBC a été désenregistré de force.
23-Aug-2026 17:15:33.570 AVERTISSEMENT [Thread-1] org.apache.catalina.loader.WebappClassLoaderBase.clearReferencesThreads L'application web [ROOT] semble avoir démarré un thread nommé [mysql-cj-abandoned-connection-cleanup] mais ne l'a pas arrêté, ce qui va probablement créer une fuite de mémoire ; la trace du thread est : 
 java.base/jdk.internal.misc.Unsafe.park(Native Method)
 java.base/java.util.concurrent.locks.LockSupport.parkNanos(LockSupport.java:269)
 java.base/java.util.concurrent.locks.AbstractQueuedSynchronizer$ConditionObject.await(AbstractQueuedSynchronizer.java:1886)
 java.base/java.lang.ref.ReferenceQueue.await(ReferenceQueue.java:71)
 java.base/java.lang.ref.ReferenceQueue.remove0(ReferenceQueue.java:143)
 java.base/java.lang.ref.ReferenceQueue.remove(ReferenceQueue.java:218)
 com.mysql.cj.jdbc.AbandonedConnectionCleanupThread.run(AbandonedConnectionCleanupThread.java:93)
 java.base/java.util.concurrent.ThreadPoolExecutor.runWorker(ThreadPoolExecutor.java:1144)
 java.base/java.util.concurrent.ThreadPoolExecutor$Worker.run(ThreadPoolExecutor.java:642)
 java.base/java.lang.Thread.run(Thread.java:1583)
23-Aug-2026 17:15:33.570 AVERTISSEMENT [Thread-1] org.apache.catalina.loader.WebappClassLoaderBase.clearReferencesThreads L'application web [ROOT] semble avoir démarré un thread nommé [Hibernate Connection Pool Validation Thread] mais ne l'a pas arrêté, ce qui va probablement créer une fuite de mémoire ; la trace du thread est : 
 java.base/jdk.internal.misc.Unsafe.park(Native Method)
 java.base/java.util.concurrent.locks.LockSupport.parkNanos(LockSupport.java:269)
 java.base/java.util.concurrent.locks.AbstractQueuedSynchronizer$ConditionObject.awaitNanos(AbstractQueuedSynchronizer.java:1797)
 java.base/java.util.concurrent.ScheduledThreadPoolExecutor$DelayedWorkQueue.take(ScheduledThreadPoolExecutor.java:1182)
 java.base/java.util.concurrent.ScheduledThreadPoolExecutor$DelayedWorkQueue.take(ScheduledThreadPoolExecutor.java:899)
 java.base/java.util.concurrent.ThreadPoolExecutor.getTask(ThreadPoolExecutor.java:1070)
 java.base/java.util.concurrent.ThreadPoolExecutor.runWorker(ThreadPoolExecutor.java:1130)
 java.base/java.util.concurrent.ThreadPoolExecutor$Worker.run(ThreadPoolExecutor.java:642)
 java.base/java.lang.Thread.run(Thread.java:1583)
23-Aug-2026 17:15:33.570 AVERTISSEMENT [Thread-1] org.apache.catalina.loader.WebappClassLoaderBase.clearReferencesThreads L'application web [ROOT] semble avoir démarré un thread nommé [Hibernate Connection Pool Validation Thread] mais ne l'a pas arrêté, ce qui va probablement créer une fuite de mémoire ; la trace du thread est : 
 java.base/jdk.internal.misc.Unsafe.park(Native Method)
 java.base/java.util.concurrent.locks.LockSupport.parkNanos(LockSupport.java:269)
 java.base/java.util.concurrent.locks.AbstractQueuedSynchronizer$ConditionObject.awaitNanos(AbstractQueuedSynchronizer.java:1797)
 java.base/java.util.concurrent.ScheduledThreadPoolExecutor$DelayedWorkQueue.take(ScheduledThreadPoolExecutor.java:1182)
 java.base/java.util.concurrent.ScheduledThreadPoolExecutor$DelayedWorkQueue.take(ScheduledThreadPoolExecutor.java:899)
 java.base/java.util.concurrent.ThreadPoolExecutor.getTask(ThreadPoolExecutor.java:1070)
 java.base/java.util.concurrent.ThreadPoolExecutor.runWorker(ThreadPoolExecutor.java:1130)
 java.base/java.util.concurrent.ThreadPoolExecutor$Worker.run(ThreadPoolExecutor.java:642)
 java.base/java.lang.Thread.run(Thread.java:1583)
23-Aug-2026 17:15:33.571 AVERTISSEMENT [Thread-1] org.apache.catalina.loader.WebappClassLoaderBase.clearReferencesThreads L'application web [ROOT] semble avoir démarré un thread nommé [Hibernate Connection Pool Validation Thread] mais ne l'a pas arrêté, ce qui va probablement créer une fuite de mémoire ; la trace du thread est : 
 java.base/jdk.internal.misc.Unsafe.park(Native Method)
 java.base/java.util.concurrent.locks.LockSupport.parkNanos(LockSupport.java:269)
 java.base/java.util.concurrent.locks.AbstractQueuedSynchronizer$ConditionObject.awaitNanos(AbstractQueuedSynchronizer.java:1797)
 java.base/java.util.concurrent.ScheduledThreadPoolExecutor$DelayedWorkQueue.take(ScheduledThreadPoolExecutor.java:1182)
 java.base/java.util.concurrent.ScheduledThreadPoolExecutor$DelayedWorkQueue.take(ScheduledThreadPoolExecutor.java:899)
 java.base/java.util.concurrent.ThreadPoolExecutor.getTask(ThreadPoolExecutor.java:1070)
 java.base/java.util.concurrent.ThreadPoolExecutor.runWorker(ThreadPoolExecutor.java:1130)
 java.base/java.util.concurrent.ThreadPoolExecutor$Worker.run(ThreadPoolExecutor.java:642)
 java.base/java.lang.Thread.run(Thread.java:1583)
23-Aug-2026 17:15:33.572 AVERTISSEMENT [Thread-1] org.apache.catalina.loader.WebappClassLoaderBase.clearReferencesThreads L'application web [ROOT] semble avoir démarré un thread nommé [Hibernate Connection Pool Validation Thread] mais ne l'a pas arrêté, ce qui va probablement créer une fuite de mémoire ; la trace du thread est : 
 java.base/jdk.internal.misc.Unsafe.park(Native Method)
 java.base/java.util.concurrent.locks.LockSupport.parkNanos(LockSupport.java:269)
 java.base/java.util.concurrent.locks.AbstractQueuedSynchronizer$ConditionObject.awaitNanos(AbstractQueuedSynchronizer.java:1797)
 java.base/java.util.concurrent.ScheduledThreadPoolExecutor$DelayedWorkQueue.take(ScheduledThreadPoolExecutor.java:1182)
 java.base/java.util.concurrent.ScheduledThreadPoolExecutor$DelayedWorkQueue.take(ScheduledThreadPoolExecutor.java:899)
 java.base/java.util.concurrent.ThreadPoolExecutor.getTask(ThreadPoolExecutor.java:1070)
 java.base/java.util.concurrent.ThreadPoolExecutor.runWorker(ThreadPoolExecutor.java:1130)
 java.base/java.util.concurrent.ThreadPoolExecutor$Worker.run(ThreadPoolExecutor.java:642)
 java.base/java.lang.Thread.run(Thread.java:1583)
23-Aug-2026 17:15:33.590 INFOS [Thread-1] org.apache.coyote.AbstractProtocol.stop Arrêt du gestionnaire de protocole ["http-nio-8080"]
23-Aug-2026 17:15:33.599 INFOS [Thread-1] org.apache.coyote.AbstractProtocol.destroy Destruction du gestionnaire de protocole ["http-nio-8080"]
23-Aug-2026 17:15:39.618 INFOS [main] org.apache.catalina.startup.VersionLoggerListener.log Nom version serveur :              Apache Tomcat/10.1.42
23-Aug-2026 17:15:39.624 INFOS [main] org.apache.catalina.startup.VersionLoggerListener.log Serveur compilé :                  Jun 5 2025 22:35:46 UTC
23-Aug-2026 17:15:39.624 INFOS [main] org.apache.catalina.startup.VersionLoggerListener.log Version du serveur :               10.1.42.0
23-Aug-2026 17:15:39.624 INFOS [main] org.apache.catalina.startup.VersionLoggerListener.log Nom de l'OS :                      Windows 11
23-Aug-2026 17:15:39.624 INFOS [main] org.apache.catalina.startup.VersionLoggerListener.log Version OS :                       10.0
23-Aug-2026 17:15:39.624 INFOS [main] org.apache.catalina.startup.VersionLoggerListener.log Architecture :                     amd64
23-Aug-2026 17:15:39.624 INFOS [main] org.apache.catalina.startup.VersionLoggerListener.log Java Home :                        C:\Users\HP\.jdks\jbrsdk_jcef-21.0.9
23-Aug-2026 17:15:39.624 INFOS [main] org.apache.catalina.startup.VersionLoggerListener.log Version JVM :                      21.0.9+1-b1038.75
23-Aug-2026 17:15:39.625 INFOS [main] org.apache.catalina.startup.VersionLoggerListener.log Fournisseur de la JVM :            JetBrains s.r.o.
23-Aug-2026 17:15:39.625 INFOS [main] org.apache.catalina.startup.VersionLoggerListener.log CATALINA_BASE :                    C:\Users\HP\Desktop\samasuker\.smarttomcat
23-Aug-2026 17:15:39.625 INFOS [main] org.apache.catalina.startup.VersionLoggerListener.log CATALINA_HOME :                    C:\Users\HP\Desktop\apache-tomcat-10.1.42
23-Aug-2026 17:15:39.642 INFOS [main] org.apache.catalina.startup.VersionLoggerListener.log Argument de la ligne de commande : --add-opens=java.base/java.lang=ALL-UNNAMED
23-Aug-2026 17:15:39.642 INFOS [main] org.apache.catalina.startup.VersionLoggerListener.log Argument de la ligne de commande : --add-opens=java.base/java.io=ALL-UNNAMED
23-Aug-2026 17:15:39.642 INFOS [main] org.apache.catalina.startup.VersionLoggerListener.log Argument de la ligne de commande : --add-opens=java.base/java.util=ALL-UNNAMED
23-Aug-2026 17:15:39.642 INFOS [main] org.apache.catalina.startup.VersionLoggerListener.log Argument de la ligne de commande : --add-opens=java.base/java.util.concurrent=ALL-UNNAMED
23-Aug-2026 17:15:39.642 INFOS [main] org.apache.catalina.startup.VersionLoggerListener.log Argument de la ligne de commande : --add-opens=java.rmi/sun.rmi.transport=ALL-UNNAMED
23-Aug-2026 17:15:39.642 INFOS [main] org.apache.catalina.startup.VersionLoggerListener.log Argument de la ligne de commande : -Dcatalina.home=C:\Users\HP\Desktop\apache-tomcat-10.1.42
23-Aug-2026 17:15:39.643 INFOS [main] org.apache.catalina.startup.VersionLoggerListener.log Argument de la ligne de commande : -Dcatalina.base=C:\Users\HP\Desktop\samasuker\.smarttomcat
23-Aug-2026 17:15:39.643 INFOS [main] org.apache.catalina.startup.VersionLoggerListener.log Argument de la ligne de commande : -Djava.io.tmpdir=C:\Users\HP\Desktop\samasuker\.smarttomcat\temp
23-Aug-2026 17:15:39.643 INFOS [main] org.apache.catalina.startup.VersionLoggerListener.log Argument de la ligne de commande : -Djava.util.logging.config.file=C:\Users\HP\Desktop\samasuker\.smarttomcat\conf\logging.properties
23-Aug-2026 17:15:39.643 INFOS [main] org.apache.catalina.startup.VersionLoggerListener.log Argument de la ligne de commande : -Djava.util.logging.manager=org.apache.juli.ClassLoaderLogManager
23-Aug-2026 17:15:39.643 INFOS [main] org.apache.catalina.startup.VersionLoggerListener.log Argument de la ligne de commande : -javaagent:C:\Program Files\JetBrains\IntelliJ IDEA 2025.2.2\lib\idea_rt.jar=55527
23-Aug-2026 17:15:39.643 INFOS [main] org.apache.catalina.startup.VersionLoggerListener.log Argument de la ligne de commande : -Dfile.encoding=UTF-8
23-Aug-2026 17:15:39.643 INFOS [main] org.apache.catalina.startup.VersionLoggerListener.log Argument de la ligne de commande : -Dsun.stdout.encoding=UTF-8
23-Aug-2026 17:15:39.643 INFOS [main] org.apache.catalina.startup.VersionLoggerListener.log Argument de la ligne de commande : -Dsun.stderr.encoding=UTF-8
23-Aug-2026 17:15:39.649 INFOS [main] org.apache.catalina.core.AprLifecycleListener.lifecycleEvent Chargement de la librairie Apache Tomcat Native [2.0.9] en utilisant APR version [1.7.6]
23-Aug-2026 17:15:39.660 INFOS [main] org.apache.catalina.core.AprLifecycleListener.initializeSSL OpenSSL a été initialisé avec succès [OpenSSL 3.5.0 8 Apr 2025]
23-Aug-2026 17:15:40.363 INFOS [main] org.apache.coyote.AbstractProtocol.init Initialisation du gestionnaire de protocole ["http-nio-8080"]
23-Aug-2026 17:15:40.389 INFOS [main] org.apache.catalina.startup.Catalina.load L'initialisation du serveur a pris [1239] millisecondes
23-Aug-2026 17:15:40.475 INFOS [main] org.apache.catalina.core.StandardService.startInternal Démarrage du service [Catalina]
23-Aug-2026 17:15:40.476 INFOS [main] org.apache.catalina.core.StandardEngine.startInternal Démarrage du moteur de Servlets : [Apache Tomcat/10.1.42]
23-Aug-2026 17:15:40.493 INFOS [main] org.apache.catalina.startup.HostConfig.deployDescriptor Déploiement du descripteur de configuration [C:\Users\HP\Desktop\samasuker\.smarttomcat\conf\Catalina\localhost\MDD.xml]
23-Aug-2026 17:15:44.400 INFOS [main] org.apache.jasper.servlet.TldScanner.scanJars Au moins un fichier JAR a été analysé pour trouver des TLDs mais il n'en contenait pas, le mode "debug" du journal peut être activé pour obtenir une liste complète de JAR scannés sans succès ; éviter d'analyser des JARs inutilement peut améliorer sensiblement le temps de démarrage et le temps de compilation des JSPs
23-Aug-2026 17:15:44.527 INFOS [main] org.apache.catalina.startup.HostConfig.deployDescriptor Le traitement du descripteur de déploiement [C:\Users\HP\Desktop\samasuker\.smarttomcat\conf\Catalina\localhost\MDD.xml] a pris [4 032] ms
23-Aug-2026 17:15:44.528 INFOS [main] org.apache.catalina.startup.HostConfig.deployDescriptor Déploiement du descripteur de configuration [C:\Users\HP\Desktop\samasuker\.smarttomcat\conf\Catalina\localhost\ROOT.xml]
23-Aug-2026 17:15:47.427 INFOS [main] org.apache.jasper.servlet.TldScanner.scanJars Au moins un fichier JAR a été analysé pour trouver des TLDs mais il n'en contenait pas, le mode "debug" du journal peut être activé pour obtenir une liste complète de JAR scannés sans succès ; éviter d'analyser des JARs inutilement peut améliorer sensiblement le temps de démarrage et le temps de compilation des JSPs
23-Aug-2026 17:15:47.481 INFOS [main] org.apache.catalina.startup.HostConfig.deployDescriptor Le traitement du descripteur de déploiement [C:\Users\HP\Desktop\samasuker\.smarttomcat\conf\Catalina\localhost\ROOT.xml] a pris [2 953] ms
23-Aug-2026 17:15:47.487 INFOS [main] org.apache.coyote.AbstractProtocol.start Démarrage du gestionnaire de protocole ["http-nio-8080"]
23-Aug-2026 17:15:47.521 INFOS [main] org.apache.catalina.startup.Catalina.start Le démarrage du serveur a pris [7129] millisecondes
23-Aug-2026 17:15:55.660 INFO [http-nio-8080-exec-3] org.hibernate.jpa.internal.util.LogHelper.logPersistenceUnitInformation HHH000204: Processing PersistenceUnitInfo [name: glycemiePU]
23-Aug-2026 17:15:55.962 INFO [http-nio-8080-exec-3] org.hibernate.Version.logVersion HHH000412: Hibernate ORM core version 6.2.7.Final
23-Aug-2026 17:15:55.970 INFO [http-nio-8080-exec-3] org.hibernate.cfg.Environment.<clinit> HHH000406: Using bytecode reflection optimizer
23-Aug-2026 17:15:57.129 WARN [http-nio-8080-exec-3] org.hibernate.engine.jdbc.connections.internal.DriverManagerConnectionProviderImpl.configure HHH10001002: Using built-in connection pool (not intended for production use)
23-Aug-2026 17:15:57.146 INFO [http-nio-8080-exec-3] org.hibernate.engine.jdbc.connections.internal.DriverManagerConnectionProviderImpl.buildCreator HHH10001005: Loaded JDBC driver class: com.mysql.cj.jdbc.Driver
23-Aug-2026 17:15:57.146 INFO [http-nio-8080-exec-3] org.hibernate.engine.jdbc.connections.internal.DriverManagerConnectionProviderImpl.buildCreator HHH10001012: Connecting with JDBC URL [jdbc:mysql://localhost:3306/suivi_glycemie_db?useSSL=false&serverTimezone=UTC]
23-Aug-2026 17:15:57.147 INFO [http-nio-8080-exec-3] org.hibernate.engine.jdbc.connections.internal.DriverManagerConnectionProviderImpl.buildCreator HHH10001001: Connection properties: {password=****, user=root}
23-Aug-2026 17:15:57.148 INFO [http-nio-8080-exec-3] org.hibernate.engine.jdbc.connections.internal.DriverManagerConnectionProviderImpl.buildCreator HHH10001003: Autocommit mode: false
23-Aug-2026 17:15:57.161 INFO [http-nio-8080-exec-3] org.hibernate.engine.jdbc.connections.internal.DriverManagerConnectionProviderImpl$PooledConnections.<init> HHH10001115: Connection pool size: 20 (min=1)
23-Aug-2026 17:15:57.942 WARN [http-nio-8080-exec-3] org.hibernate.dialect.Dialect.checkVersion HHH000511: The 5.6.17 version for [org.hibernate.dialect.MySQLDialect] is no longer supported, hence certain features may not work properly. The minimum supported version is 5.7.0. Check the community dialects project for available legacy versions.
23-Aug-2026 17:15:59.227 INFO [http-nio-8080-exec-3] org.hibernate.bytecode.internal.BytecodeProviderInitiator.buildBytecodeProvider HHH000021: Bytecode provider name : bytebuddy
23-Aug-2026 17:16:03.089 INFO [http-nio-8080-exec-3] org.hibernate.engine.transaction.jta.platform.internal.JtaPlatformInitiator.initiateService HHH000490: Using JtaPlatform implementation: [org.hibernate.engine.transaction.jta.platform.internal.NoJtaPlatform]
23-Aug-2026 17:16:03.212 INFO [http-nio-8080-exec-3] org.hibernate.resource.transaction.backend.jdbc.internal.DdlTransactionIsolatorNonJtaImpl.getIsolatedConnection HHH10001501: Connection obtained from JdbcConnectionAccess [org.hibernate.engine.jdbc.env.internal.JdbcEnvironmentInitiator$ConnectionProviderJdbcConnectionAccess@2e043757] for (non-JTA) DDL execution was not in auto-commit mode; the Connection 'local transaction' will be committed and the Connection will be set into auto-commit mode.
23-Aug-2026 17:16:06.001 INFO [http-nio-8080-exec-4] org.hibernate.jpa.internal.util.LogHelper.logPersistenceUnitInformation HHH000204: Processing PersistenceUnitInfo [name: glycemiePU]
23-Aug-2026 17:16:06.157 WARN [http-nio-8080-exec-4] org.hibernate.engine.jdbc.connections.internal.DriverManagerConnectionProviderImpl.configure HHH10001002: Using built-in connection pool (not intended for production use)
23-Aug-2026 17:16:06.159 INFO [http-nio-8080-exec-4] org.hibernate.engine.jdbc.connections.internal.DriverManagerConnectionProviderImpl.buildCreator HHH10001005: Loaded JDBC driver class: com.mysql.cj.jdbc.Driver
23-Aug-2026 17:16:06.160 INFO [http-nio-8080-exec-4] org.hibernate.engine.jdbc.connections.internal.DriverManagerConnectionProviderImpl.buildCreator HHH10001012: Connecting with JDBC URL [jdbc:mysql://localhost:3306/suivi_glycemie_db?useSSL=false&serverTimezone=UTC]
23-Aug-2026 17:16:06.161 INFO [http-nio-8080-exec-4] org.hibernate.engine.jdbc.connections.internal.DriverManagerConnectionProviderImpl.buildCreator HHH10001001: Connection properties: {password=****, user=root}
23-Aug-2026 17:16:06.162 INFO [http-nio-8080-exec-4] org.hibernate.engine.jdbc.connections.internal.DriverManagerConnectionProviderImpl.buildCreator HHH10001003: Autocommit mode: false
23-Aug-2026 17:16:06.163 INFO [http-nio-8080-exec-4] org.hibernate.engine.jdbc.connections.internal.DriverManagerConnectionProviderImpl$PooledConnections.<init> HHH10001115: Connection pool size: 20 (min=1)
23-Aug-2026 17:16:06.182 WARN [http-nio-8080-exec-4] org.hibernate.dialect.Dialect.checkVersion HHH000511: The 5.6.17 version for [org.hibernate.dialect.MySQLDialect] is no longer supported, hence certain features may not work properly. The minimum supported version is 5.7.0. Check the community dialects project for available legacy versions.
23-Aug-2026 17:16:06.261 INFO [http-nio-8080-exec-4] org.hibernate.bytecode.internal.BytecodeProviderInitiator.buildBytecodeProvider HHH000021: Bytecode provider name : bytebuddy
23-Aug-2026 17:16:06.430 INFO [http-nio-8080-exec-4] org.hibernate.engine.transaction.jta.platform.internal.JtaPlatformInitiator.initiateService HHH000490: Using JtaPlatform implementation: [org.hibernate.engine.transaction.jta.platform.internal.NoJtaPlatform]
23-Aug-2026 17:16:06.431 INFO [http-nio-8080-exec-4] org.hibernate.resource.transaction.backend.jdbc.internal.DdlTransactionIsolatorNonJtaImpl.getIsolatedConnection HHH10001501: Connection obtained from JdbcConnectionAccess [org.hibernate.engine.jdbc.env.internal.JdbcEnvironmentInitiator$ConnectionProviderJdbcConnectionAccess@537cb554] for (non-JTA) DDL execution was not in auto-commit mode; the Connection 'local transaction' will be committed and the Connection will be set into auto-commit mode.
23-Aug-2026 17:16:09.847 INFO [http-nio-8080-exec-6] org.hibernate.jpa.internal.util.LogHelper.logPersistenceUnitInformation HHH000204: Processing PersistenceUnitInfo [name: glycemiePU]
23-Aug-2026 17:16:09.887 WARN [http-nio-8080-exec-6] org.hibernate.engine.jdbc.connections.internal.DriverManagerConnectionProviderImpl.configure HHH10001002: Using built-in connection pool (not intended for production use)
23-Aug-2026 17:16:09.887 INFO [http-nio-8080-exec-6] org.hibernate.engine.jdbc.connections.internal.DriverManagerConnectionProviderImpl.buildCreator HHH10001005: Loaded JDBC driver class: com.mysql.cj.jdbc.Driver
23-Aug-2026 17:16:09.887 INFO [http-nio-8080-exec-6] org.hibernate.engine.jdbc.connections.internal.DriverManagerConnectionProviderImpl.buildCreator HHH10001012: Connecting with JDBC URL [jdbc:mysql://localhost:3306/suivi_glycemie_db?useSSL=false&serverTimezone=UTC]
23-Aug-2026 17:16:09.888 INFO [http-nio-8080-exec-6] org.hibernate.engine.jdbc.connections.internal.DriverManagerConnectionProviderImpl.buildCreator HHH10001001: Connection properties: {password=****, user=root}
23-Aug-2026 17:16:09.888 INFO [http-nio-8080-exec-6] org.hibernate.engine.jdbc.connections.internal.DriverManagerConnectionProviderImpl.buildCreator HHH10001003: Autocommit mode: false
23-Aug-2026 17:16:09.888 INFO [http-nio-8080-exec-6] org.hibernate.engine.jdbc.connections.internal.DriverManagerConnectionProviderImpl$PooledConnections.<init> HHH10001115: Connection pool size: 20 (min=1)
23-Aug-2026 17:16:09.897 WARN [http-nio-8080-exec-6] org.hibernate.dialect.Dialect.checkVersion HHH000511: The 5.6.17 version for [org.hibernate.dialect.MySQLDialect] is no longer supported, hence certain features may not work properly. The minimum supported version is 5.7.0. Check the community dialects project for available legacy versions.
23-Aug-2026 17:16:09.921 INFO [http-nio-8080-exec-6] org.hibernate.bytecode.internal.BytecodeProviderInitiator.buildBytecodeProvider HHH000021: Bytecode provider name : bytebuddy
23-Aug-2026 17:16:10.000 INFO [http-nio-8080-exec-6] org.hibernate.engine.transaction.jta.platform.internal.JtaPlatformInitiator.initiateService HHH000490: Using JtaPlatform implementation: [org.hibernate.engine.transaction.jta.platform.internal.NoJtaPlatform]
23-Aug-2026 17:16:10.001 INFO [http-nio-8080-exec-6] org.hibernate.resource.transaction.backend.jdbc.internal.DdlTransactionIsolatorNonJtaImpl.getIsolatedConnection HHH10001501: Connection obtained from JdbcConnectionAccess [org.hibernate.engine.jdbc.env.internal.JdbcEnvironmentInitiator$ConnectionProviderJdbcConnectionAccess@cac9c4d] for (non-JTA) DDL execution was not in auto-commit mode; the Connection 'local transaction' will be committed and the Connection will be set into auto-commit mode.
23-Aug-2026 17:18:05.802 INFOS [Thread-1] org.apache.coyote.AbstractProtocol.pause Le gestionnaire de protocole ["http-nio-8080"] est mis en pause
23-Aug-2026 17:18:05.818 INFOS [Thread-1] org.apache.catalina.core.StandardService.stopInternal Arrêt du service [Catalina]
23-Aug-2026 17:18:05.830 AVERTISSEMENT [Thread-1] org.apache.catalina.loader.WebappClassLoaderBase.clearReferencesJdbc L'application web [ROOT] a enregistré un pilote JDBC [com.mysql.cj.jdbc.Driver], mais ne l'a pas désenregistré avant l'arrêt de l'application.  Pour éviter une fuite de mémoire, le pilote JDBC a été désenregistré de force.
23-Aug-2026 17:18:05.830 AVERTISSEMENT [Thread-1] org.apache.catalina.loader.WebappClassLoaderBase.clearReferencesThreads L'application web [ROOT] semble avoir démarré un thread nommé [mysql-cj-abandoned-connection-cleanup] mais ne l'a pas arrêté, ce qui va probablement créer une fuite de mémoire ; la trace du thread est : 
 java.base/jdk.internal.misc.Unsafe.park(Native Method)
 java.base/java.util.concurrent.locks.LockSupport.parkNanos(LockSupport.java:269)
 java.base/java.util.concurrent.locks.AbstractQueuedSynchronizer$ConditionObject.await(AbstractQueuedSynchronizer.java:1886)
 java.base/java.lang.ref.ReferenceQueue.await(ReferenceQueue.java:71)
 java.base/java.lang.ref.ReferenceQueue.remove0(ReferenceQueue.java:143)
 java.base/java.lang.ref.ReferenceQueue.remove(ReferenceQueue.java:218)
 com.mysql.cj.jdbc.AbandonedConnectionCleanupThread.run(AbandonedConnectionCleanupThread.java:93)
 java.base/java.util.concurrent.ThreadPoolExecutor.runWorker(ThreadPoolExecutor.java:1144)
 java.base/java.util.concurrent.ThreadPoolExecutor$Worker.run(ThreadPoolExecutor.java:642)
 java.base/java.lang.Thread.run(Thread.java:1583)
23-Aug-2026 17:18:05.830 AVERTISSEMENT [Thread-1] org.apache.catalina.loader.WebappClassLoaderBase.clearReferencesThreads L'application web [ROOT] semble avoir démarré un thread nommé [Hibernate Connection Pool Validation Thread] mais ne l'a pas arrêté, ce qui va probablement créer une fuite de mémoire ; la trace du thread est : 
 java.base/jdk.internal.misc.Unsafe.park(Native Method)
 java.base/java.util.concurrent.locks.LockSupport.parkNanos(LockSupport.java:269)
 java.base/java.util.concurrent.locks.AbstractQueuedSynchronizer$ConditionObject.awaitNanos(AbstractQueuedSynchronizer.java:1797)
 java.base/java.util.concurrent.ScheduledThreadPoolExecutor$DelayedWorkQueue.take(ScheduledThreadPoolExecutor.java:1182)
 java.base/java.util.concurrent.ScheduledThreadPoolExecutor$DelayedWorkQueue.take(ScheduledThreadPoolExecutor.java:899)
 java.base/java.util.concurrent.ThreadPoolExecutor.getTask(ThreadPoolExecutor.java:1070)
 java.base/java.util.concurrent.ThreadPoolExecutor.runWorker(ThreadPoolExecutor.java:1130)
 java.base/java.util.concurrent.ThreadPoolExecutor$Worker.run(ThreadPoolExecutor.java:642)
 java.base/java.lang.Thread.run(Thread.java:1583)
23-Aug-2026 17:18:05.831 AVERTISSEMENT [Thread-1] org.apache.catalina.loader.WebappClassLoaderBase.clearReferencesThreads L'application web [ROOT] semble avoir démarré un thread nommé [Hibernate Connection Pool Validation Thread] mais ne l'a pas arrêté, ce qui va probablement créer une fuite de mémoire ; la trace du thread est : 
 java.base/jdk.internal.misc.Unsafe.park(Native Method)
 java.base/java.util.concurrent.locks.LockSupport.parkNanos(LockSupport.java:269)
 java.base/java.util.concurrent.locks.AbstractQueuedSynchronizer$ConditionObject.awaitNanos(AbstractQueuedSynchronizer.java:1797)
 java.base/java.util.concurrent.ScheduledThreadPoolExecutor$DelayedWorkQueue.take(ScheduledThreadPoolExecutor.java:1182)
 java.base/java.util.concurrent.ScheduledThreadPoolExecutor$DelayedWorkQueue.take(ScheduledThreadPoolExecutor.java:899)
 java.base/java.util.concurrent.ThreadPoolExecutor.getTask(ThreadPoolExecutor.java:1070)
 java.base/java.util.concurrent.ThreadPoolExecutor.runWorker(ThreadPoolExecutor.java:1130)
 java.base/java.util.concurrent.ThreadPoolExecutor$Worker.run(ThreadPoolExecutor.java:642)
 java.base/java.lang.Thread.run(Thread.java:1583)
23-Aug-2026 17:18:05.831 AVERTISSEMENT [Thread-1] org.apache.catalina.loader.WebappClassLoaderBase.clearReferencesThreads L'application web [ROOT] semble avoir démarré un thread nommé [Hibernate Connection Pool Validation Thread] mais ne l'a pas arrêté, ce qui va probablement créer une fuite de mémoire ; la trace du thread est : 
 java.base/jdk.internal.misc.Unsafe.park(Native Method)
 java.base/java.util.concurrent.locks.LockSupport.parkNanos(LockSupport.java:269)
 java.base/java.util.concurrent.locks.AbstractQueuedSynchronizer$ConditionObject.awaitNanos(AbstractQueuedSynchronizer.java:1797)
 java.base/java.util.concurrent.ScheduledThreadPoolExecutor$DelayedWorkQueue.take(ScheduledThreadPoolExecutor.java:1182)
 java.base/java.util.concurrent.ScheduledThreadPoolExecutor$DelayedWorkQueue.take(ScheduledThreadPoolExecutor.java:899)
 java.base/java.util.concurrent.ThreadPoolExecutor.getTask(ThreadPoolExecutor.java:1070)
 java.base/java.util.concurrent.ThreadPoolExecutor.runWorker(ThreadPoolExecutor.java:1130)
 java.base/java.util.concurrent.ThreadPoolExecutor$Worker.run(ThreadPoolExecutor.java:642)
 java.base/java.lang.Thread.run(Thread.java:1583)
23-Aug-2026 17:18:05.846 INFOS [Thread-1] org.apache.coyote.AbstractProtocol.stop Arrêt du gestionnaire de protocole ["http-nio-8080"]
23-Aug-2026 17:18:05.856 INFOS [Thread-1] org.apache.coyote.AbstractProtocol.destroy Destruction du gestionnaire de protocole ["http-nio-8080"]
23-Aug-2026 17:19:49.497 INFOS [main] org.apache.catalina.startup.VersionLoggerListener.log Nom version serveur :              Apache Tomcat/10.1.42
23-Aug-2026 17:19:49.502 INFOS [main] org.apache.catalina.startup.VersionLoggerListener.log Serveur compilé :                  Jun 5 2025 22:35:46 UTC
23-Aug-2026 17:19:49.503 INFOS [main] org.apache.catalina.startup.VersionLoggerListener.log Version du serveur :               10.1.42.0
23-Aug-2026 17:19:49.503 INFOS [main] org.apache.catalina.startup.VersionLoggerListener.log Nom de l'OS :                      Windows 11
23-Aug-2026 17:19:49.503 INFOS [main] org.apache.catalina.startup.VersionLoggerListener.log Version OS :                       10.0
23-Aug-2026 17:19:49.503 INFOS [main] org.apache.catalina.startup.VersionLoggerListener.log Architecture :                     amd64
23-Aug-2026 17:19:49.503 INFOS [main] org.apache.catalina.startup.VersionLoggerListener.log Java Home :                        C:\Users\HP\.jdks\jbrsdk_jcef-21.0.9
23-Aug-2026 17:19:49.504 INFOS [main] org.apache.catalina.startup.VersionLoggerListener.log Version JVM :                      21.0.9+1-b1038.75
23-Aug-2026 17:19:49.504 INFOS [main] org.apache.catalina.startup.VersionLoggerListener.log Fournisseur de la JVM :            JetBrains s.r.o.
23-Aug-2026 17:19:49.504 INFOS [main] org.apache.catalina.startup.VersionLoggerListener.log CATALINA_BASE :                    C:\Users\HP\Desktop\samasuker\.smarttomcat
23-Aug-2026 17:19:49.504 INFOS [main] org.apache.catalina.startup.VersionLoggerListener.log CATALINA_HOME :                    C:\Users\HP\Desktop\apache-tomcat-10.1.42
23-Aug-2026 17:19:49.521 INFOS [main] org.apache.catalina.startup.VersionLoggerListener.log Argument de la ligne de commande : --add-opens=java.base/java.lang=ALL-UNNAMED
23-Aug-2026 17:19:49.521 INFOS [main] org.apache.catalina.startup.VersionLoggerListener.log Argument de la ligne de commande : --add-opens=java.base/java.io=ALL-UNNAMED
23-Aug-2026 17:19:49.521 INFOS [main] org.apache.catalina.startup.VersionLoggerListener.log Argument de la ligne de commande : --add-opens=java.base/java.util=ALL-UNNAMED
23-Aug-2026 17:19:49.522 INFOS [main] org.apache.catalina.startup.VersionLoggerListener.log Argument de la ligne de commande : --add-opens=java.base/java.util.concurrent=ALL-UNNAMED
23-Aug-2026 17:19:49.522 INFOS [main] org.apache.catalina.startup.VersionLoggerListener.log Argument de la ligne de commande : --add-opens=java.rmi/sun.rmi.transport=ALL-UNNAMED
23-Aug-2026 17:19:49.522 INFOS [main] org.apache.catalina.startup.VersionLoggerListener.log Argument de la ligne de commande : -Dcatalina.home=C:\Users\HP\Desktop\apache-tomcat-10.1.42
23-Aug-2026 17:19:49.522 INFOS [main] org.apache.catalina.startup.VersionLoggerListener.log Argument de la ligne de commande : -Dcatalina.base=C:\Users\HP\Desktop\samasuker\.smarttomcat
23-Aug-2026 17:19:49.522 INFOS [main] org.apache.catalina.startup.VersionLoggerListener.log Argument de la ligne de commande : -Djava.io.tmpdir=C:\Users\HP\Desktop\samasuker\.smarttomcat\temp
23-Aug-2026 17:19:49.522 INFOS [main] org.apache.catalina.startup.VersionLoggerListener.log Argument de la ligne de commande : -Djava.util.logging.config.file=C:\Users\HP\Desktop\samasuker\.smarttomcat\conf\logging.properties
23-Aug-2026 17:19:49.522 INFOS [main] org.apache.catalina.startup.VersionLoggerListener.log Argument de la ligne de commande : -Djava.util.logging.manager=org.apache.juli.ClassLoaderLogManager
23-Aug-2026 17:19:49.522 INFOS [main] org.apache.catalina.startup.VersionLoggerListener.log Argument de la ligne de commande : -javaagent:C:\Program Files\JetBrains\IntelliJ IDEA 2025.2.2\lib\idea_rt.jar=62665
23-Aug-2026 17:19:49.523 INFOS [main] org.apache.catalina.startup.VersionLoggerListener.log Argument de la ligne de commande : -Dfile.encoding=UTF-8
23-Aug-2026 17:19:49.523 INFOS [main] org.apache.catalina.startup.VersionLoggerListener.log Argument de la ligne de commande : -Dsun.stdout.encoding=UTF-8
23-Aug-2026 17:19:49.523 INFOS [main] org.apache.catalina.startup.VersionLoggerListener.log Argument de la ligne de commande : -Dsun.stderr.encoding=UTF-8
23-Aug-2026 17:19:49.527 INFOS [main] org.apache.catalina.core.AprLifecycleListener.lifecycleEvent Chargement de la librairie Apache Tomcat Native [2.0.9] en utilisant APR version [1.7.6]
23-Aug-2026 17:19:49.535 INFOS [main] org.apache.catalina.core.AprLifecycleListener.initializeSSL OpenSSL a été initialisé avec succès [OpenSSL 3.5.0 8 Apr 2025]
23-Aug-2026 17:19:50.196 INFOS [main] org.apache.coyote.AbstractProtocol.init Initialisation du gestionnaire de protocole ["http-nio-8080"]
23-Aug-2026 17:19:50.235 INFOS [main] org.apache.catalina.startup.Catalina.load L'initialisation du serveur a pris [1173] millisecondes
23-Aug-2026 17:19:50.353 INFOS [main] org.apache.catalina.core.StandardService.startInternal Démarrage du service [Catalina]
23-Aug-2026 17:19:50.354 INFOS [main] org.apache.catalina.core.StandardEngine.startInternal Démarrage du moteur de Servlets : [Apache Tomcat/10.1.42]
23-Aug-2026 17:19:50.375 INFOS [main] org.apache.catalina.startup.HostConfig.deployDescriptor Déploiement du descripteur de configuration [C:\Users\HP\Desktop\samasuker\.smarttomcat\conf\Catalina\localhost\MDD.xml]
23-Aug-2026 17:19:53.977 INFOS [main] org.apache.jasper.servlet.TldScanner.scanJars Au moins un fichier JAR a été analysé pour trouver des TLDs mais il n'en contenait pas, le mode "debug" du journal peut être activé pour obtenir une liste complète de JAR scannés sans succès ; éviter d'analyser des JARs inutilement peut améliorer sensiblement le temps de démarrage et le temps de compilation des JSPs
23-Aug-2026 17:19:54.098 INFOS [main] org.apache.catalina.startup.HostConfig.deployDescriptor Le traitement du descripteur de déploiement [C:\Users\HP\Desktop\samasuker\.smarttomcat\conf\Catalina\localhost\MDD.xml] a pris [3 718] ms
23-Aug-2026 17:19:54.098 INFOS [main] org.apache.catalina.startup.HostConfig.deployDescriptor Déploiement du descripteur de configuration [C:\Users\HP\Desktop\samasuker\.smarttomcat\conf\Catalina\localhost\ROOT.xml]
23-Aug-2026 17:19:56.799 INFOS [main] org.apache.jasper.servlet.TldScanner.scanJars Au moins un fichier JAR a été analysé pour trouver des TLDs mais il n'en contenait pas, le mode "debug" du journal peut être activé pour obtenir une liste complète de JAR scannés sans succès ; éviter d'analyser des JARs inutilement peut améliorer sensiblement le temps de démarrage et le temps de compilation des JSPs
23-Aug-2026 17:19:56.849 INFOS [main] org.apache.catalina.startup.HostConfig.deployDescriptor Le traitement du descripteur de déploiement [C:\Users\HP\Desktop\samasuker\.smarttomcat\conf\Catalina\localhost\ROOT.xml] a pris [2 750] ms
23-Aug-2026 17:19:56.856 INFOS [main] org.apache.coyote.AbstractProtocol.start Démarrage du gestionnaire de protocole ["http-nio-8080"]
23-Aug-2026 17:19:56.897 INFOS [main] org.apache.catalina.startup.Catalina.start Le démarrage du serveur a pris [6656] millisecondes
23-Aug-2026 17:20:09.894 INFO [http-nio-8080-exec-2] org.hibernate.jpa.internal.util.LogHelper.logPersistenceUnitInformation HHH000204: Processing PersistenceUnitInfo [name: glycemiePU]
23-Aug-2026 17:20:10.241 INFO [http-nio-8080-exec-2] org.hibernate.Version.logVersion HHH000412: Hibernate ORM core version 6.2.7.Final
23-Aug-2026 17:20:10.249 INFO [http-nio-8080-exec-2] org.hibernate.cfg.Environment.<clinit> HHH000406: Using bytecode reflection optimizer
23-Aug-2026 17:20:11.450 WARN [http-nio-8080-exec-2] org.hibernate.engine.jdbc.connections.internal.DriverManagerConnectionProviderImpl.configure HHH10001002: Using built-in connection pool (not intended for production use)
23-Aug-2026 17:20:11.466 INFO [http-nio-8080-exec-2] org.hibernate.engine.jdbc.connections.internal.DriverManagerConnectionProviderImpl.buildCreator HHH10001005: Loaded JDBC driver class: com.mysql.cj.jdbc.Driver
23-Aug-2026 17:20:11.466 INFO [http-nio-8080-exec-2] org.hibernate.engine.jdbc.connections.internal.DriverManagerConnectionProviderImpl.buildCreator HHH10001012: Connecting with JDBC URL [jdbc:mysql://localhost:3306/suivi_glycemie_db?useSSL=false&serverTimezone=UTC]
23-Aug-2026 17:20:11.466 INFO [http-nio-8080-exec-2] org.hibernate.engine.jdbc.connections.internal.DriverManagerConnectionProviderImpl.buildCreator HHH10001001: Connection properties: {password=****, user=root}
23-Aug-2026 17:20:11.467 INFO [http-nio-8080-exec-2] org.hibernate.engine.jdbc.connections.internal.DriverManagerConnectionProviderImpl.buildCreator HHH10001003: Autocommit mode: false
23-Aug-2026 17:20:11.480 INFO [http-nio-8080-exec-2] org.hibernate.engine.jdbc.connections.internal.DriverManagerConnectionProviderImpl$PooledConnections.<init> HHH10001115: Connection pool size: 20 (min=1)
23-Aug-2026 17:20:12.280 WARN [http-nio-8080-exec-2] org.hibernate.dialect.Dialect.checkVersion HHH000511: The 5.6.17 version for [org.hibernate.dialect.MySQLDialect] is no longer supported, hence certain features may not work properly. The minimum supported version is 5.7.0. Check the community dialects project for available legacy versions.
23-Aug-2026 17:20:13.644 INFO [http-nio-8080-exec-2] org.hibernate.bytecode.internal.BytecodeProviderInitiator.buildBytecodeProvider HHH000021: Bytecode provider name : bytebuddy
23-Aug-2026 17:20:18.482 INFO [http-nio-8080-exec-2] org.hibernate.engine.transaction.jta.platform.internal.JtaPlatformInitiator.initiateService HHH000490: Using JtaPlatform implementation: [org.hibernate.engine.transaction.jta.platform.internal.NoJtaPlatform]
23-Aug-2026 17:20:18.613 INFO [http-nio-8080-exec-2] org.hibernate.resource.transaction.backend.jdbc.internal.DdlTransactionIsolatorNonJtaImpl.getIsolatedConnection HHH10001501: Connection obtained from JdbcConnectionAccess [org.hibernate.engine.jdbc.env.internal.JdbcEnvironmentInitiator$ConnectionProviderJdbcConnectionAccess@67f0b00c] for (non-JTA) DDL execution was not in auto-commit mode; the Connection 'local transaction' will be committed and the Connection will be set into auto-commit mode.
23-Aug-2026 17:20:20.542 INFO [http-nio-8080-exec-4] org.hibernate.jpa.internal.util.LogHelper.logPersistenceUnitInformation HHH000204: Processing PersistenceUnitInfo [name: glycemiePU]
23-Aug-2026 17:20:20.609 WARN [http-nio-8080-exec-4] org.hibernate.engine.jdbc.connections.internal.DriverManagerConnectionProviderImpl.configure HHH10001002: Using built-in connection pool (not intended for production use)
23-Aug-2026 17:20:20.609 INFO [http-nio-8080-exec-4] org.hibernate.engine.jdbc.connections.internal.DriverManagerConnectionProviderImpl.buildCreator HHH10001005: Loaded JDBC driver class: com.mysql.cj.jdbc.Driver
23-Aug-2026 17:20:20.609 INFO [http-nio-8080-exec-4] org.hibernate.engine.jdbc.connections.internal.DriverManagerConnectionProviderImpl.buildCreator HHH10001012: Connecting with JDBC URL [jdbc:mysql://localhost:3306/suivi_glycemie_db?useSSL=false&serverTimezone=UTC]
23-Aug-2026 17:20:20.609 INFO [http-nio-8080-exec-4] org.hibernate.engine.jdbc.connections.internal.DriverManagerConnectionProviderImpl.buildCreator HHH10001001: Connection properties: {password=****, user=root}
23-Aug-2026 17:20:20.610 INFO [http-nio-8080-exec-4] org.hibernate.engine.jdbc.connections.internal.DriverManagerConnectionProviderImpl.buildCreator HHH10001003: Autocommit mode: false
23-Aug-2026 17:20:20.610 INFO [http-nio-8080-exec-4] org.hibernate.engine.jdbc.connections.internal.DriverManagerConnectionProviderImpl$PooledConnections.<init> HHH10001115: Connection pool size: 20 (min=1)
23-Aug-2026 17:20:20.617 WARN [http-nio-8080-exec-4] org.hibernate.dialect.Dialect.checkVersion HHH000511: The 5.6.17 version for [org.hibernate.dialect.MySQLDialect] is no longer supported, hence certain features may not work properly. The minimum supported version is 5.7.0. Check the community dialects project for available legacy versions.
23-Aug-2026 17:20:20.651 INFO [http-nio-8080-exec-4] org.hibernate.bytecode.internal.BytecodeProviderInitiator.buildBytecodeProvider HHH000021: Bytecode provider name : bytebuddy
23-Aug-2026 17:20:20.764 INFO [http-nio-8080-exec-4] org.hibernate.engine.transaction.jta.platform.internal.JtaPlatformInitiator.initiateService HHH000490: Using JtaPlatform implementation: [org.hibernate.engine.transaction.jta.platform.internal.NoJtaPlatform]
23-Aug-2026 17:20:20.765 INFO [http-nio-8080-exec-4] org.hibernate.resource.transaction.backend.jdbc.internal.DdlTransactionIsolatorNonJtaImpl.getIsolatedConnection HHH10001501: Connection obtained from JdbcConnectionAccess [org.hibernate.engine.jdbc.env.internal.JdbcEnvironmentInitiator$ConnectionProviderJdbcConnectionAccess@5a3457d1] for (non-JTA) DDL execution was not in auto-commit mode; the Connection 'local transaction' will be committed and the Connection will be set into auto-commit mode.
23-Aug-2026 17:20:29.678 INFO [http-nio-8080-exec-6] org.hibernate.jpa.internal.util.LogHelper.logPersistenceUnitInformation HHH000204: Processing PersistenceUnitInfo [name: glycemiePU]
23-Aug-2026 17:20:29.750 WARN [http-nio-8080-exec-6] org.hibernate.engine.jdbc.connections.internal.DriverManagerConnectionProviderImpl.configure HHH10001002: Using built-in connection pool (not intended for production use)
23-Aug-2026 17:20:29.751 INFO [http-nio-8080-exec-6] org.hibernate.engine.jdbc.connections.internal.DriverManagerConnectionProviderImpl.buildCreator HHH10001005: Loaded JDBC driver class: com.mysql.cj.jdbc.Driver
23-Aug-2026 17:20:29.751 INFO [http-nio-8080-exec-6] org.hibernate.engine.jdbc.connections.internal.DriverManagerConnectionProviderImpl.buildCreator HHH10001012: Connecting with JDBC URL [jdbc:mysql://localhost:3306/suivi_glycemie_db?useSSL=false&serverTimezone=UTC]
23-Aug-2026 17:20:29.751 INFO [http-nio-8080-exec-6] org.hibernate.engine.jdbc.connections.internal.DriverManagerConnectionProviderImpl.buildCreator HHH10001001: Connection properties: {password=****, user=root}
23-Aug-2026 17:20:29.751 INFO [http-nio-8080-exec-6] org.hibernate.engine.jdbc.connections.internal.DriverManagerConnectionProviderImpl.buildCreator HHH10001003: Autocommit mode: false
23-Aug-2026 17:20:29.751 INFO [http-nio-8080-exec-6] org.hibernate.engine.jdbc.connections.internal.DriverManagerConnectionProviderImpl$PooledConnections.<init> HHH10001115: Connection pool size: 20 (min=1)
23-Aug-2026 17:20:29.760 WARN [http-nio-8080-exec-6] org.hibernate.dialect.Dialect.checkVersion HHH000511: The 5.6.17 version for [org.hibernate.dialect.MySQLDialect] is no longer supported, hence certain features may not work properly. The minimum supported version is 5.7.0. Check the community dialects project for available legacy versions.
23-Aug-2026 17:20:29.793 INFO [http-nio-8080-exec-6] org.hibernate.bytecode.internal.BytecodeProviderInitiator.buildBytecodeProvider HHH000021: Bytecode provider name : bytebuddy
23-Aug-2026 17:20:29.884 INFO [http-nio-8080-exec-6] org.hibernate.engine.transaction.jta.platform.internal.JtaPlatformInitiator.initiateService HHH000490: Using JtaPlatform implementation: [org.hibernate.engine.transaction.jta.platform.internal.NoJtaPlatform]
23-Aug-2026 17:20:29.885 INFO [http-nio-8080-exec-6] org.hibernate.resource.transaction.backend.jdbc.internal.DdlTransactionIsolatorNonJtaImpl.getIsolatedConnection HHH10001501: Connection obtained from JdbcConnectionAccess [org.hibernate.engine.jdbc.env.internal.JdbcEnvironmentInitiator$ConnectionProviderJdbcConnectionAccess@51072bca] for (non-JTA) DDL execution was not in auto-commit mode; the Connection 'local transaction' will be committed and the Connection will be set into auto-commit mode.
23-Aug-2026 21:45:42.312 INFOS [Thread-1] org.apache.coyote.AbstractProtocol.pause Le gestionnaire de protocole ["http-nio-8080"] est mis en pause
23-Aug-2026 21:45:42.334 INFOS [Thread-1] org.apache.catalina.core.StandardService.stopInternal Arrêt du service [Catalina]
23-Aug-2026 21:45:42.351 AVERTISSEMENT [Thread-1] org.apache.catalina.loader.WebappClassLoaderBase.clearReferencesJdbc L'application web [ROOT] a enregistré un pilote JDBC [com.mysql.cj.jdbc.Driver], mais ne l'a pas désenregistré avant l'arrêt de l'application.  Pour éviter une fuite de mémoire, le pilote JDBC a été désenregistré de force.
23-Aug-2026 21:45:42.352 AVERTISSEMENT [Thread-1] org.apache.catalina.loader.WebappClassLoaderBase.clearReferencesThreads L'application web [ROOT] semble avoir démarré un thread nommé [mysql-cj-abandoned-connection-cleanup] mais ne l'a pas arrêté, ce qui va probablement créer une fuite de mémoire ; la trace du thread est : 
 java.base/jdk.internal.misc.Unsafe.park(Native Method)
 java.base/java.util.concurrent.locks.LockSupport.parkNanos(LockSupport.java:269)
 java.base/java.util.concurrent.locks.AbstractQueuedSynchronizer$ConditionObject.await(AbstractQueuedSynchronizer.java:1886)
 java.base/java.lang.ref.ReferenceQueue.await(ReferenceQueue.java:71)
 java.base/java.lang.ref.ReferenceQueue.remove0(ReferenceQueue.java:143)
 java.base/java.lang.ref.ReferenceQueue.remove(ReferenceQueue.java:218)
 com.mysql.cj.jdbc.AbandonedConnectionCleanupThread.run(AbandonedConnectionCleanupThread.java:93)
 java.base/java.util.concurrent.ThreadPoolExecutor.runWorker(ThreadPoolExecutor.java:1144)
 java.base/java.util.concurrent.ThreadPoolExecutor$Worker.run(ThreadPoolExecutor.java:642)
 java.base/java.lang.Thread.run(Thread.java:1583)
23-Aug-2026 21:45:42.352 AVERTISSEMENT [Thread-1] org.apache.catalina.loader.WebappClassLoaderBase.clearReferencesThreads L'application web [ROOT] semble avoir démarré un thread nommé [Hibernate Connection Pool Validation Thread] mais ne l'a pas arrêté, ce qui va probablement créer une fuite de mémoire ; la trace du thread est : 
 java.base/jdk.internal.misc.Unsafe.park(Native Method)
 java.base/java.util.concurrent.locks.LockSupport.parkNanos(LockSupport.java:269)
 java.base/java.util.concurrent.locks.AbstractQueuedSynchronizer$ConditionObject.awaitNanos(AbstractQueuedSynchronizer.java:1797)
 java.base/java.util.concurrent.ScheduledThreadPoolExecutor$DelayedWorkQueue.take(ScheduledThreadPoolExecutor.java:1182)
 java.base/java.util.concurrent.ScheduledThreadPoolExecutor$DelayedWorkQueue.take(ScheduledThreadPoolExecutor.java:899)
 java.base/java.util.concurrent.ThreadPoolExecutor.getTask(ThreadPoolExecutor.java:1070)
 java.base/java.util.concurrent.ThreadPoolExecutor.runWorker(ThreadPoolExecutor.java:1130)
 java.base/java.util.concurrent.ThreadPoolExecutor$Worker.run(ThreadPoolExecutor.java:642)
 java.base/java.lang.Thread.run(Thread.java:1583)
23-Aug-2026 21:45:42.353 AVERTISSEMENT [Thread-1] org.apache.catalina.loader.WebappClassLoaderBase.clearReferencesThreads L'application web [ROOT] semble avoir démarré un thread nommé [Hibernate Connection Pool Validation Thread] mais ne l'a pas arrêté, ce qui va probablement créer une fuite de mémoire ; la trace du thread est : 
 java.base/jdk.internal.misc.Unsafe.park(Native Method)
 java.base/java.util.concurrent.locks.LockSupport.parkNanos(LockSupport.java:269)
 java.base/java.util.concurrent.locks.AbstractQueuedSynchronizer$ConditionObject.awaitNanos(AbstractQueuedSynchronizer.java:1797)
 java.base/java.util.concurrent.ScheduledThreadPoolExecutor$DelayedWorkQueue.take(ScheduledThreadPoolExecutor.java:1182)
 java.base/java.util.concurrent.ScheduledThreadPoolExecutor$DelayedWorkQueue.take(ScheduledThreadPoolExecutor.java:899)
 java.base/java.util.concurrent.ThreadPoolExecutor.getTask(ThreadPoolExecutor.java:1070)
 java.base/java.util.concurrent.ThreadPoolExecutor.runWorker(ThreadPoolExecutor.java:1130)
 java.base/java.util.concurrent.ThreadPoolExecutor$Worker.run(ThreadPoolExecutor.java:642)
 java.base/java.lang.Thread.run(Thread.java:1583)
23-Aug-2026 21:45:42.353 AVERTISSEMENT [Thread-1] org.apache.catalina.loader.WebappClassLoaderBase.clearReferencesThreads L'application web [ROOT] semble avoir démarré un thread nommé [Hibernate Connection Pool Validation Thread] mais ne l'a pas arrêté, ce qui va probablement créer une fuite de mémoire ; la trace du thread est : 
 java.base/jdk.internal.misc.Unsafe.park(Native Method)
 java.base/java.util.concurrent.locks.LockSupport.parkNanos(LockSupport.java:269)
 java.base/java.util.concurrent.locks.AbstractQueuedSynchronizer$ConditionObject.awaitNanos(AbstractQueuedSynchronizer.java:1797)
 java.base/java.util.concurrent.ScheduledThreadPoolExecutor$DelayedWorkQueue.take(ScheduledThreadPoolExecutor.java:1182)
 java.base/java.util.concurrent.ScheduledThreadPoolExecutor$DelayedWorkQueue.take(ScheduledThreadPoolExecutor.java:899)
 java.base/java.util.concurrent.ThreadPoolExecutor.getTask(ThreadPoolExecutor.java:1070)
 java.base/java.util.concurrent.ThreadPoolExecutor.runWorker(ThreadPoolExecutor.java:1130)
 java.base/java.util.concurrent.ThreadPoolExecutor$Worker.run(ThreadPoolExecutor.java:642)
 java.base/java.lang.Thread.run(Thread.java:1583)
23-Aug-2026 21:45:42.375 INFOS [Thread-1] org.apache.coyote.AbstractProtocol.stop Arrêt du gestionnaire de protocole ["http-nio-8080"]
23-Aug-2026 21:45:42.384 INFOS [Thread-1] org.apache.coyote.AbstractProtocol.destroy Destruction du gestionnaire de protocole ["http-nio-8080"]
23-Aug-2026 21:45:50.365 INFOS [main] org.apache.catalina.startup.VersionLoggerListener.log Nom version serveur :              Apache Tomcat/10.1.42
23-Aug-2026 21:45:50.373 INFOS [main] org.apache.catalina.startup.VersionLoggerListener.log Serveur compilé :                  Jun 5 2025 22:35:46 UTC
23-Aug-2026 21:45:50.374 INFOS [main] org.apache.catalina.startup.VersionLoggerListener.log Version du serveur :               10.1.42.0
23-Aug-2026 21:45:50.374 INFOS [main] org.apache.catalina.startup.VersionLoggerListener.log Nom de l'OS :                      Windows 11
23-Aug-2026 21:45:50.374 INFOS [main] org.apache.catalina.startup.VersionLoggerListener.log Version OS :                       10.0
23-Aug-2026 21:45:50.374 INFOS [main] org.apache.catalina.startup.VersionLoggerListener.log Architecture :                     amd64
23-Aug-2026 21:45:50.374 INFOS [main] org.apache.catalina.startup.VersionLoggerListener.log Java Home :                        C:\Users\HP\.jdks\jbrsdk_jcef-21.0.9
23-Aug-2026 21:45:50.375 INFOS [main] org.apache.catalina.startup.VersionLoggerListener.log Version JVM :                      21.0.9+1-b1038.75
23-Aug-2026 21:45:50.375 INFOS [main] org.apache.catalina.startup.VersionLoggerListener.log Fournisseur de la JVM :            JetBrains s.r.o.
23-Aug-2026 21:45:50.375 INFOS [main] org.apache.catalina.startup.VersionLoggerListener.log CATALINA_BASE :                    C:\Users\HP\Desktop\samasuker\.smarttomcat
23-Aug-2026 21:45:50.375 INFOS [main] org.apache.catalina.startup.VersionLoggerListener.log CATALINA_HOME :                    C:\Users\HP\Desktop\apache-tomcat-10.1.42
23-Aug-2026 21:45:50.398 INFOS [main] org.apache.catalina.startup.VersionLoggerListener.log Argument de la ligne de commande : --add-opens=java.base/java.lang=ALL-UNNAMED
23-Aug-2026 21:45:50.399 INFOS [main] org.apache.catalina.startup.VersionLoggerListener.log Argument de la ligne de commande : --add-opens=java.base/java.io=ALL-UNNAMED
23-Aug-2026 21:45:50.399 INFOS [main] org.apache.catalina.startup.VersionLoggerListener.log Argument de la ligne de commande : --add-opens=java.base/java.util=ALL-UNNAMED
23-Aug-2026 21:45:50.399 INFOS [main] org.apache.catalina.startup.VersionLoggerListener.log Argument de la ligne de commande : --add-opens=java.base/java.util.concurrent=ALL-UNNAMED
23-Aug-2026 21:45:50.400 INFOS [main] org.apache.catalina.startup.VersionLoggerListener.log Argument de la ligne de commande : --add-opens=java.rmi/sun.rmi.transport=ALL-UNNAMED
23-Aug-2026 21:45:50.400 INFOS [main] org.apache.catalina.startup.VersionLoggerListener.log Argument de la ligne de commande : -Dcatalina.home=C:\Users\HP\Desktop\apache-tomcat-10.1.42
23-Aug-2026 21:45:50.400 INFOS [main] org.apache.catalina.startup.VersionLoggerListener.log Argument de la ligne de commande : -Dcatalina.base=C:\Users\HP\Desktop\samasuker\.smarttomcat
23-Aug-2026 21:45:50.400 INFOS [main] org.apache.catalina.startup.VersionLoggerListener.log Argument de la ligne de commande : -Djava.io.tmpdir=C:\Users\HP\Desktop\samasuker\.smarttomcat\temp
23-Aug-2026 21:45:50.400 INFOS [main] org.apache.catalina.startup.VersionLoggerListener.log Argument de la ligne de commande : -Djava.util.logging.config.file=C:\Users\HP\Desktop\samasuker\.smarttomcat\conf\logging.properties
23-Aug-2026 21:45:50.401 INFOS [main] org.apache.catalina.startup.VersionLoggerListener.log Argument de la ligne de commande : -Djava.util.logging.manager=org.apache.juli.ClassLoaderLogManager
23-Aug-2026 21:45:50.401 INFOS [main] org.apache.catalina.startup.VersionLoggerListener.log Argument de la ligne de commande : -javaagent:C:\Program Files\JetBrains\IntelliJ IDEA 2025.2.2\lib\idea_rt.jar=60956
23-Aug-2026 21:45:50.401 INFOS [main] org.apache.catalina.startup.VersionLoggerListener.log Argument de la ligne de commande : -Dfile.encoding=UTF-8
23-Aug-2026 21:45:50.401 INFOS [main] org.apache.catalina.startup.VersionLoggerListener.log Argument de la ligne de commande : -Dsun.stdout.encoding=UTF-8
23-Aug-2026 21:45:50.401 INFOS [main] org.apache.catalina.startup.VersionLoggerListener.log Argument de la ligne de commande : -Dsun.stderr.encoding=UTF-8
23-Aug-2026 21:45:50.409 INFOS [main] org.apache.catalina.core.AprLifecycleListener.lifecycleEvent Chargement de la librairie Apache Tomcat Native [2.0.9] en utilisant APR version [1.7.6]
23-Aug-2026 21:45:50.421 INFOS [main] org.apache.catalina.core.AprLifecycleListener.initializeSSL OpenSSL a été initialisé avec succès [OpenSSL 3.5.0 8 Apr 2025]
23-Aug-2026 21:45:51.236 INFOS [main] org.apache.coyote.AbstractProtocol.init Initialisation du gestionnaire de protocole ["http-nio-8080"]
23-Aug-2026 21:45:51.289 INFOS [main] org.apache.catalina.startup.Catalina.load L'initialisation du serveur a pris [1513] millisecondes
23-Aug-2026 21:45:51.458 INFOS [main] org.apache.catalina.core.StandardService.startInternal Démarrage du service [Catalina]
23-Aug-2026 21:45:51.459 INFOS [main] org.apache.catalina.core.StandardEngine.startInternal Démarrage du moteur de Servlets : [Apache Tomcat/10.1.42]
23-Aug-2026 21:45:51.508 INFOS [main] org.apache.catalina.startup.HostConfig.deployDescriptor Déploiement du descripteur de configuration [C:\Users\HP\Desktop\samasuker\.smarttomcat\conf\Catalina\localhost\MDD.xml]
23-Aug-2026 21:45:58.278 INFOS [main] org.apache.jasper.servlet.TldScanner.scanJars Au moins un fichier JAR a été analysé pour trouver des TLDs mais il n'en contenait pas, le mode "debug" du journal peut être activé pour obtenir une liste complète de JAR scannés sans succès ; éviter d'analyser des JARs inutilement peut améliorer sensiblement le temps de démarrage et le temps de compilation des JSPs
23-Aug-2026 21:45:58.480 INFOS [main] org.apache.catalina.startup.HostConfig.deployDescriptor Le traitement du descripteur de déploiement [C:\Users\HP\Desktop\samasuker\.smarttomcat\conf\Catalina\localhost\MDD.xml] a pris [6 965] ms
23-Aug-2026 21:45:58.480 INFOS [main] org.apache.catalina.startup.HostConfig.deployDescriptor Déploiement du descripteur de configuration [C:\Users\HP\Desktop\samasuker\.smarttomcat\conf\Catalina\localhost\ROOT.xml]
23-Aug-2026 21:46:03.779 INFOS [main] org.apache.jasper.servlet.TldScanner.scanJars Au moins un fichier JAR a été analysé pour trouver des TLDs mais il n'en contenait pas, le mode "debug" du journal peut être activé pour obtenir une liste complète de JAR scannés sans succès ; éviter d'analyser des JARs inutilement peut améliorer sensiblement le temps de démarrage et le temps de compilation des JSPs
23-Aug-2026 21:46:03.872 INFOS [main] org.apache.catalina.startup.HostConfig.deployDescriptor Le traitement du descripteur de déploiement [C:\Users\HP\Desktop\samasuker\.smarttomcat\conf\Catalina\localhost\ROOT.xml] a pris [5 391] ms
23-Aug-2026 21:46:03.889 INFOS [main] org.apache.coyote.AbstractProtocol.start Démarrage du gestionnaire de protocole ["http-nio-8080"]
23-Aug-2026 21:46:03.978 INFOS [main] org.apache.catalina.startup.Catalina.start Le démarrage du serveur a pris [12685] millisecondes
23-Aug-2026 21:46:14.815 INFO [http-nio-8080-exec-3] org.hibernate.jpa.internal.util.LogHelper.logPersistenceUnitInformation HHH000204: Processing PersistenceUnitInfo [name: glycemiePU]
23-Aug-2026 21:46:15.496 INFO [http-nio-8080-exec-3] org.hibernate.Version.logVersion HHH000412: Hibernate ORM core version 6.2.7.Final
23-Aug-2026 21:46:15.510 INFO [http-nio-8080-exec-3] org.hibernate.cfg.Environment.<clinit> HHH000406: Using bytecode reflection optimizer
23-Aug-2026 21:46:17.453 WARN [http-nio-8080-exec-3] org.hibernate.engine.jdbc.connections.internal.DriverManagerConnectionProviderImpl.configure HHH10001002: Using built-in connection pool (not intended for production use)
23-Aug-2026 21:46:17.488 INFO [http-nio-8080-exec-3] org.hibernate.engine.jdbc.connections.internal.DriverManagerConnectionProviderImpl.buildCreator HHH10001005: Loaded JDBC driver class: com.mysql.cj.jdbc.Driver
23-Aug-2026 21:46:17.489 INFO [http-nio-8080-exec-3] org.hibernate.engine.jdbc.connections.internal.DriverManagerConnectionProviderImpl.buildCreator HHH10001012: Connecting with JDBC URL [jdbc:mysql://localhost:3306/suivi_glycemie_db?useSSL=false&serverTimezone=UTC]
23-Aug-2026 21:46:17.490 INFO [http-nio-8080-exec-3] org.hibernate.engine.jdbc.connections.internal.DriverManagerConnectionProviderImpl.buildCreator HHH10001001: Connection properties: {password=****, user=root}
23-Aug-2026 21:46:17.490 INFO [http-nio-8080-exec-3] org.hibernate.engine.jdbc.connections.internal.DriverManagerConnectionProviderImpl.buildCreator HHH10001003: Autocommit mode: false
23-Aug-2026 21:46:17.517 INFO [http-nio-8080-exec-3] org.hibernate.engine.jdbc.connections.internal.DriverManagerConnectionProviderImpl$PooledConnections.<init> HHH10001115: Connection pool size: 20 (min=1)
23-Aug-2026 21:46:18.762 WARN [http-nio-8080-exec-3] org.hibernate.dialect.Dialect.checkVersion HHH000511: The 5.6.17 version for [org.hibernate.dialect.MySQLDialect] is no longer supported, hence certain features may not work properly. The minimum supported version is 5.7.0. Check the community dialects project for available legacy versions.
23-Aug-2026 21:46:21.086 INFO [http-nio-8080-exec-3] org.hibernate.bytecode.internal.BytecodeProviderInitiator.buildBytecodeProvider HHH000021: Bytecode provider name : bytebuddy
23-Aug-2026 21:46:28.475 INFO [http-nio-8080-exec-3] org.hibernate.engine.transaction.jta.platform.internal.JtaPlatformInitiator.initiateService HHH000490: Using JtaPlatform implementation: [org.hibernate.engine.transaction.jta.platform.internal.NoJtaPlatform]
23-Aug-2026 21:46:28.709 INFO [http-nio-8080-exec-3] org.hibernate.resource.transaction.backend.jdbc.internal.DdlTransactionIsolatorNonJtaImpl.getIsolatedConnection HHH10001501: Connection obtained from JdbcConnectionAccess [org.hibernate.engine.jdbc.env.internal.JdbcEnvironmentInitiator$ConnectionProviderJdbcConnectionAccess@6543ca64] for (non-JTA) DDL execution was not in auto-commit mode; the Connection 'local transaction' will be committed and the Connection will be set into auto-commit mode.
23-Aug-2026 21:46:32.932 INFO [http-nio-8080-exec-5] org.hibernate.jpa.internal.util.LogHelper.logPersistenceUnitInformation HHH000204: Processing PersistenceUnitInfo [name: glycemiePU]
23-Aug-2026 21:46:33.048 WARN [http-nio-8080-exec-5] org.hibernate.engine.jdbc.connections.internal.DriverManagerConnectionProviderImpl.configure HHH10001002: Using built-in connection pool (not intended for production use)
23-Aug-2026 21:46:33.050 INFO [http-nio-8080-exec-5] org.hibernate.engine.jdbc.connections.internal.DriverManagerConnectionProviderImpl.buildCreator HHH10001005: Loaded JDBC driver class: com.mysql.cj.jdbc.Driver
23-Aug-2026 21:46:33.050 INFO [http-nio-8080-exec-5] org.hibernate.engine.jdbc.connections.internal.DriverManagerConnectionProviderImpl.buildCreator HHH10001012: Connecting with JDBC URL [jdbc:mysql://localhost:3306/suivi_glycemie_db?useSSL=false&serverTimezone=UTC]
23-Aug-2026 21:46:33.050 INFO [http-nio-8080-exec-5] org.hibernate.engine.jdbc.connections.internal.DriverManagerConnectionProviderImpl.buildCreator HHH10001001: Connection properties: {password=****, user=root}
23-Aug-2026 21:46:33.051 INFO [http-nio-8080-exec-5] org.hibernate.engine.jdbc.connections.internal.DriverManagerConnectionProviderImpl.buildCreator HHH10001003: Autocommit mode: false
23-Aug-2026 21:46:33.051 INFO [http-nio-8080-exec-5] org.hibernate.engine.jdbc.connections.internal.DriverManagerConnectionProviderImpl$PooledConnections.<init> HHH10001115: Connection pool size: 20 (min=1)
23-Aug-2026 21:46:33.060 WARN [http-nio-8080-exec-5] org.hibernate.dialect.Dialect.checkVersion HHH000511: The 5.6.17 version for [org.hibernate.dialect.MySQLDialect] is no longer supported, hence certain features may not work properly. The minimum supported version is 5.7.0. Check the community dialects project for available legacy versions.
23-Aug-2026 21:46:33.124 INFO [http-nio-8080-exec-5] org.hibernate.bytecode.internal.BytecodeProviderInitiator.buildBytecodeProvider HHH000021: Bytecode provider name : bytebuddy
23-Aug-2026 21:46:33.262 INFO [http-nio-8080-exec-5] org.hibernate.engine.transaction.jta.platform.internal.JtaPlatformInitiator.initiateService HHH000490: Using JtaPlatform implementation: [org.hibernate.engine.transaction.jta.platform.internal.NoJtaPlatform]
23-Aug-2026 21:46:33.263 INFO [http-nio-8080-exec-5] org.hibernate.resource.transaction.backend.jdbc.internal.DdlTransactionIsolatorNonJtaImpl.getIsolatedConnection HHH10001501: Connection obtained from JdbcConnectionAccess [org.hibernate.engine.jdbc.env.internal.JdbcEnvironmentInitiator$ConnectionProviderJdbcConnectionAccess@78b97d03] for (non-JTA) DDL execution was not in auto-commit mode; the Connection 'local transaction' will be committed and the Connection will be set into auto-commit mode.
23-Aug-2026 21:46:44.893 INFO [http-nio-8080-exec-6] org.hibernate.jpa.internal.util.LogHelper.logPersistenceUnitInformation HHH000204: Processing PersistenceUnitInfo [name: glycemiePU]
23-Aug-2026 21:46:44.961 WARN [http-nio-8080-exec-6] org.hibernate.engine.jdbc.connections.internal.DriverManagerConnectionProviderImpl.configure HHH10001002: Using built-in connection pool (not intended for production use)
23-Aug-2026 21:46:44.962 INFO [http-nio-8080-exec-6] org.hibernate.engine.jdbc.connections.internal.DriverManagerConnectionProviderImpl.buildCreator HHH10001005: Loaded JDBC driver class: com.mysql.cj.jdbc.Driver
23-Aug-2026 21:46:44.962 INFO [http-nio-8080-exec-6] org.hibernate.engine.jdbc.connections.internal.DriverManagerConnectionProviderImpl.buildCreator HHH10001012: Connecting with JDBC URL [jdbc:mysql://localhost:3306/suivi_glycemie_db?useSSL=false&serverTimezone=UTC]
23-Aug-2026 21:46:44.962 INFO [http-nio-8080-exec-6] org.hibernate.engine.jdbc.connections.internal.DriverManagerConnectionProviderImpl.buildCreator HHH10001001: Connection properties: {password=****, user=root}
23-Aug-2026 21:46:44.962 INFO [http-nio-8080-exec-6] org.hibernate.engine.jdbc.connections.internal.DriverManagerConnectionProviderImpl.buildCreator HHH10001003: Autocommit mode: false
23-Aug-2026 21:46:44.962 INFO [http-nio-8080-exec-6] org.hibernate.engine.jdbc.connections.internal.DriverManagerConnectionProviderImpl$PooledConnections.<init> HHH10001115: Connection pool size: 20 (min=1)
23-Aug-2026 21:46:44.971 WARN [http-nio-8080-exec-6] org.hibernate.dialect.Dialect.checkVersion HHH000511: The 5.6.17 version for [org.hibernate.dialect.MySQLDialect] is no longer supported, hence certain features may not work properly. The minimum supported version is 5.7.0. Check the community dialects project for available legacy versions.
23-Aug-2026 21:46:45.010 INFO [http-nio-8080-exec-6] org.hibernate.bytecode.internal.BytecodeProviderInitiator.buildBytecodeProvider HHH000021: Bytecode provider name : bytebuddy
23-Aug-2026 21:46:45.101 INFO [http-nio-8080-exec-6] org.hibernate.engine.transaction.jta.platform.internal.JtaPlatformInitiator.initiateService HHH000490: Using JtaPlatform implementation: [org.hibernate.engine.transaction.jta.platform.internal.NoJtaPlatform]
23-Aug-2026 21:46:45.102 INFO [http-nio-8080-exec-6] org.hibernate.resource.transaction.backend.jdbc.internal.DdlTransactionIsolatorNonJtaImpl.getIsolatedConnection HHH10001501: Connection obtained from JdbcConnectionAccess [org.hibernate.engine.jdbc.env.internal.JdbcEnvironmentInitiator$ConnectionProviderJdbcConnectionAccess@4fe2053f] for (non-JTA) DDL execution was not in auto-commit mode; the Connection 'local transaction' will be committed and the Connection will be set into auto-commit mode.
23-Aug-2026 21:50:37.371 INFOS [Thread-1] org.apache.coyote.AbstractProtocol.pause Le gestionnaire de protocole ["http-nio-8080"] est mis en pause
23-Aug-2026 21:50:37.386 INFOS [Thread-1] org.apache.catalina.core.StandardService.stopInternal Arrêt du service [Catalina]
23-Aug-2026 21:50:37.396 AVERTISSEMENT [Thread-1] org.apache.catalina.loader.WebappClassLoaderBase.clearReferencesJdbc L'application web [ROOT] a enregistré un pilote JDBC [com.mysql.cj.jdbc.Driver], mais ne l'a pas désenregistré avant l'arrêt de l'application.  Pour éviter une fuite de mémoire, le pilote JDBC a été désenregistré de force.
23-Aug-2026 21:50:37.397 AVERTISSEMENT [Thread-1] org.apache.catalina.loader.WebappClassLoaderBase.clearReferencesThreads L'application web [ROOT] semble avoir démarré un thread nommé [mysql-cj-abandoned-connection-cleanup] mais ne l'a pas arrêté, ce qui va probablement créer une fuite de mémoire ; la trace du thread est : 
 java.base/jdk.internal.misc.Unsafe.park(Native Method)
 java.base/java.util.concurrent.locks.LockSupport.parkNanos(LockSupport.java:269)
 java.base/java.util.concurrent.locks.AbstractQueuedSynchronizer$ConditionObject.await(AbstractQueuedSynchronizer.java:1886)
 java.base/java.lang.ref.ReferenceQueue.await(ReferenceQueue.java:71)
 java.base/java.lang.ref.ReferenceQueue.remove0(ReferenceQueue.java:143)
 java.base/java.lang.ref.ReferenceQueue.remove(ReferenceQueue.java:218)
 com.mysql.cj.jdbc.AbandonedConnectionCleanupThread.run(AbandonedConnectionCleanupThread.java:93)
 java.base/java.util.concurrent.ThreadPoolExecutor.runWorker(ThreadPoolExecutor.java:1144)
 java.base/java.util.concurrent.ThreadPoolExecutor$Worker.run(ThreadPoolExecutor.java:642)
 java.base/java.lang.Thread.run(Thread.java:1583)
23-Aug-2026 21:50:37.397 AVERTISSEMENT [Thread-1] org.apache.catalina.loader.WebappClassLoaderBase.clearReferencesThreads L'application web [ROOT] semble avoir démarré un thread nommé [Hibernate Connection Pool Validation Thread] mais ne l'a pas arrêté, ce qui va probablement créer une fuite de mémoire ; la trace du thread est : 
 java.base/jdk.internal.misc.Unsafe.park(Native Method)
 java.base/java.util.concurrent.locks.LockSupport.parkNanos(LockSupport.java:269)
 java.base/java.util.concurrent.locks.AbstractQueuedSynchronizer$ConditionObject.awaitNanos(AbstractQueuedSynchronizer.java:1797)
 java.base/java.util.concurrent.ScheduledThreadPoolExecutor$DelayedWorkQueue.take(ScheduledThreadPoolExecutor.java:1182)
 java.base/java.util.concurrent.ScheduledThreadPoolExecutor$DelayedWorkQueue.take(ScheduledThreadPoolExecutor.java:899)
 java.base/java.util.concurrent.ThreadPoolExecutor.getTask(ThreadPoolExecutor.java:1070)
 java.base/java.util.concurrent.ThreadPoolExecutor.runWorker(ThreadPoolExecutor.java:1130)
 java.base/java.util.concurrent.ThreadPoolExecutor$Worker.run(ThreadPoolExecutor.java:642)
 java.base/java.lang.Thread.run(Thread.java:1583)
23-Aug-2026 21:50:37.398 AVERTISSEMENT [Thread-1] org.apache.catalina.loader.WebappClassLoaderBase.clearReferencesThreads L'application web [ROOT] semble avoir démarré un thread nommé [Hibernate Connection Pool Validation Thread] mais ne l'a pas arrêté, ce qui va probablement créer une fuite de mémoire ; la trace du thread est : 
 java.base/jdk.internal.misc.Unsafe.park(Native Method)
 java.base/java.util.concurrent.locks.LockSupport.parkNanos(LockSupport.java:269)
 java.base/java.util.concurrent.locks.AbstractQueuedSynchronizer$ConditionObject.awaitNanos(AbstractQueuedSynchronizer.java:1797)
 java.base/java.util.concurrent.ScheduledThreadPoolExecutor$DelayedWorkQueue.take(ScheduledThreadPoolExecutor.java:1182)
 java.base/java.util.concurrent.ScheduledThreadPoolExecutor$DelayedWorkQueue.take(ScheduledThreadPoolExecutor.java:899)
 java.base/java.util.concurrent.ThreadPoolExecutor.getTask(ThreadPoolExecutor.java:1070)
 java.base/java.util.concurrent.ThreadPoolExecutor.runWorker(ThreadPoolExecutor.java:1130)
 java.base/java.util.concurrent.ThreadPoolExecutor$Worker.run(ThreadPoolExecutor.java:642)
 java.base/java.lang.Thread.run(Thread.java:1583)
23-Aug-2026 21:50:37.398 AVERTISSEMENT [Thread-1] org.apache.catalina.loader.WebappClassLoaderBase.clearReferencesThreads L'application web [ROOT] semble avoir démarré un thread nommé [Hibernate Connection Pool Validation Thread] mais ne l'a pas arrêté, ce qui va probablement créer une fuite de mémoire ; la trace du thread est : 
 java.base/jdk.internal.misc.Unsafe.park(Native Method)
 java.base/java.util.concurrent.locks.LockSupport.parkNanos(LockSupport.java:269)
 java.base/java.util.concurrent.locks.AbstractQueuedSynchronizer$ConditionObject.awaitNanos(AbstractQueuedSynchronizer.java:1797)
 java.base/java.util.concurrent.ScheduledThreadPoolExecutor$DelayedWorkQueue.take(ScheduledThreadPoolExecutor.java:1182)
 java.base/java.util.concurrent.ScheduledThreadPoolExecutor$DelayedWorkQueue.take(ScheduledThreadPoolExecutor.java:899)
 java.base/java.util.concurrent.ThreadPoolExecutor.getTask(ThreadPoolExecutor.java:1070)
 java.base/java.util.concurrent.ThreadPoolExecutor.runWorker(ThreadPoolExecutor.java:1130)
 java.base/java.util.concurrent.ThreadPoolExecutor$Worker.run(ThreadPoolExecutor.java:642)
 java.base/java.lang.Thread.run(Thread.java:1583)
23-Aug-2026 21:50:37.413 INFOS [Thread-1] org.apache.coyote.AbstractProtocol.stop Arrêt du gestionnaire de protocole ["http-nio-8080"]
23-Aug-2026 21:50:37.429 INFOS [Thread-1] org.apache.coyote.AbstractProtocol.destroy Destruction du gestionnaire de protocole ["http-nio-8080"]
23-Aug-2026 21:50:42.533 INFOS [main] org.apache.catalina.startup.VersionLoggerListener.log Nom version serveur :              Apache Tomcat/10.1.42
23-Aug-2026 21:50:42.539 INFOS [main] org.apache.catalina.startup.VersionLoggerListener.log Serveur compilé :                  Jun 5 2025 22:35:46 UTC
23-Aug-2026 21:50:42.540 INFOS [main] org.apache.catalina.startup.VersionLoggerListener.log Version du serveur :               10.1.42.0
23-Aug-2026 21:50:42.540 INFOS [main] org.apache.catalina.startup.VersionLoggerListener.log Nom de l'OS :                      Windows 11
23-Aug-2026 21:50:42.540 INFOS [main] org.apache.catalina.startup.VersionLoggerListener.log Version OS :                       10.0
23-Aug-2026 21:50:42.540 INFOS [main] org.apache.catalina.startup.VersionLoggerListener.log Architecture :                     amd64
23-Aug-2026 21:50:42.540 INFOS [main] org.apache.catalina.startup.VersionLoggerListener.log Java Home :                        C:\Users\HP\.jdks\jbrsdk_jcef-21.0.9
23-Aug-2026 21:50:42.540 INFOS [main] org.apache.catalina.startup.VersionLoggerListener.log Version JVM :                      21.0.9+1-b1038.75
23-Aug-2026 21:50:42.540 INFOS [main] org.apache.catalina.startup.VersionLoggerListener.log Fournisseur de la JVM :            JetBrains s.r.o.
23-Aug-2026 21:50:42.541 INFOS [main] org.apache.catalina.startup.VersionLoggerListener.log CATALINA_BASE :                    C:\Users\HP\Desktop\samasuker\.smarttomcat
23-Aug-2026 21:50:42.541 INFOS [main] org.apache.catalina.startup.VersionLoggerListener.log CATALINA_HOME :                    C:\Users\HP\Desktop\apache-tomcat-10.1.42
23-Aug-2026 21:50:42.559 INFOS [main] org.apache.catalina.startup.VersionLoggerListener.log Argument de la ligne de commande : --add-opens=java.base/java.lang=ALL-UNNAMED
23-Aug-2026 21:50:42.559 INFOS [main] org.apache.catalina.startup.VersionLoggerListener.log Argument de la ligne de commande : --add-opens=java.base/java.io=ALL-UNNAMED
23-Aug-2026 21:50:42.559 INFOS [main] org.apache.catalina.startup.VersionLoggerListener.log Argument de la ligne de commande : --add-opens=java.base/java.util=ALL-UNNAMED
23-Aug-2026 21:50:42.559 INFOS [main] org.apache.catalina.startup.VersionLoggerListener.log Argument de la ligne de commande : --add-opens=java.base/java.util.concurrent=ALL-UNNAMED
23-Aug-2026 21:50:42.559 INFOS [main] org.apache.catalina.startup.VersionLoggerListener.log Argument de la ligne de commande : --add-opens=java.rmi/sun.rmi.transport=ALL-UNNAMED
23-Aug-2026 21:50:42.559 INFOS [main] org.apache.catalina.startup.VersionLoggerListener.log Argument de la ligne de commande : -Dcatalina.home=C:\Users\HP\Desktop\apache-tomcat-10.1.42
23-Aug-2026 21:50:42.559 INFOS [main] org.apache.catalina.startup.VersionLoggerListener.log Argument de la ligne de commande : -Dcatalina.base=C:\Users\HP\Desktop\samasuker\.smarttomcat
23-Aug-2026 21:50:42.559 INFOS [main] org.apache.catalina.startup.VersionLoggerListener.log Argument de la ligne de commande : -Djava.io.tmpdir=C:\Users\HP\Desktop\samasuker\.smarttomcat\temp
23-Aug-2026 21:50:42.560 INFOS [main] org.apache.catalina.startup.VersionLoggerListener.log Argument de la ligne de commande : -Djava.util.logging.config.file=C:\Users\HP\Desktop\samasuker\.smarttomcat\conf\logging.properties
23-Aug-2026 21:50:42.560 INFOS [main] org.apache.catalina.startup.VersionLoggerListener.log Argument de la ligne de commande : -Djava.util.logging.manager=org.apache.juli.ClassLoaderLogManager
23-Aug-2026 21:50:42.560 INFOS [main] org.apache.catalina.startup.VersionLoggerListener.log Argument de la ligne de commande : -javaagent:C:\Program Files\JetBrains\IntelliJ IDEA 2025.2.2\lib\idea_rt.jar=59082
23-Aug-2026 21:50:42.560 INFOS [main] org.apache.catalina.startup.VersionLoggerListener.log Argument de la ligne de commande : -Dfile.encoding=UTF-8
23-Aug-2026 21:50:42.560 INFOS [main] org.apache.catalina.startup.VersionLoggerListener.log Argument de la ligne de commande : -Dsun.stdout.encoding=UTF-8
23-Aug-2026 21:50:42.560 INFOS [main] org.apache.catalina.startup.VersionLoggerListener.log Argument de la ligne de commande : -Dsun.stderr.encoding=UTF-8
23-Aug-2026 21:50:42.565 INFOS [main] org.apache.catalina.core.AprLifecycleListener.lifecycleEvent Chargement de la librairie Apache Tomcat Native [2.0.9] en utilisant APR version [1.7.6]
23-Aug-2026 21:50:42.575 INFOS [main] org.apache.catalina.core.AprLifecycleListener.initializeSSL OpenSSL a été initialisé avec succès [OpenSSL 3.5.0 8 Apr 2025]
23-Aug-2026 21:50:43.241 INFOS [main] org.apache.coyote.AbstractProtocol.init Initialisation du gestionnaire de protocole ["http-nio-8080"]
23-Aug-2026 21:50:43.276 INFOS [main] org.apache.catalina.startup.Catalina.load L'initialisation du serveur a pris [1193] millisecondes
23-Aug-2026 21:50:43.382 INFOS [main] org.apache.catalina.core.StandardService.startInternal Démarrage du service [Catalina]
23-Aug-2026 21:50:43.382 INFOS [main] org.apache.catalina.core.StandardEngine.startInternal Démarrage du moteur de Servlets : [Apache Tomcat/10.1.42]
23-Aug-2026 21:50:43.407 INFOS [main] org.apache.catalina.startup.HostConfig.deployDescriptor Déploiement du descripteur de configuration [C:\Users\HP\Desktop\samasuker\.smarttomcat\conf\Catalina\localhost\MDD.xml]
23-Aug-2026 21:50:47.168 INFOS [main] org.apache.jasper.servlet.TldScanner.scanJars Au moins un fichier JAR a été analysé pour trouver des TLDs mais il n'en contenait pas, le mode "debug" du journal peut être activé pour obtenir une liste complète de JAR scannés sans succès ; éviter d'analyser des JARs inutilement peut améliorer sensiblement le temps de démarrage et le temps de compilation des JSPs
23-Aug-2026 21:50:47.307 INFOS [main] org.apache.catalina.startup.HostConfig.deployDescriptor Le traitement du descripteur de déploiement [C:\Users\HP\Desktop\samasuker\.smarttomcat\conf\Catalina\localhost\MDD.xml] a pris [3 896] ms
23-Aug-2026 21:50:47.307 INFOS [main] org.apache.catalina.startup.HostConfig.deployDescriptor Déploiement du descripteur de configuration [C:\Users\HP\Desktop\samasuker\.smarttomcat\conf\Catalina\localhost\ROOT.xml]
23-Aug-2026 21:50:50.019 INFOS [main] org.apache.jasper.servlet.TldScanner.scanJars Au moins un fichier JAR a été analysé pour trouver des TLDs mais il n'en contenait pas, le mode "debug" du journal peut être activé pour obtenir une liste complète de JAR scannés sans succès ; éviter d'analyser des JARs inutilement peut améliorer sensiblement le temps de démarrage et le temps de compilation des JSPs
23-Aug-2026 21:50:50.071 INFOS [main] org.apache.catalina.startup.HostConfig.deployDescriptor Le traitement du descripteur de déploiement [C:\Users\HP\Desktop\samasuker\.smarttomcat\conf\Catalina\localhost\ROOT.xml] a pris [2 764] ms
23-Aug-2026 21:50:50.079 INFOS [main] org.apache.coyote.AbstractProtocol.start Démarrage du gestionnaire de protocole ["http-nio-8080"]
23-Aug-2026 21:50:50.125 INFOS [main] org.apache.catalina.startup.Catalina.start Le démarrage du serveur a pris [6847] millisecondes
23-Aug-2026 21:50:59.166 INFO [http-nio-8080-exec-3] org.hibernate.jpa.internal.util.LogHelper.logPersistenceUnitInformation HHH000204: Processing PersistenceUnitInfo [name: glycemiePU]
23-Aug-2026 21:50:59.468 INFO [http-nio-8080-exec-3] org.hibernate.Version.logVersion HHH000412: Hibernate ORM core version 6.2.7.Final
23-Aug-2026 21:50:59.475 INFO [http-nio-8080-exec-3] org.hibernate.cfg.Environment.<clinit> HHH000406: Using bytecode reflection optimizer
23-Aug-2026 21:51:00.563 WARN [http-nio-8080-exec-3] org.hibernate.engine.jdbc.connections.internal.DriverManagerConnectionProviderImpl.configure HHH10001002: Using built-in connection pool (not intended for production use)
23-Aug-2026 21:51:00.587 INFO [http-nio-8080-exec-3] org.hibernate.engine.jdbc.connections.internal.DriverManagerConnectionProviderImpl.buildCreator HHH10001005: Loaded JDBC driver class: com.mysql.cj.jdbc.Driver
23-Aug-2026 21:51:00.587 INFO [http-nio-8080-exec-3] org.hibernate.engine.jdbc.connections.internal.DriverManagerConnectionProviderImpl.buildCreator HHH10001012: Connecting with JDBC URL [jdbc:mysql://localhost:3306/suivi_glycemie_db?useSSL=false&serverTimezone=UTC]
23-Aug-2026 21:51:00.587 INFO [http-nio-8080-exec-3] org.hibernate.engine.jdbc.connections.internal.DriverManagerConnectionProviderImpl.buildCreator HHH10001001: Connection properties: {password=****, user=root}
23-Aug-2026 21:51:00.588 INFO [http-nio-8080-exec-3] org.hibernate.engine.jdbc.connections.internal.DriverManagerConnectionProviderImpl.buildCreator HHH10001003: Autocommit mode: false
23-Aug-2026 21:51:00.599 INFO [http-nio-8080-exec-3] org.hibernate.engine.jdbc.connections.internal.DriverManagerConnectionProviderImpl$PooledConnections.<init> HHH10001115: Connection pool size: 20 (min=1)
23-Aug-2026 21:51:01.306 WARN [http-nio-8080-exec-3] org.hibernate.dialect.Dialect.checkVersion HHH000511: The 5.6.17 version for [org.hibernate.dialect.MySQLDialect] is no longer supported, hence certain features may not work properly. The minimum supported version is 5.7.0. Check the community dialects project for available legacy versions.
23-Aug-2026 21:51:02.542 INFO [http-nio-8080-exec-3] org.hibernate.bytecode.internal.BytecodeProviderInitiator.buildBytecodeProvider HHH000021: Bytecode provider name : bytebuddy
23-Aug-2026 21:51:06.006 INFO [http-nio-8080-exec-3] org.hibernate.engine.transaction.jta.platform.internal.JtaPlatformInitiator.initiateService HHH000490: Using JtaPlatform implementation: [org.hibernate.engine.transaction.jta.platform.internal.NoJtaPlatform]
23-Aug-2026 21:51:06.132 INFO [http-nio-8080-exec-3] org.hibernate.resource.transaction.backend.jdbc.internal.DdlTransactionIsolatorNonJtaImpl.getIsolatedConnection HHH10001501: Connection obtained from JdbcConnectionAccess [org.hibernate.engine.jdbc.env.internal.JdbcEnvironmentInitiator$ConnectionProviderJdbcConnectionAccess@736a4973] for (non-JTA) DDL execution was not in auto-commit mode; the Connection 'local transaction' will be committed and the Connection will be set into auto-commit mode.
23-Aug-2026 21:51:08.017 INFO [http-nio-8080-exec-4] org.hibernate.jpa.internal.util.LogHelper.logPersistenceUnitInformation HHH000204: Processing PersistenceUnitInfo [name: glycemiePU]
23-Aug-2026 21:51:08.111 WARN [http-nio-8080-exec-4] org.hibernate.engine.jdbc.connections.internal.DriverManagerConnectionProviderImpl.configure HHH10001002: Using built-in connection pool (not intended for production use)
23-Aug-2026 21:51:08.111 INFO [http-nio-8080-exec-4] org.hibernate.engine.jdbc.connections.internal.DriverManagerConnectionProviderImpl.buildCreator HHH10001005: Loaded JDBC driver class: com.mysql.cj.jdbc.Driver
23-Aug-2026 21:51:08.112 INFO [http-nio-8080-exec-4] org.hibernate.engine.jdbc.connections.internal.DriverManagerConnectionProviderImpl.buildCreator HHH10001012: Connecting with JDBC URL [jdbc:mysql://localhost:3306/suivi_glycemie_db?useSSL=false&serverTimezone=UTC]
23-Aug-2026 21:51:08.112 INFO [http-nio-8080-exec-4] org.hibernate.engine.jdbc.connections.internal.DriverManagerConnectionProviderImpl.buildCreator HHH10001001: Connection properties: {password=****, user=root}
23-Aug-2026 21:51:08.112 INFO [http-nio-8080-exec-4] org.hibernate.engine.jdbc.connections.internal.DriverManagerConnectionProviderImpl.buildCreator HHH10001003: Autocommit mode: false
23-Aug-2026 21:51:08.112 INFO [http-nio-8080-exec-4] org.hibernate.engine.jdbc.connections.internal.DriverManagerConnectionProviderImpl$PooledConnections.<init> HHH10001115: Connection pool size: 20 (min=1)
23-Aug-2026 21:51:08.114 WARN [http-nio-8080-exec-4] org.hibernate.dialect.Dialect.checkVersion HHH000511: The 5.6.17 version for [org.hibernate.dialect.MySQLDialect] is no longer supported, hence certain features may not work properly. The minimum supported version is 5.7.0. Check the community dialects project for available legacy versions.
23-Aug-2026 21:51:08.155 INFO [http-nio-8080-exec-4] org.hibernate.bytecode.internal.BytecodeProviderInitiator.buildBytecodeProvider HHH000021: Bytecode provider name : bytebuddy
23-Aug-2026 21:51:08.265 INFO [http-nio-8080-exec-4] org.hibernate.engine.transaction.jta.platform.internal.JtaPlatformInitiator.initiateService HHH000490: Using JtaPlatform implementation: [org.hibernate.engine.transaction.jta.platform.internal.NoJtaPlatform]
23-Aug-2026 21:51:08.266 INFO [http-nio-8080-exec-4] org.hibernate.resource.transaction.backend.jdbc.internal.DdlTransactionIsolatorNonJtaImpl.getIsolatedConnection HHH10001501: Connection obtained from JdbcConnectionAccess [org.hibernate.engine.jdbc.env.internal.JdbcEnvironmentInitiator$ConnectionProviderJdbcConnectionAccess@5536c1ce] for (non-JTA) DDL execution was not in auto-commit mode; the Connection 'local transaction' will be committed and the Connection will be set into auto-commit mode.
23-Aug-2026 21:51:36.861 INFO [http-nio-8080-exec-7] org.hibernate.jpa.internal.util.LogHelper.logPersistenceUnitInformation HHH000204: Processing PersistenceUnitInfo [name: glycemiePU]
23-Aug-2026 21:51:36.928 WARN [http-nio-8080-exec-7] org.hibernate.engine.jdbc.connections.internal.DriverManagerConnectionProviderImpl.configure HHH10001002: Using built-in connection pool (not intended for production use)
23-Aug-2026 21:51:36.928 INFO [http-nio-8080-exec-7] org.hibernate.engine.jdbc.connections.internal.DriverManagerConnectionProviderImpl.buildCreator HHH10001005: Loaded JDBC driver class: com.mysql.cj.jdbc.Driver
23-Aug-2026 21:51:36.928 INFO [http-nio-8080-exec-7] org.hibernate.engine.jdbc.connections.internal.DriverManagerConnectionProviderImpl.buildCreator HHH10001012: Connecting with JDBC URL [jdbc:mysql://localhost:3306/suivi_glycemie_db?useSSL=false&serverTimezone=UTC]
23-Aug-2026 21:51:36.928 INFO [http-nio-8080-exec-7] org.hibernate.engine.jdbc.connections.internal.DriverManagerConnectionProviderImpl.buildCreator HHH10001001: Connection properties: {password=****, user=root}
23-Aug-2026 21:51:36.928 INFO [http-nio-8080-exec-7] org.hibernate.engine.jdbc.connections.internal.DriverManagerConnectionProviderImpl.buildCreator HHH10001003: Autocommit mode: false
23-Aug-2026 21:51:36.928 INFO [http-nio-8080-exec-7] org.hibernate.engine.jdbc.connections.internal.DriverManagerConnectionProviderImpl$PooledConnections.<init> HHH10001115: Connection pool size: 20 (min=1)
23-Aug-2026 21:51:36.944 WARN [http-nio-8080-exec-7] org.hibernate.dialect.Dialect.checkVersion HHH000511: The 5.6.17 version for [org.hibernate.dialect.MySQLDialect] is no longer supported, hence certain features may not work properly. The minimum supported version is 5.7.0. Check the community dialects project for available legacy versions.
23-Aug-2026 21:51:36.983 INFO [http-nio-8080-exec-7] org.hibernate.bytecode.internal.BytecodeProviderInitiator.buildBytecodeProvider HHH000021: Bytecode provider name : bytebuddy
23-Aug-2026 21:51:37.060 INFO [http-nio-8080-exec-7] org.hibernate.engine.transaction.jta.platform.internal.JtaPlatformInitiator.initiateService HHH000490: Using JtaPlatform implementation: [org.hibernate.engine.transaction.jta.platform.internal.NoJtaPlatform]
23-Aug-2026 21:51:37.060 INFO [http-nio-8080-exec-7] org.hibernate.resource.transaction.backend.jdbc.internal.DdlTransactionIsolatorNonJtaImpl.getIsolatedConnection HHH10001501: Connection obtained from JdbcConnectionAccess [org.hibernate.engine.jdbc.env.internal.JdbcEnvironmentInitiator$ConnectionProviderJdbcConnectionAccess@e19fab2] for (non-JTA) DDL execution was not in auto-commit mode; the Connection 'local transaction' will be committed and the Connection will be set into auto-commit mode.
23-Aug-2026 21:53:27.673 INFOS [Thread-1] org.apache.coyote.AbstractProtocol.pause Le gestionnaire de protocole ["http-nio-8080"] est mis en pause
23-Aug-2026 21:53:27.693 INFOS [Thread-1] org.apache.catalina.core.StandardService.stopInternal Arrêt du service [Catalina]
23-Aug-2026 21:53:27.707 AVERTISSEMENT [Thread-1] org.apache.catalina.loader.WebappClassLoaderBase.clearReferencesJdbc L'application web [ROOT] a enregistré un pilote JDBC [com.mysql.cj.jdbc.Driver], mais ne l'a pas désenregistré avant l'arrêt de l'application.  Pour éviter une fuite de mémoire, le pilote JDBC a été désenregistré de force.
23-Aug-2026 21:53:27.708 AVERTISSEMENT [Thread-1] org.apache.catalina.loader.WebappClassLoaderBase.clearReferencesThreads L'application web [ROOT] semble avoir démarré un thread nommé [mysql-cj-abandoned-connection-cleanup] mais ne l'a pas arrêté, ce qui va probablement créer une fuite de mémoire ; la trace du thread est : 
 java.base/jdk.internal.misc.Unsafe.park(Native Method)
 java.base/java.util.concurrent.locks.LockSupport.parkNanos(LockSupport.java:269)
 java.base/java.util.concurrent.locks.AbstractQueuedSynchronizer$ConditionObject.await(AbstractQueuedSynchronizer.java:1886)
 java.base/java.lang.ref.ReferenceQueue.await(ReferenceQueue.java:71)
 java.base/java.lang.ref.ReferenceQueue.remove0(ReferenceQueue.java:143)
 java.base/java.lang.ref.ReferenceQueue.remove(ReferenceQueue.java:218)
 com.mysql.cj.jdbc.AbandonedConnectionCleanupThread.run(AbandonedConnectionCleanupThread.java:93)
 java.base/java.util.concurrent.ThreadPoolExecutor.runWorker(ThreadPoolExecutor.java:1144)
 java.base/java.util.concurrent.ThreadPoolExecutor$Worker.run(ThreadPoolExecutor.java:642)
 java.base/java.lang.Thread.run(Thread.java:1583)
23-Aug-2026 21:53:27.708 AVERTISSEMENT [Thread-1] org.apache.catalina.loader.WebappClassLoaderBase.clearReferencesThreads L'application web [ROOT] semble avoir démarré un thread nommé [Hibernate Connection Pool Validation Thread] mais ne l'a pas arrêté, ce qui va probablement créer une fuite de mémoire ; la trace du thread est : 
 java.base/jdk.internal.misc.Unsafe.park(Native Method)
 java.base/java.util.concurrent.locks.LockSupport.parkNanos(LockSupport.java:269)
 java.base/java.util.concurrent.locks.AbstractQueuedSynchronizer$ConditionObject.awaitNanos(AbstractQueuedSynchronizer.java:1797)
 java.base/java.util.concurrent.ScheduledThreadPoolExecutor$DelayedWorkQueue.take(ScheduledThreadPoolExecutor.java:1182)
 java.base/java.util.concurrent.ScheduledThreadPoolExecutor$DelayedWorkQueue.take(ScheduledThreadPoolExecutor.java:899)
 java.base/java.util.concurrent.ThreadPoolExecutor.getTask(ThreadPoolExecutor.java:1070)
 java.base/java.util.concurrent.ThreadPoolExecutor.runWorker(ThreadPoolExecutor.java:1130)
 java.base/java.util.concurrent.ThreadPoolExecutor$Worker.run(ThreadPoolExecutor.java:642)
 java.base/java.lang.Thread.run(Thread.java:1583)
23-Aug-2026 21:53:27.708 AVERTISSEMENT [Thread-1] org.apache.catalina.loader.WebappClassLoaderBase.clearReferencesThreads L'application web [ROOT] semble avoir démarré un thread nommé [Hibernate Connection Pool Validation Thread] mais ne l'a pas arrêté, ce qui va probablement créer une fuite de mémoire ; la trace du thread est : 
 java.base/jdk.internal.misc.Unsafe.park(Native Method)
 java.base/java.util.concurrent.locks.LockSupport.parkNanos(LockSupport.java:269)
 java.base/java.util.concurrent.locks.AbstractQueuedSynchronizer$ConditionObject.awaitNanos(AbstractQueuedSynchronizer.java:1797)
 java.base/java.util.concurrent.ScheduledThreadPoolExecutor$DelayedWorkQueue.take(ScheduledThreadPoolExecutor.java:1182)
 java.base/java.util.concurrent.ScheduledThreadPoolExecutor$DelayedWorkQueue.take(ScheduledThreadPoolExecutor.java:899)
 java.base/java.util.concurrent.ThreadPoolExecutor.getTask(ThreadPoolExecutor.java:1070)
 java.base/java.util.concurrent.ThreadPoolExecutor.runWorker(ThreadPoolExecutor.java:1130)
 java.base/java.util.concurrent.ThreadPoolExecutor$Worker.run(ThreadPoolExecutor.java:642)
 java.base/java.lang.Thread.run(Thread.java:1583)
23-Aug-2026 21:53:27.708 AVERTISSEMENT [Thread-1] org.apache.catalina.loader.WebappClassLoaderBase.clearReferencesThreads L'application web [ROOT] semble avoir démarré un thread nommé [Hibernate Connection Pool Validation Thread] mais ne l'a pas arrêté, ce qui va probablement créer une fuite de mémoire ; la trace du thread est : 
 java.base/jdk.internal.misc.Unsafe.park(Native Method)
 java.base/java.util.concurrent.locks.LockSupport.parkNanos(LockSupport.java:269)
 java.base/java.util.concurrent.locks.AbstractQueuedSynchronizer$ConditionObject.awaitNanos(AbstractQueuedSynchronizer.java:1797)
 java.base/java.util.concurrent.ScheduledThreadPoolExecutor$DelayedWorkQueue.take(ScheduledThreadPoolExecutor.java:1182)
 java.base/java.util.concurrent.ScheduledThreadPoolExecutor$DelayedWorkQueue.take(ScheduledThreadPoolExecutor.java:899)
 java.base/java.util.concurrent.ThreadPoolExecutor.getTask(ThreadPoolExecutor.java:1070)
 java.base/java.util.concurrent.ThreadPoolExecutor.runWorker(ThreadPoolExecutor.java:1130)
 java.base/java.util.concurrent.ThreadPoolExecutor$Worker.run(ThreadPoolExecutor.java:642)
 java.base/java.lang.Thread.run(Thread.java:1583)
23-Aug-2026 21:53:27.726 INFOS [Thread-1] org.apache.coyote.AbstractProtocol.stop Arrêt du gestionnaire de protocole ["http-nio-8080"]
23-Aug-2026 21:53:27.741 INFOS [Thread-1] org.apache.coyote.AbstractProtocol.destroy Destruction du gestionnaire de protocole ["http-nio-8080"]
23-Aug-2026 21:53:32.773 INFOS [main] org.apache.catalina.startup.VersionLoggerListener.log Nom version serveur :              Apache Tomcat/10.1.42
23-Aug-2026 21:53:32.781 INFOS [main] org.apache.catalina.startup.VersionLoggerListener.log Serveur compilé :                  Jun 5 2025 22:35:46 UTC
23-Aug-2026 21:53:32.781 INFOS [main] org.apache.catalina.startup.VersionLoggerListener.log Version du serveur :               10.1.42.0
23-Aug-2026 21:53:32.781 INFOS [main] org.apache.catalina.startup.VersionLoggerListener.log Nom de l'OS :                      Windows 11
23-Aug-2026 21:53:32.782 INFOS [main] org.apache.catalina.startup.VersionLoggerListener.log Version OS :                       10.0
23-Aug-2026 21:53:32.782 INFOS [main] org.apache.catalina.startup.VersionLoggerListener.log Architecture :                     amd64
23-Aug-2026 21:53:32.782 INFOS [main] org.apache.catalina.startup.VersionLoggerListener.log Java Home :                        C:\Users\HP\.jdks\jbrsdk_jcef-21.0.9
23-Aug-2026 21:53:32.782 INFOS [main] org.apache.catalina.startup.VersionLoggerListener.log Version JVM :                      21.0.9+1-b1038.75
23-Aug-2026 21:53:32.782 INFOS [main] org.apache.catalina.startup.VersionLoggerListener.log Fournisseur de la JVM :            JetBrains s.r.o.
23-Aug-2026 21:53:32.782 INFOS [main] org.apache.catalina.startup.VersionLoggerListener.log CATALINA_BASE :                    C:\Users\HP\Desktop\samasuker\.smarttomcat
23-Aug-2026 21:53:32.783 INFOS [main] org.apache.catalina.startup.VersionLoggerListener.log CATALINA_HOME :                    C:\Users\HP\Desktop\apache-tomcat-10.1.42
23-Aug-2026 21:53:32.805 INFOS [main] org.apache.catalina.startup.VersionLoggerListener.log Argument de la ligne de commande : --add-opens=java.base/java.lang=ALL-UNNAMED
23-Aug-2026 21:53:32.805 INFOS [main] org.apache.catalina.startup.VersionLoggerListener.log Argument de la ligne de commande : --add-opens=java.base/java.io=ALL-UNNAMED
23-Aug-2026 21:53:32.806 INFOS [main] org.apache.catalina.startup.VersionLoggerListener.log Argument de la ligne de commande : --add-opens=java.base/java.util=ALL-UNNAMED
23-Aug-2026 21:53:32.806 INFOS [main] org.apache.catalina.startup.VersionLoggerListener.log Argument de la ligne de commande : --add-opens=java.base/java.util.concurrent=ALL-UNNAMED
23-Aug-2026 21:53:32.806 INFOS [main] org.apache.catalina.startup.VersionLoggerListener.log Argument de la ligne de commande : --add-opens=java.rmi/sun.rmi.transport=ALL-UNNAMED
23-Aug-2026 21:53:32.806 INFOS [main] org.apache.catalina.startup.VersionLoggerListener.log Argument de la ligne de commande : -Dcatalina.home=C:\Users\HP\Desktop\apache-tomcat-10.1.42
23-Aug-2026 21:53:32.806 INFOS [main] org.apache.catalina.startup.VersionLoggerListener.log Argument de la ligne de commande : -Dcatalina.base=C:\Users\HP\Desktop\samasuker\.smarttomcat
23-Aug-2026 21:53:32.806 INFOS [main] org.apache.catalina.startup.VersionLoggerListener.log Argument de la ligne de commande : -Djava.io.tmpdir=C:\Users\HP\Desktop\samasuker\.smarttomcat\temp
23-Aug-2026 21:53:32.807 INFOS [main] org.apache.catalina.startup.VersionLoggerListener.log Argument de la ligne de commande : -Djava.util.logging.config.file=C:\Users\HP\Desktop\samasuker\.smarttomcat\conf\logging.properties
23-Aug-2026 21:53:32.807 INFOS [main] org.apache.catalina.startup.VersionLoggerListener.log Argument de la ligne de commande : -Djava.util.logging.manager=org.apache.juli.ClassLoaderLogManager
23-Aug-2026 21:53:32.807 INFOS [main] org.apache.catalina.startup.VersionLoggerListener.log Argument de la ligne de commande : -javaagent:C:\Program Files\JetBrains\IntelliJ IDEA 2025.2.2\lib\idea_rt.jar=59284
23-Aug-2026 21:53:32.807 INFOS [main] org.apache.catalina.startup.VersionLoggerListener.log Argument de la ligne de commande : -Dfile.encoding=UTF-8
23-Aug-2026 21:53:32.807 INFOS [main] org.apache.catalina.startup.VersionLoggerListener.log Argument de la ligne de commande : -Dsun.stdout.encoding=UTF-8
23-Aug-2026 21:53:32.808 INFOS [main] org.apache.catalina.startup.VersionLoggerListener.log Argument de la ligne de commande : -Dsun.stderr.encoding=UTF-8
23-Aug-2026 21:53:32.813 INFOS [main] org.apache.catalina.core.AprLifecycleListener.lifecycleEvent Chargement de la librairie Apache Tomcat Native [2.0.9] en utilisant APR version [1.7.6]
23-Aug-2026 21:53:32.825 INFOS [main] org.apache.catalina.core.AprLifecycleListener.initializeSSL OpenSSL a été initialisé avec succès [OpenSSL 3.5.0 8 Apr 2025]
23-Aug-2026 21:53:33.496 INFOS [main] org.apache.coyote.AbstractProtocol.init Initialisation du gestionnaire de protocole ["http-nio-8080"]
23-Aug-2026 21:53:33.527 INFOS [main] org.apache.catalina.startup.Catalina.load L'initialisation du serveur a pris [1248] millisecondes
23-Aug-2026 21:53:33.621 INFOS [main] org.apache.catalina.core.StandardService.startInternal Démarrage du service [Catalina]
23-Aug-2026 21:53:33.622 INFOS [main] org.apache.catalina.core.StandardEngine.startInternal Démarrage du moteur de Servlets : [Apache Tomcat/10.1.42]
23-Aug-2026 21:53:33.638 INFOS [main] org.apache.catalina.startup.HostConfig.deployDescriptor Déploiement du descripteur de configuration [C:\Users\HP\Desktop\samasuker\.smarttomcat\conf\Catalina\localhost\MDD.xml]
23-Aug-2026 21:53:37.303 INFOS [main] org.apache.jasper.servlet.TldScanner.scanJars Au moins un fichier JAR a été analysé pour trouver des TLDs mais il n'en contenait pas, le mode "debug" du journal peut être activé pour obtenir une liste complète de JAR scannés sans succès ; éviter d'analyser des JARs inutilement peut améliorer sensiblement le temps de démarrage et le temps de compilation des JSPs
23-Aug-2026 21:53:37.421 INFOS [main] org.apache.catalina.startup.HostConfig.deployDescriptor Le traitement du descripteur de déploiement [C:\Users\HP\Desktop\samasuker\.smarttomcat\conf\Catalina\localhost\MDD.xml] a pris [3 779] ms
23-Aug-2026 21:53:37.421 INFOS [main] org.apache.catalina.startup.HostConfig.deployDescriptor Déploiement du descripteur de configuration [C:\Users\HP\Desktop\samasuker\.smarttomcat\conf\Catalina\localhost\ROOT.xml]
23-Aug-2026 21:53:40.193 INFOS [main] org.apache.jasper.servlet.TldScanner.scanJars Au moins un fichier JAR a été analysé pour trouver des TLDs mais il n'en contenait pas, le mode "debug" du journal peut être activé pour obtenir une liste complète de JAR scannés sans succès ; éviter d'analyser des JARs inutilement peut améliorer sensiblement le temps de démarrage et le temps de compilation des JSPs
23-Aug-2026 21:53:40.245 INFOS [main] org.apache.catalina.startup.HostConfig.deployDescriptor Le traitement du descripteur de déploiement [C:\Users\HP\Desktop\samasuker\.smarttomcat\conf\Catalina\localhost\ROOT.xml] a pris [2 824] ms
23-Aug-2026 21:53:40.253 INFOS [main] org.apache.coyote.AbstractProtocol.start Démarrage du gestionnaire de protocole ["http-nio-8080"]
23-Aug-2026 21:53:40.297 INFOS [main] org.apache.catalina.startup.Catalina.start Le démarrage du serveur a pris [6766] millisecondes
23-Aug-2026 21:53:50.146 INFO [http-nio-8080-exec-3] org.hibernate.jpa.internal.util.LogHelper.logPersistenceUnitInformation HHH000204: Processing PersistenceUnitInfo [name: glycemiePU]
23-Aug-2026 21:53:50.464 INFO [http-nio-8080-exec-3] org.hibernate.Version.logVersion HHH000412: Hibernate ORM core version 6.2.7.Final
23-Aug-2026 21:53:50.475 INFO [http-nio-8080-exec-3] org.hibernate.cfg.Environment.<clinit> HHH000406: Using bytecode reflection optimizer
23-Aug-2026 21:53:51.548 WARN [http-nio-8080-exec-3] org.hibernate.engine.jdbc.connections.internal.DriverManagerConnectionProviderImpl.configure HHH10001002: Using built-in connection pool (not intended for production use)
23-Aug-2026 21:53:51.567 INFO [http-nio-8080-exec-3] org.hibernate.engine.jdbc.connections.internal.DriverManagerConnectionProviderImpl.buildCreator HHH10001005: Loaded JDBC driver class: com.mysql.cj.jdbc.Driver
23-Aug-2026 21:53:51.567 INFO [http-nio-8080-exec-3] org.hibernate.engine.jdbc.connections.internal.DriverManagerConnectionProviderImpl.buildCreator HHH10001012: Connecting with JDBC URL [jdbc:mysql://localhost:3306/suivi_glycemie_db?useSSL=false&serverTimezone=UTC]
23-Aug-2026 21:53:51.567 INFO [http-nio-8080-exec-3] org.hibernate.engine.jdbc.connections.internal.DriverManagerConnectionProviderImpl.buildCreator HHH10001001: Connection properties: {password=****, user=root}
23-Aug-2026 21:53:51.568 INFO [http-nio-8080-exec-3] org.hibernate.engine.jdbc.connections.internal.DriverManagerConnectionProviderImpl.buildCreator HHH10001003: Autocommit mode: false
23-Aug-2026 21:53:51.569 INFO [http-nio-8080-exec-3] org.hibernate.engine.jdbc.connections.internal.DriverManagerConnectionProviderImpl$PooledConnections.<init> HHH10001115: Connection pool size: 20 (min=1)
23-Aug-2026 21:53:52.327 WARN [http-nio-8080-exec-3] org.hibernate.dialect.Dialect.checkVersion HHH000511: The 5.6.17 version for [org.hibernate.dialect.MySQLDialect] is no longer supported, hence certain features may not work properly. The minimum supported version is 5.7.0. Check the community dialects project for available legacy versions.
23-Aug-2026 21:53:53.591 INFO [http-nio-8080-exec-3] org.hibernate.bytecode.internal.BytecodeProviderInitiator.buildBytecodeProvider HHH000021: Bytecode provider name : bytebuddy
23-Aug-2026 21:53:57.172 INFO [http-nio-8080-exec-3] org.hibernate.engine.transaction.jta.platform.internal.JtaPlatformInitiator.initiateService HHH000490: Using JtaPlatform implementation: [org.hibernate.engine.transaction.jta.platform.internal.NoJtaPlatform]
23-Aug-2026 21:53:57.305 INFO [http-nio-8080-exec-3] org.hibernate.resource.transaction.backend.jdbc.internal.DdlTransactionIsolatorNonJtaImpl.getIsolatedConnection HHH10001501: Connection obtained from JdbcConnectionAccess [org.hibernate.engine.jdbc.env.internal.JdbcEnvironmentInitiator$ConnectionProviderJdbcConnectionAccess@27a57bf1] for (non-JTA) DDL execution was not in auto-commit mode; the Connection 'local transaction' will be committed and the Connection will be set into auto-commit mode.
23-Aug-2026 21:54:00.071 INFO [http-nio-8080-exec-4] org.hibernate.jpa.internal.util.LogHelper.logPersistenceUnitInformation HHH000204: Processing PersistenceUnitInfo [name: glycemiePU]
23-Aug-2026 21:54:00.135 WARN [http-nio-8080-exec-4] org.hibernate.engine.jdbc.connections.internal.DriverManagerConnectionProviderImpl.configure HHH10001002: Using built-in connection pool (not intended for production use)
23-Aug-2026 21:54:00.136 INFO [http-nio-8080-exec-4] org.hibernate.engine.jdbc.connections.internal.DriverManagerConnectionProviderImpl.buildCreator HHH10001005: Loaded JDBC driver class: com.mysql.cj.jdbc.Driver
23-Aug-2026 21:54:00.136 INFO [http-nio-8080-exec-4] org.hibernate.engine.jdbc.connections.internal.DriverManagerConnectionProviderImpl.buildCreator HHH10001012: Connecting with JDBC URL [jdbc:mysql://localhost:3306/suivi_glycemie_db?useSSL=false&serverTimezone=UTC]
23-Aug-2026 21:54:00.137 INFO [http-nio-8080-exec-4] org.hibernate.engine.jdbc.connections.internal.DriverManagerConnectionProviderImpl.buildCreator HHH10001001: Connection properties: {password=****, user=root}
23-Aug-2026 21:54:00.137 INFO [http-nio-8080-exec-4] org.hibernate.engine.jdbc.connections.internal.DriverManagerConnectionProviderImpl.buildCreator HHH10001003: Autocommit mode: false
23-Aug-2026 21:54:00.137 INFO [http-nio-8080-exec-4] org.hibernate.engine.jdbc.connections.internal.DriverManagerConnectionProviderImpl$PooledConnections.<init> HHH10001115: Connection pool size: 20 (min=1)
23-Aug-2026 21:54:00.145 WARN [http-nio-8080-exec-4] org.hibernate.dialect.Dialect.checkVersion HHH000511: The 5.6.17 version for [org.hibernate.dialect.MySQLDialect] is no longer supported, hence certain features may not work properly. The minimum supported version is 5.7.0. Check the community dialects project for available legacy versions.
23-Aug-2026 21:54:00.177 INFO [http-nio-8080-exec-4] org.hibernate.bytecode.internal.BytecodeProviderInitiator.buildBytecodeProvider HHH000021: Bytecode provider name : bytebuddy
23-Aug-2026 21:54:00.286 INFO [http-nio-8080-exec-4] org.hibernate.engine.transaction.jta.platform.internal.JtaPlatformInitiator.initiateService HHH000490: Using JtaPlatform implementation: [org.hibernate.engine.transaction.jta.platform.internal.NoJtaPlatform]
23-Aug-2026 21:54:00.286 INFO [http-nio-8080-exec-4] org.hibernate.resource.transaction.backend.jdbc.internal.DdlTransactionIsolatorNonJtaImpl.getIsolatedConnection HHH10001501: Connection obtained from JdbcConnectionAccess [org.hibernate.engine.jdbc.env.internal.JdbcEnvironmentInitiator$ConnectionProviderJdbcConnectionAccess@4ff4355f] for (non-JTA) DDL execution was not in auto-commit mode; the Connection 'local transaction' will be committed and the Connection will be set into auto-commit mode.
23-Aug-2026 21:54:44.010 INFO [http-nio-8080-exec-7] org.hibernate.jpa.internal.util.LogHelper.logPersistenceUnitInformation HHH000204: Processing PersistenceUnitInfo [name: glycemiePU]
23-Aug-2026 21:54:44.094 WARN [http-nio-8080-exec-7] org.hibernate.engine.jdbc.connections.internal.DriverManagerConnectionProviderImpl.configure HHH10001002: Using built-in connection pool (not intended for production use)
23-Aug-2026 21:54:44.094 INFO [http-nio-8080-exec-7] org.hibernate.engine.jdbc.connections.internal.DriverManagerConnectionProviderImpl.buildCreator HHH10001005: Loaded JDBC driver class: com.mysql.cj.jdbc.Driver
23-Aug-2026 21:54:44.095 INFO [http-nio-8080-exec-7] org.hibernate.engine.jdbc.connections.internal.DriverManagerConnectionProviderImpl.buildCreator HHH10001012: Connecting with JDBC URL [jdbc:mysql://localhost:3306/suivi_glycemie_db?useSSL=false&serverTimezone=UTC]
23-Aug-2026 21:54:44.095 INFO [http-nio-8080-exec-7] org.hibernate.engine.jdbc.connections.internal.DriverManagerConnectionProviderImpl.buildCreator HHH10001001: Connection properties: {password=****, user=root}
23-Aug-2026 21:54:44.095 INFO [http-nio-8080-exec-7] org.hibernate.engine.jdbc.connections.internal.DriverManagerConnectionProviderImpl.buildCreator HHH10001003: Autocommit mode: false
23-Aug-2026 21:54:44.095 INFO [http-nio-8080-exec-7] org.hibernate.engine.jdbc.connections.internal.DriverManagerConnectionProviderImpl$PooledConnections.<init> HHH10001115: Connection pool size: 20 (min=1)
23-Aug-2026 21:54:44.105 WARN [http-nio-8080-exec-7] org.hibernate.dialect.Dialect.checkVersion HHH000511: The 5.6.17 version for [org.hibernate.dialect.MySQLDialect] is no longer supported, hence certain features may not work properly. The minimum supported version is 5.7.0. Check the community dialects project for available legacy versions.
23-Aug-2026 21:54:44.138 INFO [http-nio-8080-exec-7] org.hibernate.bytecode.internal.BytecodeProviderInitiator.buildBytecodeProvider HHH000021: Bytecode provider name : bytebuddy
23-Aug-2026 21:54:44.227 INFO [http-nio-8080-exec-7] org.hibernate.engine.transaction.jta.platform.internal.JtaPlatformInitiator.initiateService HHH000490: Using JtaPlatform implementation: [org.hibernate.engine.transaction.jta.platform.internal.NoJtaPlatform]
23-Aug-2026 21:54:44.228 INFO [http-nio-8080-exec-7] org.hibernate.resource.transaction.backend.jdbc.internal.DdlTransactionIsolatorNonJtaImpl.getIsolatedConnection HHH10001501: Connection obtained from JdbcConnectionAccess [org.hibernate.engine.jdbc.env.internal.JdbcEnvironmentInitiator$ConnectionProviderJdbcConnectionAccess@466466fa] for (non-JTA) DDL execution was not in auto-commit mode; the Connection 'local transaction' will be committed and the Connection will be set into auto-commit mode.
23-Aug-2026 21:55:14.416 INFO [http-nio-8080-exec-10] org.hibernate.jpa.internal.util.LogHelper.logPersistenceUnitInformation HHH000204: Processing PersistenceUnitInfo [name: glycemiePU]
23-Aug-2026 21:55:14.515 WARN [http-nio-8080-exec-10] org.hibernate.engine.jdbc.connections.internal.DriverManagerConnectionProviderImpl.configure HHH10001002: Using built-in connection pool (not intended for production use)
23-Aug-2026 21:55:14.515 INFO [http-nio-8080-exec-10] org.hibernate.engine.jdbc.connections.internal.DriverManagerConnectionProviderImpl.buildCreator HHH10001005: Loaded JDBC driver class: com.mysql.cj.jdbc.Driver
23-Aug-2026 21:55:14.516 INFO [http-nio-8080-exec-10] org.hibernate.engine.jdbc.connections.internal.DriverManagerConnectionProviderImpl.buildCreator HHH10001012: Connecting with JDBC URL [jdbc:mysql://localhost:3306/suivi_glycemie_db?useSSL=false&serverTimezone=UTC]
23-Aug-2026 21:55:14.516 INFO [http-nio-8080-exec-10] org.hibernate.engine.jdbc.connections.internal.DriverManagerConnectionProviderImpl.buildCreator HHH10001001: Connection properties: {password=****, user=root}
23-Aug-2026 21:55:14.516 INFO [http-nio-8080-exec-10] org.hibernate.engine.jdbc.connections.internal.DriverManagerConnectionProviderImpl.buildCreator HHH10001003: Autocommit mode: false
23-Aug-2026 21:55:14.516 INFO [http-nio-8080-exec-10] org.hibernate.engine.jdbc.connections.internal.DriverManagerConnectionProviderImpl$PooledConnections.<init> HHH10001115: Connection pool size: 20 (min=1)
23-Aug-2026 21:55:14.524 WARN [http-nio-8080-exec-10] org.hibernate.dialect.Dialect.checkVersion HHH000511: The 5.6.17 version for [org.hibernate.dialect.MySQLDialect] is no longer supported, hence certain features may not work properly. The minimum supported version is 5.7.0. Check the community dialects project for available legacy versions.
23-Aug-2026 21:55:14.565 INFO [http-nio-8080-exec-10] org.hibernate.bytecode.internal.BytecodeProviderInitiator.buildBytecodeProvider HHH000021: Bytecode provider name : bytebuddy
23-Aug-2026 21:55:14.664 INFO [http-nio-8080-exec-10] org.hibernate.engine.transaction.jta.platform.internal.JtaPlatformInitiator.initiateService HHH000490: Using JtaPlatform implementation: [org.hibernate.engine.transaction.jta.platform.internal.NoJtaPlatform]
23-Aug-2026 21:55:14.665 INFO [http-nio-8080-exec-10] org.hibernate.resource.transaction.backend.jdbc.internal.DdlTransactionIsolatorNonJtaImpl.getIsolatedConnection HHH10001501: Connection obtained from JdbcConnectionAccess [org.hibernate.engine.jdbc.env.internal.JdbcEnvironmentInitiator$ConnectionProviderJdbcConnectionAccess@8b37b57] for (non-JTA) DDL execution was not in auto-commit mode; the Connection 'local transaction' will be committed and the Connection will be set into auto-commit mode.
23-Aug-2026 22:26:43.198 INFOS [Thread-1] org.apache.coyote.AbstractProtocol.pause Le gestionnaire de protocole ["http-nio-8080"] est mis en pause
23-Aug-2026 22:26:43.211 INFOS [Thread-1] org.apache.catalina.core.StandardService.stopInternal Arrêt du service [Catalina]
23-Aug-2026 22:26:43.222 AVERTISSEMENT [Thread-1] org.apache.catalina.loader.WebappClassLoaderBase.clearReferencesJdbc L'application web [ROOT] a enregistré un pilote JDBC [com.mysql.cj.jdbc.Driver], mais ne l'a pas désenregistré avant l'arrêt de l'application.  Pour éviter une fuite de mémoire, le pilote JDBC a été désenregistré de force.
23-Aug-2026 22:26:43.223 AVERTISSEMENT [Thread-1] org.apache.catalina.loader.WebappClassLoaderBase.clearReferencesThreads L'application web [ROOT] semble avoir démarré un thread nommé [mysql-cj-abandoned-connection-cleanup] mais ne l'a pas arrêté, ce qui va probablement créer une fuite de mémoire ; la trace du thread est : 
 java.base/jdk.internal.misc.Unsafe.park(Native Method)
 java.base/java.util.concurrent.locks.LockSupport.parkNanos(LockSupport.java:269)
 java.base/java.util.concurrent.locks.AbstractQueuedSynchronizer$ConditionObject.await(AbstractQueuedSynchronizer.java:1886)
 java.base/java.lang.ref.ReferenceQueue.await(ReferenceQueue.java:71)
 java.base/java.lang.ref.ReferenceQueue.remove0(ReferenceQueue.java:143)
 java.base/java.lang.ref.ReferenceQueue.remove(ReferenceQueue.java:218)
 com.mysql.cj.jdbc.AbandonedConnectionCleanupThread.run(AbandonedConnectionCleanupThread.java:93)
 java.base/java.util.concurrent.ThreadPoolExecutor.runWorker(ThreadPoolExecutor.java:1144)
 java.base/java.util.concurrent.ThreadPoolExecutor$Worker.run(ThreadPoolExecutor.java:642)
 java.base/java.lang.Thread.run(Thread.java:1583)
23-Aug-2026 22:26:43.223 AVERTISSEMENT [Thread-1] org.apache.catalina.loader.WebappClassLoaderBase.clearReferencesThreads L'application web [ROOT] semble avoir démarré un thread nommé [Hibernate Connection Pool Validation Thread] mais ne l'a pas arrêté, ce qui va probablement créer une fuite de mémoire ; la trace du thread est : 
 java.base/jdk.internal.misc.Unsafe.park(Native Method)
 java.base/java.util.concurrent.locks.LockSupport.parkNanos(LockSupport.java:269)
 java.base/java.util.concurrent.locks.AbstractQueuedSynchronizer$ConditionObject.awaitNanos(AbstractQueuedSynchronizer.java:1797)
 java.base/java.util.concurrent.ScheduledThreadPoolExecutor$DelayedWorkQueue.take(ScheduledThreadPoolExecutor.java:1182)
 java.base/java.util.concurrent.ScheduledThreadPoolExecutor$DelayedWorkQueue.take(ScheduledThreadPoolExecutor.java:899)
 java.base/java.util.concurrent.ThreadPoolExecutor.getTask(ThreadPoolExecutor.java:1070)
 java.base/java.util.concurrent.ThreadPoolExecutor.runWorker(ThreadPoolExecutor.java:1130)
 java.base/java.util.concurrent.ThreadPoolExecutor$Worker.run(ThreadPoolExecutor.java:642)
 java.base/java.lang.Thread.run(Thread.java:1583)
23-Aug-2026 22:26:43.223 AVERTISSEMENT [Thread-1] org.apache.catalina.loader.WebappClassLoaderBase.clearReferencesThreads L'application web [ROOT] semble avoir démarré un thread nommé [Hibernate Connection Pool Validation Thread] mais ne l'a pas arrêté, ce qui va probablement créer une fuite de mémoire ; la trace du thread est : 
 java.base/jdk.internal.misc.Unsafe.park(Native Method)
 java.base/java.util.concurrent.locks.LockSupport.parkNanos(LockSupport.java:269)
 java.base/java.util.concurrent.locks.AbstractQueuedSynchronizer$ConditionObject.awaitNanos(AbstractQueuedSynchronizer.java:1797)
 java.base/java.util.concurrent.ScheduledThreadPoolExecutor$DelayedWorkQueue.take(ScheduledThreadPoolExecutor.java:1182)
 java.base/java.util.concurrent.ScheduledThreadPoolExecutor$DelayedWorkQueue.take(ScheduledThreadPoolExecutor.java:899)
 java.base/java.util.concurrent.ThreadPoolExecutor.getTask(ThreadPoolExecutor.java:1070)
 java.base/java.util.concurrent.ThreadPoolExecutor.runWorker(ThreadPoolExecutor.java:1130)
 java.base/java.util.concurrent.ThreadPoolExecutor$Worker.run(ThreadPoolExecutor.java:642)
 java.base/java.lang.Thread.run(Thread.java:1583)
23-Aug-2026 22:26:43.223 AVERTISSEMENT [Thread-1] org.apache.catalina.loader.WebappClassLoaderBase.clearReferencesThreads L'application web [ROOT] semble avoir démarré un thread nommé [Hibernate Connection Pool Validation Thread] mais ne l'a pas arrêté, ce qui va probablement créer une fuite de mémoire ; la trace du thread est : 
 java.base/jdk.internal.misc.Unsafe.park(Native Method)
 java.base/java.util.concurrent.locks.LockSupport.parkNanos(LockSupport.java:269)
 java.base/java.util.concurrent.locks.AbstractQueuedSynchronizer$ConditionObject.awaitNanos(AbstractQueuedSynchronizer.java:1797)
 java.base/java.util.concurrent.ScheduledThreadPoolExecutor$DelayedWorkQueue.take(ScheduledThreadPoolExecutor.java:1182)
 java.base/java.util.concurrent.ScheduledThreadPoolExecutor$DelayedWorkQueue.take(ScheduledThreadPoolExecutor.java:899)
 java.base/java.util.concurrent.ThreadPoolExecutor.getTask(ThreadPoolExecutor.java:1070)
 java.base/java.util.concurrent.ThreadPoolExecutor.runWorker(ThreadPoolExecutor.java:1130)
 java.base/java.util.concurrent.ThreadPoolExecutor$Worker.run(ThreadPoolExecutor.java:642)
 java.base/java.lang.Thread.run(Thread.java:1583)
23-Aug-2026 22:26:43.227 AVERTISSEMENT [Thread-1] org.apache.catalina.loader.WebappClassLoaderBase.clearReferencesThreads L'application web [ROOT] semble avoir démarré un thread nommé [Hibernate Connection Pool Validation Thread] mais ne l'a pas arrêté, ce qui va probablement créer une fuite de mémoire ; la trace du thread est : 
 java.base/jdk.internal.misc.Unsafe.park(Native Method)
 java.base/java.util.concurrent.locks.LockSupport.parkNanos(LockSupport.java:269)
 java.base/java.util.concurrent.locks.AbstractQueuedSynchronizer$ConditionObject.awaitNanos(AbstractQueuedSynchronizer.java:1797)
 java.base/java.util.concurrent.ScheduledThreadPoolExecutor$DelayedWorkQueue.take(ScheduledThreadPoolExecutor.java:1182)
 java.base/java.util.concurrent.ScheduledThreadPoolExecutor$DelayedWorkQueue.take(ScheduledThreadPoolExecutor.java:899)
 java.base/java.util.concurrent.ThreadPoolExecutor.getTask(ThreadPoolExecutor.java:1070)
 java.base/java.util.concurrent.ThreadPoolExecutor.runWorker(ThreadPoolExecutor.java:1130)
 java.base/java.util.concurrent.ThreadPoolExecutor$Worker.run(ThreadPoolExecutor.java:642)
 java.base/java.lang.Thread.run(Thread.java:1583)
23-Aug-2026 22:26:43.241 INFOS [Thread-1] org.apache.coyote.AbstractProtocol.stop Arrêt du gestionnaire de protocole ["http-nio-8080"]
23-Aug-2026 22:26:43.255 INFOS [Thread-1] org.apache.coyote.AbstractProtocol.destroy Destruction du gestionnaire de protocole ["http-nio-8080"]
23-Aug-2026 22:26:48.288 INFOS [main] org.apache.catalina.startup.VersionLoggerListener.log Nom version serveur :              Apache Tomcat/10.1.42
23-Aug-2026 22:26:48.294 INFOS [main] org.apache.catalina.startup.VersionLoggerListener.log Serveur compilé :                  Jun 5 2025 22:35:46 UTC
23-Aug-2026 22:26:48.294 INFOS [main] org.apache.catalina.startup.VersionLoggerListener.log Version du serveur :               10.1.42.0
23-Aug-2026 22:26:48.294 INFOS [main] org.apache.catalina.startup.VersionLoggerListener.log Nom de l'OS :                      Windows 11
23-Aug-2026 22:26:48.294 INFOS [main] org.apache.catalina.startup.VersionLoggerListener.log Version OS :                       10.0
23-Aug-2026 22:26:48.295 INFOS [main] org.apache.catalina.startup.VersionLoggerListener.log Architecture :                     amd64
23-Aug-2026 22:26:48.295 INFOS [main] org.apache.catalina.startup.VersionLoggerListener.log Java Home :                        C:\Users\HP\.jdks\jbrsdk_jcef-21.0.9
23-Aug-2026 22:26:48.295 INFOS [main] org.apache.catalina.startup.VersionLoggerListener.log Version JVM :                      21.0.9+1-b1038.75
23-Aug-2026 22:26:48.295 INFOS [main] org.apache.catalina.startup.VersionLoggerListener.log Fournisseur de la JVM :            JetBrains s.r.o.
23-Aug-2026 22:26:48.295 INFOS [main] org.apache.catalina.startup.VersionLoggerListener.log CATALINA_BASE :                    C:\Users\HP\Desktop\samasuker\.smarttomcat
23-Aug-2026 22:26:48.295 INFOS [main] org.apache.catalina.startup.VersionLoggerListener.log CATALINA_HOME :                    C:\Users\HP\Desktop\apache-tomcat-10.1.42
23-Aug-2026 22:26:48.310 INFOS [main] org.apache.catalina.startup.VersionLoggerListener.log Argument de la ligne de commande : --add-opens=java.base/java.lang=ALL-UNNAMED
23-Aug-2026 22:26:48.311 INFOS [main] org.apache.catalina.startup.VersionLoggerListener.log Argument de la ligne de commande : --add-opens=java.base/java.io=ALL-UNNAMED
23-Aug-2026 22:26:48.311 INFOS [main] org.apache.catalina.startup.VersionLoggerListener.log Argument de la ligne de commande : --add-opens=java.base/java.util=ALL-UNNAMED
23-Aug-2026 22:26:48.311 INFOS [main] org.apache.catalina.startup.VersionLoggerListener.log Argument de la ligne de commande : --add-opens=java.base/java.util.concurrent=ALL-UNNAMED
23-Aug-2026 22:26:48.311 INFOS [main] org.apache.catalina.startup.VersionLoggerListener.log Argument de la ligne de commande : --add-opens=java.rmi/sun.rmi.transport=ALL-UNNAMED
23-Aug-2026 22:26:48.311 INFOS [main] org.apache.catalina.startup.VersionLoggerListener.log Argument de la ligne de commande : -Dcatalina.home=C:\Users\HP\Desktop\apache-tomcat-10.1.42
23-Aug-2026 22:26:48.311 INFOS [main] org.apache.catalina.startup.VersionLoggerListener.log Argument de la ligne de commande : -Dcatalina.base=C:\Users\HP\Desktop\samasuker\.smarttomcat
23-Aug-2026 22:26:48.311 INFOS [main] org.apache.catalina.startup.VersionLoggerListener.log Argument de la ligne de commande : -Djava.io.tmpdir=C:\Users\HP\Desktop\samasuker\.smarttomcat\temp
23-Aug-2026 22:26:48.311 INFOS [main] org.apache.catalina.startup.VersionLoggerListener.log Argument de la ligne de commande : -Djava.util.logging.config.file=C:\Users\HP\Desktop\samasuker\.smarttomcat\conf\logging.properties
23-Aug-2026 22:26:48.311 INFOS [main] org.apache.catalina.startup.VersionLoggerListener.log Argument de la ligne de commande : -Djava.util.logging.manager=org.apache.juli.ClassLoaderLogManager
23-Aug-2026 22:26:48.312 INFOS [main] org.apache.catalina.startup.VersionLoggerListener.log Argument de la ligne de commande : -javaagent:C:\Program Files\JetBrains\IntelliJ IDEA 2025.2.2\lib\idea_rt.jar=64592
23-Aug-2026 22:26:48.312 INFOS [main] org.apache.catalina.startup.VersionLoggerListener.log Argument de la ligne de commande : -Dfile.encoding=UTF-8
23-Aug-2026 22:26:48.312 INFOS [main] org.apache.catalina.startup.VersionLoggerListener.log Argument de la ligne de commande : -Dsun.stdout.encoding=UTF-8
23-Aug-2026 22:26:48.312 INFOS [main] org.apache.catalina.startup.VersionLoggerListener.log Argument de la ligne de commande : -Dsun.stderr.encoding=UTF-8
23-Aug-2026 22:26:48.317 INFOS [main] org.apache.catalina.core.AprLifecycleListener.lifecycleEvent Chargement de la librairie Apache Tomcat Native [2.0.9] en utilisant APR version [1.7.6]
23-Aug-2026 22:26:48.329 INFOS [main] org.apache.catalina.core.AprLifecycleListener.initializeSSL OpenSSL a été initialisé avec succès [OpenSSL 3.5.0 8 Apr 2025]
23-Aug-2026 22:26:48.976 INFOS [main] org.apache.coyote.AbstractProtocol.init Initialisation du gestionnaire de protocole ["http-nio-8080"]
23-Aug-2026 22:26:49.011 INFOS [main] org.apache.catalina.startup.Catalina.load L'initialisation du serveur a pris [1163] millisecondes
23-Aug-2026 22:26:49.115 INFOS [main] org.apache.catalina.core.StandardService.startInternal Démarrage du service [Catalina]
23-Aug-2026 22:26:49.116 INFOS [main] org.apache.catalina.core.StandardEngine.startInternal Démarrage du moteur de Servlets : [Apache Tomcat/10.1.42]
23-Aug-2026 22:26:49.139 INFOS [main] org.apache.catalina.startup.HostConfig.deployDescriptor Déploiement du descripteur de configuration [C:\Users\HP\Desktop\samasuker\.smarttomcat\conf\Catalina\localhost\MDD.xml]
23-Aug-2026 22:26:52.825 INFOS [main] org.apache.jasper.servlet.TldScanner.scanJars Au moins un fichier JAR a été analysé pour trouver des TLDs mais il n'en contenait pas, le mode "debug" du journal peut être activé pour obtenir une liste complète de JAR scannés sans succès ; éviter d'analyser des JARs inutilement peut améliorer sensiblement le temps de démarrage et le temps de compilation des JSPs
23-Aug-2026 22:26:52.946 INFOS [main] org.apache.catalina.startup.HostConfig.deployDescriptor Le traitement du descripteur de déploiement [C:\Users\HP\Desktop\samasuker\.smarttomcat\conf\Catalina\localhost\MDD.xml] a pris [3 803] ms
23-Aug-2026 22:26:52.946 INFOS [main] org.apache.catalina.startup.HostConfig.deployDescriptor Déploiement du descripteur de configuration [C:\Users\HP\Desktop\samasuker\.smarttomcat\conf\Catalina\localhost\ROOT.xml]
23-Aug-2026 22:26:55.672 INFOS [main] org.apache.jasper.servlet.TldScanner.scanJars Au moins un fichier JAR a été analysé pour trouver des TLDs mais il n'en contenait pas, le mode "debug" du journal peut être activé pour obtenir une liste complète de JAR scannés sans succès ; éviter d'analyser des JARs inutilement peut améliorer sensiblement le temps de démarrage et le temps de compilation des JSPs
23-Aug-2026 22:26:55.722 INFOS [main] org.apache.catalina.startup.HostConfig.deployDescriptor Le traitement du descripteur de déploiement [C:\Users\HP\Desktop\samasuker\.smarttomcat\conf\Catalina\localhost\ROOT.xml] a pris [2 776] ms
23-Aug-2026 22:26:55.729 INFOS [main] org.apache.coyote.AbstractProtocol.start Démarrage du gestionnaire de protocole ["http-nio-8080"]
23-Aug-2026 22:26:55.769 INFOS [main] org.apache.catalina.startup.Catalina.start Le démarrage du serveur a pris [6755] millisecondes
23-Aug-2026 22:27:04.257 INFO [http-nio-8080-exec-3] org.hibernate.jpa.internal.util.LogHelper.logPersistenceUnitInformation HHH000204: Processing PersistenceUnitInfo [name: glycemiePU]
23-Aug-2026 22:27:04.537 INFO [http-nio-8080-exec-3] org.hibernate.Version.logVersion HHH000412: Hibernate ORM core version 6.2.7.Final
23-Aug-2026 22:27:04.544 INFO [http-nio-8080-exec-3] org.hibernate.cfg.Environment.<clinit> HHH000406: Using bytecode reflection optimizer
23-Aug-2026 22:27:05.647 WARN [http-nio-8080-exec-3] org.hibernate.engine.jdbc.connections.internal.DriverManagerConnectionProviderImpl.configure HHH10001002: Using built-in connection pool (not intended for production use)
23-Aug-2026 22:27:05.666 INFO [http-nio-8080-exec-3] org.hibernate.engine.jdbc.connections.internal.DriverManagerConnectionProviderImpl.buildCreator HHH10001005: Loaded JDBC driver class: com.mysql.cj.jdbc.Driver
23-Aug-2026 22:27:05.666 INFO [http-nio-8080-exec-3] org.hibernate.engine.jdbc.connections.internal.DriverManagerConnectionProviderImpl.buildCreator HHH10001012: Connecting with JDBC URL [jdbc:mysql://localhost:3306/suivi_glycemie_db?useSSL=false&serverTimezone=UTC]
23-Aug-2026 22:27:05.667 INFO [http-nio-8080-exec-3] org.hibernate.engine.jdbc.connections.internal.DriverManagerConnectionProviderImpl.buildCreator HHH10001001: Connection properties: {password=****, user=root}
23-Aug-2026 22:27:05.667 INFO [http-nio-8080-exec-3] org.hibernate.engine.jdbc.connections.internal.DriverManagerConnectionProviderImpl.buildCreator HHH10001003: Autocommit mode: false
23-Aug-2026 22:27:05.685 INFO [http-nio-8080-exec-3] org.hibernate.engine.jdbc.connections.internal.DriverManagerConnectionProviderImpl$PooledConnections.<init> HHH10001115: Connection pool size: 20 (min=1)
23-Aug-2026 22:27:06.398 WARN [http-nio-8080-exec-3] org.hibernate.dialect.Dialect.checkVersion HHH000511: The 5.6.17 version for [org.hibernate.dialect.MySQLDialect] is no longer supported, hence certain features may not work properly. The minimum supported version is 5.7.0. Check the community dialects project for available legacy versions.
23-Aug-2026 22:27:07.514 INFO [http-nio-8080-exec-3] org.hibernate.bytecode.internal.BytecodeProviderInitiator.buildBytecodeProvider HHH000021: Bytecode provider name : bytebuddy
23-Aug-2026 22:27:11.111 INFO [http-nio-8080-exec-3] org.hibernate.engine.transaction.jta.platform.internal.JtaPlatformInitiator.initiateService HHH000490: Using JtaPlatform implementation: [org.hibernate.engine.transaction.jta.platform.internal.NoJtaPlatform]
23-Aug-2026 22:27:11.229 INFO [http-nio-8080-exec-3] org.hibernate.resource.transaction.backend.jdbc.internal.DdlTransactionIsolatorNonJtaImpl.getIsolatedConnection HHH10001501: Connection obtained from JdbcConnectionAccess [org.hibernate.engine.jdbc.env.internal.JdbcEnvironmentInitiator$ConnectionProviderJdbcConnectionAccess@452b3a56] for (non-JTA) DDL execution was not in auto-commit mode; the Connection 'local transaction' will be committed and the Connection will be set into auto-commit mode.
23-Aug-2026 22:27:12.850 INFO [http-nio-8080-exec-4] org.hibernate.jpa.internal.util.LogHelper.logPersistenceUnitInformation HHH000204: Processing PersistenceUnitInfo [name: glycemiePU]
23-Aug-2026 22:27:12.914 WARN [http-nio-8080-exec-4] org.hibernate.engine.jdbc.connections.internal.DriverManagerConnectionProviderImpl.configure HHH10001002: Using built-in connection pool (not intended for production use)
23-Aug-2026 22:27:12.914 INFO [http-nio-8080-exec-4] org.hibernate.engine.jdbc.connections.internal.DriverManagerConnectionProviderImpl.buildCreator HHH10001005: Loaded JDBC driver class: com.mysql.cj.jdbc.Driver
23-Aug-2026 22:27:12.914 INFO [http-nio-8080-exec-4] org.hibernate.engine.jdbc.connections.internal.DriverManagerConnectionProviderImpl.buildCreator HHH10001012: Connecting with JDBC URL [jdbc:mysql://localhost:3306/suivi_glycemie_db?useSSL=false&serverTimezone=UTC]
23-Aug-2026 22:27:12.914 INFO [http-nio-8080-exec-4] org.hibernate.engine.jdbc.connections.internal.DriverManagerConnectionProviderImpl.buildCreator HHH10001001: Connection properties: {password=****, user=root}
23-Aug-2026 22:27:12.914 INFO [http-nio-8080-exec-4] org.hibernate.engine.jdbc.connections.internal.DriverManagerConnectionProviderImpl.buildCreator HHH10001003: Autocommit mode: false
23-Aug-2026 22:27:12.914 INFO [http-nio-8080-exec-4] org.hibernate.engine.jdbc.connections.internal.DriverManagerConnectionProviderImpl$PooledConnections.<init> HHH10001115: Connection pool size: 20 (min=1)
23-Aug-2026 22:27:12.930 WARN [http-nio-8080-exec-4] org.hibernate.dialect.Dialect.checkVersion HHH000511: The 5.6.17 version for [org.hibernate.dialect.MySQLDialect] is no longer supported, hence certain features may not work properly. The minimum supported version is 5.7.0. Check the community dialects project for available legacy versions.
23-Aug-2026 22:27:12.962 INFO [http-nio-8080-exec-4] org.hibernate.bytecode.internal.BytecodeProviderInitiator.buildBytecodeProvider HHH000021: Bytecode provider name : bytebuddy
23-Aug-2026 22:27:13.025 INFO [http-nio-8080-exec-4] org.hibernate.engine.transaction.jta.platform.internal.JtaPlatformInitiator.initiateService HHH000490: Using JtaPlatform implementation: [org.hibernate.engine.transaction.jta.platform.internal.NoJtaPlatform]
23-Aug-2026 22:27:13.041 INFO [http-nio-8080-exec-4] org.hibernate.resource.transaction.backend.jdbc.internal.DdlTransactionIsolatorNonJtaImpl.getIsolatedConnection HHH10001501: Connection obtained from JdbcConnectionAccess [org.hibernate.engine.jdbc.env.internal.JdbcEnvironmentInitiator$ConnectionProviderJdbcConnectionAccess@78b97d03] for (non-JTA) DDL execution was not in auto-commit mode; the Connection 'local transaction' will be committed and the Connection will be set into auto-commit mode.
23-Aug-2026 22:27:54.610 INFO [http-nio-8080-exec-7] org.hibernate.jpa.internal.util.LogHelper.logPersistenceUnitInformation HHH000204: Processing PersistenceUnitInfo [name: glycemiePU]
23-Aug-2026 22:27:54.688 WARN [http-nio-8080-exec-7] org.hibernate.engine.jdbc.connections.internal.DriverManagerConnectionProviderImpl.configure HHH10001002: Using built-in connection pool (not intended for production use)
23-Aug-2026 22:27:54.689 INFO [http-nio-8080-exec-7] org.hibernate.engine.jdbc.connections.internal.DriverManagerConnectionProviderImpl.buildCreator HHH10001005: Loaded JDBC driver class: com.mysql.cj.jdbc.Driver
23-Aug-2026 22:27:54.689 INFO [http-nio-8080-exec-7] org.hibernate.engine.jdbc.connections.internal.DriverManagerConnectionProviderImpl.buildCreator HHH10001012: Connecting with JDBC URL [jdbc:mysql://localhost:3306/suivi_glycemie_db?useSSL=false&serverTimezone=UTC]
23-Aug-2026 22:27:54.690 INFO [http-nio-8080-exec-7] org.hibernate.engine.jdbc.connections.internal.DriverManagerConnectionProviderImpl.buildCreator HHH10001001: Connection properties: {password=****, user=root}
23-Aug-2026 22:27:54.690 INFO [http-nio-8080-exec-7] org.hibernate.engine.jdbc.connections.internal.DriverManagerConnectionProviderImpl.buildCreator HHH10001003: Autocommit mode: false
23-Aug-2026 22:27:54.690 INFO [http-nio-8080-exec-7] org.hibernate.engine.jdbc.connections.internal.DriverManagerConnectionProviderImpl$PooledConnections.<init> HHH10001115: Connection pool size: 20 (min=1)
23-Aug-2026 22:27:54.698 WARN [http-nio-8080-exec-7] org.hibernate.dialect.Dialect.checkVersion HHH000511: The 5.6.17 version for [org.hibernate.dialect.MySQLDialect] is no longer supported, hence certain features may not work properly. The minimum supported version is 5.7.0. Check the community dialects project for available legacy versions.
23-Aug-2026 22:27:54.734 INFO [http-nio-8080-exec-7] org.hibernate.bytecode.internal.BytecodeProviderInitiator.buildBytecodeProvider HHH000021: Bytecode provider name : bytebuddy
23-Aug-2026 22:27:54.830 INFO [http-nio-8080-exec-7] org.hibernate.engine.transaction.jta.platform.internal.JtaPlatformInitiator.initiateService HHH000490: Using JtaPlatform implementation: [org.hibernate.engine.transaction.jta.platform.internal.NoJtaPlatform]
23-Aug-2026 22:27:54.831 INFO [http-nio-8080-exec-7] org.hibernate.resource.transaction.backend.jdbc.internal.DdlTransactionIsolatorNonJtaImpl.getIsolatedConnection HHH10001501: Connection obtained from JdbcConnectionAccess [org.hibernate.engine.jdbc.env.internal.JdbcEnvironmentInitiator$ConnectionProviderJdbcConnectionAccess@4c7f5b29] for (non-JTA) DDL execution was not in auto-commit mode; the Connection 'local transaction' will be committed and the Connection will be set into auto-commit mode.
23-Aug-2026 22:32:33.838 INFOS [Thread-1] org.apache.coyote.AbstractProtocol.pause Le gestionnaire de protocole ["http-nio-8080"] est mis en pause
23-Aug-2026 22:32:33.853 INFOS [Thread-1] org.apache.catalina.core.StandardService.stopInternal Arrêt du service [Catalina]
23-Aug-2026 22:32:33.862 AVERTISSEMENT [Thread-1] org.apache.catalina.loader.WebappClassLoaderBase.clearReferencesJdbc L'application web [ROOT] a enregistré un pilote JDBC [com.mysql.cj.jdbc.Driver], mais ne l'a pas désenregistré avant l'arrêt de l'application.  Pour éviter une fuite de mémoire, le pilote JDBC a été désenregistré de force.
23-Aug-2026 22:32:33.863 AVERTISSEMENT [Thread-1] org.apache.catalina.loader.WebappClassLoaderBase.clearReferencesThreads L'application web [ROOT] semble avoir démarré un thread nommé [mysql-cj-abandoned-connection-cleanup] mais ne l'a pas arrêté, ce qui va probablement créer une fuite de mémoire ; la trace du thread est : 
 java.base/jdk.internal.misc.Unsafe.park(Native Method)
 java.base/java.util.concurrent.locks.LockSupport.parkNanos(LockSupport.java:269)
 java.base/java.util.concurrent.locks.AbstractQueuedSynchronizer$ConditionObject.await(AbstractQueuedSynchronizer.java:1886)
 java.base/java.lang.ref.ReferenceQueue.await(ReferenceQueue.java:71)
 java.base/java.lang.ref.ReferenceQueue.remove0(ReferenceQueue.java:143)
 java.base/java.lang.ref.ReferenceQueue.remove(ReferenceQueue.java:218)
 com.mysql.cj.jdbc.AbandonedConnectionCleanupThread.run(AbandonedConnectionCleanupThread.java:93)
 java.base/java.util.concurrent.ThreadPoolExecutor.runWorker(ThreadPoolExecutor.java:1144)
 java.base/java.util.concurrent.ThreadPoolExecutor$Worker.run(ThreadPoolExecutor.java:642)
 java.base/java.lang.Thread.run(Thread.java:1583)
23-Aug-2026 22:32:33.863 AVERTISSEMENT [Thread-1] org.apache.catalina.loader.WebappClassLoaderBase.clearReferencesThreads L'application web [ROOT] semble avoir démarré un thread nommé [Hibernate Connection Pool Validation Thread] mais ne l'a pas arrêté, ce qui va probablement créer une fuite de mémoire ; la trace du thread est : 
 java.base/jdk.internal.misc.Unsafe.park(Native Method)
 java.base/java.util.concurrent.locks.LockSupport.parkNanos(LockSupport.java:269)
 java.base/java.util.concurrent.locks.AbstractQueuedSynchronizer$ConditionObject.awaitNanos(AbstractQueuedSynchronizer.java:1797)
 java.base/java.util.concurrent.ScheduledThreadPoolExecutor$DelayedWorkQueue.take(ScheduledThreadPoolExecutor.java:1182)
 java.base/java.util.concurrent.ScheduledThreadPoolExecutor$DelayedWorkQueue.take(ScheduledThreadPoolExecutor.java:899)
 java.base/java.util.concurrent.ThreadPoolExecutor.getTask(ThreadPoolExecutor.java:1070)
 java.base/java.util.concurrent.ThreadPoolExecutor.runWorker(ThreadPoolExecutor.java:1130)
 java.base/java.util.concurrent.ThreadPoolExecutor$Worker.run(ThreadPoolExecutor.java:642)
 java.base/java.lang.Thread.run(Thread.java:1583)
23-Aug-2026 22:32:33.863 AVERTISSEMENT [Thread-1] org.apache.catalina.loader.WebappClassLoaderBase.clearReferencesThreads L'application web [ROOT] semble avoir démarré un thread nommé [Hibernate Connection Pool Validation Thread] mais ne l'a pas arrêté, ce qui va probablement créer une fuite de mémoire ; la trace du thread est : 
 java.base/jdk.internal.misc.Unsafe.park(Native Method)
 java.base/java.util.concurrent.locks.LockSupport.parkNanos(LockSupport.java:269)
 java.base/java.util.concurrent.locks.AbstractQueuedSynchronizer$ConditionObject.awaitNanos(AbstractQueuedSynchronizer.java:1797)
 java.base/java.util.concurrent.ScheduledThreadPoolExecutor$DelayedWorkQueue.take(ScheduledThreadPoolExecutor.java:1182)
 java.base/java.util.concurrent.ScheduledThreadPoolExecutor$DelayedWorkQueue.take(ScheduledThreadPoolExecutor.java:899)
 java.base/java.util.concurrent.ThreadPoolExecutor.getTask(ThreadPoolExecutor.java:1070)
 java.base/java.util.concurrent.ThreadPoolExecutor.runWorker(ThreadPoolExecutor.java:1130)
 java.base/java.util.concurrent.ThreadPoolExecutor$Worker.run(ThreadPoolExecutor.java:642)
 java.base/java.lang.Thread.run(Thread.java:1583)
23-Aug-2026 22:32:33.863 AVERTISSEMENT [Thread-1] org.apache.catalina.loader.WebappClassLoaderBase.clearReferencesThreads L'application web [ROOT] semble avoir démarré un thread nommé [Hibernate Connection Pool Validation Thread] mais ne l'a pas arrêté, ce qui va probablement créer une fuite de mémoire ; la trace du thread est : 
 java.base/jdk.internal.misc.Unsafe.park(Native Method)
 java.base/java.util.concurrent.locks.LockSupport.parkNanos(LockSupport.java:269)
 java.base/java.util.concurrent.locks.AbstractQueuedSynchronizer$ConditionObject.awaitNanos(AbstractQueuedSynchronizer.java:1797)
 java.base/java.util.concurrent.ScheduledThreadPoolExecutor$DelayedWorkQueue.take(ScheduledThreadPoolExecutor.java:1182)
 java.base/java.util.concurrent.ScheduledThreadPoolExecutor$DelayedWorkQueue.take(ScheduledThreadPoolExecutor.java:899)
 java.base/java.util.concurrent.ThreadPoolExecutor.getTask(ThreadPoolExecutor.java:1070)
 java.base/java.util.concurrent.ThreadPoolExecutor.runWorker(ThreadPoolExecutor.java:1130)
 java.base/java.util.concurrent.ThreadPoolExecutor$Worker.run(ThreadPoolExecutor.java:642)
 java.base/java.lang.Thread.run(Thread.java:1583)
23-Aug-2026 22:32:33.876 INFOS [Thread-1] org.apache.coyote.AbstractProtocol.stop Arrêt du gestionnaire de protocole ["http-nio-8080"]
23-Aug-2026 22:32:33.891 INFOS [Thread-1] org.apache.coyote.AbstractProtocol.destroy Destruction du gestionnaire de protocole ["http-nio-8080"]
23-Aug-2026 22:33:38.369 INFOS [main] org.apache.catalina.startup.VersionLoggerListener.log Nom version serveur :              Apache Tomcat/10.1.42
23-Aug-2026 22:33:38.375 INFOS [main] org.apache.catalina.startup.VersionLoggerListener.log Serveur compilé :                  Jun 5 2025 22:35:46 UTC
23-Aug-2026 22:33:38.376 INFOS [main] org.apache.catalina.startup.VersionLoggerListener.log Version du serveur :               10.1.42.0
23-Aug-2026 22:33:38.376 INFOS [main] org.apache.catalina.startup.VersionLoggerListener.log Nom de l'OS :                      Windows 11
23-Aug-2026 22:33:38.376 INFOS [main] org.apache.catalina.startup.VersionLoggerListener.log Version OS :                       10.0
23-Aug-2026 22:33:38.376 INFOS [main] org.apache.catalina.startup.VersionLoggerListener.log Architecture :                     amd64
23-Aug-2026 22:33:38.376 INFOS [main] org.apache.catalina.startup.VersionLoggerListener.log Java Home :                        C:\Users\HP\.jdks\jbrsdk_jcef-21.0.9
23-Aug-2026 22:33:38.377 INFOS [main] org.apache.catalina.startup.VersionLoggerListener.log Version JVM :                      21.0.9+1-b1038.75
23-Aug-2026 22:33:38.377 INFOS [main] org.apache.catalina.startup.VersionLoggerListener.log Fournisseur de la JVM :            JetBrains s.r.o.
23-Aug-2026 22:33:38.377 INFOS [main] org.apache.catalina.startup.VersionLoggerListener.log CATALINA_BASE :                    C:\Users\HP\Desktop\samasuker\.smarttomcat
23-Aug-2026 22:33:38.377 INFOS [main] org.apache.catalina.startup.VersionLoggerListener.log CATALINA_HOME :                    C:\Users\HP\Desktop\apache-tomcat-10.1.42
23-Aug-2026 22:33:38.397 INFOS [main] org.apache.catalina.startup.VersionLoggerListener.log Argument de la ligne de commande : --add-opens=java.base/java.lang=ALL-UNNAMED
23-Aug-2026 22:33:38.397 INFOS [main] org.apache.catalina.startup.VersionLoggerListener.log Argument de la ligne de commande : --add-opens=java.base/java.io=ALL-UNNAMED
23-Aug-2026 22:33:38.397 INFOS [main] org.apache.catalina.startup.VersionLoggerListener.log Argument de la ligne de commande : --add-opens=java.base/java.util=ALL-UNNAMED
23-Aug-2026 22:33:38.398 INFOS [main] org.apache.catalina.startup.VersionLoggerListener.log Argument de la ligne de commande : --add-opens=java.base/java.util.concurrent=ALL-UNNAMED
23-Aug-2026 22:33:38.398 INFOS [main] org.apache.catalina.startup.VersionLoggerListener.log Argument de la ligne de commande : --add-opens=java.rmi/sun.rmi.transport=ALL-UNNAMED
23-Aug-2026 22:33:38.398 INFOS [main] org.apache.catalina.startup.VersionLoggerListener.log Argument de la ligne de commande : -Dcatalina.home=C:\Users\HP\Desktop\apache-tomcat-10.1.42
23-Aug-2026 22:33:38.398 INFOS [main] org.apache.catalina.startup.VersionLoggerListener.log Argument de la ligne de commande : -Dcatalina.base=C:\Users\HP\Desktop\samasuker\.smarttomcat
23-Aug-2026 22:33:38.398 INFOS [main] org.apache.catalina.startup.VersionLoggerListener.log Argument de la ligne de commande : -Djava.io.tmpdir=C:\Users\HP\Desktop\samasuker\.smarttomcat\temp
23-Aug-2026 22:33:38.398 INFOS [main] org.apache.catalina.startup.VersionLoggerListener.log Argument de la ligne de commande : -Djava.util.logging.config.file=C:\Users\HP\Desktop\samasuker\.smarttomcat\conf\logging.properties
23-Aug-2026 22:33:38.398 INFOS [main] org.apache.catalina.startup.VersionLoggerListener.log Argument de la ligne de commande : -Djava.util.logging.manager=org.apache.juli.ClassLoaderLogManager
23-Aug-2026 22:33:38.399 INFOS [main] org.apache.catalina.startup.VersionLoggerListener.log Argument de la ligne de commande : -javaagent:C:\Program Files\JetBrains\IntelliJ IDEA 2025.2.2\lib\idea_rt.jar=65289
23-Aug-2026 22:33:38.399 INFOS [main] org.apache.catalina.startup.VersionLoggerListener.log Argument de la ligne de commande : -Dfile.encoding=UTF-8
23-Aug-2026 22:33:38.399 INFOS [main] org.apache.catalina.startup.VersionLoggerListener.log Argument de la ligne de commande : -Dsun.stdout.encoding=UTF-8
23-Aug-2026 22:33:38.399 INFOS [main] org.apache.catalina.startup.VersionLoggerListener.log Argument de la ligne de commande : -Dsun.stderr.encoding=UTF-8
23-Aug-2026 22:33:38.404 INFOS [main] org.apache.catalina.core.AprLifecycleListener.lifecycleEvent Chargement de la librairie Apache Tomcat Native [2.0.9] en utilisant APR version [1.7.6]
23-Aug-2026 22:33:38.414 INFOS [main] org.apache.catalina.core.AprLifecycleListener.initializeSSL OpenSSL a été initialisé avec succès [OpenSSL 3.5.0 8 Apr 2025]
23-Aug-2026 22:33:39.162 INFOS [main] org.apache.coyote.AbstractProtocol.init Initialisation du gestionnaire de protocole ["http-nio-8080"]
23-Aug-2026 22:33:39.192 INFOS [main] org.apache.catalina.startup.Catalina.load L'initialisation du serveur a pris [1295] millisecondes
23-Aug-2026 22:33:39.305 INFOS [main] org.apache.catalina.core.StandardService.startInternal Démarrage du service [Catalina]
23-Aug-2026 22:33:39.306 INFOS [main] org.apache.catalina.core.StandardEngine.startInternal Démarrage du moteur de Servlets : [Apache Tomcat/10.1.42]
23-Aug-2026 22:33:39.327 INFOS [main] org.apache.catalina.startup.HostConfig.deployDescriptor Déploiement du descripteur de configuration [C:\Users\HP\Desktop\samasuker\.smarttomcat\conf\Catalina\localhost\MDD.xml]
23-Aug-2026 22:33:43.500 INFOS [main] org.apache.jasper.servlet.TldScanner.scanJars Au moins un fichier JAR a été analysé pour trouver des TLDs mais il n'en contenait pas, le mode "debug" du journal peut être activé pour obtenir une liste complète de JAR scannés sans succès ; éviter d'analyser des JARs inutilement peut améliorer sensiblement le temps de démarrage et le temps de compilation des JSPs
23-Aug-2026 22:33:43.653 INFOS [main] org.apache.catalina.startup.HostConfig.deployDescriptor Le traitement du descripteur de déploiement [C:\Users\HP\Desktop\samasuker\.smarttomcat\conf\Catalina\localhost\MDD.xml] a pris [4 320] ms
23-Aug-2026 22:33:43.653 INFOS [main] org.apache.catalina.startup.HostConfig.deployDescriptor Déploiement du descripteur de configuration [C:\Users\HP\Desktop\samasuker\.smarttomcat\conf\Catalina\localhost\ROOT.xml]
23-Aug-2026 22:33:46.816 INFOS [main] org.apache.jasper.servlet.TldScanner.scanJars Au moins un fichier JAR a été analysé pour trouver des TLDs mais il n'en contenait pas, le mode "debug" du journal peut être activé pour obtenir une liste complète de JAR scannés sans succès ; éviter d'analyser des JARs inutilement peut améliorer sensiblement le temps de démarrage et le temps de compilation des JSPs
23-Aug-2026 22:33:46.857 INFOS [main] org.apache.catalina.startup.HostConfig.deployDescriptor Le traitement du descripteur de déploiement [C:\Users\HP\Desktop\samasuker\.smarttomcat\conf\Catalina\localhost\ROOT.xml] a pris [3 204] ms
23-Aug-2026 22:33:46.864 INFOS [main] org.apache.coyote.AbstractProtocol.start Démarrage du gestionnaire de protocole ["http-nio-8080"]
23-Aug-2026 22:33:46.898 INFOS [main] org.apache.catalina.startup.Catalina.start Le démarrage du serveur a pris [7702] millisecondes
23-Aug-2026 22:34:00.068 INFO [http-nio-8080-exec-3] org.hibernate.jpa.internal.util.LogHelper.logPersistenceUnitInformation HHH000204: Processing PersistenceUnitInfo [name: glycemiePU]
23-Aug-2026 22:34:00.358 INFO [http-nio-8080-exec-3] org.hibernate.Version.logVersion HHH000412: Hibernate ORM core version 6.2.7.Final
23-Aug-2026 22:34:00.366 INFO [http-nio-8080-exec-3] org.hibernate.cfg.Environment.<clinit> HHH000406: Using bytecode reflection optimizer
23-Aug-2026 22:34:01.484 WARN [http-nio-8080-exec-3] org.hibernate.engine.jdbc.connections.internal.DriverManagerConnectionProviderImpl.configure HHH10001002: Using built-in connection pool (not intended for production use)
23-Aug-2026 22:34:01.497 INFO [http-nio-8080-exec-3] org.hibernate.engine.jdbc.connections.internal.DriverManagerConnectionProviderImpl.buildCreator HHH10001005: Loaded JDBC driver class: com.mysql.cj.jdbc.Driver
23-Aug-2026 22:34:01.497 INFO [http-nio-8080-exec-3] org.hibernate.engine.jdbc.connections.internal.DriverManagerConnectionProviderImpl.buildCreator HHH10001012: Connecting with JDBC URL [jdbc:mysql://localhost:3306/suivi_glycemie_db?useSSL=false&serverTimezone=UTC]
23-Aug-2026 22:34:01.498 INFO [http-nio-8080-exec-3] org.hibernate.engine.jdbc.connections.internal.DriverManagerConnectionProviderImpl.buildCreator HHH10001001: Connection properties: {password=****, user=root}
23-Aug-2026 22:34:01.498 INFO [http-nio-8080-exec-3] org.hibernate.engine.jdbc.connections.internal.DriverManagerConnectionProviderImpl.buildCreator HHH10001003: Autocommit mode: false
23-Aug-2026 22:34:01.511 INFO [http-nio-8080-exec-3] org.hibernate.engine.jdbc.connections.internal.DriverManagerConnectionProviderImpl$PooledConnections.<init> HHH10001115: Connection pool size: 20 (min=1)
23-Aug-2026 22:34:02.297 WARN [http-nio-8080-exec-3] org.hibernate.dialect.Dialect.checkVersion HHH000511: The 5.6.17 version for [org.hibernate.dialect.MySQLDialect] is no longer supported, hence certain features may not work properly. The minimum supported version is 5.7.0. Check the community dialects project for available legacy versions.
23-Aug-2026 22:34:03.415 INFO [http-nio-8080-exec-3] org.hibernate.bytecode.internal.BytecodeProviderInitiator.buildBytecodeProvider HHH000021: Bytecode provider name : bytebuddy
23-Aug-2026 22:34:06.689 INFO [http-nio-8080-exec-3] org.hibernate.engine.transaction.jta.platform.internal.JtaPlatformInitiator.initiateService HHH000490: Using JtaPlatform implementation: [org.hibernate.engine.transaction.jta.platform.internal.NoJtaPlatform]
23-Aug-2026 22:34:06.806 INFO [http-nio-8080-exec-3] org.hibernate.resource.transaction.backend.jdbc.internal.DdlTransactionIsolatorNonJtaImpl.getIsolatedConnection HHH10001501: Connection obtained from JdbcConnectionAccess [org.hibernate.engine.jdbc.env.internal.JdbcEnvironmentInitiator$ConnectionProviderJdbcConnectionAccess@72b697a1] for (non-JTA) DDL execution was not in auto-commit mode; the Connection 'local transaction' will be committed and the Connection will be set into auto-commit mode.
23-Aug-2026 22:34:08.648 INFO [http-nio-8080-exec-5] org.hibernate.jpa.internal.util.LogHelper.logPersistenceUnitInformation HHH000204: Processing PersistenceUnitInfo [name: glycemiePU]
23-Aug-2026 22:34:08.745 WARN [http-nio-8080-exec-5] org.hibernate.engine.jdbc.connections.internal.DriverManagerConnectionProviderImpl.configure HHH10001002: Using built-in connection pool (not intended for production use)
23-Aug-2026 22:34:08.746 INFO [http-nio-8080-exec-5] org.hibernate.engine.jdbc.connections.internal.DriverManagerConnectionProviderImpl.buildCreator HHH10001005: Loaded JDBC driver class: com.mysql.cj.jdbc.Driver
23-Aug-2026 22:34:08.746 INFO [http-nio-8080-exec-5] org.hibernate.engine.jdbc.connections.internal.DriverManagerConnectionProviderImpl.buildCreator HHH10001012: Connecting with JDBC URL [jdbc:mysql://localhost:3306/suivi_glycemie_db?useSSL=false&serverTimezone=UTC]
23-Aug-2026 22:34:08.746 INFO [http-nio-8080-exec-5] org.hibernate.engine.jdbc.connections.internal.DriverManagerConnectionProviderImpl.buildCreator HHH10001001: Connection properties: {password=****, user=root}
23-Aug-2026 22:34:08.746 INFO [http-nio-8080-exec-5] org.hibernate.engine.jdbc.connections.internal.DriverManagerConnectionProviderImpl.buildCreator HHH10001003: Autocommit mode: false
23-Aug-2026 22:34:08.747 INFO [http-nio-8080-exec-5] org.hibernate.engine.jdbc.connections.internal.DriverManagerConnectionProviderImpl$PooledConnections.<init> HHH10001115: Connection pool size: 20 (min=1)
23-Aug-2026 22:34:08.757 WARN [http-nio-8080-exec-5] org.hibernate.dialect.Dialect.checkVersion HHH000511: The 5.6.17 version for [org.hibernate.dialect.MySQLDialect] is no longer supported, hence certain features may not work properly. The minimum supported version is 5.7.0. Check the community dialects project for available legacy versions.
23-Aug-2026 22:34:08.810 INFO [http-nio-8080-exec-5] org.hibernate.bytecode.internal.BytecodeProviderInitiator.buildBytecodeProvider HHH000021: Bytecode provider name : bytebuddy
23-Aug-2026 22:34:08.940 INFO [http-nio-8080-exec-5] org.hibernate.engine.transaction.jta.platform.internal.JtaPlatformInitiator.initiateService HHH000490: Using JtaPlatform implementation: [org.hibernate.engine.transaction.jta.platform.internal.NoJtaPlatform]
23-Aug-2026 22:34:08.940 INFO [http-nio-8080-exec-5] org.hibernate.resource.transaction.backend.jdbc.internal.DdlTransactionIsolatorNonJtaImpl.getIsolatedConnection HHH10001501: Connection obtained from JdbcConnectionAccess [org.hibernate.engine.jdbc.env.internal.JdbcEnvironmentInitiator$ConnectionProviderJdbcConnectionAccess@31dcc51a] for (non-JTA) DDL execution was not in auto-commit mode; the Connection 'local transaction' will be committed and the Connection will be set into auto-commit mode.
23-Aug-2026 22:34:31.733 INFO [http-nio-8080-exec-7] org.hibernate.jpa.internal.util.LogHelper.logPersistenceUnitInformation HHH000204: Processing PersistenceUnitInfo [name: glycemiePU]
23-Aug-2026 22:34:31.813 WARN [http-nio-8080-exec-7] org.hibernate.engine.jdbc.connections.internal.DriverManagerConnectionProviderImpl.configure HHH10001002: Using built-in connection pool (not intended for production use)
23-Aug-2026 22:34:31.813 INFO [http-nio-8080-exec-7] org.hibernate.engine.jdbc.connections.internal.DriverManagerConnectionProviderImpl.buildCreator HHH10001005: Loaded JDBC driver class: com.mysql.cj.jdbc.Driver
23-Aug-2026 22:34:31.813 INFO [http-nio-8080-exec-7] org.hibernate.engine.jdbc.connections.internal.DriverManagerConnectionProviderImpl.buildCreator HHH10001012: Connecting with JDBC URL [jdbc:mysql://localhost:3306/suivi_glycemie_db?useSSL=false&serverTimezone=UTC]
23-Aug-2026 22:34:31.813 INFO [http-nio-8080-exec-7] org.hibernate.engine.jdbc.connections.internal.DriverManagerConnectionProviderImpl.buildCreator HHH10001001: Connection properties: {password=****, user=root}
23-Aug-2026 22:34:31.813 INFO [http-nio-8080-exec-7] org.hibernate.engine.jdbc.connections.internal.DriverManagerConnectionProviderImpl.buildCreator HHH10001003: Autocommit mode: false
23-Aug-2026 22:34:31.813 INFO [http-nio-8080-exec-7] org.hibernate.engine.jdbc.connections.internal.DriverManagerConnectionProviderImpl$PooledConnections.<init> HHH10001115: Connection pool size: 20 (min=1)
23-Aug-2026 22:34:31.813 WARN [http-nio-8080-exec-7] org.hibernate.dialect.Dialect.checkVersion HHH000511: The 5.6.17 version for [org.hibernate.dialect.MySQLDialect] is no longer supported, hence certain features may not work properly. The minimum supported version is 5.7.0. Check the community dialects project for available legacy versions.
23-Aug-2026 22:34:31.853 INFO [http-nio-8080-exec-7] org.hibernate.bytecode.internal.BytecodeProviderInitiator.buildBytecodeProvider HHH000021: Bytecode provider name : bytebuddy
23-Aug-2026 22:34:31.931 INFO [http-nio-8080-exec-7] org.hibernate.engine.transaction.jta.platform.internal.JtaPlatformInitiator.initiateService HHH000490: Using JtaPlatform implementation: [org.hibernate.engine.transaction.jta.platform.internal.NoJtaPlatform]
23-Aug-2026 22:34:31.941 INFO [http-nio-8080-exec-7] org.hibernate.resource.transaction.backend.jdbc.internal.DdlTransactionIsolatorNonJtaImpl.getIsolatedConnection HHH10001501: Connection obtained from JdbcConnectionAccess [org.hibernate.engine.jdbc.env.internal.JdbcEnvironmentInitiator$ConnectionProviderJdbcConnectionAccess@1c8f07df] for (non-JTA) DDL execution was not in auto-commit mode; the Connection 'local transaction' will be committed and the Connection will be set into auto-commit mode.
23-Aug-2026 22:35:57.015 INFO [http-nio-8080-exec-1] org.hibernate.jpa.internal.util.LogHelper.logPersistenceUnitInformation HHH000204: Processing PersistenceUnitInfo [name: glycemiePU]
23-Aug-2026 22:35:57.099 WARN [http-nio-8080-exec-1] org.hibernate.engine.jdbc.connections.internal.DriverManagerConnectionProviderImpl.configure HHH10001002: Using built-in connection pool (not intended for production use)
23-Aug-2026 22:35:57.099 INFO [http-nio-8080-exec-1] org.hibernate.engine.jdbc.connections.internal.DriverManagerConnectionProviderImpl.buildCreator HHH10001005: Loaded JDBC driver class: com.mysql.cj.jdbc.Driver
23-Aug-2026 22:35:57.099 INFO [http-nio-8080-exec-1] org.hibernate.engine.jdbc.connections.internal.DriverManagerConnectionProviderImpl.buildCreator HHH10001012: Connecting with JDBC URL [jdbc:mysql://localhost:3306/suivi_glycemie_db?useSSL=false&serverTimezone=UTC]
23-Aug-2026 22:35:57.099 INFO [http-nio-8080-exec-1] org.hibernate.engine.jdbc.connections.internal.DriverManagerConnectionProviderImpl.buildCreator HHH10001001: Connection properties: {password=****, user=root}
23-Aug-2026 22:35:57.099 INFO [http-nio-8080-exec-1] org.hibernate.engine.jdbc.connections.internal.DriverManagerConnectionProviderImpl.buildCreator HHH10001003: Autocommit mode: false
23-Aug-2026 22:35:57.099 INFO [http-nio-8080-exec-1] org.hibernate.engine.jdbc.connections.internal.DriverManagerConnectionProviderImpl$PooledConnections.<init> HHH10001115: Connection pool size: 20 (min=1)
23-Aug-2026 22:35:57.099 WARN [http-nio-8080-exec-1] org.hibernate.dialect.Dialect.checkVersion HHH000511: The 5.6.17 version for [org.hibernate.dialect.MySQLDialect] is no longer supported, hence certain features may not work properly. The minimum supported version is 5.7.0. Check the community dialects project for available legacy versions.
23-Aug-2026 22:35:57.146 INFO [http-nio-8080-exec-1] org.hibernate.bytecode.internal.BytecodeProviderInitiator.buildBytecodeProvider HHH000021: Bytecode provider name : bytebuddy
23-Aug-2026 22:35:57.211 INFO [http-nio-8080-exec-1] org.hibernate.engine.transaction.jta.platform.internal.JtaPlatformInitiator.initiateService HHH000490: Using JtaPlatform implementation: [org.hibernate.engine.transaction.jta.platform.internal.NoJtaPlatform]
23-Aug-2026 22:35:57.211 INFO [http-nio-8080-exec-1] org.hibernate.resource.transaction.backend.jdbc.internal.DdlTransactionIsolatorNonJtaImpl.getIsolatedConnection HHH10001501: Connection obtained from JdbcConnectionAccess [org.hibernate.engine.jdbc.env.internal.JdbcEnvironmentInitiator$ConnectionProviderJdbcConnectionAccess@70452d86] for (non-JTA) DDL execution was not in auto-commit mode; the Connection 'local transaction' will be committed and the Connection will be set into auto-commit mode.
