24-Aug-2026 00:02:57.603 INFOS [Thread-1] org.apache.coyote.AbstractProtocol.pause Le gestionnaire de protocole ["http-nio-8080"] est mis en pause
24-Aug-2026 00:02:57.630 INFOS [Thread-1] org.apache.catalina.core.StandardService.stopInternal Arrêt du service [Catalina]
24-Aug-2026 00:02:57.641 AVERTISSEMENT [Thread-1] org.apache.catalina.loader.WebappClassLoaderBase.clearReferencesJdbc L'application web [ROOT] a enregistré un pilote JDBC [com.mysql.cj.jdbc.Driver], mais ne l'a pas désenregistré avant l'arrêt de l'application.  Pour éviter une fuite de mémoire, le pilote JDBC a été désenregistré de force.
24-Aug-2026 00:02:57.642 AVERTISSEMENT [Thread-1] org.apache.catalina.loader.WebappClassLoaderBase.clearReferencesThreads L'application web [ROOT] semble avoir démarré un thread nommé [mysql-cj-abandoned-connection-cleanup] mais ne l'a pas arrêté, ce qui va probablement créer une fuite de mémoire ; la trace du thread est : 
 java.base/jdk.internal.misc.Unsafe.park(Native Method)
 java.base/java.util.concurrent.locks.LockSupport.parkNanos(LockSupport.java:269)
 java.base/java.util.concurrent.locks.AbstractQueuedSynchronizer$ConditionObject.await(AbstractQueuedSynchronizer.java:1886)
 java.base/java.lang.ref.ReferenceQueue.await(ReferenceQueue.java:71)
 java.base/java.lang.ref.ReferenceQueue.remove0(ReferenceQueue.java:143)
 java.base/java.lang.ref.ReferenceQueue.remove(ReferenceQueue.java:218)
 com.mysql.cj.jdbc.AbandonedConnectionCleanupThread.run(AbandonedConnectionCleanupThread.java:93)
 java.base/java.util.concurrent.ThreadPoolExecutor.runWorker(ThreadPoolExecutor.java:1144)
 java.base/java.util.concurrent.ThreadPoolExecutor$Worker.run(ThreadPoolExecutor.java:642)
 java.base/java.lang.Thread.run(Thread.java:1583)
24-Aug-2026 00:02:57.644 AVERTISSEMENT [Thread-1] org.apache.catalina.loader.WebappClassLoaderBase.clearReferencesThreads L'application web [ROOT] semble avoir démarré un thread nommé [Hibernate Connection Pool Validation Thread] mais ne l'a pas arrêté, ce qui va probablement créer une fuite de mémoire ; la trace du thread est : 
 java.base/jdk.internal.misc.Unsafe.park(Native Method)
 java.base/java.util.concurrent.locks.LockSupport.parkNanos(LockSupport.java:269)
 java.base/java.util.concurrent.locks.AbstractQueuedSynchronizer$ConditionObject.awaitNanos(AbstractQueuedSynchronizer.java:1797)
 java.base/java.util.concurrent.ScheduledThreadPoolExecutor$DelayedWorkQueue.take(ScheduledThreadPoolExecutor.java:1182)
 java.base/java.util.concurrent.ScheduledThreadPoolExecutor$DelayedWorkQueue.take(ScheduledThreadPoolExecutor.java:899)
 java.base/java.util.concurrent.ThreadPoolExecutor.getTask(ThreadPoolExecutor.java:1070)
 java.base/java.util.concurrent.ThreadPoolExecutor.runWorker(ThreadPoolExecutor.java:1130)
 java.base/java.util.concurrent.ThreadPoolExecutor$Worker.run(ThreadPoolExecutor.java:642)
 java.base/java.lang.Thread.run(Thread.java:1583)
24-Aug-2026 00:02:57.644 AVERTISSEMENT [Thread-1] org.apache.catalina.loader.WebappClassLoaderBase.clearReferencesThreads L'application web [ROOT] semble avoir démarré un thread nommé [Hibernate Connection Pool Validation Thread] mais ne l'a pas arrêté, ce qui va probablement créer une fuite de mémoire ; la trace du thread est : 
 java.base/jdk.internal.misc.Unsafe.park(Native Method)
 java.base/java.util.concurrent.locks.LockSupport.parkNanos(LockSupport.java:269)
 java.base/java.util.concurrent.locks.AbstractQueuedSynchronizer$ConditionObject.awaitNanos(AbstractQueuedSynchronizer.java:1797)
 java.base/java.util.concurrent.ScheduledThreadPoolExecutor$DelayedWorkQueue.take(ScheduledThreadPoolExecutor.java:1182)
 java.base/java.util.concurrent.ScheduledThreadPoolExecutor$DelayedWorkQueue.take(ScheduledThreadPoolExecutor.java:899)
 java.base/java.util.concurrent.ThreadPoolExecutor.getTask(ThreadPoolExecutor.java:1070)
 java.base/java.util.concurrent.ThreadPoolExecutor.runWorker(ThreadPoolExecutor.java:1130)
 java.base/java.util.concurrent.ThreadPoolExecutor$Worker.run(ThreadPoolExecutor.java:642)
 java.base/java.lang.Thread.run(Thread.java:1583)
24-Aug-2026 00:02:57.644 AVERTISSEMENT [Thread-1] org.apache.catalina.loader.WebappClassLoaderBase.clearReferencesThreads L'application web [ROOT] semble avoir démarré un thread nommé [Hibernate Connection Pool Validation Thread] mais ne l'a pas arrêté, ce qui va probablement créer une fuite de mémoire ; la trace du thread est : 
 java.base/jdk.internal.misc.Unsafe.park(Native Method)
 java.base/java.util.concurrent.locks.LockSupport.parkNanos(LockSupport.java:269)
 java.base/java.util.concurrent.locks.AbstractQueuedSynchronizer$ConditionObject.awaitNanos(AbstractQueuedSynchronizer.java:1797)
 java.base/java.util.concurrent.ScheduledThreadPoolExecutor$DelayedWorkQueue.take(ScheduledThreadPoolExecutor.java:1182)
 java.base/java.util.concurrent.ScheduledThreadPoolExecutor$DelayedWorkQueue.take(ScheduledThreadPoolExecutor.java:899)
 java.base/java.util.concurrent.ThreadPoolExecutor.getTask(ThreadPoolExecutor.java:1070)
 java.base/java.util.concurrent.ThreadPoolExecutor.runWorker(ThreadPoolExecutor.java:1130)
 java.base/java.util.concurrent.ThreadPoolExecutor$Worker.run(ThreadPoolExecutor.java:642)
 java.base/java.lang.Thread.run(Thread.java:1583)
24-Aug-2026 00:02:57.644 AVERTISSEMENT [Thread-1] org.apache.catalina.loader.WebappClassLoaderBase.clearReferencesThreads L'application web [ROOT] semble avoir démarré un thread nommé [Hibernate Connection Pool Validation Thread] mais ne l'a pas arrêté, ce qui va probablement créer une fuite de mémoire ; la trace du thread est : 
 java.base/jdk.internal.misc.Unsafe.park(Native Method)
 java.base/java.util.concurrent.locks.LockSupport.parkNanos(LockSupport.java:269)
 java.base/java.util.concurrent.locks.AbstractQueuedSynchronizer$ConditionObject.awaitNanos(AbstractQueuedSynchronizer.java:1797)
 java.base/java.util.concurrent.ScheduledThreadPoolExecutor$DelayedWorkQueue.take(ScheduledThreadPoolExecutor.java:1182)
 java.base/java.util.concurrent.ScheduledThreadPoolExecutor$DelayedWorkQueue.take(ScheduledThreadPoolExecutor.java:899)
 java.base/java.util.concurrent.ThreadPoolExecutor.getTask(ThreadPoolExecutor.java:1070)
 java.base/java.util.concurrent.ThreadPoolExecutor.runWorker(ThreadPoolExecutor.java:1130)
 java.base/java.util.concurrent.ThreadPoolExecutor$Worker.run(ThreadPoolExecutor.java:642)
 java.base/java.lang.Thread.run(Thread.java:1583)
24-Aug-2026 00:02:57.663 INFOS [Thread-1] org.apache.coyote.AbstractProtocol.stop Arrêt du gestionnaire de protocole ["http-nio-8080"]
24-Aug-2026 00:02:57.677 INFOS [Thread-1] org.apache.coyote.AbstractProtocol.destroy Destruction du gestionnaire de protocole ["http-nio-8080"]
24-Aug-2026 00:03:06.102 INFOS [main] org.apache.catalina.startup.VersionLoggerListener.log Nom version serveur :              Apache Tomcat/10.1.42
24-Aug-2026 00:03:06.136 INFOS [main] org.apache.catalina.startup.VersionLoggerListener.log Serveur compilé :                  Jun 5 2025 22:35:46 UTC
24-Aug-2026 00:03:06.142 INFOS [main] org.apache.catalina.startup.VersionLoggerListener.log Version du serveur :               10.1.42.0
24-Aug-2026 00:03:06.143 INFOS [main] org.apache.catalina.startup.VersionLoggerListener.log Nom de l'OS :                      Windows 11
24-Aug-2026 00:03:06.143 INFOS [main] org.apache.catalina.startup.VersionLoggerListener.log Version OS :                       10.0
24-Aug-2026 00:03:06.144 INFOS [main] org.apache.catalina.startup.VersionLoggerListener.log Architecture :                     amd64
24-Aug-2026 00:03:06.144 INFOS [main] org.apache.catalina.startup.VersionLoggerListener.log Java Home :                        C:\Users\HP\.jdks\jbrsdk_jcef-21.0.9
24-Aug-2026 00:03:06.144 INFOS [main] org.apache.catalina.startup.VersionLoggerListener.log Version JVM :                      21.0.9+1-b1038.75
24-Aug-2026 00:03:06.145 INFOS [main] org.apache.catalina.startup.VersionLoggerListener.log Fournisseur de la JVM :            JetBrains s.r.o.
24-Aug-2026 00:03:06.145 INFOS [main] org.apache.catalina.startup.VersionLoggerListener.log CATALINA_BASE :                    C:\Users\HP\Desktop\samasuker\.smarttomcat
24-Aug-2026 00:03:06.145 INFOS [main] org.apache.catalina.startup.VersionLoggerListener.log CATALINA_HOME :                    C:\Users\HP\Desktop\apache-tomcat-10.1.42
24-Aug-2026 00:03:06.173 INFOS [main] org.apache.catalina.startup.VersionLoggerListener.log Argument de la ligne de commande : --add-opens=java.base/java.lang=ALL-UNNAMED
24-Aug-2026 00:03:06.174 INFOS [main] org.apache.catalina.startup.VersionLoggerListener.log Argument de la ligne de commande : --add-opens=java.base/java.io=ALL-UNNAMED
24-Aug-2026 00:03:06.175 INFOS [main] org.apache.catalina.startup.VersionLoggerListener.log Argument de la ligne de commande : --add-opens=java.base/java.util=ALL-UNNAMED
24-Aug-2026 00:03:06.176 INFOS [main] org.apache.catalina.startup.VersionLoggerListener.log Argument de la ligne de commande : --add-opens=java.base/java.util.concurrent=ALL-UNNAMED
24-Aug-2026 00:03:06.176 INFOS [main] org.apache.catalina.startup.VersionLoggerListener.log Argument de la ligne de commande : --add-opens=java.rmi/sun.rmi.transport=ALL-UNNAMED
24-Aug-2026 00:03:06.177 INFOS [main] org.apache.catalina.startup.VersionLoggerListener.log Argument de la ligne de commande : -Dcatalina.home=C:\Users\HP\Desktop\apache-tomcat-10.1.42
24-Aug-2026 00:03:06.178 INFOS [main] org.apache.catalina.startup.VersionLoggerListener.log Argument de la ligne de commande : -Dcatalina.base=C:\Users\HP\Desktop\samasuker\.smarttomcat
24-Aug-2026 00:03:06.179 INFOS [main] org.apache.catalina.startup.VersionLoggerListener.log Argument de la ligne de commande : -Djava.io.tmpdir=C:\Users\HP\Desktop\samasuker\.smarttomcat\temp
24-Aug-2026 00:03:06.179 INFOS [main] org.apache.catalina.startup.VersionLoggerListener.log Argument de la ligne de commande : -Djava.util.logging.config.file=C:\Users\HP\Desktop\samasuker\.smarttomcat\conf\logging.properties
24-Aug-2026 00:03:06.180 INFOS [main] org.apache.catalina.startup.VersionLoggerListener.log Argument de la ligne de commande : -Djava.util.logging.manager=org.apache.juli.ClassLoaderLogManager
24-Aug-2026 00:03:06.180 INFOS [main] org.apache.catalina.startup.VersionLoggerListener.log Argument de la ligne de commande : -javaagent:C:\Program Files\JetBrains\IntelliJ IDEA 2025.2.2\lib\idea_rt.jar=60440
24-Aug-2026 00:03:06.182 INFOS [main] org.apache.catalina.startup.VersionLoggerListener.log Argument de la ligne de commande : -Dfile.encoding=UTF-8
24-Aug-2026 00:03:06.182 INFOS [main] org.apache.catalina.startup.VersionLoggerListener.log Argument de la ligne de commande : -Dsun.stdout.encoding=UTF-8
24-Aug-2026 00:03:06.183 INFOS [main] org.apache.catalina.startup.VersionLoggerListener.log Argument de la ligne de commande : -Dsun.stderr.encoding=UTF-8
24-Aug-2026 00:03:06.194 INFOS [main] org.apache.catalina.core.AprLifecycleListener.lifecycleEvent Chargement de la librairie Apache Tomcat Native [2.0.9] en utilisant APR version [1.7.6]
24-Aug-2026 00:03:06.214 INFOS [main] org.apache.catalina.core.AprLifecycleListener.initializeSSL OpenSSL a été initialisé avec succès [OpenSSL 3.5.0 8 Apr 2025]
24-Aug-2026 00:03:07.222 INFOS [main] org.apache.coyote.AbstractProtocol.init Initialisation du gestionnaire de protocole ["http-nio-8080"]
24-Aug-2026 00:03:07.258 INFOS [main] org.apache.catalina.startup.Catalina.load L'initialisation du serveur a pris [2131] millisecondes
24-Aug-2026 00:03:07.351 INFOS [main] org.apache.catalina.core.StandardService.startInternal Démarrage du service [Catalina]
24-Aug-2026 00:03:07.351 INFOS [main] org.apache.catalina.core.StandardEngine.startInternal Démarrage du moteur de Servlets : [Apache Tomcat/10.1.42]
24-Aug-2026 00:03:07.374 INFOS [main] org.apache.catalina.startup.HostConfig.deployDescriptor Déploiement du descripteur de configuration [C:\Users\HP\Desktop\samasuker\.smarttomcat\conf\Catalina\localhost\MDD.xml]
24-Aug-2026 00:03:13.759 INFOS [main] org.apache.jasper.servlet.TldScanner.scanJars Au moins un fichier JAR a été analysé pour trouver des TLDs mais il n'en contenait pas, le mode "debug" du journal peut être activé pour obtenir une liste complète de JAR scannés sans succès ; éviter d'analyser des JARs inutilement peut améliorer sensiblement le temps de démarrage et le temps de compilation des JSPs
24-Aug-2026 00:03:14.120 INFOS [main] org.apache.catalina.startup.HostConfig.deployDescriptor Le traitement du descripteur de déploiement [C:\Users\HP\Desktop\samasuker\.smarttomcat\conf\Catalina\localhost\MDD.xml] a pris [6 736] ms
24-Aug-2026 00:03:14.121 INFOS [main] org.apache.catalina.startup.HostConfig.deployDescriptor Déploiement du descripteur de configuration [C:\Users\HP\Desktop\samasuker\.smarttomcat\conf\Catalina\localhost\ROOT.xml]
24-Aug-2026 00:03:19.936 INFOS [main] org.apache.jasper.servlet.TldScanner.scanJars Au moins un fichier JAR a été analysé pour trouver des TLDs mais il n'en contenait pas, le mode "debug" du journal peut être activé pour obtenir une liste complète de JAR scannés sans succès ; éviter d'analyser des JARs inutilement peut améliorer sensiblement le temps de démarrage et le temps de compilation des JSPs
24-Aug-2026 00:03:20.029 INFOS [main] org.apache.catalina.startup.HostConfig.deployDescriptor Le traitement du descripteur de déploiement [C:\Users\HP\Desktop\samasuker\.smarttomcat\conf\Catalina\localhost\ROOT.xml] a pris [5 907] ms
24-Aug-2026 00:03:20.042 INFOS [main] org.apache.coyote.AbstractProtocol.start Démarrage du gestionnaire de protocole ["http-nio-8080"]
24-Aug-2026 00:03:20.101 INFOS [main] org.apache.catalina.startup.Catalina.start Le démarrage du serveur a pris [12842] millisecondes
24-Aug-2026 00:03:31.180 INFO [http-nio-8080-exec-3] org.hibernate.jpa.internal.util.LogHelper.logPersistenceUnitInformation HHH000204: Processing PersistenceUnitInfo [name: glycemiePU]
24-Aug-2026 00:03:31.786 INFO [http-nio-8080-exec-3] org.hibernate.Version.logVersion HHH000412: Hibernate ORM core version 6.2.7.Final
24-Aug-2026 00:03:31.800 INFO [http-nio-8080-exec-3] org.hibernate.cfg.Environment.<clinit> HHH000406: Using bytecode reflection optimizer
24-Aug-2026 00:03:33.691 WARN [http-nio-8080-exec-3] org.hibernate.engine.jdbc.connections.internal.DriverManagerConnectionProviderImpl.configure HHH10001002: Using built-in connection pool (not intended for production use)
24-Aug-2026 00:03:33.719 INFO [http-nio-8080-exec-3] org.hibernate.engine.jdbc.connections.internal.DriverManagerConnectionProviderImpl.buildCreator HHH10001005: Loaded JDBC driver class: com.mysql.cj.jdbc.Driver
24-Aug-2026 00:03:33.720 INFO [http-nio-8080-exec-3] org.hibernate.engine.jdbc.connections.internal.DriverManagerConnectionProviderImpl.buildCreator HHH10001012: Connecting with JDBC URL [jdbc:mysql://localhost:3306/suivi_glycemie_db?useSSL=false&serverTimezone=UTC]
24-Aug-2026 00:03:33.721 INFO [http-nio-8080-exec-3] org.hibernate.engine.jdbc.connections.internal.DriverManagerConnectionProviderImpl.buildCreator HHH10001001: Connection properties: {password=****, user=root}
24-Aug-2026 00:03:33.721 INFO [http-nio-8080-exec-3] org.hibernate.engine.jdbc.connections.internal.DriverManagerConnectionProviderImpl.buildCreator HHH10001003: Autocommit mode: false
24-Aug-2026 00:03:33.743 INFO [http-nio-8080-exec-3] org.hibernate.engine.jdbc.connections.internal.DriverManagerConnectionProviderImpl$PooledConnections.<init> HHH10001115: Connection pool size: 20 (min=1)
24-Aug-2026 00:03:35.141 WARN [http-nio-8080-exec-3] org.hibernate.dialect.Dialect.checkVersion HHH000511: The 5.6.17 version for [org.hibernate.dialect.MySQLDialect] is no longer supported, hence certain features may not work properly. The minimum supported version is 5.7.0. Check the community dialects project for available legacy versions.
24-Aug-2026 00:03:37.435 INFO [http-nio-8080-exec-3] org.hibernate.bytecode.internal.BytecodeProviderInitiator.buildBytecodeProvider HHH000021: Bytecode provider name : bytebuddy
24-Aug-2026 00:03:45.267 INFO [http-nio-8080-exec-3] org.hibernate.engine.transaction.jta.platform.internal.JtaPlatformInitiator.initiateService HHH000490: Using JtaPlatform implementation: [org.hibernate.engine.transaction.jta.platform.internal.NoJtaPlatform]
24-Aug-2026 00:03:45.482 INFO [http-nio-8080-exec-3] org.hibernate.resource.transaction.backend.jdbc.internal.DdlTransactionIsolatorNonJtaImpl.getIsolatedConnection HHH10001501: Connection obtained from JdbcConnectionAccess [org.hibernate.engine.jdbc.env.internal.JdbcEnvironmentInitiator$ConnectionProviderJdbcConnectionAccess@25964fb9] for (non-JTA) DDL execution was not in auto-commit mode; the Connection 'local transaction' will be committed and the Connection will be set into auto-commit mode.
24-Aug-2026 00:03:48.905 INFO [http-nio-8080-exec-5] org.hibernate.jpa.internal.util.LogHelper.logPersistenceUnitInformation HHH000204: Processing PersistenceUnitInfo [name: glycemiePU]
24-Aug-2026 00:03:49.024 WARN [http-nio-8080-exec-5] org.hibernate.engine.jdbc.connections.internal.DriverManagerConnectionProviderImpl.configure HHH10001002: Using built-in connection pool (not intended for production use)
24-Aug-2026 00:03:49.025 INFO [http-nio-8080-exec-5] org.hibernate.engine.jdbc.connections.internal.DriverManagerConnectionProviderImpl.buildCreator HHH10001005: Loaded JDBC driver class: com.mysql.cj.jdbc.Driver
24-Aug-2026 00:03:49.025 INFO [http-nio-8080-exec-5] org.hibernate.engine.jdbc.connections.internal.DriverManagerConnectionProviderImpl.buildCreator HHH10001012: Connecting with JDBC URL [jdbc:mysql://localhost:3306/suivi_glycemie_db?useSSL=false&serverTimezone=UTC]
24-Aug-2026 00:03:49.027 INFO [http-nio-8080-exec-5] org.hibernate.engine.jdbc.connections.internal.DriverManagerConnectionProviderImpl.buildCreator HHH10001001: Connection properties: {password=****, user=root}
24-Aug-2026 00:03:49.027 INFO [http-nio-8080-exec-5] org.hibernate.engine.jdbc.connections.internal.DriverManagerConnectionProviderImpl.buildCreator HHH10001003: Autocommit mode: false
24-Aug-2026 00:03:49.028 INFO [http-nio-8080-exec-5] org.hibernate.engine.jdbc.connections.internal.DriverManagerConnectionProviderImpl$PooledConnections.<init> HHH10001115: Connection pool size: 20 (min=1)
24-Aug-2026 00:03:49.041 WARN [http-nio-8080-exec-5] org.hibernate.dialect.Dialect.checkVersion HHH000511: The 5.6.17 version for [org.hibernate.dialect.MySQLDialect] is no longer supported, hence certain features may not work properly. The minimum supported version is 5.7.0. Check the community dialects project for available legacy versions.
24-Aug-2026 00:03:49.106 INFO [http-nio-8080-exec-5] org.hibernate.bytecode.internal.BytecodeProviderInitiator.buildBytecodeProvider HHH000021: Bytecode provider name : bytebuddy
24-Aug-2026 00:03:49.303 INFO [http-nio-8080-exec-5] org.hibernate.engine.transaction.jta.platform.internal.JtaPlatformInitiator.initiateService HHH000490: Using JtaPlatform implementation: [org.hibernate.engine.transaction.jta.platform.internal.NoJtaPlatform]
24-Aug-2026 00:03:49.307 INFO [http-nio-8080-exec-5] org.hibernate.resource.transaction.backend.jdbc.internal.DdlTransactionIsolatorNonJtaImpl.getIsolatedConnection HHH10001501: Connection obtained from JdbcConnectionAccess [org.hibernate.engine.jdbc.env.internal.JdbcEnvironmentInitiator$ConnectionProviderJdbcConnectionAccess@7012bb7] for (non-JTA) DDL execution was not in auto-commit mode; the Connection 'local transaction' will be committed and the Connection will be set into auto-commit mode.
24-Aug-2026 00:04:13.504 INFO [http-nio-8080-exec-7] org.hibernate.jpa.internal.util.LogHelper.logPersistenceUnitInformation HHH000204: Processing PersistenceUnitInfo [name: glycemiePU]
24-Aug-2026 00:04:13.652 WARN [http-nio-8080-exec-7] org.hibernate.engine.jdbc.connections.internal.DriverManagerConnectionProviderImpl.configure HHH10001002: Using built-in connection pool (not intended for production use)
24-Aug-2026 00:04:13.652 INFO [http-nio-8080-exec-7] org.hibernate.engine.jdbc.connections.internal.DriverManagerConnectionProviderImpl.buildCreator HHH10001005: Loaded JDBC driver class: com.mysql.cj.jdbc.Driver
24-Aug-2026 00:04:13.652 INFO [http-nio-8080-exec-7] org.hibernate.engine.jdbc.connections.internal.DriverManagerConnectionProviderImpl.buildCreator HHH10001012: Connecting with JDBC URL [jdbc:mysql://localhost:3306/suivi_glycemie_db?useSSL=false&serverTimezone=UTC]
24-Aug-2026 00:04:13.652 INFO [http-nio-8080-exec-7] org.hibernate.engine.jdbc.connections.internal.DriverManagerConnectionProviderImpl.buildCreator HHH10001001: Connection properties: {password=****, user=root}
24-Aug-2026 00:04:13.652 INFO [http-nio-8080-exec-7] org.hibernate.engine.jdbc.connections.internal.DriverManagerConnectionProviderImpl.buildCreator HHH10001003: Autocommit mode: false
24-Aug-2026 00:04:13.652 INFO [http-nio-8080-exec-7] org.hibernate.engine.jdbc.connections.internal.DriverManagerConnectionProviderImpl$PooledConnections.<init> HHH10001115: Connection pool size: 20 (min=1)
24-Aug-2026 00:04:13.668 WARN [http-nio-8080-exec-7] org.hibernate.dialect.Dialect.checkVersion HHH000511: The 5.6.17 version for [org.hibernate.dialect.MySQLDialect] is no longer supported, hence certain features may not work properly. The minimum supported version is 5.7.0. Check the community dialects project for available legacy versions.
24-Aug-2026 00:04:13.732 INFO [http-nio-8080-exec-7] org.hibernate.bytecode.internal.BytecodeProviderInitiator.buildBytecodeProvider HHH000021: Bytecode provider name : bytebuddy
24-Aug-2026 00:04:13.896 INFO [http-nio-8080-exec-7] org.hibernate.engine.transaction.jta.platform.internal.JtaPlatformInitiator.initiateService HHH000490: Using JtaPlatform implementation: [org.hibernate.engine.transaction.jta.platform.internal.NoJtaPlatform]
24-Aug-2026 00:04:13.897 INFO [http-nio-8080-exec-7] org.hibernate.resource.transaction.backend.jdbc.internal.DdlTransactionIsolatorNonJtaImpl.getIsolatedConnection HHH10001501: Connection obtained from JdbcConnectionAccess [org.hibernate.engine.jdbc.env.internal.JdbcEnvironmentInitiator$ConnectionProviderJdbcConnectionAccess@21901e57] for (non-JTA) DDL execution was not in auto-commit mode; the Connection 'local transaction' will be committed and the Connection will be set into auto-commit mode.
24-Aug-2026 00:04:36.724 INFO [http-nio-8080-exec-1] org.hibernate.jpa.internal.util.LogHelper.logPersistenceUnitInformation HHH000204: Processing PersistenceUnitInfo [name: glycemiePU]
24-Aug-2026 00:04:36.865 WARN [http-nio-8080-exec-1] org.hibernate.engine.jdbc.connections.internal.DriverManagerConnectionProviderImpl.configure HHH10001002: Using built-in connection pool (not intended for production use)
24-Aug-2026 00:04:36.866 INFO [http-nio-8080-exec-1] org.hibernate.engine.jdbc.connections.internal.DriverManagerConnectionProviderImpl.buildCreator HHH10001005: Loaded JDBC driver class: com.mysql.cj.jdbc.Driver
24-Aug-2026 00:04:36.867 INFO [http-nio-8080-exec-1] org.hibernate.engine.jdbc.connections.internal.DriverManagerConnectionProviderImpl.buildCreator HHH10001012: Connecting with JDBC URL [jdbc:mysql://localhost:3306/suivi_glycemie_db?useSSL=false&serverTimezone=UTC]
24-Aug-2026 00:04:36.867 INFO [http-nio-8080-exec-1] org.hibernate.engine.jdbc.connections.internal.DriverManagerConnectionProviderImpl.buildCreator HHH10001001: Connection properties: {password=****, user=root}
24-Aug-2026 00:04:36.867 INFO [http-nio-8080-exec-1] org.hibernate.engine.jdbc.connections.internal.DriverManagerConnectionProviderImpl.buildCreator HHH10001003: Autocommit mode: false
24-Aug-2026 00:04:36.868 INFO [http-nio-8080-exec-1] org.hibernate.engine.jdbc.connections.internal.DriverManagerConnectionProviderImpl$PooledConnections.<init> HHH10001115: Connection pool size: 20 (min=1)
24-Aug-2026 00:04:36.879 WARN [http-nio-8080-exec-1] org.hibernate.dialect.Dialect.checkVersion HHH000511: The 5.6.17 version for [org.hibernate.dialect.MySQLDialect] is no longer supported, hence certain features may not work properly. The minimum supported version is 5.7.0. Check the community dialects project for available legacy versions.
24-Aug-2026 00:04:36.926 INFO [http-nio-8080-exec-1] org.hibernate.bytecode.internal.BytecodeProviderInitiator.buildBytecodeProvider HHH000021: Bytecode provider name : bytebuddy
24-Aug-2026 00:04:37.111 INFO [http-nio-8080-exec-1] org.hibernate.engine.transaction.jta.platform.internal.JtaPlatformInitiator.initiateService HHH000490: Using JtaPlatform implementation: [org.hibernate.engine.transaction.jta.platform.internal.NoJtaPlatform]
24-Aug-2026 00:04:37.114 INFO [http-nio-8080-exec-1] org.hibernate.resource.transaction.backend.jdbc.internal.DdlTransactionIsolatorNonJtaImpl.getIsolatedConnection HHH10001501: Connection obtained from JdbcConnectionAccess [org.hibernate.engine.jdbc.env.internal.JdbcEnvironmentInitiator$ConnectionProviderJdbcConnectionAccess@14e9419d] for (non-JTA) DDL execution was not in auto-commit mode; the Connection 'local transaction' will be committed and the Connection will be set into auto-commit mode.
24-Aug-2026 00:20:13.686 INFOS [Thread-1] org.apache.coyote.AbstractProtocol.pause Le gestionnaire de protocole ["http-nio-8080"] est mis en pause
24-Aug-2026 00:20:13.712 INFOS [Thread-1] org.apache.catalina.core.StandardService.stopInternal Arrêt du service [Catalina]
24-Aug-2026 00:20:13.729 AVERTISSEMENT [Thread-1] org.apache.catalina.loader.WebappClassLoaderBase.clearReferencesJdbc L'application web [ROOT] a enregistré un pilote JDBC [com.mysql.cj.jdbc.Driver], mais ne l'a pas désenregistré avant l'arrêt de l'application.  Pour éviter une fuite de mémoire, le pilote JDBC a été désenregistré de force.
24-Aug-2026 00:20:13.730 AVERTISSEMENT [Thread-1] org.apache.catalina.loader.WebappClassLoaderBase.clearReferencesThreads L'application web [ROOT] semble avoir démarré un thread nommé [mysql-cj-abandoned-connection-cleanup] mais ne l'a pas arrêté, ce qui va probablement créer une fuite de mémoire ; la trace du thread est : 
 java.base/jdk.internal.misc.Unsafe.park(Native Method)
 java.base/java.util.concurrent.locks.LockSupport.parkNanos(LockSupport.java:269)
 java.base/java.util.concurrent.locks.AbstractQueuedSynchronizer$ConditionObject.await(AbstractQueuedSynchronizer.java:1886)
 java.base/java.lang.ref.ReferenceQueue.await(ReferenceQueue.java:71)
 java.base/java.lang.ref.ReferenceQueue.remove0(ReferenceQueue.java:143)
 java.base/java.lang.ref.ReferenceQueue.remove(ReferenceQueue.java:218)
 com.mysql.cj.jdbc.AbandonedConnectionCleanupThread.run(AbandonedConnectionCleanupThread.java:93)
 java.base/java.util.concurrent.ThreadPoolExecutor.runWorker(ThreadPoolExecutor.java:1144)
 java.base/java.util.concurrent.ThreadPoolExecutor$Worker.run(ThreadPoolExecutor.java:642)
 java.base/java.lang.Thread.run(Thread.java:1583)
24-Aug-2026 00:20:13.731 AVERTISSEMENT [Thread-1] org.apache.catalina.loader.WebappClassLoaderBase.clearReferencesThreads L'application web [ROOT] semble avoir démarré un thread nommé [Hibernate Connection Pool Validation Thread] mais ne l'a pas arrêté, ce qui va probablement créer une fuite de mémoire ; la trace du thread est : 
 java.base/jdk.internal.misc.Unsafe.park(Native Method)
 java.base/java.util.concurrent.locks.LockSupport.parkNanos(LockSupport.java:269)
 java.base/java.util.concurrent.locks.AbstractQueuedSynchronizer$ConditionObject.awaitNanos(AbstractQueuedSynchronizer.java:1797)
 java.base/java.util.concurrent.ScheduledThreadPoolExecutor$DelayedWorkQueue.take(ScheduledThreadPoolExecutor.java:1182)
 java.base/java.util.concurrent.ScheduledThreadPoolExecutor$DelayedWorkQueue.take(ScheduledThreadPoolExecutor.java:899)
 java.base/java.util.concurrent.ThreadPoolExecutor.getTask(ThreadPoolExecutor.java:1070)
 java.base/java.util.concurrent.ThreadPoolExecutor.runWorker(ThreadPoolExecutor.java:1130)
 java.base/java.util.concurrent.ThreadPoolExecutor$Worker.run(ThreadPoolExecutor.java:642)
 java.base/java.lang.Thread.run(Thread.java:1583)
24-Aug-2026 00:20:13.731 AVERTISSEMENT [Thread-1] org.apache.catalina.loader.WebappClassLoaderBase.clearReferencesThreads L'application web [ROOT] semble avoir démarré un thread nommé [Hibernate Connection Pool Validation Thread] mais ne l'a pas arrêté, ce qui va probablement créer une fuite de mémoire ; la trace du thread est : 
 java.base/jdk.internal.misc.Unsafe.park(Native Method)
 java.base/java.util.concurrent.locks.LockSupport.parkNanos(LockSupport.java:269)
 java.base/java.util.concurrent.locks.AbstractQueuedSynchronizer$ConditionObject.awaitNanos(AbstractQueuedSynchronizer.java:1797)
 java.base/java.util.concurrent.ScheduledThreadPoolExecutor$DelayedWorkQueue.take(ScheduledThreadPoolExecutor.java:1182)
 java.base/java.util.concurrent.ScheduledThreadPoolExecutor$DelayedWorkQueue.take(ScheduledThreadPoolExecutor.java:899)
 java.base/java.util.concurrent.ThreadPoolExecutor.getTask(ThreadPoolExecutor.java:1070)
 java.base/java.util.concurrent.ThreadPoolExecutor.runWorker(ThreadPoolExecutor.java:1130)
 java.base/java.util.concurrent.ThreadPoolExecutor$Worker.run(ThreadPoolExecutor.java:642)
 java.base/java.lang.Thread.run(Thread.java:1583)
24-Aug-2026 00:20:13.731 AVERTISSEMENT [Thread-1] org.apache.catalina.loader.WebappClassLoaderBase.clearReferencesThreads L'application web [ROOT] semble avoir démarré un thread nommé [Hibernate Connection Pool Validation Thread] mais ne l'a pas arrêté, ce qui va probablement créer une fuite de mémoire ; la trace du thread est : 
 java.base/jdk.internal.misc.Unsafe.park(Native Method)
 java.base/java.util.concurrent.locks.LockSupport.parkNanos(LockSupport.java:269)
 java.base/java.util.concurrent.locks.AbstractQueuedSynchronizer$ConditionObject.awaitNanos(AbstractQueuedSynchronizer.java:1797)
 java.base/java.util.concurrent.ScheduledThreadPoolExecutor$DelayedWorkQueue.take(ScheduledThreadPoolExecutor.java:1182)
 java.base/java.util.concurrent.ScheduledThreadPoolExecutor$DelayedWorkQueue.take(ScheduledThreadPoolExecutor.java:899)
 java.base/java.util.concurrent.ThreadPoolExecutor.getTask(ThreadPoolExecutor.java:1070)
 java.base/java.util.concurrent.ThreadPoolExecutor.runWorker(ThreadPoolExecutor.java:1130)
 java.base/java.util.concurrent.ThreadPoolExecutor$Worker.run(ThreadPoolExecutor.java:642)
 java.base/java.lang.Thread.run(Thread.java:1583)
24-Aug-2026 00:20:13.734 AVERTISSEMENT [Thread-1] org.apache.catalina.loader.WebappClassLoaderBase.clearReferencesThreads L'application web [ROOT] semble avoir démarré un thread nommé [Hibernate Connection Pool Validation Thread] mais ne l'a pas arrêté, ce qui va probablement créer une fuite de mémoire ; la trace du thread est : 
 java.base/jdk.internal.misc.Unsafe.park(Native Method)
 java.base/java.util.concurrent.locks.LockSupport.parkNanos(LockSupport.java:269)
 java.base/java.util.concurrent.locks.AbstractQueuedSynchronizer$ConditionObject.awaitNanos(AbstractQueuedSynchronizer.java:1797)
 java.base/java.util.concurrent.ScheduledThreadPoolExecutor$DelayedWorkQueue.take(ScheduledThreadPoolExecutor.java:1182)
 java.base/java.util.concurrent.ScheduledThreadPoolExecutor$DelayedWorkQueue.take(ScheduledThreadPoolExecutor.java:899)
 java.base/java.util.concurrent.ThreadPoolExecutor.getTask(ThreadPoolExecutor.java:1070)
 java.base/java.util.concurrent.ThreadPoolExecutor.runWorker(ThreadPoolExecutor.java:1130)
 java.base/java.util.concurrent.ThreadPoolExecutor$Worker.run(ThreadPoolExecutor.java:642)
 java.base/java.lang.Thread.run(Thread.java:1583)
24-Aug-2026 00:20:13.755 INFOS [Thread-1] org.apache.coyote.AbstractProtocol.stop Arrêt du gestionnaire de protocole ["http-nio-8080"]
24-Aug-2026 00:20:13.776 INFOS [Thread-1] org.apache.coyote.AbstractProtocol.destroy Destruction du gestionnaire de protocole ["http-nio-8080"]
24-Aug-2026 00:20:18.424 INFOS [main] org.apache.catalina.startup.VersionLoggerListener.log Nom version serveur :              Apache Tomcat/10.1.42
24-Aug-2026 00:20:18.436 INFOS [main] org.apache.catalina.startup.VersionLoggerListener.log Serveur compilé :                  Jun 5 2025 22:35:46 UTC
24-Aug-2026 00:20:18.437 INFOS [main] org.apache.catalina.startup.VersionLoggerListener.log Version du serveur :               10.1.42.0
24-Aug-2026 00:20:18.437 INFOS [main] org.apache.catalina.startup.VersionLoggerListener.log Nom de l'OS :                      Windows 11
24-Aug-2026 00:20:18.438 INFOS [main] org.apache.catalina.startup.VersionLoggerListener.log Version OS :                       10.0
24-Aug-2026 00:20:18.438 INFOS [main] org.apache.catalina.startup.VersionLoggerListener.log Architecture :                     amd64
24-Aug-2026 00:20:18.438 INFOS [main] org.apache.catalina.startup.VersionLoggerListener.log Java Home :                        C:\Users\HP\.jdks\jbrsdk_jcef-21.0.9
24-Aug-2026 00:20:18.438 INFOS [main] org.apache.catalina.startup.VersionLoggerListener.log Version JVM :                      21.0.9+1-b1038.75
24-Aug-2026 00:20:18.438 INFOS [main] org.apache.catalina.startup.VersionLoggerListener.log Fournisseur de la JVM :            JetBrains s.r.o.
24-Aug-2026 00:20:18.439 INFOS [main] org.apache.catalina.startup.VersionLoggerListener.log CATALINA_BASE :                    C:\Users\HP\Desktop\samasuker\.smarttomcat
24-Aug-2026 00:20:18.439 INFOS [main] org.apache.catalina.startup.VersionLoggerListener.log CATALINA_HOME :                    C:\Users\HP\Desktop\apache-tomcat-10.1.42
24-Aug-2026 00:20:18.474 INFOS [main] org.apache.catalina.startup.VersionLoggerListener.log Argument de la ligne de commande : --add-opens=java.base/java.lang=ALL-UNNAMED
24-Aug-2026 00:20:18.475 INFOS [main] org.apache.catalina.startup.VersionLoggerListener.log Argument de la ligne de commande : --add-opens=java.base/java.io=ALL-UNNAMED
24-Aug-2026 00:20:18.475 INFOS [main] org.apache.catalina.startup.VersionLoggerListener.log Argument de la ligne de commande : --add-opens=java.base/java.util=ALL-UNNAMED
24-Aug-2026 00:20:18.475 INFOS [main] org.apache.catalina.startup.VersionLoggerListener.log Argument de la ligne de commande : --add-opens=java.base/java.util.concurrent=ALL-UNNAMED
24-Aug-2026 00:20:18.475 INFOS [main] org.apache.catalina.startup.VersionLoggerListener.log Argument de la ligne de commande : --add-opens=java.rmi/sun.rmi.transport=ALL-UNNAMED
24-Aug-2026 00:20:18.477 INFOS [main] org.apache.catalina.startup.VersionLoggerListener.log Argument de la ligne de commande : -Dcatalina.home=C:\Users\HP\Desktop\apache-tomcat-10.1.42
24-Aug-2026 00:20:18.477 INFOS [main] org.apache.catalina.startup.VersionLoggerListener.log Argument de la ligne de commande : -Dcatalina.base=C:\Users\HP\Desktop\samasuker\.smarttomcat
24-Aug-2026 00:20:18.477 INFOS [main] org.apache.catalina.startup.VersionLoggerListener.log Argument de la ligne de commande : -Djava.io.tmpdir=C:\Users\HP\Desktop\samasuker\.smarttomcat\temp
24-Aug-2026 00:20:18.477 INFOS [main] org.apache.catalina.startup.VersionLoggerListener.log Argument de la ligne de commande : -Djava.util.logging.config.file=C:\Users\HP\Desktop\samasuker\.smarttomcat\conf\logging.properties
24-Aug-2026 00:20:18.478 INFOS [main] org.apache.catalina.startup.VersionLoggerListener.log Argument de la ligne de commande : -Djava.util.logging.manager=org.apache.juli.ClassLoaderLogManager
24-Aug-2026 00:20:18.478 INFOS [main] org.apache.catalina.startup.VersionLoggerListener.log Argument de la ligne de commande : -javaagent:C:\Program Files\JetBrains\IntelliJ IDEA 2025.2.2\lib\idea_rt.jar=51258
24-Aug-2026 00:20:18.478 INFOS [main] org.apache.catalina.startup.VersionLoggerListener.log Argument de la ligne de commande : -Dfile.encoding=UTF-8
24-Aug-2026 00:20:18.478 INFOS [main] org.apache.catalina.startup.VersionLoggerListener.log Argument de la ligne de commande : -Dsun.stdout.encoding=UTF-8
24-Aug-2026 00:20:18.478 INFOS [main] org.apache.catalina.startup.VersionLoggerListener.log Argument de la ligne de commande : -Dsun.stderr.encoding=UTF-8
24-Aug-2026 00:20:18.487 INFOS [main] org.apache.catalina.core.AprLifecycleListener.lifecycleEvent Chargement de la librairie Apache Tomcat Native [2.0.9] en utilisant APR version [1.7.6]
24-Aug-2026 00:20:18.502 INFOS [main] org.apache.catalina.core.AprLifecycleListener.initializeSSL OpenSSL a été initialisé avec succès [OpenSSL 3.5.0 8 Apr 2025]
24-Aug-2026 00:20:19.356 INFOS [main] org.apache.coyote.AbstractProtocol.init Initialisation du gestionnaire de protocole ["http-nio-8080"]
24-Aug-2026 00:20:19.434 INFOS [main] org.apache.catalina.startup.Catalina.load L'initialisation du serveur a pris [1847] millisecondes
24-Aug-2026 00:20:19.626 INFOS [main] org.apache.catalina.core.StandardService.startInternal Démarrage du service [Catalina]
24-Aug-2026 00:20:19.627 INFOS [main] org.apache.catalina.core.StandardEngine.startInternal Démarrage du moteur de Servlets : [Apache Tomcat/10.1.42]
24-Aug-2026 00:20:19.657 INFOS [main] org.apache.catalina.startup.HostConfig.deployDescriptor Déploiement du descripteur de configuration [C:\Users\HP\Desktop\samasuker\.smarttomcat\conf\Catalina\localhost\MDD.xml]
24-Aug-2026 00:20:27.125 INFOS [main] org.apache.jasper.servlet.TldScanner.scanJars Au moins un fichier JAR a été analysé pour trouver des TLDs mais il n'en contenait pas, le mode "debug" du journal peut être activé pour obtenir une liste complète de JAR scannés sans succès ; éviter d'analyser des JARs inutilement peut améliorer sensiblement le temps de démarrage et le temps de compilation des JSPs
24-Aug-2026 00:20:27.426 INFOS [main] org.apache.catalina.startup.HostConfig.deployDescriptor Le traitement du descripteur de déploiement [C:\Users\HP\Desktop\samasuker\.smarttomcat\conf\Catalina\localhost\MDD.xml] a pris [7 758] ms
24-Aug-2026 00:20:27.427 INFOS [main] org.apache.catalina.startup.HostConfig.deployDescriptor Déploiement du descripteur de configuration [C:\Users\HP\Desktop\samasuker\.smarttomcat\conf\Catalina\localhost\ROOT.xml]
24-Aug-2026 00:20:33.385 INFOS [main] org.apache.jasper.servlet.TldScanner.scanJars Au moins un fichier JAR a été analysé pour trouver des TLDs mais il n'en contenait pas, le mode "debug" du journal peut être activé pour obtenir une liste complète de JAR scannés sans succès ; éviter d'analyser des JARs inutilement peut améliorer sensiblement le temps de démarrage et le temps de compilation des JSPs
24-Aug-2026 00:20:33.489 INFOS [main] org.apache.catalina.startup.HostConfig.deployDescriptor Le traitement du descripteur de déploiement [C:\Users\HP\Desktop\samasuker\.smarttomcat\conf\Catalina\localhost\ROOT.xml] a pris [6 061] ms
24-Aug-2026 00:20:33.507 INFOS [main] org.apache.coyote.AbstractProtocol.start Démarrage du gestionnaire de protocole ["http-nio-8080"]
24-Aug-2026 00:20:33.596 INFOS [main] org.apache.catalina.startup.Catalina.start Le démarrage du serveur a pris [14158] millisecondes
24-Aug-2026 00:20:45.128 INFO [http-nio-8080-exec-5] org.hibernate.jpa.internal.util.LogHelper.logPersistenceUnitInformation HHH000204: Processing PersistenceUnitInfo [name: glycemiePU]
24-Aug-2026 00:20:45.656 INFO [http-nio-8080-exec-5] org.hibernate.Version.logVersion HHH000412: Hibernate ORM core version 6.2.7.Final
24-Aug-2026 00:20:45.670 INFO [http-nio-8080-exec-5] org.hibernate.cfg.Environment.<clinit> HHH000406: Using bytecode reflection optimizer
24-Aug-2026 00:20:47.513 WARN [http-nio-8080-exec-5] org.hibernate.engine.jdbc.connections.internal.DriverManagerConnectionProviderImpl.configure HHH10001002: Using built-in connection pool (not intended for production use)
24-Aug-2026 00:20:47.547 INFO [http-nio-8080-exec-5] org.hibernate.engine.jdbc.connections.internal.DriverManagerConnectionProviderImpl.buildCreator HHH10001005: Loaded JDBC driver class: com.mysql.cj.jdbc.Driver
24-Aug-2026 00:20:47.547 INFO [http-nio-8080-exec-5] org.hibernate.engine.jdbc.connections.internal.DriverManagerConnectionProviderImpl.buildCreator HHH10001012: Connecting with JDBC URL [jdbc:mysql://localhost:3306/suivi_glycemie_db?useSSL=false&serverTimezone=UTC]
24-Aug-2026 00:20:47.547 INFO [http-nio-8080-exec-5] org.hibernate.engine.jdbc.connections.internal.DriverManagerConnectionProviderImpl.buildCreator HHH10001001: Connection properties: {password=****, user=root}
24-Aug-2026 00:20:47.547 INFO [http-nio-8080-exec-5] org.hibernate.engine.jdbc.connections.internal.DriverManagerConnectionProviderImpl.buildCreator HHH10001003: Autocommit mode: false
24-Aug-2026 00:20:47.563 INFO [http-nio-8080-exec-5] org.hibernate.engine.jdbc.connections.internal.DriverManagerConnectionProviderImpl$PooledConnections.<init> HHH10001115: Connection pool size: 20 (min=1)
24-Aug-2026 00:20:48.840 WARN [http-nio-8080-exec-5] org.hibernate.dialect.Dialect.checkVersion HHH000511: The 5.6.17 version for [org.hibernate.dialect.MySQLDialect] is no longer supported, hence certain features may not work properly. The minimum supported version is 5.7.0. Check the community dialects project for available legacy versions.
24-Aug-2026 00:20:51.203 INFO [http-nio-8080-exec-5] org.hibernate.bytecode.internal.BytecodeProviderInitiator.buildBytecodeProvider HHH000021: Bytecode provider name : bytebuddy
24-Aug-2026 00:20:58.058 INFO [http-nio-8080-exec-5] org.hibernate.engine.transaction.jta.platform.internal.JtaPlatformInitiator.initiateService HHH000490: Using JtaPlatform implementation: [org.hibernate.engine.transaction.jta.platform.internal.NoJtaPlatform]
24-Aug-2026 00:20:58.282 INFO [http-nio-8080-exec-5] org.hibernate.resource.transaction.backend.jdbc.internal.DdlTransactionIsolatorNonJtaImpl.getIsolatedConnection HHH10001501: Connection obtained from JdbcConnectionAccess [org.hibernate.engine.jdbc.env.internal.JdbcEnvironmentInitiator$ConnectionProviderJdbcConnectionAccess@21981077] for (non-JTA) DDL execution was not in auto-commit mode; the Connection 'local transaction' will be committed and the Connection will be set into auto-commit mode.
24-Aug-2026 00:21:01.645 INFO [http-nio-8080-exec-9] org.hibernate.jpa.internal.util.LogHelper.logPersistenceUnitInformation HHH000204: Processing PersistenceUnitInfo [name: glycemiePU]
24-Aug-2026 00:21:01.782 WARN [http-nio-8080-exec-9] org.hibernate.engine.jdbc.connections.internal.DriverManagerConnectionProviderImpl.configure HHH10001002: Using built-in connection pool (not intended for production use)
24-Aug-2026 00:21:01.783 INFO [http-nio-8080-exec-9] org.hibernate.engine.jdbc.connections.internal.DriverManagerConnectionProviderImpl.buildCreator HHH10001005: Loaded JDBC driver class: com.mysql.cj.jdbc.Driver
24-Aug-2026 00:21:01.784 INFO [http-nio-8080-exec-9] org.hibernate.engine.jdbc.connections.internal.DriverManagerConnectionProviderImpl.buildCreator HHH10001012: Connecting with JDBC URL [jdbc:mysql://localhost:3306/suivi_glycemie_db?useSSL=false&serverTimezone=UTC]
24-Aug-2026 00:21:01.784 INFO [http-nio-8080-exec-9] org.hibernate.engine.jdbc.connections.internal.DriverManagerConnectionProviderImpl.buildCreator HHH10001001: Connection properties: {password=****, user=root}
24-Aug-2026 00:21:01.785 INFO [http-nio-8080-exec-9] org.hibernate.engine.jdbc.connections.internal.DriverManagerConnectionProviderImpl.buildCreator HHH10001003: Autocommit mode: false
24-Aug-2026 00:21:01.785 INFO [http-nio-8080-exec-9] org.hibernate.engine.jdbc.connections.internal.DriverManagerConnectionProviderImpl$PooledConnections.<init> HHH10001115: Connection pool size: 20 (min=1)
24-Aug-2026 00:21:01.801 WARN [http-nio-8080-exec-9] org.hibernate.dialect.Dialect.checkVersion HHH000511: The 5.6.17 version for [org.hibernate.dialect.MySQLDialect] is no longer supported, hence certain features may not work properly. The minimum supported version is 5.7.0. Check the community dialects project for available legacy versions.
24-Aug-2026 00:21:01.874 INFO [http-nio-8080-exec-9] org.hibernate.bytecode.internal.BytecodeProviderInitiator.buildBytecodeProvider HHH000021: Bytecode provider name : bytebuddy
24-Aug-2026 00:21:02.094 INFO [http-nio-8080-exec-9] org.hibernate.engine.transaction.jta.platform.internal.JtaPlatformInitiator.initiateService HHH000490: Using JtaPlatform implementation: [org.hibernate.engine.transaction.jta.platform.internal.NoJtaPlatform]
24-Aug-2026 00:21:02.096 INFO [http-nio-8080-exec-9] org.hibernate.resource.transaction.backend.jdbc.internal.DdlTransactionIsolatorNonJtaImpl.getIsolatedConnection HHH10001501: Connection obtained from JdbcConnectionAccess [org.hibernate.engine.jdbc.env.internal.JdbcEnvironmentInitiator$ConnectionProviderJdbcConnectionAccess@70515628] for (non-JTA) DDL execution was not in auto-commit mode; the Connection 'local transaction' will be committed and the Connection will be set into auto-commit mode.
24-Aug-2026 00:21:30.597 INFO [http-nio-8080-exec-3] org.hibernate.jpa.internal.util.LogHelper.logPersistenceUnitInformation HHH000204: Processing PersistenceUnitInfo [name: glycemiePU]
24-Aug-2026 00:21:30.740 WARN [http-nio-8080-exec-3] org.hibernate.engine.jdbc.connections.internal.DriverManagerConnectionProviderImpl.configure HHH10001002: Using built-in connection pool (not intended for production use)
24-Aug-2026 00:21:30.742 INFO [http-nio-8080-exec-3] org.hibernate.engine.jdbc.connections.internal.DriverManagerConnectionProviderImpl.buildCreator HHH10001005: Loaded JDBC driver class: com.mysql.cj.jdbc.Driver
24-Aug-2026 00:21:30.742 INFO [http-nio-8080-exec-3] org.hibernate.engine.jdbc.connections.internal.DriverManagerConnectionProviderImpl.buildCreator HHH10001012: Connecting with JDBC URL [jdbc:mysql://localhost:3306/suivi_glycemie_db?useSSL=false&serverTimezone=UTC]
24-Aug-2026 00:21:30.742 INFO [http-nio-8080-exec-3] org.hibernate.engine.jdbc.connections.internal.DriverManagerConnectionProviderImpl.buildCreator HHH10001001: Connection properties: {password=****, user=root}
24-Aug-2026 00:21:30.744 INFO [http-nio-8080-exec-3] org.hibernate.engine.jdbc.connections.internal.DriverManagerConnectionProviderImpl.buildCreator HHH10001003: Autocommit mode: false
24-Aug-2026 00:21:30.744 INFO [http-nio-8080-exec-3] org.hibernate.engine.jdbc.connections.internal.DriverManagerConnectionProviderImpl$PooledConnections.<init> HHH10001115: Connection pool size: 20 (min=1)
24-Aug-2026 00:21:30.758 WARN [http-nio-8080-exec-3] org.hibernate.dialect.Dialect.checkVersion HHH000511: The 5.6.17 version for [org.hibernate.dialect.MySQLDialect] is no longer supported, hence certain features may not work properly. The minimum supported version is 5.7.0. Check the community dialects project for available legacy versions.
24-Aug-2026 00:21:30.833 INFO [http-nio-8080-exec-3] org.hibernate.bytecode.internal.BytecodeProviderInitiator.buildBytecodeProvider HHH000021: Bytecode provider name : bytebuddy
24-Aug-2026 00:21:31.040 INFO [http-nio-8080-exec-3] org.hibernate.engine.transaction.jta.platform.internal.JtaPlatformInitiator.initiateService HHH000490: Using JtaPlatform implementation: [org.hibernate.engine.transaction.jta.platform.internal.NoJtaPlatform]
24-Aug-2026 00:21:31.042 INFO [http-nio-8080-exec-3] org.hibernate.resource.transaction.backend.jdbc.internal.DdlTransactionIsolatorNonJtaImpl.getIsolatedConnection HHH10001501: Connection obtained from JdbcConnectionAccess [org.hibernate.engine.jdbc.env.internal.JdbcEnvironmentInitiator$ConnectionProviderJdbcConnectionAccess@3f1098f1] for (non-JTA) DDL execution was not in auto-commit mode; the Connection 'local transaction' will be committed and the Connection will be set into auto-commit mode.
24-Aug-2026 00:23:42.923 INFOS [Thread-1] org.apache.coyote.AbstractProtocol.pause Le gestionnaire de protocole ["http-nio-8080"] est mis en pause
24-Aug-2026 00:23:42.953 INFOS [Thread-1] org.apache.catalina.core.StandardService.stopInternal Arrêt du service [Catalina]
24-Aug-2026 00:23:42.971 AVERTISSEMENT [Thread-1] org.apache.catalina.loader.WebappClassLoaderBase.clearReferencesJdbc L'application web [ROOT] a enregistré un pilote JDBC [com.mysql.cj.jdbc.Driver], mais ne l'a pas désenregistré avant l'arrêt de l'application.  Pour éviter une fuite de mémoire, le pilote JDBC a été désenregistré de force.
24-Aug-2026 00:23:42.972 AVERTISSEMENT [Thread-1] org.apache.catalina.loader.WebappClassLoaderBase.clearReferencesThreads L'application web [ROOT] semble avoir démarré un thread nommé [mysql-cj-abandoned-connection-cleanup] mais ne l'a pas arrêté, ce qui va probablement créer une fuite de mémoire ; la trace du thread est : 
 java.base/jdk.internal.misc.Unsafe.park(Native Method)
 java.base/java.util.concurrent.locks.LockSupport.parkNanos(LockSupport.java:269)
 java.base/java.util.concurrent.locks.AbstractQueuedSynchronizer$ConditionObject.await(AbstractQueuedSynchronizer.java:1886)
 java.base/java.lang.ref.ReferenceQueue.await(ReferenceQueue.java:71)
 java.base/java.lang.ref.ReferenceQueue.remove0(ReferenceQueue.java:143)
 java.base/java.lang.ref.ReferenceQueue.remove(ReferenceQueue.java:218)
 com.mysql.cj.jdbc.AbandonedConnectionCleanupThread.run(AbandonedConnectionCleanupThread.java:93)
 java.base/java.util.concurrent.ThreadPoolExecutor.runWorker(ThreadPoolExecutor.java:1144)
 java.base/java.util.concurrent.ThreadPoolExecutor$Worker.run(ThreadPoolExecutor.java:642)
 java.base/java.lang.Thread.run(Thread.java:1583)
24-Aug-2026 00:23:42.973 AVERTISSEMENT [Thread-1] org.apache.catalina.loader.WebappClassLoaderBase.clearReferencesThreads L'application web [ROOT] semble avoir démarré un thread nommé [Hibernate Connection Pool Validation Thread] mais ne l'a pas arrêté, ce qui va probablement créer une fuite de mémoire ; la trace du thread est : 
 java.base/jdk.internal.misc.Unsafe.park(Native Method)
 java.base/java.util.concurrent.locks.LockSupport.parkNanos(LockSupport.java:269)
 java.base/java.util.concurrent.locks.AbstractQueuedSynchronizer$ConditionObject.awaitNanos(AbstractQueuedSynchronizer.java:1797)
 java.base/java.util.concurrent.ScheduledThreadPoolExecutor$DelayedWorkQueue.take(ScheduledThreadPoolExecutor.java:1182)
 java.base/java.util.concurrent.ScheduledThreadPoolExecutor$DelayedWorkQueue.take(ScheduledThreadPoolExecutor.java:899)
 java.base/java.util.concurrent.ThreadPoolExecutor.getTask(ThreadPoolExecutor.java:1070)
 java.base/java.util.concurrent.ThreadPoolExecutor.runWorker(ThreadPoolExecutor.java:1130)
 java.base/java.util.concurrent.ThreadPoolExecutor$Worker.run(ThreadPoolExecutor.java:642)
 java.base/java.lang.Thread.run(Thread.java:1583)
24-Aug-2026 00:23:42.973 AVERTISSEMENT [Thread-1] org.apache.catalina.loader.WebappClassLoaderBase.clearReferencesThreads L'application web [ROOT] semble avoir démarré un thread nommé [Hibernate Connection Pool Validation Thread] mais ne l'a pas arrêté, ce qui va probablement créer une fuite de mémoire ; la trace du thread est : 
 java.base/jdk.internal.misc.Unsafe.park(Native Method)
 java.base/java.util.concurrent.locks.LockSupport.parkNanos(LockSupport.java:269)
 java.base/java.util.concurrent.locks.AbstractQueuedSynchronizer$ConditionObject.awaitNanos(AbstractQueuedSynchronizer.java:1797)
 java.base/java.util.concurrent.ScheduledThreadPoolExecutor$DelayedWorkQueue.take(ScheduledThreadPoolExecutor.java:1182)
 java.base/java.util.concurrent.ScheduledThreadPoolExecutor$DelayedWorkQueue.take(ScheduledThreadPoolExecutor.java:899)
 java.base/java.util.concurrent.ThreadPoolExecutor.getTask(ThreadPoolExecutor.java:1070)
 java.base/java.util.concurrent.ThreadPoolExecutor.runWorker(ThreadPoolExecutor.java:1130)
 java.base/java.util.concurrent.ThreadPoolExecutor$Worker.run(ThreadPoolExecutor.java:642)
 java.base/java.lang.Thread.run(Thread.java:1583)
24-Aug-2026 00:23:42.974 AVERTISSEMENT [Thread-1] org.apache.catalina.loader.WebappClassLoaderBase.clearReferencesThreads L'application web [ROOT] semble avoir démarré un thread nommé [Hibernate Connection Pool Validation Thread] mais ne l'a pas arrêté, ce qui va probablement créer une fuite de mémoire ; la trace du thread est : 
 java.base/jdk.internal.misc.Unsafe.park(Native Method)
 java.base/java.util.concurrent.locks.LockSupport.parkNanos(LockSupport.java:269)
 java.base/java.util.concurrent.locks.AbstractQueuedSynchronizer$ConditionObject.awaitNanos(AbstractQueuedSynchronizer.java:1797)
 java.base/java.util.concurrent.ScheduledThreadPoolExecutor$DelayedWorkQueue.take(ScheduledThreadPoolExecutor.java:1182)
 java.base/java.util.concurrent.ScheduledThreadPoolExecutor$DelayedWorkQueue.take(ScheduledThreadPoolExecutor.java:899)
 java.base/java.util.concurrent.ThreadPoolExecutor.getTask(ThreadPoolExecutor.java:1070)
 java.base/java.util.concurrent.ThreadPoolExecutor.runWorker(ThreadPoolExecutor.java:1130)
 java.base/java.util.concurrent.ThreadPoolExecutor$Worker.run(ThreadPoolExecutor.java:642)
 java.base/java.lang.Thread.run(Thread.java:1583)
24-Aug-2026 00:23:42.997 INFOS [Thread-1] org.apache.coyote.AbstractProtocol.stop Arrêt du gestionnaire de protocole ["http-nio-8080"]
24-Aug-2026 00:23:43.017 INFOS [Thread-1] org.apache.coyote.AbstractProtocol.destroy Destruction du gestionnaire de protocole ["http-nio-8080"]
24-Aug-2026 00:23:49.944 INFOS [main] org.apache.catalina.startup.VersionLoggerListener.log Nom version serveur :              Apache Tomcat/10.1.42
24-Aug-2026 00:23:49.953 INFOS [main] org.apache.catalina.startup.VersionLoggerListener.log Serveur compilé :                  Jun 5 2025 22:35:46 UTC
24-Aug-2026 00:23:49.953 INFOS [main] org.apache.catalina.startup.VersionLoggerListener.log Version du serveur :               10.1.42.0
24-Aug-2026 00:23:49.953 INFOS [main] org.apache.catalina.startup.VersionLoggerListener.log Nom de l'OS :                      Windows 11
24-Aug-2026 00:23:49.953 INFOS [main] org.apache.catalina.startup.VersionLoggerListener.log Version OS :                       10.0
24-Aug-2026 00:23:49.954 INFOS [main] org.apache.catalina.startup.VersionLoggerListener.log Architecture :                     amd64
24-Aug-2026 00:23:49.954 INFOS [main] org.apache.catalina.startup.VersionLoggerListener.log Java Home :                        C:\Users\HP\.jdks\jbrsdk_jcef-21.0.9
24-Aug-2026 00:23:49.954 INFOS [main] org.apache.catalina.startup.VersionLoggerListener.log Version JVM :                      21.0.9+1-b1038.75
24-Aug-2026 00:23:49.955 INFOS [main] org.apache.catalina.startup.VersionLoggerListener.log Fournisseur de la JVM :            JetBrains s.r.o.
24-Aug-2026 00:23:49.955 INFOS [main] org.apache.catalina.startup.VersionLoggerListener.log CATALINA_BASE :                    C:\Users\HP\Desktop\samasuker\.smarttomcat
24-Aug-2026 00:23:49.955 INFOS [main] org.apache.catalina.startup.VersionLoggerListener.log CATALINA_HOME :                    C:\Users\HP\Desktop\apache-tomcat-10.1.42
24-Aug-2026 00:23:49.980 INFOS [main] org.apache.catalina.startup.VersionLoggerListener.log Argument de la ligne de commande : --add-opens=java.base/java.lang=ALL-UNNAMED
24-Aug-2026 00:23:49.980 INFOS [main] org.apache.catalina.startup.VersionLoggerListener.log Argument de la ligne de commande : --add-opens=java.base/java.io=ALL-UNNAMED
24-Aug-2026 00:23:49.980 INFOS [main] org.apache.catalina.startup.VersionLoggerListener.log Argument de la ligne de commande : --add-opens=java.base/java.util=ALL-UNNAMED
24-Aug-2026 00:23:49.981 INFOS [main] org.apache.catalina.startup.VersionLoggerListener.log Argument de la ligne de commande : --add-opens=java.base/java.util.concurrent=ALL-UNNAMED
24-Aug-2026 00:23:49.981 INFOS [main] org.apache.catalina.startup.VersionLoggerListener.log Argument de la ligne de commande : --add-opens=java.rmi/sun.rmi.transport=ALL-UNNAMED
24-Aug-2026 00:23:49.981 INFOS [main] org.apache.catalina.startup.VersionLoggerListener.log Argument de la ligne de commande : -Dcatalina.home=C:\Users\HP\Desktop\apache-tomcat-10.1.42
24-Aug-2026 00:23:49.981 INFOS [main] org.apache.catalina.startup.VersionLoggerListener.log Argument de la ligne de commande : -Dcatalina.base=C:\Users\HP\Desktop\samasuker\.smarttomcat
24-Aug-2026 00:23:49.981 INFOS [main] org.apache.catalina.startup.VersionLoggerListener.log Argument de la ligne de commande : -Djava.io.tmpdir=C:\Users\HP\Desktop\samasuker\.smarttomcat\temp
24-Aug-2026 00:23:49.981 INFOS [main] org.apache.catalina.startup.VersionLoggerListener.log Argument de la ligne de commande : -Djava.util.logging.config.file=C:\Users\HP\Desktop\samasuker\.smarttomcat\conf\logging.properties
24-Aug-2026 00:23:49.981 INFOS [main] org.apache.catalina.startup.VersionLoggerListener.log Argument de la ligne de commande : -Djava.util.logging.manager=org.apache.juli.ClassLoaderLogManager
24-Aug-2026 00:23:49.982 INFOS [main] org.apache.catalina.startup.VersionLoggerListener.log Argument de la ligne de commande : -javaagent:C:\Program Files\JetBrains\IntelliJ IDEA 2025.2.2\lib\idea_rt.jar=58661
24-Aug-2026 00:23:49.982 INFOS [main] org.apache.catalina.startup.VersionLoggerListener.log Argument de la ligne de commande : -Dfile.encoding=UTF-8
24-Aug-2026 00:23:49.982 INFOS [main] org.apache.catalina.startup.VersionLoggerListener.log Argument de la ligne de commande : -Dsun.stdout.encoding=UTF-8
24-Aug-2026 00:23:49.982 INFOS [main] org.apache.catalina.startup.VersionLoggerListener.log Argument de la ligne de commande : -Dsun.stderr.encoding=UTF-8
24-Aug-2026 00:23:49.990 INFOS [main] org.apache.catalina.core.AprLifecycleListener.lifecycleEvent Chargement de la librairie Apache Tomcat Native [2.0.9] en utilisant APR version [1.7.6]
24-Aug-2026 00:23:50.001 INFOS [main] org.apache.catalina.core.AprLifecycleListener.initializeSSL OpenSSL a été initialisé avec succès [OpenSSL 3.5.0 8 Apr 2025]
24-Aug-2026 00:23:50.646 INFOS [main] org.apache.coyote.AbstractProtocol.init Initialisation du gestionnaire de protocole ["http-nio-8080"]
24-Aug-2026 00:23:50.681 INFOS [main] org.apache.catalina.startup.Catalina.load L'initialisation du serveur a pris [1391] millisecondes
24-Aug-2026 00:23:50.779 INFOS [main] org.apache.catalina.core.StandardService.startInternal Démarrage du service [Catalina]
24-Aug-2026 00:23:50.779 INFOS [main] org.apache.catalina.core.StandardEngine.startInternal Démarrage du moteur de Servlets : [Apache Tomcat/10.1.42]
24-Aug-2026 00:23:50.800 INFOS [main] org.apache.catalina.startup.HostConfig.deployDescriptor Déploiement du descripteur de configuration [C:\Users\HP\Desktop\samasuker\.smarttomcat\conf\Catalina\localhost\MDD.xml]
24-Aug-2026 00:23:57.401 INFOS [main] org.apache.jasper.servlet.TldScanner.scanJars Au moins un fichier JAR a été analysé pour trouver des TLDs mais il n'en contenait pas, le mode "debug" du journal peut être activé pour obtenir une liste complète de JAR scannés sans succès ; éviter d'analyser des JARs inutilement peut améliorer sensiblement le temps de démarrage et le temps de compilation des JSPs
24-Aug-2026 00:23:57.627 INFOS [main] org.apache.catalina.startup.HostConfig.deployDescriptor Le traitement du descripteur de déploiement [C:\Users\HP\Desktop\samasuker\.smarttomcat\conf\Catalina\localhost\MDD.xml] a pris [6 818] ms
24-Aug-2026 00:23:57.629 INFOS [main] org.apache.catalina.startup.HostConfig.deployDescriptor Déploiement du descripteur de configuration [C:\Users\HP\Desktop\samasuker\.smarttomcat\conf\Catalina\localhost\ROOT.xml]
24-Aug-2026 00:24:02.825 INFOS [main] org.apache.jasper.servlet.TldScanner.scanJars Au moins un fichier JAR a été analysé pour trouver des TLDs mais il n'en contenait pas, le mode "debug" du journal peut être activé pour obtenir une liste complète de JAR scannés sans succès ; éviter d'analyser des JARs inutilement peut améliorer sensiblement le temps de démarrage et le temps de compilation des JSPs
24-Aug-2026 00:24:02.931 INFOS [main] org.apache.catalina.startup.HostConfig.deployDescriptor Le traitement du descripteur de déploiement [C:\Users\HP\Desktop\samasuker\.smarttomcat\conf\Catalina\localhost\ROOT.xml] a pris [5 303] ms
24-Aug-2026 00:24:02.949 INFOS [main] org.apache.coyote.AbstractProtocol.start Démarrage du gestionnaire de protocole ["http-nio-8080"]
24-Aug-2026 00:24:03.019 INFOS [main] org.apache.catalina.startup.Catalina.start Le démarrage du serveur a pris [12336] millisecondes
24-Aug-2026 00:24:45.193 INFO [http-nio-8080-exec-5] org.hibernate.jpa.internal.util.LogHelper.logPersistenceUnitInformation HHH000204: Processing PersistenceUnitInfo [name: glycemiePU]
24-Aug-2026 00:24:45.754 INFO [http-nio-8080-exec-5] org.hibernate.Version.logVersion HHH000412: Hibernate ORM core version 6.2.7.Final
24-Aug-2026 00:24:45.768 INFO [http-nio-8080-exec-5] org.hibernate.cfg.Environment.<clinit> HHH000406: Using bytecode reflection optimizer
24-Aug-2026 00:24:47.632 WARN [http-nio-8080-exec-5] org.hibernate.engine.jdbc.connections.internal.DriverManagerConnectionProviderImpl.configure HHH10001002: Using built-in connection pool (not intended for production use)
24-Aug-2026 00:24:47.664 INFO [http-nio-8080-exec-5] org.hibernate.engine.jdbc.connections.internal.DriverManagerConnectionProviderImpl.buildCreator HHH10001005: Loaded JDBC driver class: com.mysql.cj.jdbc.Driver
24-Aug-2026 00:24:47.665 INFO [http-nio-8080-exec-5] org.hibernate.engine.jdbc.connections.internal.DriverManagerConnectionProviderImpl.buildCreator HHH10001012: Connecting with JDBC URL [jdbc:mysql://localhost:3306/suivi_glycemie_db?useSSL=false&serverTimezone=UTC]
24-Aug-2026 00:24:47.667 INFO [http-nio-8080-exec-5] org.hibernate.engine.jdbc.connections.internal.DriverManagerConnectionProviderImpl.buildCreator HHH10001001: Connection properties: {password=****, user=root}
24-Aug-2026 00:24:47.667 INFO [http-nio-8080-exec-5] org.hibernate.engine.jdbc.connections.internal.DriverManagerConnectionProviderImpl.buildCreator HHH10001003: Autocommit mode: false
24-Aug-2026 00:24:47.692 INFO [http-nio-8080-exec-5] org.hibernate.engine.jdbc.connections.internal.DriverManagerConnectionProviderImpl$PooledConnections.<init> HHH10001115: Connection pool size: 20 (min=1)
24-Aug-2026 00:24:49.020 WARN [http-nio-8080-exec-5] org.hibernate.dialect.Dialect.checkVersion HHH000511: The 5.6.17 version for [org.hibernate.dialect.MySQLDialect] is no longer supported, hence certain features may not work properly. The minimum supported version is 5.7.0. Check the community dialects project for available legacy versions.
24-Aug-2026 00:24:51.417 INFO [http-nio-8080-exec-5] org.hibernate.bytecode.internal.BytecodeProviderInitiator.buildBytecodeProvider HHH000021: Bytecode provider name : bytebuddy
24-Aug-2026 00:24:58.989 INFO [http-nio-8080-exec-5] org.hibernate.engine.transaction.jta.platform.internal.JtaPlatformInitiator.initiateService HHH000490: Using JtaPlatform implementation: [org.hibernate.engine.transaction.jta.platform.internal.NoJtaPlatform]
24-Aug-2026 00:24:59.203 INFO [http-nio-8080-exec-5] org.hibernate.resource.transaction.backend.jdbc.internal.DdlTransactionIsolatorNonJtaImpl.getIsolatedConnection HHH10001501: Connection obtained from JdbcConnectionAccess [org.hibernate.engine.jdbc.env.internal.JdbcEnvironmentInitiator$ConnectionProviderJdbcConnectionAccess@29a5ddbf] for (non-JTA) DDL execution was not in auto-commit mode; the Connection 'local transaction' will be committed and the Connection will be set into auto-commit mode.
24-Aug-2026 00:25:02.646 INFO [http-nio-8080-exec-6] org.hibernate.jpa.internal.util.LogHelper.logPersistenceUnitInformation HHH000204: Processing PersistenceUnitInfo [name: glycemiePU]
24-Aug-2026 00:25:02.813 WARN [http-nio-8080-exec-6] org.hibernate.engine.jdbc.connections.internal.DriverManagerConnectionProviderImpl.configure HHH10001002: Using built-in connection pool (not intended for production use)
24-Aug-2026 00:25:02.814 INFO [http-nio-8080-exec-6] org.hibernate.engine.jdbc.connections.internal.DriverManagerConnectionProviderImpl.buildCreator HHH10001005: Loaded JDBC driver class: com.mysql.cj.jdbc.Driver
24-Aug-2026 00:25:02.815 INFO [http-nio-8080-exec-6] org.hibernate.engine.jdbc.connections.internal.DriverManagerConnectionProviderImpl.buildCreator HHH10001012: Connecting with JDBC URL [jdbc:mysql://localhost:3306/suivi_glycemie_db?useSSL=false&serverTimezone=UTC]
24-Aug-2026 00:25:02.816 INFO [http-nio-8080-exec-6] org.hibernate.engine.jdbc.connections.internal.DriverManagerConnectionProviderImpl.buildCreator HHH10001001: Connection properties: {password=****, user=root}
24-Aug-2026 00:25:02.816 INFO [http-nio-8080-exec-6] org.hibernate.engine.jdbc.connections.internal.DriverManagerConnectionProviderImpl.buildCreator HHH10001003: Autocommit mode: false
24-Aug-2026 00:25:02.816 INFO [http-nio-8080-exec-6] org.hibernate.engine.jdbc.connections.internal.DriverManagerConnectionProviderImpl$PooledConnections.<init> HHH10001115: Connection pool size: 20 (min=1)
24-Aug-2026 00:25:02.833 WARN [http-nio-8080-exec-6] org.hibernate.dialect.Dialect.checkVersion HHH000511: The 5.6.17 version for [org.hibernate.dialect.MySQLDialect] is no longer supported, hence certain features may not work properly. The minimum supported version is 5.7.0. Check the community dialects project for available legacy versions.
24-Aug-2026 00:25:02.899 INFO [http-nio-8080-exec-6] org.hibernate.bytecode.internal.BytecodeProviderInitiator.buildBytecodeProvider HHH000021: Bytecode provider name : bytebuddy
24-Aug-2026 00:25:03.114 INFO [http-nio-8080-exec-6] org.hibernate.engine.transaction.jta.platform.internal.JtaPlatformInitiator.initiateService HHH000490: Using JtaPlatform implementation: [org.hibernate.engine.transaction.jta.platform.internal.NoJtaPlatform]
24-Aug-2026 00:25:03.117 INFO [http-nio-8080-exec-6] org.hibernate.resource.transaction.backend.jdbc.internal.DdlTransactionIsolatorNonJtaImpl.getIsolatedConnection HHH10001501: Connection obtained from JdbcConnectionAccess [org.hibernate.engine.jdbc.env.internal.JdbcEnvironmentInitiator$ConnectionProviderJdbcConnectionAccess@7012bb7] for (non-JTA) DDL execution was not in auto-commit mode; the Connection 'local transaction' will be committed and the Connection will be set into auto-commit mode.
24-Aug-2026 00:25:31.465 INFO [http-nio-8080-exec-9] org.hibernate.jpa.internal.util.LogHelper.logPersistenceUnitInformation HHH000204: Processing PersistenceUnitInfo [name: glycemiePU]
24-Aug-2026 00:25:31.591 WARN [http-nio-8080-exec-9] org.hibernate.engine.jdbc.connections.internal.DriverManagerConnectionProviderImpl.configure HHH10001002: Using built-in connection pool (not intended for production use)
24-Aug-2026 00:25:31.591 INFO [http-nio-8080-exec-9] org.hibernate.engine.jdbc.connections.internal.DriverManagerConnectionProviderImpl.buildCreator HHH10001005: Loaded JDBC driver class: com.mysql.cj.jdbc.Driver
24-Aug-2026 00:25:31.591 INFO [http-nio-8080-exec-9] org.hibernate.engine.jdbc.connections.internal.DriverManagerConnectionProviderImpl.buildCreator HHH10001012: Connecting with JDBC URL [jdbc:mysql://localhost:3306/suivi_glycemie_db?useSSL=false&serverTimezone=UTC]
24-Aug-2026 00:25:31.591 INFO [http-nio-8080-exec-9] org.hibernate.engine.jdbc.connections.internal.DriverManagerConnectionProviderImpl.buildCreator HHH10001001: Connection properties: {password=****, user=root}
24-Aug-2026 00:25:31.595 INFO [http-nio-8080-exec-9] org.hibernate.engine.jdbc.connections.internal.DriverManagerConnectionProviderImpl.buildCreator HHH10001003: Autocommit mode: false
24-Aug-2026 00:25:31.595 INFO [http-nio-8080-exec-9] org.hibernate.engine.jdbc.connections.internal.DriverManagerConnectionProviderImpl$PooledConnections.<init> HHH10001115: Connection pool size: 20 (min=1)
24-Aug-2026 00:25:31.609 WARN [http-nio-8080-exec-9] org.hibernate.dialect.Dialect.checkVersion HHH000511: The 5.6.17 version for [org.hibernate.dialect.MySQLDialect] is no longer supported, hence certain features may not work properly. The minimum supported version is 5.7.0. Check the community dialects project for available legacy versions.
24-Aug-2026 00:25:31.665 INFO [http-nio-8080-exec-9] org.hibernate.bytecode.internal.BytecodeProviderInitiator.buildBytecodeProvider HHH000021: Bytecode provider name : bytebuddy
24-Aug-2026 00:25:31.842 INFO [http-nio-8080-exec-9] org.hibernate.engine.transaction.jta.platform.internal.JtaPlatformInitiator.initiateService HHH000490: Using JtaPlatform implementation: [org.hibernate.engine.transaction.jta.platform.internal.NoJtaPlatform]
24-Aug-2026 00:25:31.842 INFO [http-nio-8080-exec-9] org.hibernate.resource.transaction.backend.jdbc.internal.DdlTransactionIsolatorNonJtaImpl.getIsolatedConnection HHH10001501: Connection obtained from JdbcConnectionAccess [org.hibernate.engine.jdbc.env.internal.JdbcEnvironmentInitiator$ConnectionProviderJdbcConnectionAccess@12a40ae4] for (non-JTA) DDL execution was not in auto-commit mode; the Connection 'local transaction' will be committed and the Connection will be set into auto-commit mode.
24-Aug-2026 00:31:22.259 INFOS [Thread-1] org.apache.coyote.AbstractProtocol.pause Le gestionnaire de protocole ["http-nio-8080"] est mis en pause
24-Aug-2026 00:31:22.293 INFOS [Thread-1] org.apache.catalina.core.StandardService.stopInternal Arrêt du service [Catalina]
24-Aug-2026 00:31:22.313 AVERTISSEMENT [Thread-1] org.apache.catalina.loader.WebappClassLoaderBase.clearReferencesJdbc L'application web [ROOT] a enregistré un pilote JDBC [com.mysql.cj.jdbc.Driver], mais ne l'a pas désenregistré avant l'arrêt de l'application.  Pour éviter une fuite de mémoire, le pilote JDBC a été désenregistré de force.
24-Aug-2026 00:31:22.315 AVERTISSEMENT [Thread-1] org.apache.catalina.loader.WebappClassLoaderBase.clearReferencesThreads L'application web [ROOT] semble avoir démarré un thread nommé [mysql-cj-abandoned-connection-cleanup] mais ne l'a pas arrêté, ce qui va probablement créer une fuite de mémoire ; la trace du thread est : 
 java.base/jdk.internal.misc.Unsafe.park(Native Method)
 java.base/java.util.concurrent.locks.LockSupport.parkNanos(LockSupport.java:269)
 java.base/java.util.concurrent.locks.AbstractQueuedSynchronizer$ConditionObject.await(AbstractQueuedSynchronizer.java:1886)
 java.base/java.lang.ref.ReferenceQueue.await(ReferenceQueue.java:71)
 java.base/java.lang.ref.ReferenceQueue.remove0(ReferenceQueue.java:143)
 java.base/java.lang.ref.ReferenceQueue.remove(ReferenceQueue.java:218)
 com.mysql.cj.jdbc.AbandonedConnectionCleanupThread.run(AbandonedConnectionCleanupThread.java:93)
 java.base/java.util.concurrent.ThreadPoolExecutor.runWorker(ThreadPoolExecutor.java:1144)
 java.base/java.util.concurrent.ThreadPoolExecutor$Worker.run(ThreadPoolExecutor.java:642)
 java.base/java.lang.Thread.run(Thread.java:1583)
24-Aug-2026 00:31:22.315 AVERTISSEMENT [Thread-1] org.apache.catalina.loader.WebappClassLoaderBase.clearReferencesThreads L'application web [ROOT] semble avoir démarré un thread nommé [Hibernate Connection Pool Validation Thread] mais ne l'a pas arrêté, ce qui va probablement créer une fuite de mémoire ; la trace du thread est : 
 java.base/jdk.internal.misc.Unsafe.park(Native Method)
 java.base/java.util.concurrent.locks.LockSupport.parkNanos(LockSupport.java:269)
 java.base/java.util.concurrent.locks.AbstractQueuedSynchronizer$ConditionObject.awaitNanos(AbstractQueuedSynchronizer.java:1797)
 java.base/java.util.concurrent.ScheduledThreadPoolExecutor$DelayedWorkQueue.take(ScheduledThreadPoolExecutor.java:1182)
 java.base/java.util.concurrent.ScheduledThreadPoolExecutor$DelayedWorkQueue.take(ScheduledThreadPoolExecutor.java:899)
 java.base/java.util.concurrent.ThreadPoolExecutor.getTask(ThreadPoolExecutor.java:1070)
 java.base/java.util.concurrent.ThreadPoolExecutor.runWorker(ThreadPoolExecutor.java:1130)
 java.base/java.util.concurrent.ThreadPoolExecutor$Worker.run(ThreadPoolExecutor.java:642)
 java.base/java.lang.Thread.run(Thread.java:1583)
24-Aug-2026 00:31:22.316 AVERTISSEMENT [Thread-1] org.apache.catalina.loader.WebappClassLoaderBase.clearReferencesThreads L'application web [ROOT] semble avoir démarré un thread nommé [Hibernate Connection Pool Validation Thread] mais ne l'a pas arrêté, ce qui va probablement créer une fuite de mémoire ; la trace du thread est : 
 java.base/jdk.internal.misc.Unsafe.park(Native Method)
 java.base/java.util.concurrent.locks.LockSupport.parkNanos(LockSupport.java:269)
 java.base/java.util.concurrent.locks.AbstractQueuedSynchronizer$ConditionObject.awaitNanos(AbstractQueuedSynchronizer.java:1797)
 java.base/java.util.concurrent.ScheduledThreadPoolExecutor$DelayedWorkQueue.take(ScheduledThreadPoolExecutor.java:1182)
 java.base/java.util.concurrent.ScheduledThreadPoolExecutor$DelayedWorkQueue.take(ScheduledThreadPoolExecutor.java:899)
 java.base/java.util.concurrent.ThreadPoolExecutor.getTask(ThreadPoolExecutor.java:1070)
 java.base/java.util.concurrent.ThreadPoolExecutor.runWorker(ThreadPoolExecutor.java:1130)
 java.base/java.util.concurrent.ThreadPoolExecutor$Worker.run(ThreadPoolExecutor.java:642)
 java.base/java.lang.Thread.run(Thread.java:1583)
24-Aug-2026 00:31:22.316 AVERTISSEMENT [Thread-1] org.apache.catalina.loader.WebappClassLoaderBase.clearReferencesThreads L'application web [ROOT] semble avoir démarré un thread nommé [Hibernate Connection Pool Validation Thread] mais ne l'a pas arrêté, ce qui va probablement créer une fuite de mémoire ; la trace du thread est : 
 java.base/jdk.internal.misc.Unsafe.park(Native Method)
 java.base/java.util.concurrent.locks.LockSupport.parkNanos(LockSupport.java:269)
 java.base/java.util.concurrent.locks.AbstractQueuedSynchronizer$ConditionObject.awaitNanos(AbstractQueuedSynchronizer.java:1797)
 java.base/java.util.concurrent.ScheduledThreadPoolExecutor$DelayedWorkQueue.take(ScheduledThreadPoolExecutor.java:1182)
 java.base/java.util.concurrent.ScheduledThreadPoolExecutor$DelayedWorkQueue.take(ScheduledThreadPoolExecutor.java:899)
 java.base/java.util.concurrent.ThreadPoolExecutor.getTask(ThreadPoolExecutor.java:1070)
 java.base/java.util.concurrent.ThreadPoolExecutor.runWorker(ThreadPoolExecutor.java:1130)
 java.base/java.util.concurrent.ThreadPoolExecutor$Worker.run(ThreadPoolExecutor.java:642)
 java.base/java.lang.Thread.run(Thread.java:1583)
24-Aug-2026 00:31:22.343 INFOS [Thread-1] org.apache.coyote.AbstractProtocol.stop Arrêt du gestionnaire de protocole ["http-nio-8080"]
24-Aug-2026 00:31:22.367 INFOS [Thread-1] org.apache.coyote.AbstractProtocol.destroy Destruction du gestionnaire de protocole ["http-nio-8080"]
24-Aug-2026 00:31:27.213 INFOS [main] org.apache.catalina.startup.VersionLoggerListener.log Nom version serveur :              Apache Tomcat/10.1.42
24-Aug-2026 00:31:27.227 INFOS [main] org.apache.catalina.startup.VersionLoggerListener.log Serveur compilé :                  Jun 5 2025 22:35:46 UTC
24-Aug-2026 00:31:27.228 INFOS [main] org.apache.catalina.startup.VersionLoggerListener.log Version du serveur :               10.1.42.0
24-Aug-2026 00:31:27.228 INFOS [main] org.apache.catalina.startup.VersionLoggerListener.log Nom de l'OS :                      Windows 11
24-Aug-2026 00:31:27.228 INFOS [main] org.apache.catalina.startup.VersionLoggerListener.log Version OS :                       10.0
24-Aug-2026 00:31:27.229 INFOS [main] org.apache.catalina.startup.VersionLoggerListener.log Architecture :                     amd64
24-Aug-2026 00:31:27.231 INFOS [main] org.apache.catalina.startup.VersionLoggerListener.log Java Home :                        C:\Users\HP\.jdks\jbrsdk_jcef-21.0.9
24-Aug-2026 00:31:27.232 INFOS [main] org.apache.catalina.startup.VersionLoggerListener.log Version JVM :                      21.0.9+1-b1038.75
24-Aug-2026 00:31:27.232 INFOS [main] org.apache.catalina.startup.VersionLoggerListener.log Fournisseur de la JVM :            JetBrains s.r.o.
24-Aug-2026 00:31:27.233 INFOS [main] org.apache.catalina.startup.VersionLoggerListener.log CATALINA_BASE :                    C:\Users\HP\Desktop\samasuker\.smarttomcat
24-Aug-2026 00:31:27.233 INFOS [main] org.apache.catalina.startup.VersionLoggerListener.log CATALINA_HOME :                    C:\Users\HP\Desktop\apache-tomcat-10.1.42
24-Aug-2026 00:31:27.277 INFOS [main] org.apache.catalina.startup.VersionLoggerListener.log Argument de la ligne de commande : --add-opens=java.base/java.lang=ALL-UNNAMED
24-Aug-2026 00:31:27.278 INFOS [main] org.apache.catalina.startup.VersionLoggerListener.log Argument de la ligne de commande : --add-opens=java.base/java.io=ALL-UNNAMED
24-Aug-2026 00:31:27.278 INFOS [main] org.apache.catalina.startup.VersionLoggerListener.log Argument de la ligne de commande : --add-opens=java.base/java.util=ALL-UNNAMED
24-Aug-2026 00:31:27.279 INFOS [main] org.apache.catalina.startup.VersionLoggerListener.log Argument de la ligne de commande : --add-opens=java.base/java.util.concurrent=ALL-UNNAMED
24-Aug-2026 00:31:27.279 INFOS [main] org.apache.catalina.startup.VersionLoggerListener.log Argument de la ligne de commande : --add-opens=java.rmi/sun.rmi.transport=ALL-UNNAMED
24-Aug-2026 00:31:27.279 INFOS [main] org.apache.catalina.startup.VersionLoggerListener.log Argument de la ligne de commande : -Dcatalina.home=C:\Users\HP\Desktop\apache-tomcat-10.1.42
24-Aug-2026 00:31:27.279 INFOS [main] org.apache.catalina.startup.VersionLoggerListener.log Argument de la ligne de commande : -Dcatalina.base=C:\Users\HP\Desktop\samasuker\.smarttomcat
24-Aug-2026 00:31:27.280 INFOS [main] org.apache.catalina.startup.VersionLoggerListener.log Argument de la ligne de commande : -Djava.io.tmpdir=C:\Users\HP\Desktop\samasuker\.smarttomcat\temp
24-Aug-2026 00:31:27.280 INFOS [main] org.apache.catalina.startup.VersionLoggerListener.log Argument de la ligne de commande : -Djava.util.logging.config.file=C:\Users\HP\Desktop\samasuker\.smarttomcat\conf\logging.properties
24-Aug-2026 00:31:27.280 INFOS [main] org.apache.catalina.startup.VersionLoggerListener.log Argument de la ligne de commande : -Djava.util.logging.manager=org.apache.juli.ClassLoaderLogManager
24-Aug-2026 00:31:27.280 INFOS [main] org.apache.catalina.startup.VersionLoggerListener.log Argument de la ligne de commande : -javaagent:C:\Program Files\JetBrains\IntelliJ IDEA 2025.2.2\lib\idea_rt.jar=63826
24-Aug-2026 00:31:27.283 INFOS [main] org.apache.catalina.startup.VersionLoggerListener.log Argument de la ligne de commande : -Dfile.encoding=UTF-8
24-Aug-2026 00:31:27.284 INFOS [main] org.apache.catalina.startup.VersionLoggerListener.log Argument de la ligne de commande : -Dsun.stdout.encoding=UTF-8
24-Aug-2026 00:31:27.284 INFOS [main] org.apache.catalina.startup.VersionLoggerListener.log Argument de la ligne de commande : -Dsun.stderr.encoding=UTF-8
24-Aug-2026 00:31:27.295 INFOS [main] org.apache.catalina.core.AprLifecycleListener.lifecycleEvent Chargement de la librairie Apache Tomcat Native [2.0.9] en utilisant APR version [1.7.6]
24-Aug-2026 00:31:27.317 INFOS [main] org.apache.catalina.core.AprLifecycleListener.initializeSSL OpenSSL a été initialisé avec succès [OpenSSL 3.5.0 8 Apr 2025]
24-Aug-2026 00:31:28.323 INFOS [main] org.apache.coyote.AbstractProtocol.init Initialisation du gestionnaire de protocole ["http-nio-8080"]
24-Aug-2026 00:31:28.369 INFOS [main] org.apache.catalina.startup.Catalina.load L'initialisation du serveur a pris [1754] millisecondes
24-Aug-2026 00:31:28.490 INFOS [main] org.apache.catalina.core.StandardService.startInternal Démarrage du service [Catalina]
24-Aug-2026 00:31:28.490 INFOS [main] org.apache.catalina.core.StandardEngine.startInternal Démarrage du moteur de Servlets : [Apache Tomcat/10.1.42]
24-Aug-2026 00:31:28.519 INFOS [main] org.apache.catalina.startup.HostConfig.deployDescriptor Déploiement du descripteur de configuration [C:\Users\HP\Desktop\samasuker\.smarttomcat\conf\Catalina\localhost\MDD.xml]
24-Aug-2026 00:31:35.671 INFOS [main] org.apache.jasper.servlet.TldScanner.scanJars Au moins un fichier JAR a été analysé pour trouver des TLDs mais il n'en contenait pas, le mode "debug" du journal peut être activé pour obtenir une liste complète de JAR scannés sans succès ; éviter d'analyser des JARs inutilement peut améliorer sensiblement le temps de démarrage et le temps de compilation des JSPs
24-Aug-2026 00:31:35.952 INFOS [main] org.apache.catalina.startup.HostConfig.deployDescriptor Le traitement du descripteur de déploiement [C:\Users\HP\Desktop\samasuker\.smarttomcat\conf\Catalina\localhost\MDD.xml] a pris [7 425] ms
24-Aug-2026 00:31:35.953 INFOS [main] org.apache.catalina.startup.HostConfig.deployDescriptor Déploiement du descripteur de configuration [C:\Users\HP\Desktop\samasuker\.smarttomcat\conf\Catalina\localhost\ROOT.xml]
24-Aug-2026 00:31:41.290 INFOS [main] org.apache.jasper.servlet.TldScanner.scanJars Au moins un fichier JAR a été analysé pour trouver des TLDs mais il n'en contenait pas, le mode "debug" du journal peut être activé pour obtenir une liste complète de JAR scannés sans succès ; éviter d'analyser des JARs inutilement peut améliorer sensiblement le temps de démarrage et le temps de compilation des JSPs
24-Aug-2026 00:31:41.382 INFOS [main] org.apache.catalina.startup.HostConfig.deployDescriptor Le traitement du descripteur de déploiement [C:\Users\HP\Desktop\samasuker\.smarttomcat\conf\Catalina\localhost\ROOT.xml] a pris [5 428] ms
24-Aug-2026 00:31:41.395 INFOS [main] org.apache.coyote.AbstractProtocol.start Démarrage du gestionnaire de protocole ["http-nio-8080"]
24-Aug-2026 00:31:41.466 INFOS [main] org.apache.catalina.startup.Catalina.start Le démarrage du serveur a pris [13093] millisecondes
24-Aug-2026 00:32:08.371 INFO [http-nio-8080-exec-3] org.hibernate.jpa.internal.util.LogHelper.logPersistenceUnitInformation HHH000204: Processing PersistenceUnitInfo [name: glycemiePU]
24-Aug-2026 00:32:09.080 INFO [http-nio-8080-exec-3] org.hibernate.Version.logVersion HHH000412: Hibernate ORM core version 6.2.7.Final
24-Aug-2026 00:32:09.096 INFO [http-nio-8080-exec-3] org.hibernate.cfg.Environment.<clinit> HHH000406: Using bytecode reflection optimizer
24-Aug-2026 00:32:11.174 WARN [http-nio-8080-exec-3] org.hibernate.engine.jdbc.connections.internal.DriverManagerConnectionProviderImpl.configure HHH10001002: Using built-in connection pool (not intended for production use)
24-Aug-2026 00:32:11.215 INFO [http-nio-8080-exec-3] org.hibernate.engine.jdbc.connections.internal.DriverManagerConnectionProviderImpl.buildCreator HHH10001005: Loaded JDBC driver class: com.mysql.cj.jdbc.Driver
24-Aug-2026 00:32:11.215 INFO [http-nio-8080-exec-3] org.hibernate.engine.jdbc.connections.internal.DriverManagerConnectionProviderImpl.buildCreator HHH10001012: Connecting with JDBC URL [jdbc:mysql://localhost:3306/suivi_glycemie_db?useSSL=false&serverTimezone=UTC]
24-Aug-2026 00:32:11.217 INFO [http-nio-8080-exec-3] org.hibernate.engine.jdbc.connections.internal.DriverManagerConnectionProviderImpl.buildCreator HHH10001001: Connection properties: {password=****, user=root}
24-Aug-2026 00:32:11.217 INFO [http-nio-8080-exec-3] org.hibernate.engine.jdbc.connections.internal.DriverManagerConnectionProviderImpl.buildCreator HHH10001003: Autocommit mode: false
24-Aug-2026 00:32:11.237 INFO [http-nio-8080-exec-3] org.hibernate.engine.jdbc.connections.internal.DriverManagerConnectionProviderImpl$PooledConnections.<init> HHH10001115: Connection pool size: 20 (min=1)
24-Aug-2026 00:32:12.635 WARN [http-nio-8080-exec-3] org.hibernate.dialect.Dialect.checkVersion HHH000511: The 5.6.17 version for [org.hibernate.dialect.MySQLDialect] is no longer supported, hence certain features may not work properly. The minimum supported version is 5.7.0. Check the community dialects project for available legacy versions.
24-Aug-2026 00:32:15.394 INFO [http-nio-8080-exec-3] org.hibernate.bytecode.internal.BytecodeProviderInitiator.buildBytecodeProvider HHH000021: Bytecode provider name : bytebuddy
24-Aug-2026 00:32:22.178 INFO [http-nio-8080-exec-3] org.hibernate.engine.transaction.jta.platform.internal.JtaPlatformInitiator.initiateService HHH000490: Using JtaPlatform implementation: [org.hibernate.engine.transaction.jta.platform.internal.NoJtaPlatform]
24-Aug-2026 00:32:22.412 INFO [http-nio-8080-exec-3] org.hibernate.resource.transaction.backend.jdbc.internal.DdlTransactionIsolatorNonJtaImpl.getIsolatedConnection HHH10001501: Connection obtained from JdbcConnectionAccess [org.hibernate.engine.jdbc.env.internal.JdbcEnvironmentInitiator$ConnectionProviderJdbcConnectionAccess@293a000c] for (non-JTA) DDL execution was not in auto-commit mode; the Connection 'local transaction' will be committed and the Connection will be set into auto-commit mode.
24-Aug-2026 00:32:26.024 INFO [http-nio-8080-exec-5] org.hibernate.jpa.internal.util.LogHelper.logPersistenceUnitInformation HHH000204: Processing PersistenceUnitInfo [name: glycemiePU]
24-Aug-2026 00:32:26.174 WARN [http-nio-8080-exec-5] org.hibernate.engine.jdbc.connections.internal.DriverManagerConnectionProviderImpl.configure HHH10001002: Using built-in connection pool (not intended for production use)
24-Aug-2026 00:32:26.175 INFO [http-nio-8080-exec-5] org.hibernate.engine.jdbc.connections.internal.DriverManagerConnectionProviderImpl.buildCreator HHH10001005: Loaded JDBC driver class: com.mysql.cj.jdbc.Driver
24-Aug-2026 00:32:26.176 INFO [http-nio-8080-exec-5] org.hibernate.engine.jdbc.connections.internal.DriverManagerConnectionProviderImpl.buildCreator HHH10001012: Connecting with JDBC URL [jdbc:mysql://localhost:3306/suivi_glycemie_db?useSSL=false&serverTimezone=UTC]
24-Aug-2026 00:32:26.176 INFO [http-nio-8080-exec-5] org.hibernate.engine.jdbc.connections.internal.DriverManagerConnectionProviderImpl.buildCreator HHH10001001: Connection properties: {password=****, user=root}
24-Aug-2026 00:32:26.176 INFO [http-nio-8080-exec-5] org.hibernate.engine.jdbc.connections.internal.DriverManagerConnectionProviderImpl.buildCreator HHH10001003: Autocommit mode: false
24-Aug-2026 00:32:26.177 INFO [http-nio-8080-exec-5] org.hibernate.engine.jdbc.connections.internal.DriverManagerConnectionProviderImpl$PooledConnections.<init> HHH10001115: Connection pool size: 20 (min=1)
24-Aug-2026 00:32:26.191 WARN [http-nio-8080-exec-5] org.hibernate.dialect.Dialect.checkVersion HHH000511: The 5.6.17 version for [org.hibernate.dialect.MySQLDialect] is no longer supported, hence certain features may not work properly. The minimum supported version is 5.7.0. Check the community dialects project for available legacy versions.
24-Aug-2026 00:32:26.266 INFO [http-nio-8080-exec-5] org.hibernate.bytecode.internal.BytecodeProviderInitiator.buildBytecodeProvider HHH000021: Bytecode provider name : bytebuddy
24-Aug-2026 00:32:26.450 INFO [http-nio-8080-exec-5] org.hibernate.engine.transaction.jta.platform.internal.JtaPlatformInitiator.initiateService HHH000490: Using JtaPlatform implementation: [org.hibernate.engine.transaction.jta.platform.internal.NoJtaPlatform]
24-Aug-2026 00:32:26.451 INFO [http-nio-8080-exec-5] org.hibernate.resource.transaction.backend.jdbc.internal.DdlTransactionIsolatorNonJtaImpl.getIsolatedConnection HHH10001501: Connection obtained from JdbcConnectionAccess [org.hibernate.engine.jdbc.env.internal.JdbcEnvironmentInitiator$ConnectionProviderJdbcConnectionAccess@7c75c3f] for (non-JTA) DDL execution was not in auto-commit mode; the Connection 'local transaction' will be committed and the Connection will be set into auto-commit mode.
24-Aug-2026 00:32:36.220 INFO [http-nio-8080-exec-6] org.hibernate.jpa.internal.util.LogHelper.logPersistenceUnitInformation HHH000204: Processing PersistenceUnitInfo [name: glycemiePU]
24-Aug-2026 00:32:36.386 WARN [http-nio-8080-exec-6] org.hibernate.engine.jdbc.connections.internal.DriverManagerConnectionProviderImpl.configure HHH10001002: Using built-in connection pool (not intended for production use)
24-Aug-2026 00:32:36.393 INFO [http-nio-8080-exec-6] org.hibernate.engine.jdbc.connections.internal.DriverManagerConnectionProviderImpl.buildCreator HHH10001005: Loaded JDBC driver class: com.mysql.cj.jdbc.Driver
24-Aug-2026 00:32:36.393 INFO [http-nio-8080-exec-6] org.hibernate.engine.jdbc.connections.internal.DriverManagerConnectionProviderImpl.buildCreator HHH10001012: Connecting with JDBC URL [jdbc:mysql://localhost:3306/suivi_glycemie_db?useSSL=false&serverTimezone=UTC]
24-Aug-2026 00:32:36.393 INFO [http-nio-8080-exec-6] org.hibernate.engine.jdbc.connections.internal.DriverManagerConnectionProviderImpl.buildCreator HHH10001001: Connection properties: {password=****, user=root}
24-Aug-2026 00:32:36.395 INFO [http-nio-8080-exec-6] org.hibernate.engine.jdbc.connections.internal.DriverManagerConnectionProviderImpl.buildCreator HHH10001003: Autocommit mode: false
24-Aug-2026 00:32:36.395 INFO [http-nio-8080-exec-6] org.hibernate.engine.jdbc.connections.internal.DriverManagerConnectionProviderImpl$PooledConnections.<init> HHH10001115: Connection pool size: 20 (min=1)
24-Aug-2026 00:32:36.409 WARN [http-nio-8080-exec-6] org.hibernate.dialect.Dialect.checkVersion HHH000511: The 5.6.17 version for [org.hibernate.dialect.MySQLDialect] is no longer supported, hence certain features may not work properly. The minimum supported version is 5.7.0. Check the community dialects project for available legacy versions.
24-Aug-2026 00:32:36.488 INFO [http-nio-8080-exec-6] org.hibernate.bytecode.internal.BytecodeProviderInitiator.buildBytecodeProvider HHH000021: Bytecode provider name : bytebuddy
24-Aug-2026 00:32:36.635 INFO [http-nio-8080-exec-6] org.hibernate.engine.transaction.jta.platform.internal.JtaPlatformInitiator.initiateService HHH000490: Using JtaPlatform implementation: [org.hibernate.engine.transaction.jta.platform.internal.NoJtaPlatform]
24-Aug-2026 00:32:36.635 INFO [http-nio-8080-exec-6] org.hibernate.resource.transaction.backend.jdbc.internal.DdlTransactionIsolatorNonJtaImpl.getIsolatedConnection HHH10001501: Connection obtained from JdbcConnectionAccess [org.hibernate.engine.jdbc.env.internal.JdbcEnvironmentInitiator$ConnectionProviderJdbcConnectionAccess@141c68a7] for (non-JTA) DDL execution was not in auto-commit mode; the Connection 'local transaction' will be committed and the Connection will be set into auto-commit mode.
24-Aug-2026 00:34:15.922 INFO [http-nio-8080-exec-2] org.hibernate.jpa.internal.util.LogHelper.logPersistenceUnitInformation HHH000204: Processing PersistenceUnitInfo [name: glycemiePU]
24-Aug-2026 00:34:16.052 WARN [http-nio-8080-exec-2] org.hibernate.engine.jdbc.connections.internal.DriverManagerConnectionProviderImpl.configure HHH10001002: Using built-in connection pool (not intended for production use)
24-Aug-2026 00:34:16.052 INFO [http-nio-8080-exec-2] org.hibernate.engine.jdbc.connections.internal.DriverManagerConnectionProviderImpl.buildCreator HHH10001005: Loaded JDBC driver class: com.mysql.cj.jdbc.Driver
24-Aug-2026 00:34:16.052 INFO [http-nio-8080-exec-2] org.hibernate.engine.jdbc.connections.internal.DriverManagerConnectionProviderImpl.buildCreator HHH10001012: Connecting with JDBC URL [jdbc:mysql://localhost:3306/suivi_glycemie_db?useSSL=false&serverTimezone=UTC]
24-Aug-2026 00:34:16.052 INFO [http-nio-8080-exec-2] org.hibernate.engine.jdbc.connections.internal.DriverManagerConnectionProviderImpl.buildCreator HHH10001001: Connection properties: {password=****, user=root}
24-Aug-2026 00:34:16.052 INFO [http-nio-8080-exec-2] org.hibernate.engine.jdbc.connections.internal.DriverManagerConnectionProviderImpl.buildCreator HHH10001003: Autocommit mode: false
24-Aug-2026 00:34:16.056 INFO [http-nio-8080-exec-2] org.hibernate.engine.jdbc.connections.internal.DriverManagerConnectionProviderImpl$PooledConnections.<init> HHH10001115: Connection pool size: 20 (min=1)
24-Aug-2026 00:34:16.069 WARN [http-nio-8080-exec-2] org.hibernate.dialect.Dialect.checkVersion HHH000511: The 5.6.17 version for [org.hibernate.dialect.MySQLDialect] is no longer supported, hence certain features may not work properly. The minimum supported version is 5.7.0. Check the community dialects project for available legacy versions.
24-Aug-2026 00:34:16.104 INFO [http-nio-8080-exec-2] org.hibernate.bytecode.internal.BytecodeProviderInitiator.buildBytecodeProvider HHH000021: Bytecode provider name : bytebuddy
24-Aug-2026 00:34:16.245 INFO [http-nio-8080-exec-2] org.hibernate.engine.transaction.jta.platform.internal.JtaPlatformInitiator.initiateService HHH000490: Using JtaPlatform implementation: [org.hibernate.engine.transaction.jta.platform.internal.NoJtaPlatform]
24-Aug-2026 00:34:16.245 INFO [http-nio-8080-exec-2] org.hibernate.resource.transaction.backend.jdbc.internal.DdlTransactionIsolatorNonJtaImpl.getIsolatedConnection HHH10001501: Connection obtained from JdbcConnectionAccess [org.hibernate.engine.jdbc.env.internal.JdbcEnvironmentInitiator$ConnectionProviderJdbcConnectionAccess@37dbae3e] for (non-JTA) DDL execution was not in auto-commit mode; the Connection 'local transaction' will be committed and the Connection will be set into auto-commit mode.
24-Aug-2026 00:38:48.228 INFOS [Thread-1] org.apache.coyote.AbstractProtocol.pause Le gestionnaire de protocole ["http-nio-8080"] est mis en pause
24-Aug-2026 00:38:48.251 INFOS [Thread-1] org.apache.catalina.core.StandardService.stopInternal Arrêt du service [Catalina]
24-Aug-2026 00:38:48.268 AVERTISSEMENT [Thread-1] org.apache.catalina.loader.WebappClassLoaderBase.clearReferencesJdbc L'application web [ROOT] a enregistré un pilote JDBC [com.mysql.cj.jdbc.Driver], mais ne l'a pas désenregistré avant l'arrêt de l'application.  Pour éviter une fuite de mémoire, le pilote JDBC a été désenregistré de force.
24-Aug-2026 00:38:48.269 AVERTISSEMENT [Thread-1] org.apache.catalina.loader.WebappClassLoaderBase.clearReferencesThreads L'application web [ROOT] semble avoir démarré un thread nommé [mysql-cj-abandoned-connection-cleanup] mais ne l'a pas arrêté, ce qui va probablement créer une fuite de mémoire ; la trace du thread est : 
 java.base/jdk.internal.misc.Unsafe.park(Native Method)
 java.base/java.util.concurrent.locks.LockSupport.parkNanos(LockSupport.java:269)
 java.base/java.util.concurrent.locks.AbstractQueuedSynchronizer$ConditionObject.await(AbstractQueuedSynchronizer.java:1886)
 java.base/java.lang.ref.ReferenceQueue.await(ReferenceQueue.java:71)
 java.base/java.lang.ref.ReferenceQueue.remove0(ReferenceQueue.java:143)
 java.base/java.lang.ref.ReferenceQueue.remove(ReferenceQueue.java:218)
 com.mysql.cj.jdbc.AbandonedConnectionCleanupThread.run(AbandonedConnectionCleanupThread.java:93)
 java.base/java.util.concurrent.ThreadPoolExecutor.runWorker(ThreadPoolExecutor.java:1144)
 java.base/java.util.concurrent.ThreadPoolExecutor$Worker.run(ThreadPoolExecutor.java:642)
 java.base/java.lang.Thread.run(Thread.java:1583)
24-Aug-2026 00:38:48.270 AVERTISSEMENT [Thread-1] org.apache.catalina.loader.WebappClassLoaderBase.clearReferencesThreads L'application web [ROOT] semble avoir démarré un thread nommé [Hibernate Connection Pool Validation Thread] mais ne l'a pas arrêté, ce qui va probablement créer une fuite de mémoire ; la trace du thread est : 
 java.base/jdk.internal.misc.Unsafe.park(Native Method)
 java.base/java.util.concurrent.locks.LockSupport.parkNanos(LockSupport.java:269)
 java.base/java.util.concurrent.locks.AbstractQueuedSynchronizer$ConditionObject.awaitNanos(AbstractQueuedSynchronizer.java:1797)
 java.base/java.util.concurrent.ScheduledThreadPoolExecutor$DelayedWorkQueue.take(ScheduledThreadPoolExecutor.java:1182)
 java.base/java.util.concurrent.ScheduledThreadPoolExecutor$DelayedWorkQueue.take(ScheduledThreadPoolExecutor.java:899)
 java.base/java.util.concurrent.ThreadPoolExecutor.getTask(ThreadPoolExecutor.java:1070)
 java.base/java.util.concurrent.ThreadPoolExecutor.runWorker(ThreadPoolExecutor.java:1130)
 java.base/java.util.concurrent.ThreadPoolExecutor$Worker.run(ThreadPoolExecutor.java:642)
 java.base/java.lang.Thread.run(Thread.java:1583)
24-Aug-2026 00:38:48.270 AVERTISSEMENT [Thread-1] org.apache.catalina.loader.WebappClassLoaderBase.clearReferencesThreads L'application web [ROOT] semble avoir démarré un thread nommé [Hibernate Connection Pool Validation Thread] mais ne l'a pas arrêté, ce qui va probablement créer une fuite de mémoire ; la trace du thread est : 
 java.base/jdk.internal.misc.Unsafe.park(Native Method)
 java.base/java.util.concurrent.locks.LockSupport.parkNanos(LockSupport.java:269)
 java.base/java.util.concurrent.locks.AbstractQueuedSynchronizer$ConditionObject.awaitNanos(AbstractQueuedSynchronizer.java:1797)
 java.base/java.util.concurrent.ScheduledThreadPoolExecutor$DelayedWorkQueue.take(ScheduledThreadPoolExecutor.java:1182)
 java.base/java.util.concurrent.ScheduledThreadPoolExecutor$DelayedWorkQueue.take(ScheduledThreadPoolExecutor.java:899)
 java.base/java.util.concurrent.ThreadPoolExecutor.getTask(ThreadPoolExecutor.java:1070)
 java.base/java.util.concurrent.ThreadPoolExecutor.runWorker(ThreadPoolExecutor.java:1130)
 java.base/java.util.concurrent.ThreadPoolExecutor$Worker.run(ThreadPoolExecutor.java:642)
 java.base/java.lang.Thread.run(Thread.java:1583)
24-Aug-2026 00:38:48.270 AVERTISSEMENT [Thread-1] org.apache.catalina.loader.WebappClassLoaderBase.clearReferencesThreads L'application web [ROOT] semble avoir démarré un thread nommé [Hibernate Connection Pool Validation Thread] mais ne l'a pas arrêté, ce qui va probablement créer une fuite de mémoire ; la trace du thread est : 
 java.base/jdk.internal.misc.Unsafe.park(Native Method)
 java.base/java.util.concurrent.locks.LockSupport.parkNanos(LockSupport.java:269)
 java.base/java.util.concurrent.locks.AbstractQueuedSynchronizer$ConditionObject.awaitNanos(AbstractQueuedSynchronizer.java:1797)
 java.base/java.util.concurrent.ScheduledThreadPoolExecutor$DelayedWorkQueue.take(ScheduledThreadPoolExecutor.java:1182)
 java.base/java.util.concurrent.ScheduledThreadPoolExecutor$DelayedWorkQueue.take(ScheduledThreadPoolExecutor.java:899)
 java.base/java.util.concurrent.ThreadPoolExecutor.getTask(ThreadPoolExecutor.java:1070)
 java.base/java.util.concurrent.ThreadPoolExecutor.runWorker(ThreadPoolExecutor.java:1130)
 java.base/java.util.concurrent.ThreadPoolExecutor$Worker.run(ThreadPoolExecutor.java:642)
 java.base/java.lang.Thread.run(Thread.java:1583)
24-Aug-2026 00:38:48.274 AVERTISSEMENT [Thread-1] org.apache.catalina.loader.WebappClassLoaderBase.clearReferencesThreads L'application web [ROOT] semble avoir démarré un thread nommé [Hibernate Connection Pool Validation Thread] mais ne l'a pas arrêté, ce qui va probablement créer une fuite de mémoire ; la trace du thread est : 
 java.base/jdk.internal.misc.Unsafe.park(Native Method)
 java.base/java.util.concurrent.locks.LockSupport.parkNanos(LockSupport.java:269)
 java.base/java.util.concurrent.locks.AbstractQueuedSynchronizer$ConditionObject.awaitNanos(AbstractQueuedSynchronizer.java:1797)
 java.base/java.util.concurrent.ScheduledThreadPoolExecutor$DelayedWorkQueue.take(ScheduledThreadPoolExecutor.java:1182)
 java.base/java.util.concurrent.ScheduledThreadPoolExecutor$DelayedWorkQueue.take(ScheduledThreadPoolExecutor.java:899)
 java.base/java.util.concurrent.ThreadPoolExecutor.getTask(ThreadPoolExecutor.java:1070)
 java.base/java.util.concurrent.ThreadPoolExecutor.runWorker(ThreadPoolExecutor.java:1130)
 java.base/java.util.concurrent.ThreadPoolExecutor$Worker.run(ThreadPoolExecutor.java:642)
 java.base/java.lang.Thread.run(Thread.java:1583)
24-Aug-2026 00:38:48.294 INFOS [Thread-1] org.apache.coyote.AbstractProtocol.stop Arrêt du gestionnaire de protocole ["http-nio-8080"]
24-Aug-2026 00:38:48.309 INFOS [Thread-1] org.apache.coyote.AbstractProtocol.destroy Destruction du gestionnaire de protocole ["http-nio-8080"]
24-Aug-2026 00:38:54.883 INFOS [main] org.apache.catalina.startup.VersionLoggerListener.log Nom version serveur :              Apache Tomcat/10.1.42
24-Aug-2026 00:38:54.892 INFOS [main] org.apache.catalina.startup.VersionLoggerListener.log Serveur compilé :                  Jun 5 2025 22:35:46 UTC
24-Aug-2026 00:38:54.893 INFOS [main] org.apache.catalina.startup.VersionLoggerListener.log Version du serveur :               10.1.42.0
24-Aug-2026 00:38:54.893 INFOS [main] org.apache.catalina.startup.VersionLoggerListener.log Nom de l'OS :                      Windows 11
24-Aug-2026 00:38:54.893 INFOS [main] org.apache.catalina.startup.VersionLoggerListener.log Version OS :                       10.0
24-Aug-2026 00:38:54.893 INFOS [main] org.apache.catalina.startup.VersionLoggerListener.log Architecture :                     amd64
24-Aug-2026 00:38:54.894 INFOS [main] org.apache.catalina.startup.VersionLoggerListener.log Java Home :                        C:\Users\HP\.jdks\jbrsdk_jcef-21.0.9
24-Aug-2026 00:38:54.894 INFOS [main] org.apache.catalina.startup.VersionLoggerListener.log Version JVM :                      21.0.9+1-b1038.75
24-Aug-2026 00:38:54.894 INFOS [main] org.apache.catalina.startup.VersionLoggerListener.log Fournisseur de la JVM :            JetBrains s.r.o.
24-Aug-2026 00:38:54.894 INFOS [main] org.apache.catalina.startup.VersionLoggerListener.log CATALINA_BASE :                    C:\Users\HP\Desktop\samasuker\.smarttomcat
24-Aug-2026 00:38:54.894 INFOS [main] org.apache.catalina.startup.VersionLoggerListener.log CATALINA_HOME :                    C:\Users\HP\Desktop\apache-tomcat-10.1.42
24-Aug-2026 00:38:54.915 INFOS [main] org.apache.catalina.startup.VersionLoggerListener.log Argument de la ligne de commande : --add-opens=java.base/java.lang=ALL-UNNAMED
24-Aug-2026 00:38:54.915 INFOS [main] org.apache.catalina.startup.VersionLoggerListener.log Argument de la ligne de commande : --add-opens=java.base/java.io=ALL-UNNAMED
24-Aug-2026 00:38:54.916 INFOS [main] org.apache.catalina.startup.VersionLoggerListener.log Argument de la ligne de commande : --add-opens=java.base/java.util=ALL-UNNAMED
24-Aug-2026 00:38:54.916 INFOS [main] org.apache.catalina.startup.VersionLoggerListener.log Argument de la ligne de commande : --add-opens=java.base/java.util.concurrent=ALL-UNNAMED
24-Aug-2026 00:38:54.916 INFOS [main] org.apache.catalina.startup.VersionLoggerListener.log Argument de la ligne de commande : --add-opens=java.rmi/sun.rmi.transport=ALL-UNNAMED
24-Aug-2026 00:38:54.916 INFOS [main] org.apache.catalina.startup.VersionLoggerListener.log Argument de la ligne de commande : -Dcatalina.home=C:\Users\HP\Desktop\apache-tomcat-10.1.42
24-Aug-2026 00:38:54.916 INFOS [main] org.apache.catalina.startup.VersionLoggerListener.log Argument de la ligne de commande : -Dcatalina.base=C:\Users\HP\Desktop\samasuker\.smarttomcat
24-Aug-2026 00:38:54.916 INFOS [main] org.apache.catalina.startup.VersionLoggerListener.log Argument de la ligne de commande : -Djava.io.tmpdir=C:\Users\HP\Desktop\samasuker\.smarttomcat\temp
24-Aug-2026 00:38:54.917 INFOS [main] org.apache.catalina.startup.VersionLoggerListener.log Argument de la ligne de commande : -Djava.util.logging.config.file=C:\Users\HP\Desktop\samasuker\.smarttomcat\conf\logging.properties
24-Aug-2026 00:38:54.917 INFOS [main] org.apache.catalina.startup.VersionLoggerListener.log Argument de la ligne de commande : -Djava.util.logging.manager=org.apache.juli.ClassLoaderLogManager
24-Aug-2026 00:38:54.917 INFOS [main] org.apache.catalina.startup.VersionLoggerListener.log Argument de la ligne de commande : -javaagent:C:\Program Files\JetBrains\IntelliJ IDEA 2025.2.2\lib\idea_rt.jar=54173
24-Aug-2026 00:38:54.917 INFOS [main] org.apache.catalina.startup.VersionLoggerListener.log Argument de la ligne de commande : -Dfile.encoding=UTF-8
24-Aug-2026 00:38:54.917 INFOS [main] org.apache.catalina.startup.VersionLoggerListener.log Argument de la ligne de commande : -Dsun.stdout.encoding=UTF-8
24-Aug-2026 00:38:54.917 INFOS [main] org.apache.catalina.startup.VersionLoggerListener.log Argument de la ligne de commande : -Dsun.stderr.encoding=UTF-8
24-Aug-2026 00:38:54.924 INFOS [main] org.apache.catalina.core.AprLifecycleListener.lifecycleEvent Chargement de la librairie Apache Tomcat Native [2.0.9] en utilisant APR version [1.7.6]
24-Aug-2026 00:38:54.940 INFOS [main] org.apache.catalina.core.AprLifecycleListener.initializeSSL OpenSSL a été initialisé avec succès [OpenSSL 3.5.0 8 Apr 2025]
24-Aug-2026 00:38:55.930 INFOS [main] org.apache.coyote.AbstractProtocol.init Initialisation du gestionnaire de protocole ["http-nio-8080"]
24-Aug-2026 00:38:55.967 INFOS [main] org.apache.catalina.startup.Catalina.load L'initialisation du serveur a pris [1578] millisecondes
24-Aug-2026 00:38:56.070 INFOS [main] org.apache.catalina.core.StandardService.startInternal Démarrage du service [Catalina]
24-Aug-2026 00:38:56.071 INFOS [main] org.apache.catalina.core.StandardEngine.startInternal Démarrage du moteur de Servlets : [Apache Tomcat/10.1.42]
24-Aug-2026 00:38:56.101 INFOS [main] org.apache.catalina.startup.HostConfig.deployDescriptor Déploiement du descripteur de configuration [C:\Users\HP\Desktop\samasuker\.smarttomcat\conf\Catalina\localhost\MDD.xml]
24-Aug-2026 00:39:03.201 INFOS [main] org.apache.jasper.servlet.TldScanner.scanJars Au moins un fichier JAR a été analysé pour trouver des TLDs mais il n'en contenait pas, le mode "debug" du journal peut être activé pour obtenir une liste complète de JAR scannés sans succès ; éviter d'analyser des JARs inutilement peut améliorer sensiblement le temps de démarrage et le temps de compilation des JSPs
24-Aug-2026 00:39:03.589 INFOS [main] org.apache.catalina.startup.HostConfig.deployDescriptor Le traitement du descripteur de déploiement [C:\Users\HP\Desktop\samasuker\.smarttomcat\conf\Catalina\localhost\MDD.xml] a pris [7 480] ms
24-Aug-2026 00:39:03.590 INFOS [main] org.apache.catalina.startup.HostConfig.deployDescriptor Déploiement du descripteur de configuration [C:\Users\HP\Desktop\samasuker\.smarttomcat\conf\Catalina\localhost\ROOT.xml]
24-Aug-2026 00:39:08.853 INFOS [main] org.apache.jasper.servlet.TldScanner.scanJars Au moins un fichier JAR a été analysé pour trouver des TLDs mais il n'en contenait pas, le mode "debug" du journal peut être activé pour obtenir une liste complète de JAR scannés sans succès ; éviter d'analyser des JARs inutilement peut améliorer sensiblement le temps de démarrage et le temps de compilation des JSPs
24-Aug-2026 00:39:08.967 INFOS [main] org.apache.catalina.startup.HostConfig.deployDescriptor Le traitement du descripteur de déploiement [C:\Users\HP\Desktop\samasuker\.smarttomcat\conf\Catalina\localhost\ROOT.xml] a pris [5 376] ms
24-Aug-2026 00:39:08.987 INFOS [main] org.apache.coyote.AbstractProtocol.start Démarrage du gestionnaire de protocole ["http-nio-8080"]
24-Aug-2026 00:39:09.070 INFOS [main] org.apache.catalina.startup.Catalina.start Le démarrage du serveur a pris [13099] millisecondes
24-Aug-2026 00:39:34.623 INFO [http-nio-8080-exec-3] org.hibernate.jpa.internal.util.LogHelper.logPersistenceUnitInformation HHH000204: Processing PersistenceUnitInfo [name: glycemiePU]
24-Aug-2026 00:39:35.155 INFO [http-nio-8080-exec-3] org.hibernate.Version.logVersion HHH000412: Hibernate ORM core version 6.2.7.Final
24-Aug-2026 00:39:35.169 INFO [http-nio-8080-exec-3] org.hibernate.cfg.Environment.<clinit> HHH000406: Using bytecode reflection optimizer
24-Aug-2026 00:39:37.223 WARN [http-nio-8080-exec-3] org.hibernate.engine.jdbc.connections.internal.DriverManagerConnectionProviderImpl.configure HHH10001002: Using built-in connection pool (not intended for production use)
24-Aug-2026 00:39:37.254 INFO [http-nio-8080-exec-3] org.hibernate.engine.jdbc.connections.internal.DriverManagerConnectionProviderImpl.buildCreator HHH10001005: Loaded JDBC driver class: com.mysql.cj.jdbc.Driver
24-Aug-2026 00:39:37.254 INFO [http-nio-8080-exec-3] org.hibernate.engine.jdbc.connections.internal.DriverManagerConnectionProviderImpl.buildCreator HHH10001012: Connecting with JDBC URL [jdbc:mysql://localhost:3306/suivi_glycemie_db?useSSL=false&serverTimezone=UTC]
24-Aug-2026 00:39:37.255 INFO [http-nio-8080-exec-3] org.hibernate.engine.jdbc.connections.internal.DriverManagerConnectionProviderImpl.buildCreator HHH10001001: Connection properties: {password=****, user=root}
24-Aug-2026 00:39:37.256 INFO [http-nio-8080-exec-3] org.hibernate.engine.jdbc.connections.internal.DriverManagerConnectionProviderImpl.buildCreator HHH10001003: Autocommit mode: false
24-Aug-2026 00:39:37.280 INFO [http-nio-8080-exec-3] org.hibernate.engine.jdbc.connections.internal.DriverManagerConnectionProviderImpl$PooledConnections.<init> HHH10001115: Connection pool size: 20 (min=1)
24-Aug-2026 00:39:38.582 WARN [http-nio-8080-exec-3] org.hibernate.dialect.Dialect.checkVersion HHH000511: The 5.6.17 version for [org.hibernate.dialect.MySQLDialect] is no longer supported, hence certain features may not work properly. The minimum supported version is 5.7.0. Check the community dialects project for available legacy versions.
24-Aug-2026 00:39:41.775 INFO [http-nio-8080-exec-3] org.hibernate.bytecode.internal.BytecodeProviderInitiator.buildBytecodeProvider HHH000021: Bytecode provider name : bytebuddy
24-Aug-2026 00:39:48.468 INFO [http-nio-8080-exec-3] org.hibernate.engine.transaction.jta.platform.internal.JtaPlatformInitiator.initiateService HHH000490: Using JtaPlatform implementation: [org.hibernate.engine.transaction.jta.platform.internal.NoJtaPlatform]
24-Aug-2026 00:39:48.667 INFO [http-nio-8080-exec-3] org.hibernate.resource.transaction.backend.jdbc.internal.DdlTransactionIsolatorNonJtaImpl.getIsolatedConnection HHH10001501: Connection obtained from JdbcConnectionAccess [org.hibernate.engine.jdbc.env.internal.JdbcEnvironmentInitiator$ConnectionProviderJdbcConnectionAccess@69be5ae1] for (non-JTA) DDL execution was not in auto-commit mode; the Connection 'local transaction' will be committed and the Connection will be set into auto-commit mode.
24-Aug-2026 00:39:51.934 INFO [http-nio-8080-exec-7] org.hibernate.jpa.internal.util.LogHelper.logPersistenceUnitInformation HHH000204: Processing PersistenceUnitInfo [name: glycemiePU]
24-Aug-2026 00:39:52.055 WARN [http-nio-8080-exec-7] org.hibernate.engine.jdbc.connections.internal.DriverManagerConnectionProviderImpl.configure HHH10001002: Using built-in connection pool (not intended for production use)
24-Aug-2026 00:39:52.056 INFO [http-nio-8080-exec-7] org.hibernate.engine.jdbc.connections.internal.DriverManagerConnectionProviderImpl.buildCreator HHH10001005: Loaded JDBC driver class: com.mysql.cj.jdbc.Driver
24-Aug-2026 00:39:52.056 INFO [http-nio-8080-exec-7] org.hibernate.engine.jdbc.connections.internal.DriverManagerConnectionProviderImpl.buildCreator HHH10001012: Connecting with JDBC URL [jdbc:mysql://localhost:3306/suivi_glycemie_db?useSSL=false&serverTimezone=UTC]
24-Aug-2026 00:39:52.056 INFO [http-nio-8080-exec-7] org.hibernate.engine.jdbc.connections.internal.DriverManagerConnectionProviderImpl.buildCreator HHH10001001: Connection properties: {password=****, user=root}
24-Aug-2026 00:39:52.056 INFO [http-nio-8080-exec-7] org.hibernate.engine.jdbc.connections.internal.DriverManagerConnectionProviderImpl.buildCreator HHH10001003: Autocommit mode: false
24-Aug-2026 00:39:52.057 INFO [http-nio-8080-exec-7] org.hibernate.engine.jdbc.connections.internal.DriverManagerConnectionProviderImpl$PooledConnections.<init> HHH10001115: Connection pool size: 20 (min=1)
24-Aug-2026 00:39:52.076 WARN [http-nio-8080-exec-7] org.hibernate.dialect.Dialect.checkVersion HHH000511: The 5.6.17 version for [org.hibernate.dialect.MySQLDialect] is no longer supported, hence certain features may not work properly. The minimum supported version is 5.7.0. Check the community dialects project for available legacy versions.
24-Aug-2026 00:39:52.170 INFO [http-nio-8080-exec-7] org.hibernate.bytecode.internal.BytecodeProviderInitiator.buildBytecodeProvider HHH000021: Bytecode provider name : bytebuddy
24-Aug-2026 00:39:52.412 INFO [http-nio-8080-exec-7] org.hibernate.engine.transaction.jta.platform.internal.JtaPlatformInitiator.initiateService HHH000490: Using JtaPlatform implementation: [org.hibernate.engine.transaction.jta.platform.internal.NoJtaPlatform]
24-Aug-2026 00:39:52.415 INFO [http-nio-8080-exec-7] org.hibernate.resource.transaction.backend.jdbc.internal.DdlTransactionIsolatorNonJtaImpl.getIsolatedConnection HHH10001501: Connection obtained from JdbcConnectionAccess [org.hibernate.engine.jdbc.env.internal.JdbcEnvironmentInitiator$ConnectionProviderJdbcConnectionAccess@200247b0] for (non-JTA) DDL execution was not in auto-commit mode; the Connection 'local transaction' will be committed and the Connection will be set into auto-commit mode.
24-Aug-2026 00:40:34.972 INFO [http-nio-8080-exec-5] org.hibernate.jpa.internal.util.LogHelper.logPersistenceUnitInformation HHH000204: Processing PersistenceUnitInfo [name: glycemiePU]
24-Aug-2026 00:40:35.125 WARN [http-nio-8080-exec-5] org.hibernate.engine.jdbc.connections.internal.DriverManagerConnectionProviderImpl.configure HHH10001002: Using built-in connection pool (not intended for production use)
24-Aug-2026 00:40:35.125 INFO [http-nio-8080-exec-5] org.hibernate.engine.jdbc.connections.internal.DriverManagerConnectionProviderImpl.buildCreator HHH10001005: Loaded JDBC driver class: com.mysql.cj.jdbc.Driver
24-Aug-2026 00:40:35.125 INFO [http-nio-8080-exec-5] org.hibernate.engine.jdbc.connections.internal.DriverManagerConnectionProviderImpl.buildCreator HHH10001012: Connecting with JDBC URL [jdbc:mysql://localhost:3306/suivi_glycemie_db?useSSL=false&serverTimezone=UTC]
24-Aug-2026 00:40:35.131 INFO [http-nio-8080-exec-5] org.hibernate.engine.jdbc.connections.internal.DriverManagerConnectionProviderImpl.buildCreator HHH10001001: Connection properties: {password=****, user=root}
24-Aug-2026 00:40:35.132 INFO [http-nio-8080-exec-5] org.hibernate.engine.jdbc.connections.internal.DriverManagerConnectionProviderImpl.buildCreator HHH10001003: Autocommit mode: false
24-Aug-2026 00:40:35.133 INFO [http-nio-8080-exec-5] org.hibernate.engine.jdbc.connections.internal.DriverManagerConnectionProviderImpl$PooledConnections.<init> HHH10001115: Connection pool size: 20 (min=1)
24-Aug-2026 00:40:35.148 WARN [http-nio-8080-exec-5] org.hibernate.dialect.Dialect.checkVersion HHH000511: The 5.6.17 version for [org.hibernate.dialect.MySQLDialect] is no longer supported, hence certain features may not work properly. The minimum supported version is 5.7.0. Check the community dialects project for available legacy versions.
24-Aug-2026 00:40:35.214 INFO [http-nio-8080-exec-5] org.hibernate.bytecode.internal.BytecodeProviderInitiator.buildBytecodeProvider HHH000021: Bytecode provider name : bytebuddy
24-Aug-2026 00:40:35.366 INFO [http-nio-8080-exec-5] org.hibernate.engine.transaction.jta.platform.internal.JtaPlatformInitiator.initiateService HHH000490: Using JtaPlatform implementation: [org.hibernate.engine.transaction.jta.platform.internal.NoJtaPlatform]
24-Aug-2026 00:40:35.366 INFO [http-nio-8080-exec-5] org.hibernate.resource.transaction.backend.jdbc.internal.DdlTransactionIsolatorNonJtaImpl.getIsolatedConnection HHH10001501: Connection obtained from JdbcConnectionAccess [org.hibernate.engine.jdbc.env.internal.JdbcEnvironmentInitiator$ConnectionProviderJdbcConnectionAccess@12a40ae4] for (non-JTA) DDL execution was not in auto-commit mode; the Connection 'local transaction' will be committed and the Connection will be set into auto-commit mode.
24-Aug-2026 00:44:31.042 INFO [http-nio-8080-exec-6] org.hibernate.jpa.internal.util.LogHelper.logPersistenceUnitInformation HHH000204: Processing PersistenceUnitInfo [name: glycemiePU]
24-Aug-2026 00:44:31.180 WARN [http-nio-8080-exec-6] org.hibernate.engine.jdbc.connections.internal.DriverManagerConnectionProviderImpl.configure HHH10001002: Using built-in connection pool (not intended for production use)
24-Aug-2026 00:44:31.182 INFO [http-nio-8080-exec-6] org.hibernate.engine.jdbc.connections.internal.DriverManagerConnectionProviderImpl.buildCreator HHH10001005: Loaded JDBC driver class: com.mysql.cj.jdbc.Driver
24-Aug-2026 00:44:31.183 INFO [http-nio-8080-exec-6] org.hibernate.engine.jdbc.connections.internal.DriverManagerConnectionProviderImpl.buildCreator HHH10001012: Connecting with JDBC URL [jdbc:mysql://localhost:3306/suivi_glycemie_db?useSSL=false&serverTimezone=UTC]
24-Aug-2026 00:44:31.183 INFO [http-nio-8080-exec-6] org.hibernate.engine.jdbc.connections.internal.DriverManagerConnectionProviderImpl.buildCreator HHH10001001: Connection properties: {password=****, user=root}
24-Aug-2026 00:44:31.183 INFO [http-nio-8080-exec-6] org.hibernate.engine.jdbc.connections.internal.DriverManagerConnectionProviderImpl.buildCreator HHH10001003: Autocommit mode: false
24-Aug-2026 00:44:31.183 INFO [http-nio-8080-exec-6] org.hibernate.engine.jdbc.connections.internal.DriverManagerConnectionProviderImpl$PooledConnections.<init> HHH10001115: Connection pool size: 20 (min=1)
24-Aug-2026 00:44:31.194 WARN [http-nio-8080-exec-6] org.hibernate.dialect.Dialect.checkVersion HHH000511: The 5.6.17 version for [org.hibernate.dialect.MySQLDialect] is no longer supported, hence certain features may not work properly. The minimum supported version is 5.7.0. Check the community dialects project for available legacy versions.
24-Aug-2026 00:44:31.249 INFO [http-nio-8080-exec-6] org.hibernate.bytecode.internal.BytecodeProviderInitiator.buildBytecodeProvider HHH000021: Bytecode provider name : bytebuddy
24-Aug-2026 00:44:31.401 INFO [http-nio-8080-exec-6] org.hibernate.engine.transaction.jta.platform.internal.JtaPlatformInitiator.initiateService HHH000490: Using JtaPlatform implementation: [org.hibernate.engine.transaction.jta.platform.internal.NoJtaPlatform]
24-Aug-2026 00:44:31.403 INFO [http-nio-8080-exec-6] org.hibernate.resource.transaction.backend.jdbc.internal.DdlTransactionIsolatorNonJtaImpl.getIsolatedConnection HHH10001501: Connection obtained from JdbcConnectionAccess [org.hibernate.engine.jdbc.env.internal.JdbcEnvironmentInitiator$ConnectionProviderJdbcConnectionAccess@55ee96a6] for (non-JTA) DDL execution was not in auto-commit mode; the Connection 'local transaction' will be committed and the Connection will be set into auto-commit mode.
24-Aug-2026 00:56:58.957 INFOS [Thread-1] org.apache.coyote.AbstractProtocol.pause Le gestionnaire de protocole ["http-nio-8080"] est mis en pause
24-Aug-2026 00:56:58.983 INFOS [Thread-1] org.apache.catalina.core.StandardService.stopInternal Arrêt du service [Catalina]
24-Aug-2026 00:56:59.001 AVERTISSEMENT [Thread-1] org.apache.catalina.loader.WebappClassLoaderBase.clearReferencesJdbc L'application web [ROOT] a enregistré un pilote JDBC [com.mysql.cj.jdbc.Driver], mais ne l'a pas désenregistré avant l'arrêt de l'application.  Pour éviter une fuite de mémoire, le pilote JDBC a été désenregistré de force.
24-Aug-2026 00:56:59.003 AVERTISSEMENT [Thread-1] org.apache.catalina.loader.WebappClassLoaderBase.clearReferencesThreads L'application web [ROOT] semble avoir démarré un thread nommé [mysql-cj-abandoned-connection-cleanup] mais ne l'a pas arrêté, ce qui va probablement créer une fuite de mémoire ; la trace du thread est : 
 java.base/jdk.internal.misc.Unsafe.park(Native Method)
 java.base/java.util.concurrent.locks.LockSupport.parkNanos(LockSupport.java:269)
 java.base/java.util.concurrent.locks.AbstractQueuedSynchronizer$ConditionObject.await(AbstractQueuedSynchronizer.java:1886)
 java.base/java.lang.ref.ReferenceQueue.await(ReferenceQueue.java:71)
 java.base/java.lang.ref.ReferenceQueue.remove0(ReferenceQueue.java:143)
 java.base/java.lang.ref.ReferenceQueue.remove(ReferenceQueue.java:218)
 com.mysql.cj.jdbc.AbandonedConnectionCleanupThread.run(AbandonedConnectionCleanupThread.java:93)
 java.base/java.util.concurrent.ThreadPoolExecutor.runWorker(ThreadPoolExecutor.java:1144)
 java.base/java.util.concurrent.ThreadPoolExecutor$Worker.run(ThreadPoolExecutor.java:642)
 java.base/java.lang.Thread.run(Thread.java:1583)
24-Aug-2026 00:56:59.003 AVERTISSEMENT [Thread-1] org.apache.catalina.loader.WebappClassLoaderBase.clearReferencesThreads L'application web [ROOT] semble avoir démarré un thread nommé [Hibernate Connection Pool Validation Thread] mais ne l'a pas arrêté, ce qui va probablement créer une fuite de mémoire ; la trace du thread est : 
 java.base/jdk.internal.misc.Unsafe.park(Native Method)
 java.base/java.util.concurrent.locks.LockSupport.parkNanos(LockSupport.java:269)
 java.base/java.util.concurrent.locks.AbstractQueuedSynchronizer$ConditionObject.awaitNanos(AbstractQueuedSynchronizer.java:1797)
 java.base/java.util.concurrent.ScheduledThreadPoolExecutor$DelayedWorkQueue.take(ScheduledThreadPoolExecutor.java:1182)
 java.base/java.util.concurrent.ScheduledThreadPoolExecutor$DelayedWorkQueue.take(ScheduledThreadPoolExecutor.java:899)
 java.base/java.util.concurrent.ThreadPoolExecutor.getTask(ThreadPoolExecutor.java:1070)
 java.base/java.util.concurrent.ThreadPoolExecutor.runWorker(ThreadPoolExecutor.java:1130)
 java.base/java.util.concurrent.ThreadPoolExecutor$Worker.run(ThreadPoolExecutor.java:642)
 java.base/java.lang.Thread.run(Thread.java:1583)
24-Aug-2026 00:56:59.003 AVERTISSEMENT [Thread-1] org.apache.catalina.loader.WebappClassLoaderBase.clearReferencesThreads L'application web [ROOT] semble avoir démarré un thread nommé [Hibernate Connection Pool Validation Thread] mais ne l'a pas arrêté, ce qui va probablement créer une fuite de mémoire ; la trace du thread est : 
 java.base/jdk.internal.misc.Unsafe.park(Native Method)
 java.base/java.util.concurrent.locks.LockSupport.parkNanos(LockSupport.java:269)
 java.base/java.util.concurrent.locks.AbstractQueuedSynchronizer$ConditionObject.awaitNanos(AbstractQueuedSynchronizer.java:1797)
 java.base/java.util.concurrent.ScheduledThreadPoolExecutor$DelayedWorkQueue.take(ScheduledThreadPoolExecutor.java:1182)
 java.base/java.util.concurrent.ScheduledThreadPoolExecutor$DelayedWorkQueue.take(ScheduledThreadPoolExecutor.java:899)
 java.base/java.util.concurrent.ThreadPoolExecutor.getTask(ThreadPoolExecutor.java:1070)
 java.base/java.util.concurrent.ThreadPoolExecutor.runWorker(ThreadPoolExecutor.java:1130)
 java.base/java.util.concurrent.ThreadPoolExecutor$Worker.run(ThreadPoolExecutor.java:642)
 java.base/java.lang.Thread.run(Thread.java:1583)
24-Aug-2026 00:56:59.003 AVERTISSEMENT [Thread-1] org.apache.catalina.loader.WebappClassLoaderBase.clearReferencesThreads L'application web [ROOT] semble avoir démarré un thread nommé [Hibernate Connection Pool Validation Thread] mais ne l'a pas arrêté, ce qui va probablement créer une fuite de mémoire ; la trace du thread est : 
 java.base/jdk.internal.misc.Unsafe.park(Native Method)
 java.base/java.util.concurrent.locks.LockSupport.parkNanos(LockSupport.java:269)
 java.base/java.util.concurrent.locks.AbstractQueuedSynchronizer$ConditionObject.awaitNanos(AbstractQueuedSynchronizer.java:1797)
 java.base/java.util.concurrent.ScheduledThreadPoolExecutor$DelayedWorkQueue.take(ScheduledThreadPoolExecutor.java:1182)
 java.base/java.util.concurrent.ScheduledThreadPoolExecutor$DelayedWorkQueue.take(ScheduledThreadPoolExecutor.java:899)
 java.base/java.util.concurrent.ThreadPoolExecutor.getTask(ThreadPoolExecutor.java:1070)
 java.base/java.util.concurrent.ThreadPoolExecutor.runWorker(ThreadPoolExecutor.java:1130)
 java.base/java.util.concurrent.ThreadPoolExecutor$Worker.run(ThreadPoolExecutor.java:642)
 java.base/java.lang.Thread.run(Thread.java:1583)
24-Aug-2026 00:56:59.009 AVERTISSEMENT [Thread-1] org.apache.catalina.loader.WebappClassLoaderBase.clearReferencesThreads L'application web [ROOT] semble avoir démarré un thread nommé [Hibernate Connection Pool Validation Thread] mais ne l'a pas arrêté, ce qui va probablement créer une fuite de mémoire ; la trace du thread est : 
 java.base/jdk.internal.misc.Unsafe.park(Native Method)
 java.base/java.util.concurrent.locks.LockSupport.parkNanos(LockSupport.java:269)
 java.base/java.util.concurrent.locks.AbstractQueuedSynchronizer$ConditionObject.awaitNanos(AbstractQueuedSynchronizer.java:1797)
 java.base/java.util.concurrent.ScheduledThreadPoolExecutor$DelayedWorkQueue.take(ScheduledThreadPoolExecutor.java:1182)
 java.base/java.util.concurrent.ScheduledThreadPoolExecutor$DelayedWorkQueue.take(ScheduledThreadPoolExecutor.java:899)
 java.base/java.util.concurrent.ThreadPoolExecutor.getTask(ThreadPoolExecutor.java:1070)
 java.base/java.util.concurrent.ThreadPoolExecutor.runWorker(ThreadPoolExecutor.java:1130)
 java.base/java.util.concurrent.ThreadPoolExecutor$Worker.run(ThreadPoolExecutor.java:642)
 java.base/java.lang.Thread.run(Thread.java:1583)
24-Aug-2026 00:56:59.031 INFOS [Thread-1] org.apache.coyote.AbstractProtocol.stop Arrêt du gestionnaire de protocole ["http-nio-8080"]
24-Aug-2026 00:56:59.041 INFOS [Thread-1] org.apache.coyote.AbstractProtocol.destroy Destruction du gestionnaire de protocole ["http-nio-8080"]
24-Aug-2026 00:57:06.044 INFOS [main] org.apache.catalina.startup.VersionLoggerListener.log Nom version serveur :              Apache Tomcat/10.1.42
24-Aug-2026 00:57:06.057 INFOS [main] org.apache.catalina.startup.VersionLoggerListener.log Serveur compilé :                  Jun 5 2025 22:35:46 UTC
24-Aug-2026 00:57:06.058 INFOS [main] org.apache.catalina.startup.VersionLoggerListener.log Version du serveur :               10.1.42.0
24-Aug-2026 00:57:06.058 INFOS [main] org.apache.catalina.startup.VersionLoggerListener.log Nom de l'OS :                      Windows 11
24-Aug-2026 00:57:06.058 INFOS [main] org.apache.catalina.startup.VersionLoggerListener.log Version OS :                       10.0
24-Aug-2026 00:57:06.058 INFOS [main] org.apache.catalina.startup.VersionLoggerListener.log Architecture :                     amd64
24-Aug-2026 00:57:06.059 INFOS [main] org.apache.catalina.startup.VersionLoggerListener.log Java Home :                        C:\Users\HP\.jdks\jbrsdk_jcef-21.0.9
24-Aug-2026 00:57:06.059 INFOS [main] org.apache.catalina.startup.VersionLoggerListener.log Version JVM :                      21.0.9+1-b1038.75
24-Aug-2026 00:57:06.059 INFOS [main] org.apache.catalina.startup.VersionLoggerListener.log Fournisseur de la JVM :            JetBrains s.r.o.
24-Aug-2026 00:57:06.059 INFOS [main] org.apache.catalina.startup.VersionLoggerListener.log CATALINA_BASE :                    C:\Users\HP\Desktop\samasuker\.smarttomcat
24-Aug-2026 00:57:06.059 INFOS [main] org.apache.catalina.startup.VersionLoggerListener.log CATALINA_HOME :                    C:\Users\HP\Desktop\apache-tomcat-10.1.42
24-Aug-2026 00:57:06.084 INFOS [main] org.apache.catalina.startup.VersionLoggerListener.log Argument de la ligne de commande : --add-opens=java.base/java.lang=ALL-UNNAMED
24-Aug-2026 00:57:06.085 INFOS [main] org.apache.catalina.startup.VersionLoggerListener.log Argument de la ligne de commande : --add-opens=java.base/java.io=ALL-UNNAMED
24-Aug-2026 00:57:06.086 INFOS [main] org.apache.catalina.startup.VersionLoggerListener.log Argument de la ligne de commande : --add-opens=java.base/java.util=ALL-UNNAMED
24-Aug-2026 00:57:06.086 INFOS [main] org.apache.catalina.startup.VersionLoggerListener.log Argument de la ligne de commande : --add-opens=java.base/java.util.concurrent=ALL-UNNAMED
24-Aug-2026 00:57:06.086 INFOS [main] org.apache.catalina.startup.VersionLoggerListener.log Argument de la ligne de commande : --add-opens=java.rmi/sun.rmi.transport=ALL-UNNAMED
24-Aug-2026 00:57:06.086 INFOS [main] org.apache.catalina.startup.VersionLoggerListener.log Argument de la ligne de commande : -Dcatalina.home=C:\Users\HP\Desktop\apache-tomcat-10.1.42
24-Aug-2026 00:57:06.086 INFOS [main] org.apache.catalina.startup.VersionLoggerListener.log Argument de la ligne de commande : -Dcatalina.base=C:\Users\HP\Desktop\samasuker\.smarttomcat
24-Aug-2026 00:57:06.086 INFOS [main] org.apache.catalina.startup.VersionLoggerListener.log Argument de la ligne de commande : -Djava.io.tmpdir=C:\Users\HP\Desktop\samasuker\.smarttomcat\temp
24-Aug-2026 00:57:06.087 INFOS [main] org.apache.catalina.startup.VersionLoggerListener.log Argument de la ligne de commande : -Djava.util.logging.config.file=C:\Users\HP\Desktop\samasuker\.smarttomcat\conf\logging.properties
24-Aug-2026 00:57:06.087 INFOS [main] org.apache.catalina.startup.VersionLoggerListener.log Argument de la ligne de commande : -Djava.util.logging.manager=org.apache.juli.ClassLoaderLogManager
24-Aug-2026 00:57:06.087 INFOS [main] org.apache.catalina.startup.VersionLoggerListener.log Argument de la ligne de commande : -javaagent:C:\Program Files\JetBrains\IntelliJ IDEA 2025.2.2\lib\idea_rt.jar=54364
24-Aug-2026 00:57:06.088 INFOS [main] org.apache.catalina.startup.VersionLoggerListener.log Argument de la ligne de commande : -Dfile.encoding=UTF-8
24-Aug-2026 00:57:06.088 INFOS [main] org.apache.catalina.startup.VersionLoggerListener.log Argument de la ligne de commande : -Dsun.stdout.encoding=UTF-8
24-Aug-2026 00:57:06.088 INFOS [main] org.apache.catalina.startup.VersionLoggerListener.log Argument de la ligne de commande : -Dsun.stderr.encoding=UTF-8
24-Aug-2026 00:57:06.094 INFOS [main] org.apache.catalina.core.AprLifecycleListener.lifecycleEvent Chargement de la librairie Apache Tomcat Native [2.0.9] en utilisant APR version [1.7.6]
24-Aug-2026 00:57:06.107 INFOS [main] org.apache.catalina.core.AprLifecycleListener.initializeSSL OpenSSL a été initialisé avec succès [OpenSSL 3.5.0 8 Apr 2025]
24-Aug-2026 00:57:06.925 INFOS [main] org.apache.coyote.AbstractProtocol.init Initialisation du gestionnaire de protocole ["http-nio-8080"]
24-Aug-2026 00:57:06.974 INFOS [main] org.apache.catalina.startup.Catalina.load L'initialisation du serveur a pris [1487] millisecondes
24-Aug-2026 00:57:07.131 INFOS [main] org.apache.catalina.core.StandardService.startInternal Démarrage du service [Catalina]
24-Aug-2026 00:57:07.133 INFOS [main] org.apache.catalina.core.StandardEngine.startInternal Démarrage du moteur de Servlets : [Apache Tomcat/10.1.42]
24-Aug-2026 00:57:07.184 INFOS [main] org.apache.catalina.startup.HostConfig.deployDescriptor Déploiement du descripteur de configuration [C:\Users\HP\Desktop\samasuker\.smarttomcat\conf\Catalina\localhost\MDD.xml]
24-Aug-2026 00:57:14.089 INFOS [main] org.apache.jasper.servlet.TldScanner.scanJars Au moins un fichier JAR a été analysé pour trouver des TLDs mais il n'en contenait pas, le mode "debug" du journal peut être activé pour obtenir une liste complète de JAR scannés sans succès ; éviter d'analyser des JARs inutilement peut améliorer sensiblement le temps de démarrage et le temps de compilation des JSPs
24-Aug-2026 00:57:14.340 INFOS [main] org.apache.catalina.startup.HostConfig.deployDescriptor Le traitement du descripteur de déploiement [C:\Users\HP\Desktop\samasuker\.smarttomcat\conf\Catalina\localhost\MDD.xml] a pris [7 145] ms
24-Aug-2026 00:57:14.340 INFOS [main] org.apache.catalina.startup.HostConfig.deployDescriptor Déploiement du descripteur de configuration [C:\Users\HP\Desktop\samasuker\.smarttomcat\conf\Catalina\localhost\ROOT.xml]
24-Aug-2026 00:57:19.753 INFOS [main] org.apache.jasper.servlet.TldScanner.scanJars Au moins un fichier JAR a été analysé pour trouver des TLDs mais il n'en contenait pas, le mode "debug" du journal peut être activé pour obtenir une liste complète de JAR scannés sans succès ; éviter d'analyser des JARs inutilement peut améliorer sensiblement le temps de démarrage et le temps de compilation des JSPs
24-Aug-2026 00:57:19.833 INFOS [main] org.apache.catalina.startup.HostConfig.deployDescriptor Le traitement du descripteur de déploiement [C:\Users\HP\Desktop\samasuker\.smarttomcat\conf\Catalina\localhost\ROOT.xml] a pris [5 493] ms
24-Aug-2026 00:57:19.846 INFOS [main] org.apache.coyote.AbstractProtocol.start Démarrage du gestionnaire de protocole ["http-nio-8080"]
24-Aug-2026 00:57:19.906 INFOS [main] org.apache.catalina.startup.Catalina.start Le démarrage du serveur a pris [12927] millisecondes
24-Aug-2026 00:57:41.499 INFO [http-nio-8080-exec-3] org.hibernate.jpa.internal.util.LogHelper.logPersistenceUnitInformation HHH000204: Processing PersistenceUnitInfo [name: glycemiePU]
24-Aug-2026 00:57:42.110 INFO [http-nio-8080-exec-3] org.hibernate.Version.logVersion HHH000412: Hibernate ORM core version 6.2.7.Final
24-Aug-2026 00:57:42.132 INFO [http-nio-8080-exec-3] org.hibernate.cfg.Environment.<clinit> HHH000406: Using bytecode reflection optimizer
24-Aug-2026 00:57:44.282 WARN [http-nio-8080-exec-3] org.hibernate.engine.jdbc.connections.internal.DriverManagerConnectionProviderImpl.configure HHH10001002: Using built-in connection pool (not intended for production use)
24-Aug-2026 00:57:44.310 INFO [http-nio-8080-exec-3] org.hibernate.engine.jdbc.connections.internal.DriverManagerConnectionProviderImpl.buildCreator HHH10001005: Loaded JDBC driver class: com.mysql.cj.jdbc.Driver
24-Aug-2026 00:57:44.310 INFO [http-nio-8080-exec-3] org.hibernate.engine.jdbc.connections.internal.DriverManagerConnectionProviderImpl.buildCreator HHH10001012: Connecting with JDBC URL [jdbc:mysql://localhost:3306/suivi_glycemie_db?useSSL=false&serverTimezone=UTC]
24-Aug-2026 00:57:44.311 INFO [http-nio-8080-exec-3] org.hibernate.engine.jdbc.connections.internal.DriverManagerConnectionProviderImpl.buildCreator HHH10001001: Connection properties: {password=****, user=root}
24-Aug-2026 00:57:44.311 INFO [http-nio-8080-exec-3] org.hibernate.engine.jdbc.connections.internal.DriverManagerConnectionProviderImpl.buildCreator HHH10001003: Autocommit mode: false
24-Aug-2026 00:57:44.335 INFO [http-nio-8080-exec-3] org.hibernate.engine.jdbc.connections.internal.DriverManagerConnectionProviderImpl$PooledConnections.<init> HHH10001115: Connection pool size: 20 (min=1)
24-Aug-2026 00:57:45.781 WARN [http-nio-8080-exec-3] org.hibernate.dialect.Dialect.checkVersion HHH000511: The 5.6.17 version for [org.hibernate.dialect.MySQLDialect] is no longer supported, hence certain features may not work properly. The minimum supported version is 5.7.0. Check the community dialects project for available legacy versions.
24-Aug-2026 00:57:48.385 INFO [http-nio-8080-exec-3] org.hibernate.bytecode.internal.BytecodeProviderInitiator.buildBytecodeProvider HHH000021: Bytecode provider name : bytebuddy
24-Aug-2026 00:57:54.734 INFO [http-nio-8080-exec-3] org.hibernate.engine.transaction.jta.platform.internal.JtaPlatformInitiator.initiateService HHH000490: Using JtaPlatform implementation: [org.hibernate.engine.transaction.jta.platform.internal.NoJtaPlatform]
24-Aug-2026 00:57:54.951 INFO [http-nio-8080-exec-3] org.hibernate.resource.transaction.backend.jdbc.internal.DdlTransactionIsolatorNonJtaImpl.getIsolatedConnection HHH10001501: Connection obtained from JdbcConnectionAccess [org.hibernate.engine.jdbc.env.internal.JdbcEnvironmentInitiator$ConnectionProviderJdbcConnectionAccess@36bea50f] for (non-JTA) DDL execution was not in auto-commit mode; the Connection 'local transaction' will be committed and the Connection will be set into auto-commit mode.
24-Aug-2026 00:57:58.228 INFO [http-nio-8080-exec-5] org.hibernate.jpa.internal.util.LogHelper.logPersistenceUnitInformation HHH000204: Processing PersistenceUnitInfo [name: glycemiePU]
24-Aug-2026 00:57:58.376 WARN [http-nio-8080-exec-5] org.hibernate.engine.jdbc.connections.internal.DriverManagerConnectionProviderImpl.configure HHH10001002: Using built-in connection pool (not intended for production use)
24-Aug-2026 00:57:58.377 INFO [http-nio-8080-exec-5] org.hibernate.engine.jdbc.connections.internal.DriverManagerConnectionProviderImpl.buildCreator HHH10001005: Loaded JDBC driver class: com.mysql.cj.jdbc.Driver
24-Aug-2026 00:57:58.377 INFO [http-nio-8080-exec-5] org.hibernate.engine.jdbc.connections.internal.DriverManagerConnectionProviderImpl.buildCreator HHH10001012: Connecting with JDBC URL [jdbc:mysql://localhost:3306/suivi_glycemie_db?useSSL=false&serverTimezone=UTC]
24-Aug-2026 00:57:58.377 INFO [http-nio-8080-exec-5] org.hibernate.engine.jdbc.connections.internal.DriverManagerConnectionProviderImpl.buildCreator HHH10001001: Connection properties: {password=****, user=root}
24-Aug-2026 00:57:58.377 INFO [http-nio-8080-exec-5] org.hibernate.engine.jdbc.connections.internal.DriverManagerConnectionProviderImpl.buildCreator HHH10001003: Autocommit mode: false
24-Aug-2026 00:57:58.378 INFO [http-nio-8080-exec-5] org.hibernate.engine.jdbc.connections.internal.DriverManagerConnectionProviderImpl$PooledConnections.<init> HHH10001115: Connection pool size: 20 (min=1)
24-Aug-2026 00:57:58.394 WARN [http-nio-8080-exec-5] org.hibernate.dialect.Dialect.checkVersion HHH000511: The 5.6.17 version for [org.hibernate.dialect.MySQLDialect] is no longer supported, hence certain features may not work properly. The minimum supported version is 5.7.0. Check the community dialects project for available legacy versions.
24-Aug-2026 00:57:58.450 INFO [http-nio-8080-exec-5] org.hibernate.bytecode.internal.BytecodeProviderInitiator.buildBytecodeProvider HHH000021: Bytecode provider name : bytebuddy
24-Aug-2026 00:57:58.640 INFO [http-nio-8080-exec-5] org.hibernate.engine.transaction.jta.platform.internal.JtaPlatformInitiator.initiateService HHH000490: Using JtaPlatform implementation: [org.hibernate.engine.transaction.jta.platform.internal.NoJtaPlatform]
24-Aug-2026 00:57:58.642 INFO [http-nio-8080-exec-5] org.hibernate.resource.transaction.backend.jdbc.internal.DdlTransactionIsolatorNonJtaImpl.getIsolatedConnection HHH10001501: Connection obtained from JdbcConnectionAccess [org.hibernate.engine.jdbc.env.internal.JdbcEnvironmentInitiator$ConnectionProviderJdbcConnectionAccess@3ff285a5] for (non-JTA) DDL execution was not in auto-commit mode; the Connection 'local transaction' will be committed and the Connection will be set into auto-commit mode.
24-Aug-2026 00:58:09.504 INFO [http-nio-8080-exec-6] org.hibernate.jpa.internal.util.LogHelper.logPersistenceUnitInformation HHH000204: Processing PersistenceUnitInfo [name: glycemiePU]
24-Aug-2026 00:58:09.666 WARN [http-nio-8080-exec-6] org.hibernate.engine.jdbc.connections.internal.DriverManagerConnectionProviderImpl.configure HHH10001002: Using built-in connection pool (not intended for production use)
24-Aug-2026 00:58:09.667 INFO [http-nio-8080-exec-6] org.hibernate.engine.jdbc.connections.internal.DriverManagerConnectionProviderImpl.buildCreator HHH10001005: Loaded JDBC driver class: com.mysql.cj.jdbc.Driver
24-Aug-2026 00:58:09.667 INFO [http-nio-8080-exec-6] org.hibernate.engine.jdbc.connections.internal.DriverManagerConnectionProviderImpl.buildCreator HHH10001012: Connecting with JDBC URL [jdbc:mysql://localhost:3306/suivi_glycemie_db?useSSL=false&serverTimezone=UTC]
24-Aug-2026 00:58:09.667 INFO [http-nio-8080-exec-6] org.hibernate.engine.jdbc.connections.internal.DriverManagerConnectionProviderImpl.buildCreator HHH10001001: Connection properties: {password=****, user=root}
24-Aug-2026 00:58:09.668 INFO [http-nio-8080-exec-6] org.hibernate.engine.jdbc.connections.internal.DriverManagerConnectionProviderImpl.buildCreator HHH10001003: Autocommit mode: false
24-Aug-2026 00:58:09.668 INFO [http-nio-8080-exec-6] org.hibernate.engine.jdbc.connections.internal.DriverManagerConnectionProviderImpl$PooledConnections.<init> HHH10001115: Connection pool size: 20 (min=1)
24-Aug-2026 00:58:09.682 WARN [http-nio-8080-exec-6] org.hibernate.dialect.Dialect.checkVersion HHH000511: The 5.6.17 version for [org.hibernate.dialect.MySQLDialect] is no longer supported, hence certain features may not work properly. The minimum supported version is 5.7.0. Check the community dialects project for available legacy versions.
24-Aug-2026 00:58:09.745 INFO [http-nio-8080-exec-6] org.hibernate.bytecode.internal.BytecodeProviderInitiator.buildBytecodeProvider HHH000021: Bytecode provider name : bytebuddy
24-Aug-2026 00:58:09.931 INFO [http-nio-8080-exec-6] org.hibernate.engine.transaction.jta.platform.internal.JtaPlatformInitiator.initiateService HHH000490: Using JtaPlatform implementation: [org.hibernate.engine.transaction.jta.platform.internal.NoJtaPlatform]
24-Aug-2026 00:58:09.933 INFO [http-nio-8080-exec-6] org.hibernate.resource.transaction.backend.jdbc.internal.DdlTransactionIsolatorNonJtaImpl.getIsolatedConnection HHH10001501: Connection obtained from JdbcConnectionAccess [org.hibernate.engine.jdbc.env.internal.JdbcEnvironmentInitiator$ConnectionProviderJdbcConnectionAccess@4946cf65] for (non-JTA) DDL execution was not in auto-commit mode; the Connection 'local transaction' will be committed and the Connection will be set into auto-commit mode.
24-Aug-2026 00:59:32.139 INFO [http-nio-8080-exec-2] org.hibernate.jpa.internal.util.LogHelper.logPersistenceUnitInformation HHH000204: Processing PersistenceUnitInfo [name: glycemiePU]
24-Aug-2026 00:59:32.266 WARN [http-nio-8080-exec-2] org.hibernate.engine.jdbc.connections.internal.DriverManagerConnectionProviderImpl.configure HHH10001002: Using built-in connection pool (not intended for production use)
24-Aug-2026 00:59:32.266 INFO [http-nio-8080-exec-2] org.hibernate.engine.jdbc.connections.internal.DriverManagerConnectionProviderImpl.buildCreator HHH10001005: Loaded JDBC driver class: com.mysql.cj.jdbc.Driver
24-Aug-2026 00:59:32.266 INFO [http-nio-8080-exec-2] org.hibernate.engine.jdbc.connections.internal.DriverManagerConnectionProviderImpl.buildCreator HHH10001012: Connecting with JDBC URL [jdbc:mysql://localhost:3306/suivi_glycemie_db?useSSL=false&serverTimezone=UTC]
24-Aug-2026 00:59:32.266 INFO [http-nio-8080-exec-2] org.hibernate.engine.jdbc.connections.internal.DriverManagerConnectionProviderImpl.buildCreator HHH10001001: Connection properties: {password=****, user=root}
24-Aug-2026 00:59:32.266 INFO [http-nio-8080-exec-2] org.hibernate.engine.jdbc.connections.internal.DriverManagerConnectionProviderImpl.buildCreator HHH10001003: Autocommit mode: false
24-Aug-2026 00:59:32.266 INFO [http-nio-8080-exec-2] org.hibernate.engine.jdbc.connections.internal.DriverManagerConnectionProviderImpl$PooledConnections.<init> HHH10001115: Connection pool size: 20 (min=1)
24-Aug-2026 00:59:32.282 WARN [http-nio-8080-exec-2] org.hibernate.dialect.Dialect.checkVersion HHH000511: The 5.6.17 version for [org.hibernate.dialect.MySQLDialect] is no longer supported, hence certain features may not work properly. The minimum supported version is 5.7.0. Check the community dialects project for available legacy versions.
24-Aug-2026 00:59:32.330 INFO [http-nio-8080-exec-2] org.hibernate.bytecode.internal.BytecodeProviderInitiator.buildBytecodeProvider HHH000021: Bytecode provider name : bytebuddy
24-Aug-2026 00:59:32.523 INFO [http-nio-8080-exec-2] org.hibernate.engine.transaction.jta.platform.internal.JtaPlatformInitiator.initiateService HHH000490: Using JtaPlatform implementation: [org.hibernate.engine.transaction.jta.platform.internal.NoJtaPlatform]
24-Aug-2026 00:59:32.523 INFO [http-nio-8080-exec-2] org.hibernate.resource.transaction.backend.jdbc.internal.DdlTransactionIsolatorNonJtaImpl.getIsolatedConnection HHH10001501: Connection obtained from JdbcConnectionAccess [org.hibernate.engine.jdbc.env.internal.JdbcEnvironmentInitiator$ConnectionProviderJdbcConnectionAccess@5dd2abc] for (non-JTA) DDL execution was not in auto-commit mode; the Connection 'local transaction' will be committed and the Connection will be set into auto-commit mode.
24-Aug-2026 01:09:13.620 INFOS [Thread-1] org.apache.coyote.AbstractProtocol.pause Le gestionnaire de protocole ["http-nio-8080"] est mis en pause
24-Aug-2026 01:09:13.648 INFOS [Thread-1] org.apache.catalina.core.StandardService.stopInternal Arrêt du service [Catalina]
24-Aug-2026 01:09:13.667 AVERTISSEMENT [Thread-1] org.apache.catalina.loader.WebappClassLoaderBase.clearReferencesJdbc L'application web [ROOT] a enregistré un pilote JDBC [com.mysql.cj.jdbc.Driver], mais ne l'a pas désenregistré avant l'arrêt de l'application.  Pour éviter une fuite de mémoire, le pilote JDBC a été désenregistré de force.
24-Aug-2026 01:09:13.670 AVERTISSEMENT [Thread-1] org.apache.catalina.loader.WebappClassLoaderBase.clearReferencesThreads L'application web [ROOT] semble avoir démarré un thread nommé [mysql-cj-abandoned-connection-cleanup] mais ne l'a pas arrêté, ce qui va probablement créer une fuite de mémoire ; la trace du thread est : 
 java.base/jdk.internal.misc.Unsafe.park(Native Method)
 java.base/java.util.concurrent.locks.LockSupport.parkNanos(LockSupport.java:269)
 java.base/java.util.concurrent.locks.AbstractQueuedSynchronizer$ConditionObject.await(AbstractQueuedSynchronizer.java:1886)
 java.base/java.lang.ref.ReferenceQueue.await(ReferenceQueue.java:71)
 java.base/java.lang.ref.ReferenceQueue.remove0(ReferenceQueue.java:143)
 java.base/java.lang.ref.ReferenceQueue.remove(ReferenceQueue.java:218)
 com.mysql.cj.jdbc.AbandonedConnectionCleanupThread.run(AbandonedConnectionCleanupThread.java:93)
 java.base/java.util.concurrent.ThreadPoolExecutor.runWorker(ThreadPoolExecutor.java:1144)
 java.base/java.util.concurrent.ThreadPoolExecutor$Worker.run(ThreadPoolExecutor.java:642)
 java.base/java.lang.Thread.run(Thread.java:1583)
24-Aug-2026 01:09:13.672 AVERTISSEMENT [Thread-1] org.apache.catalina.loader.WebappClassLoaderBase.clearReferencesThreads L'application web [ROOT] semble avoir démarré un thread nommé [Hibernate Connection Pool Validation Thread] mais ne l'a pas arrêté, ce qui va probablement créer une fuite de mémoire ; la trace du thread est : 
 java.base/jdk.internal.misc.Unsafe.park(Native Method)
 java.base/java.util.concurrent.locks.LockSupport.parkNanos(LockSupport.java:269)
 java.base/java.util.concurrent.locks.AbstractQueuedSynchronizer$ConditionObject.awaitNanos(AbstractQueuedSynchronizer.java:1797)
 java.base/java.util.concurrent.ScheduledThreadPoolExecutor$DelayedWorkQueue.take(ScheduledThreadPoolExecutor.java:1182)
 java.base/java.util.concurrent.ScheduledThreadPoolExecutor$DelayedWorkQueue.take(ScheduledThreadPoolExecutor.java:899)
 java.base/java.util.concurrent.ThreadPoolExecutor.getTask(ThreadPoolExecutor.java:1070)
 java.base/java.util.concurrent.ThreadPoolExecutor.runWorker(ThreadPoolExecutor.java:1130)
 java.base/java.util.concurrent.ThreadPoolExecutor$Worker.run(ThreadPoolExecutor.java:642)
 java.base/java.lang.Thread.run(Thread.java:1583)
24-Aug-2026 01:09:13.673 AVERTISSEMENT [Thread-1] org.apache.catalina.loader.WebappClassLoaderBase.clearReferencesThreads L'application web [ROOT] semble avoir démarré un thread nommé [Hibernate Connection Pool Validation Thread] mais ne l'a pas arrêté, ce qui va probablement créer une fuite de mémoire ; la trace du thread est : 
 java.base/jdk.internal.misc.Unsafe.park(Native Method)
 java.base/java.util.concurrent.locks.LockSupport.parkNanos(LockSupport.java:269)
 java.base/java.util.concurrent.locks.AbstractQueuedSynchronizer$ConditionObject.awaitNanos(AbstractQueuedSynchronizer.java:1797)
 java.base/java.util.concurrent.ScheduledThreadPoolExecutor$DelayedWorkQueue.take(ScheduledThreadPoolExecutor.java:1182)
 java.base/java.util.concurrent.ScheduledThreadPoolExecutor$DelayedWorkQueue.take(ScheduledThreadPoolExecutor.java:899)
 java.base/java.util.concurrent.ThreadPoolExecutor.getTask(ThreadPoolExecutor.java:1070)
 java.base/java.util.concurrent.ThreadPoolExecutor.runWorker(ThreadPoolExecutor.java:1130)
 java.base/java.util.concurrent.ThreadPoolExecutor$Worker.run(ThreadPoolExecutor.java:642)
 java.base/java.lang.Thread.run(Thread.java:1583)
24-Aug-2026 01:09:13.674 AVERTISSEMENT [Thread-1] org.apache.catalina.loader.WebappClassLoaderBase.clearReferencesThreads L'application web [ROOT] semble avoir démarré un thread nommé [Hibernate Connection Pool Validation Thread] mais ne l'a pas arrêté, ce qui va probablement créer une fuite de mémoire ; la trace du thread est : 
 java.base/jdk.internal.misc.Unsafe.park(Native Method)
 java.base/java.util.concurrent.locks.LockSupport.parkNanos(LockSupport.java:269)
 java.base/java.util.concurrent.locks.AbstractQueuedSynchronizer$ConditionObject.awaitNanos(AbstractQueuedSynchronizer.java:1797)
 java.base/java.util.concurrent.ScheduledThreadPoolExecutor$DelayedWorkQueue.take(ScheduledThreadPoolExecutor.java:1182)
 java.base/java.util.concurrent.ScheduledThreadPoolExecutor$DelayedWorkQueue.take(ScheduledThreadPoolExecutor.java:899)
 java.base/java.util.concurrent.ThreadPoolExecutor.getTask(ThreadPoolExecutor.java:1070)
 java.base/java.util.concurrent.ThreadPoolExecutor.runWorker(ThreadPoolExecutor.java:1130)
 java.base/java.util.concurrent.ThreadPoolExecutor$Worker.run(ThreadPoolExecutor.java:642)
 java.base/java.lang.Thread.run(Thread.java:1583)
24-Aug-2026 01:09:13.675 AVERTISSEMENT [Thread-1] org.apache.catalina.loader.WebappClassLoaderBase.clearReferencesThreads L'application web [ROOT] semble avoir démarré un thread nommé [Hibernate Connection Pool Validation Thread] mais ne l'a pas arrêté, ce qui va probablement créer une fuite de mémoire ; la trace du thread est : 
 java.base/jdk.internal.misc.Unsafe.park(Native Method)
 java.base/java.util.concurrent.locks.LockSupport.parkNanos(LockSupport.java:269)
 java.base/java.util.concurrent.locks.AbstractQueuedSynchronizer$ConditionObject.awaitNanos(AbstractQueuedSynchronizer.java:1797)
 java.base/java.util.concurrent.ScheduledThreadPoolExecutor$DelayedWorkQueue.take(ScheduledThreadPoolExecutor.java:1182)
 java.base/java.util.concurrent.ScheduledThreadPoolExecutor$DelayedWorkQueue.take(ScheduledThreadPoolExecutor.java:899)
 java.base/java.util.concurrent.ThreadPoolExecutor.getTask(ThreadPoolExecutor.java:1070)
 java.base/java.util.concurrent.ThreadPoolExecutor.runWorker(ThreadPoolExecutor.java:1130)
 java.base/java.util.concurrent.ThreadPoolExecutor$Worker.run(ThreadPoolExecutor.java:642)
 java.base/java.lang.Thread.run(Thread.java:1583)
24-Aug-2026 01:09:13.706 INFOS [Thread-1] org.apache.coyote.AbstractProtocol.stop Arrêt du gestionnaire de protocole ["http-nio-8080"]
24-Aug-2026 01:09:13.726 INFOS [Thread-1] org.apache.coyote.AbstractProtocol.destroy Destruction du gestionnaire de protocole ["http-nio-8080"]
24-Aug-2026 01:09:26.571 INFOS [main] org.apache.catalina.startup.VersionLoggerListener.log Nom version serveur :              Apache Tomcat/10.1.42
24-Aug-2026 01:09:26.578 INFOS [main] org.apache.catalina.startup.VersionLoggerListener.log Serveur compilé :                  Jun 5 2025 22:35:46 UTC
24-Aug-2026 01:09:26.578 INFOS [main] org.apache.catalina.startup.VersionLoggerListener.log Version du serveur :               10.1.42.0
24-Aug-2026 01:09:26.578 INFOS [main] org.apache.catalina.startup.VersionLoggerListener.log Nom de l'OS :                      Windows 11
24-Aug-2026 01:09:26.578 INFOS [main] org.apache.catalina.startup.VersionLoggerListener.log Version OS :                       10.0
24-Aug-2026 01:09:26.579 INFOS [main] org.apache.catalina.startup.VersionLoggerListener.log Architecture :                     amd64
24-Aug-2026 01:09:26.579 INFOS [main] org.apache.catalina.startup.VersionLoggerListener.log Java Home :                        C:\Users\HP\.jdks\jbrsdk_jcef-21.0.9
24-Aug-2026 01:09:26.579 INFOS [main] org.apache.catalina.startup.VersionLoggerListener.log Version JVM :                      21.0.9+1-b1038.75
24-Aug-2026 01:09:26.579 INFOS [main] org.apache.catalina.startup.VersionLoggerListener.log Fournisseur de la JVM :            JetBrains s.r.o.
24-Aug-2026 01:09:26.579 INFOS [main] org.apache.catalina.startup.VersionLoggerListener.log CATALINA_BASE :                    C:\Users\HP\Desktop\samasuker\.smarttomcat
24-Aug-2026 01:09:26.579 INFOS [main] org.apache.catalina.startup.VersionLoggerListener.log CATALINA_HOME :                    C:\Users\HP\Desktop\apache-tomcat-10.1.42
24-Aug-2026 01:09:26.601 INFOS [main] org.apache.catalina.startup.VersionLoggerListener.log Argument de la ligne de commande : --add-opens=java.base/java.lang=ALL-UNNAMED
24-Aug-2026 01:09:26.601 INFOS [main] org.apache.catalina.startup.VersionLoggerListener.log Argument de la ligne de commande : --add-opens=java.base/java.io=ALL-UNNAMED
24-Aug-2026 01:09:26.601 INFOS [main] org.apache.catalina.startup.VersionLoggerListener.log Argument de la ligne de commande : --add-opens=java.base/java.util=ALL-UNNAMED
24-Aug-2026 01:09:26.601 INFOS [main] org.apache.catalina.startup.VersionLoggerListener.log Argument de la ligne de commande : --add-opens=java.base/java.util.concurrent=ALL-UNNAMED
24-Aug-2026 01:09:26.601 INFOS [main] org.apache.catalina.startup.VersionLoggerListener.log Argument de la ligne de commande : --add-opens=java.rmi/sun.rmi.transport=ALL-UNNAMED
24-Aug-2026 01:09:26.601 INFOS [main] org.apache.catalina.startup.VersionLoggerListener.log Argument de la ligne de commande : -Dcatalina.home=C:\Users\HP\Desktop\apache-tomcat-10.1.42
24-Aug-2026 01:09:26.602 INFOS [main] org.apache.catalina.startup.VersionLoggerListener.log Argument de la ligne de commande : -Dcatalina.base=C:\Users\HP\Desktop\samasuker\.smarttomcat
24-Aug-2026 01:09:26.602 INFOS [main] org.apache.catalina.startup.VersionLoggerListener.log Argument de la ligne de commande : -Djava.io.tmpdir=C:\Users\HP\Desktop\samasuker\.smarttomcat\temp
24-Aug-2026 01:09:26.602 INFOS [main] org.apache.catalina.startup.VersionLoggerListener.log Argument de la ligne de commande : -Djava.util.logging.config.file=C:\Users\HP\Desktop\samasuker\.smarttomcat\conf\logging.properties
24-Aug-2026 01:09:26.602 INFOS [main] org.apache.catalina.startup.VersionLoggerListener.log Argument de la ligne de commande : -Djava.util.logging.manager=org.apache.juli.ClassLoaderLogManager
24-Aug-2026 01:09:26.602 INFOS [main] org.apache.catalina.startup.VersionLoggerListener.log Argument de la ligne de commande : -javaagent:C:\Program Files\JetBrains\IntelliJ IDEA 2025.2.2\lib\idea_rt.jar=64929
24-Aug-2026 01:09:26.602 INFOS [main] org.apache.catalina.startup.VersionLoggerListener.log Argument de la ligne de commande : -Dfile.encoding=UTF-8
24-Aug-2026 01:09:26.602 INFOS [main] org.apache.catalina.startup.VersionLoggerListener.log Argument de la ligne de commande : -Dsun.stdout.encoding=UTF-8
24-Aug-2026 01:09:26.602 INFOS [main] org.apache.catalina.startup.VersionLoggerListener.log Argument de la ligne de commande : -Dsun.stderr.encoding=UTF-8
24-Aug-2026 01:09:26.662 INFOS [main] org.apache.catalina.core.AprLifecycleListener.lifecycleEvent Chargement de la librairie Apache Tomcat Native [2.0.9] en utilisant APR version [1.7.6]
24-Aug-2026 01:09:26.674 INFOS [main] org.apache.catalina.core.AprLifecycleListener.initializeSSL OpenSSL a été initialisé avec succès [OpenSSL 3.5.0 8 Apr 2025]
24-Aug-2026 01:09:27.361 INFOS [main] org.apache.coyote.AbstractProtocol.init Initialisation du gestionnaire de protocole ["http-nio-8080"]
24-Aug-2026 01:09:27.394 INFOS [main] org.apache.catalina.startup.Catalina.load L'initialisation du serveur a pris [1355] millisecondes
24-Aug-2026 01:09:27.527 INFOS [main] org.apache.catalina.core.StandardService.startInternal Démarrage du service [Catalina]
24-Aug-2026 01:09:27.527 INFOS [main] org.apache.catalina.core.StandardEngine.startInternal Démarrage du moteur de Servlets : [Apache Tomcat/10.1.42]
24-Aug-2026 01:09:27.558 INFOS [main] org.apache.catalina.startup.HostConfig.deployDescriptor Déploiement du descripteur de configuration [C:\Users\HP\Desktop\samasuker\.smarttomcat\conf\Catalina\localhost\MDD.xml]
24-Aug-2026 01:09:36.152 INFOS [main] org.apache.jasper.servlet.TldScanner.scanJars Au moins un fichier JAR a été analysé pour trouver des TLDs mais il n'en contenait pas, le mode "debug" du journal peut être activé pour obtenir une liste complète de JAR scannés sans succès ; éviter d'analyser des JARs inutilement peut améliorer sensiblement le temps de démarrage et le temps de compilation des JSPs
24-Aug-2026 01:09:36.423 INFOS [main] org.apache.catalina.startup.HostConfig.deployDescriptor Le traitement du descripteur de déploiement [C:\Users\HP\Desktop\samasuker\.smarttomcat\conf\Catalina\localhost\MDD.xml] a pris [8 856] ms
24-Aug-2026 01:09:36.423 INFOS [main] org.apache.catalina.startup.HostConfig.deployDescriptor Déploiement du descripteur de configuration [C:\Users\HP\Desktop\samasuker\.smarttomcat\conf\Catalina\localhost\ROOT.xml]
24-Aug-2026 01:09:43.203 INFOS [main] org.apache.jasper.servlet.TldScanner.scanJars Au moins un fichier JAR a été analysé pour trouver des TLDs mais il n'en contenait pas, le mode "debug" du journal peut être activé pour obtenir une liste complète de JAR scannés sans succès ; éviter d'analyser des JARs inutilement peut améliorer sensiblement le temps de démarrage et le temps de compilation des JSPs
24-Aug-2026 01:09:43.296 INFOS [main] org.apache.catalina.startup.HostConfig.deployDescriptor Le traitement du descripteur de déploiement [C:\Users\HP\Desktop\samasuker\.smarttomcat\conf\Catalina\localhost\ROOT.xml] a pris [6 872] ms
24-Aug-2026 01:09:43.313 INFOS [main] org.apache.coyote.AbstractProtocol.start Démarrage du gestionnaire de protocole ["http-nio-8080"]
24-Aug-2026 01:09:43.380 INFOS [main] org.apache.catalina.startup.Catalina.start Le démarrage du serveur a pris [15983] millisecondes
24-Aug-2026 01:09:57.529 INFO [http-nio-8080-exec-3] org.hibernate.jpa.internal.util.LogHelper.logPersistenceUnitInformation HHH000204: Processing PersistenceUnitInfo [name: glycemiePU]
24-Aug-2026 01:09:58.281 INFO [http-nio-8080-exec-3] org.hibernate.Version.logVersion HHH000412: Hibernate ORM core version 6.2.7.Final
24-Aug-2026 01:09:58.289 INFO [http-nio-8080-exec-3] org.hibernate.cfg.Environment.<clinit> HHH000406: Using bytecode reflection optimizer
24-Aug-2026 01:10:00.229 WARN [http-nio-8080-exec-3] org.hibernate.engine.jdbc.connections.internal.DriverManagerConnectionProviderImpl.configure HHH10001002: Using built-in connection pool (not intended for production use)
24-Aug-2026 01:10:00.258 INFO [http-nio-8080-exec-3] org.hibernate.engine.jdbc.connections.internal.DriverManagerConnectionProviderImpl.buildCreator HHH10001005: Loaded JDBC driver class: com.mysql.cj.jdbc.Driver
24-Aug-2026 01:10:00.259 INFO [http-nio-8080-exec-3] org.hibernate.engine.jdbc.connections.internal.DriverManagerConnectionProviderImpl.buildCreator HHH10001012: Connecting with JDBC URL [jdbc:mysql://localhost:3306/suivi_glycemie_db?useSSL=false&serverTimezone=UTC]
24-Aug-2026 01:10:00.259 INFO [http-nio-8080-exec-3] org.hibernate.engine.jdbc.connections.internal.DriverManagerConnectionProviderImpl.buildCreator HHH10001001: Connection properties: {password=****, user=root}
24-Aug-2026 01:10:00.260 INFO [http-nio-8080-exec-3] org.hibernate.engine.jdbc.connections.internal.DriverManagerConnectionProviderImpl.buildCreator HHH10001003: Autocommit mode: false
24-Aug-2026 01:10:00.285 INFO [http-nio-8080-exec-3] org.hibernate.engine.jdbc.connections.internal.DriverManagerConnectionProviderImpl$PooledConnections.<init> HHH10001115: Connection pool size: 20 (min=1)
24-Aug-2026 01:10:01.562 WARN [http-nio-8080-exec-3] org.hibernate.dialect.Dialect.checkVersion HHH000511: The 5.6.17 version for [org.hibernate.dialect.MySQLDialect] is no longer supported, hence certain features may not work properly. The minimum supported version is 5.7.0. Check the community dialects project for available legacy versions.
24-Aug-2026 01:10:04.005 INFO [http-nio-8080-exec-3] org.hibernate.bytecode.internal.BytecodeProviderInitiator.buildBytecodeProvider HHH000021: Bytecode provider name : bytebuddy
24-Aug-2026 01:10:11.713 INFO [http-nio-8080-exec-3] org.hibernate.engine.transaction.jta.platform.internal.JtaPlatformInitiator.initiateService HHH000490: Using JtaPlatform implementation: [org.hibernate.engine.transaction.jta.platform.internal.NoJtaPlatform]
24-Aug-2026 01:10:11.953 INFO [http-nio-8080-exec-3] org.hibernate.resource.transaction.backend.jdbc.internal.DdlTransactionIsolatorNonJtaImpl.getIsolatedConnection HHH10001501: Connection obtained from JdbcConnectionAccess [org.hibernate.engine.jdbc.env.internal.JdbcEnvironmentInitiator$ConnectionProviderJdbcConnectionAccess@2f75089a] for (non-JTA) DDL execution was not in auto-commit mode; the Connection 'local transaction' will be committed and the Connection will be set into auto-commit mode.
24-Aug-2026 01:10:15.354 INFO [http-nio-8080-exec-5] org.hibernate.jpa.internal.util.LogHelper.logPersistenceUnitInformation HHH000204: Processing PersistenceUnitInfo [name: glycemiePU]
24-Aug-2026 01:10:15.518 WARN [http-nio-8080-exec-5] org.hibernate.engine.jdbc.connections.internal.DriverManagerConnectionProviderImpl.configure HHH10001002: Using built-in connection pool (not intended for production use)
24-Aug-2026 01:10:15.519 INFO [http-nio-8080-exec-5] org.hibernate.engine.jdbc.connections.internal.DriverManagerConnectionProviderImpl.buildCreator HHH10001005: Loaded JDBC driver class: com.mysql.cj.jdbc.Driver
24-Aug-2026 01:10:15.519 INFO [http-nio-8080-exec-5] org.hibernate.engine.jdbc.connections.internal.DriverManagerConnectionProviderImpl.buildCreator HHH10001012: Connecting with JDBC URL [jdbc:mysql://localhost:3306/suivi_glycemie_db?useSSL=false&serverTimezone=UTC]
24-Aug-2026 01:10:15.520 INFO [http-nio-8080-exec-5] org.hibernate.engine.jdbc.connections.internal.DriverManagerConnectionProviderImpl.buildCreator HHH10001001: Connection properties: {password=****, user=root}
24-Aug-2026 01:10:15.520 INFO [http-nio-8080-exec-5] org.hibernate.engine.jdbc.connections.internal.DriverManagerConnectionProviderImpl.buildCreator HHH10001003: Autocommit mode: false
24-Aug-2026 01:10:15.521 INFO [http-nio-8080-exec-5] org.hibernate.engine.jdbc.connections.internal.DriverManagerConnectionProviderImpl$PooledConnections.<init> HHH10001115: Connection pool size: 20 (min=1)
24-Aug-2026 01:10:15.536 WARN [http-nio-8080-exec-5] org.hibernate.dialect.Dialect.checkVersion HHH000511: The 5.6.17 version for [org.hibernate.dialect.MySQLDialect] is no longer supported, hence certain features may not work properly. The minimum supported version is 5.7.0. Check the community dialects project for available legacy versions.
24-Aug-2026 01:10:15.606 INFO [http-nio-8080-exec-5] org.hibernate.bytecode.internal.BytecodeProviderInitiator.buildBytecodeProvider HHH000021: Bytecode provider name : bytebuddy
24-Aug-2026 01:10:15.869 INFO [http-nio-8080-exec-5] org.hibernate.engine.transaction.jta.platform.internal.JtaPlatformInitiator.initiateService HHH000490: Using JtaPlatform implementation: [org.hibernate.engine.transaction.jta.platform.internal.NoJtaPlatform]
24-Aug-2026 01:10:15.871 INFO [http-nio-8080-exec-5] org.hibernate.resource.transaction.backend.jdbc.internal.DdlTransactionIsolatorNonJtaImpl.getIsolatedConnection HHH10001501: Connection obtained from JdbcConnectionAccess [org.hibernate.engine.jdbc.env.internal.JdbcEnvironmentInitiator$ConnectionProviderJdbcConnectionAccess@4b93b239] for (non-JTA) DDL execution was not in auto-commit mode; the Connection 'local transaction' will be committed and the Connection will be set into auto-commit mode.
24-Aug-2026 01:10:28.262 INFO [http-nio-8080-exec-7] org.hibernate.jpa.internal.util.LogHelper.logPersistenceUnitInformation HHH000204: Processing PersistenceUnitInfo [name: glycemiePU]
24-Aug-2026 01:10:28.384 WARN [http-nio-8080-exec-7] org.hibernate.engine.jdbc.connections.internal.DriverManagerConnectionProviderImpl.configure HHH10001002: Using built-in connection pool (not intended for production use)
24-Aug-2026 01:10:28.385 INFO [http-nio-8080-exec-7] org.hibernate.engine.jdbc.connections.internal.DriverManagerConnectionProviderImpl.buildCreator HHH10001005: Loaded JDBC driver class: com.mysql.cj.jdbc.Driver
24-Aug-2026 01:10:28.385 INFO [http-nio-8080-exec-7] org.hibernate.engine.jdbc.connections.internal.DriverManagerConnectionProviderImpl.buildCreator HHH10001012: Connecting with JDBC URL [jdbc:mysql://localhost:3306/suivi_glycemie_db?useSSL=false&serverTimezone=UTC]
24-Aug-2026 01:10:28.385 INFO [http-nio-8080-exec-7] org.hibernate.engine.jdbc.connections.internal.DriverManagerConnectionProviderImpl.buildCreator HHH10001001: Connection properties: {password=****, user=root}
24-Aug-2026 01:10:28.386 INFO [http-nio-8080-exec-7] org.hibernate.engine.jdbc.connections.internal.DriverManagerConnectionProviderImpl.buildCreator HHH10001003: Autocommit mode: false
24-Aug-2026 01:10:28.386 INFO [http-nio-8080-exec-7] org.hibernate.engine.jdbc.connections.internal.DriverManagerConnectionProviderImpl$PooledConnections.<init> HHH10001115: Connection pool size: 20 (min=1)
24-Aug-2026 01:10:28.399 WARN [http-nio-8080-exec-7] org.hibernate.dialect.Dialect.checkVersion HHH000511: The 5.6.17 version for [org.hibernate.dialect.MySQLDialect] is no longer supported, hence certain features may not work properly. The minimum supported version is 5.7.0. Check the community dialects project for available legacy versions.
24-Aug-2026 01:10:28.453 INFO [http-nio-8080-exec-7] org.hibernate.bytecode.internal.BytecodeProviderInitiator.buildBytecodeProvider HHH000021: Bytecode provider name : bytebuddy
24-Aug-2026 01:10:28.610 INFO [http-nio-8080-exec-7] org.hibernate.engine.transaction.jta.platform.internal.JtaPlatformInitiator.initiateService HHH000490: Using JtaPlatform implementation: [org.hibernate.engine.transaction.jta.platform.internal.NoJtaPlatform]
24-Aug-2026 01:10:28.613 INFO [http-nio-8080-exec-7] org.hibernate.resource.transaction.backend.jdbc.internal.DdlTransactionIsolatorNonJtaImpl.getIsolatedConnection HHH10001501: Connection obtained from JdbcConnectionAccess [org.hibernate.engine.jdbc.env.internal.JdbcEnvironmentInitiator$ConnectionProviderJdbcConnectionAccess@4988ba88] for (non-JTA) DDL execution was not in auto-commit mode; the Connection 'local transaction' will be committed and the Connection will be set into auto-commit mode.
24-Aug-2026 01:13:10.793 INFOS [Thread-1] org.apache.coyote.AbstractProtocol.pause Le gestionnaire de protocole ["http-nio-8080"] est mis en pause
24-Aug-2026 01:13:10.825 INFOS [Thread-1] org.apache.catalina.core.StandardService.stopInternal Arrêt du service [Catalina]
24-Aug-2026 01:13:10.846 AVERTISSEMENT [Thread-1] org.apache.catalina.loader.WebappClassLoaderBase.clearReferencesJdbc L'application web [ROOT] a enregistré un pilote JDBC [com.mysql.cj.jdbc.Driver], mais ne l'a pas désenregistré avant l'arrêt de l'application.  Pour éviter une fuite de mémoire, le pilote JDBC a été désenregistré de force.
24-Aug-2026 01:13:10.848 AVERTISSEMENT [Thread-1] org.apache.catalina.loader.WebappClassLoaderBase.clearReferencesThreads L'application web [ROOT] semble avoir démarré un thread nommé [mysql-cj-abandoned-connection-cleanup] mais ne l'a pas arrêté, ce qui va probablement créer une fuite de mémoire ; la trace du thread est : 
 java.base/jdk.internal.misc.Unsafe.park(Native Method)
 java.base/java.util.concurrent.locks.LockSupport.parkNanos(LockSupport.java:269)
 java.base/java.util.concurrent.locks.AbstractQueuedSynchronizer$ConditionObject.await(AbstractQueuedSynchronizer.java:1886)
 java.base/java.lang.ref.ReferenceQueue.await(ReferenceQueue.java:71)
 java.base/java.lang.ref.ReferenceQueue.remove0(ReferenceQueue.java:143)
 java.base/java.lang.ref.ReferenceQueue.remove(ReferenceQueue.java:218)
 com.mysql.cj.jdbc.AbandonedConnectionCleanupThread.run(AbandonedConnectionCleanupThread.java:93)
 java.base/java.util.concurrent.ThreadPoolExecutor.runWorker(ThreadPoolExecutor.java:1144)
 java.base/java.util.concurrent.ThreadPoolExecutor$Worker.run(ThreadPoolExecutor.java:642)
 java.base/java.lang.Thread.run(Thread.java:1583)
24-Aug-2026 01:13:10.849 AVERTISSEMENT [Thread-1] org.apache.catalina.loader.WebappClassLoaderBase.clearReferencesThreads L'application web [ROOT] semble avoir démarré un thread nommé [Hibernate Connection Pool Validation Thread] mais ne l'a pas arrêté, ce qui va probablement créer une fuite de mémoire ; la trace du thread est : 
 java.base/jdk.internal.misc.Unsafe.park(Native Method)
 java.base/java.util.concurrent.locks.LockSupport.parkNanos(LockSupport.java:269)
 java.base/java.util.concurrent.locks.AbstractQueuedSynchronizer$ConditionObject.awaitNanos(AbstractQueuedSynchronizer.java:1797)
 java.base/java.util.concurrent.ScheduledThreadPoolExecutor$DelayedWorkQueue.take(ScheduledThreadPoolExecutor.java:1182)
 java.base/java.util.concurrent.ScheduledThreadPoolExecutor$DelayedWorkQueue.take(ScheduledThreadPoolExecutor.java:899)
 java.base/java.util.concurrent.ThreadPoolExecutor.getTask(ThreadPoolExecutor.java:1070)
 java.base/java.util.concurrent.ThreadPoolExecutor.runWorker(ThreadPoolExecutor.java:1130)
 java.base/java.util.concurrent.ThreadPoolExecutor$Worker.run(ThreadPoolExecutor.java:642)
 java.base/java.lang.Thread.run(Thread.java:1583)
24-Aug-2026 01:13:10.849 AVERTISSEMENT [Thread-1] org.apache.catalina.loader.WebappClassLoaderBase.clearReferencesThreads L'application web [ROOT] semble avoir démarré un thread nommé [Hibernate Connection Pool Validation Thread] mais ne l'a pas arrêté, ce qui va probablement créer une fuite de mémoire ; la trace du thread est : 
 java.base/jdk.internal.misc.Unsafe.park(Native Method)
 java.base/java.util.concurrent.locks.LockSupport.parkNanos(LockSupport.java:269)
 java.base/java.util.concurrent.locks.AbstractQueuedSynchronizer$ConditionObject.awaitNanos(AbstractQueuedSynchronizer.java:1797)
 java.base/java.util.concurrent.ScheduledThreadPoolExecutor$DelayedWorkQueue.take(ScheduledThreadPoolExecutor.java:1182)
 java.base/java.util.concurrent.ScheduledThreadPoolExecutor$DelayedWorkQueue.take(ScheduledThreadPoolExecutor.java:899)
 java.base/java.util.concurrent.ThreadPoolExecutor.getTask(ThreadPoolExecutor.java:1070)
 java.base/java.util.concurrent.ThreadPoolExecutor.runWorker(ThreadPoolExecutor.java:1130)
 java.base/java.util.concurrent.ThreadPoolExecutor$Worker.run(ThreadPoolExecutor.java:642)
 java.base/java.lang.Thread.run(Thread.java:1583)
24-Aug-2026 01:13:10.850 AVERTISSEMENT [Thread-1] org.apache.catalina.loader.WebappClassLoaderBase.clearReferencesThreads L'application web [ROOT] semble avoir démarré un thread nommé [Hibernate Connection Pool Validation Thread] mais ne l'a pas arrêté, ce qui va probablement créer une fuite de mémoire ; la trace du thread est : 
 java.base/jdk.internal.misc.Unsafe.park(Native Method)
 java.base/java.util.concurrent.locks.LockSupport.parkNanos(LockSupport.java:269)
 java.base/java.util.concurrent.locks.AbstractQueuedSynchronizer$ConditionObject.awaitNanos(AbstractQueuedSynchronizer.java:1797)
 java.base/java.util.concurrent.ScheduledThreadPoolExecutor$DelayedWorkQueue.take(ScheduledThreadPoolExecutor.java:1182)
 java.base/java.util.concurrent.ScheduledThreadPoolExecutor$DelayedWorkQueue.take(ScheduledThreadPoolExecutor.java:899)
 java.base/java.util.concurrent.ThreadPoolExecutor.getTask(ThreadPoolExecutor.java:1070)
 java.base/java.util.concurrent.ThreadPoolExecutor.runWorker(ThreadPoolExecutor.java:1130)
 java.base/java.util.concurrent.ThreadPoolExecutor$Worker.run(ThreadPoolExecutor.java:642)
 java.base/java.lang.Thread.run(Thread.java:1583)
24-Aug-2026 01:13:10.884 INFOS [Thread-1] org.apache.coyote.AbstractProtocol.stop Arrêt du gestionnaire de protocole ["http-nio-8080"]
24-Aug-2026 01:13:10.897 INFOS [Thread-1] org.apache.coyote.AbstractProtocol.destroy Destruction du gestionnaire de protocole ["http-nio-8080"]
24-Aug-2026 01:13:20.291 INFOS [main] org.apache.catalina.startup.VersionLoggerListener.log Nom version serveur :              Apache Tomcat/10.1.42
24-Aug-2026 01:13:20.329 INFOS [main] org.apache.catalina.startup.VersionLoggerListener.log Serveur compilé :                  Jun 5 2025 22:35:46 UTC
24-Aug-2026 01:13:20.330 INFOS [main] org.apache.catalina.startup.VersionLoggerListener.log Version du serveur :               10.1.42.0
24-Aug-2026 01:13:20.331 INFOS [main] org.apache.catalina.startup.VersionLoggerListener.log Nom de l'OS :                      Windows 11
24-Aug-2026 01:13:20.331 INFOS [main] org.apache.catalina.startup.VersionLoggerListener.log Version OS :                       10.0
24-Aug-2026 01:13:20.331 INFOS [main] org.apache.catalina.startup.VersionLoggerListener.log Architecture :                     amd64
24-Aug-2026 01:13:20.332 INFOS [main] org.apache.catalina.startup.VersionLoggerListener.log Java Home :                        C:\Users\HP\.jdks\jbrsdk_jcef-21.0.9
24-Aug-2026 01:13:20.332 INFOS [main] org.apache.catalina.startup.VersionLoggerListener.log Version JVM :                      21.0.9+1-b1038.75
24-Aug-2026 01:13:20.332 INFOS [main] org.apache.catalina.startup.VersionLoggerListener.log Fournisseur de la JVM :            JetBrains s.r.o.
24-Aug-2026 01:13:20.332 INFOS [main] org.apache.catalina.startup.VersionLoggerListener.log CATALINA_BASE :                    C:\Users\HP\Desktop\samasuker\.smarttomcat
24-Aug-2026 01:13:20.332 INFOS [main] org.apache.catalina.startup.VersionLoggerListener.log CATALINA_HOME :                    C:\Users\HP\Desktop\apache-tomcat-10.1.42
24-Aug-2026 01:13:20.398 INFOS [main] org.apache.catalina.startup.VersionLoggerListener.log Argument de la ligne de commande : --add-opens=java.base/java.lang=ALL-UNNAMED
24-Aug-2026 01:13:20.398 INFOS [main] org.apache.catalina.startup.VersionLoggerListener.log Argument de la ligne de commande : --add-opens=java.base/java.io=ALL-UNNAMED
24-Aug-2026 01:13:20.400 INFOS [main] org.apache.catalina.startup.VersionLoggerListener.log Argument de la ligne de commande : --add-opens=java.base/java.util=ALL-UNNAMED
24-Aug-2026 01:13:20.403 INFOS [main] org.apache.catalina.startup.VersionLoggerListener.log Argument de la ligne de commande : --add-opens=java.base/java.util.concurrent=ALL-UNNAMED
24-Aug-2026 01:13:20.403 INFOS [main] org.apache.catalina.startup.VersionLoggerListener.log Argument de la ligne de commande : --add-opens=java.rmi/sun.rmi.transport=ALL-UNNAMED
24-Aug-2026 01:13:20.404 INFOS [main] org.apache.catalina.startup.VersionLoggerListener.log Argument de la ligne de commande : -Dcatalina.home=C:\Users\HP\Desktop\apache-tomcat-10.1.42
24-Aug-2026 01:13:20.404 INFOS [main] org.apache.catalina.startup.VersionLoggerListener.log Argument de la ligne de commande : -Dcatalina.base=C:\Users\HP\Desktop\samasuker\.smarttomcat
24-Aug-2026 01:13:20.404 INFOS [main] org.apache.catalina.startup.VersionLoggerListener.log Argument de la ligne de commande : -Djava.io.tmpdir=C:\Users\HP\Desktop\samasuker\.smarttomcat\temp
24-Aug-2026 01:13:20.404 INFOS [main] org.apache.catalina.startup.VersionLoggerListener.log Argument de la ligne de commande : -Djava.util.logging.config.file=C:\Users\HP\Desktop\samasuker\.smarttomcat\conf\logging.properties
24-Aug-2026 01:13:20.404 INFOS [main] org.apache.catalina.startup.VersionLoggerListener.log Argument de la ligne de commande : -Djava.util.logging.manager=org.apache.juli.ClassLoaderLogManager
24-Aug-2026 01:13:20.405 INFOS [main] org.apache.catalina.startup.VersionLoggerListener.log Argument de la ligne de commande : -javaagent:C:\Program Files\JetBrains\IntelliJ IDEA 2025.2.2\lib\idea_rt.jar=54163
24-Aug-2026 01:13:20.405 INFOS [main] org.apache.catalina.startup.VersionLoggerListener.log Argument de la ligne de commande : -Dfile.encoding=UTF-8
24-Aug-2026 01:13:20.405 INFOS [main] org.apache.catalina.startup.VersionLoggerListener.log Argument de la ligne de commande : -Dsun.stdout.encoding=UTF-8
24-Aug-2026 01:13:20.405 INFOS [main] org.apache.catalina.startup.VersionLoggerListener.log Argument de la ligne de commande : -Dsun.stderr.encoding=UTF-8
24-Aug-2026 01:13:20.420 INFOS [main] org.apache.catalina.core.AprLifecycleListener.lifecycleEvent Chargement de la librairie Apache Tomcat Native [2.0.9] en utilisant APR version [1.7.6]
24-Aug-2026 01:13:20.443 INFOS [main] org.apache.catalina.core.AprLifecycleListener.initializeSSL OpenSSL a été initialisé avec succès [OpenSSL 3.5.0 8 Apr 2025]
24-Aug-2026 01:13:21.337 INFOS [main] org.apache.coyote.AbstractProtocol.init Initialisation du gestionnaire de protocole ["http-nio-8080"]
24-Aug-2026 01:13:21.374 INFOS [main] org.apache.catalina.startup.Catalina.load L'initialisation du serveur a pris [1715] millisecondes
24-Aug-2026 01:13:21.481 INFOS [main] org.apache.catalina.core.StandardService.startInternal Démarrage du service [Catalina]
24-Aug-2026 01:13:21.482 INFOS [main] org.apache.catalina.core.StandardEngine.startInternal Démarrage du moteur de Servlets : [Apache Tomcat/10.1.42]
24-Aug-2026 01:13:21.508 INFOS [main] org.apache.catalina.startup.HostConfig.deployDescriptor Déploiement du descripteur de configuration [C:\Users\HP\Desktop\samasuker\.smarttomcat\conf\Catalina\localhost\MDD.xml]
24-Aug-2026 01:13:28.877 INFOS [main] org.apache.jasper.servlet.TldScanner.scanJars Au moins un fichier JAR a été analysé pour trouver des TLDs mais il n'en contenait pas, le mode "debug" du journal peut être activé pour obtenir une liste complète de JAR scannés sans succès ; éviter d'analyser des JARs inutilement peut améliorer sensiblement le temps de démarrage et le temps de compilation des JSPs
24-Aug-2026 01:13:29.117 INFOS [main] org.apache.catalina.startup.HostConfig.deployDescriptor Le traitement du descripteur de déploiement [C:\Users\HP\Desktop\samasuker\.smarttomcat\conf\Catalina\localhost\MDD.xml] a pris [7 602] ms
24-Aug-2026 01:13:29.119 INFOS [main] org.apache.catalina.startup.HostConfig.deployDescriptor Déploiement du descripteur de configuration [C:\Users\HP\Desktop\samasuker\.smarttomcat\conf\Catalina\localhost\ROOT.xml]
24-Aug-2026 01:13:34.493 INFOS [main] org.apache.jasper.servlet.TldScanner.scanJars Au moins un fichier JAR a été analysé pour trouver des TLDs mais il n'en contenait pas, le mode "debug" du journal peut être activé pour obtenir une liste complète de JAR scannés sans succès ; éviter d'analyser des JARs inutilement peut améliorer sensiblement le temps de démarrage et le temps de compilation des JSPs
24-Aug-2026 01:13:34.594 INFOS [main] org.apache.catalina.startup.HostConfig.deployDescriptor Le traitement du descripteur de déploiement [C:\Users\HP\Desktop\samasuker\.smarttomcat\conf\Catalina\localhost\ROOT.xml] a pris [5 476] ms
24-Aug-2026 01:13:34.616 INFOS [main] org.apache.coyote.AbstractProtocol.start Démarrage du gestionnaire de protocole ["http-nio-8080"]
24-Aug-2026 01:13:34.701 INFOS [main] org.apache.catalina.startup.Catalina.start Le démarrage du serveur a pris [13325] millisecondes
24-Aug-2026 01:14:04.616 INFO [http-nio-8080-exec-3] org.hibernate.jpa.internal.util.LogHelper.logPersistenceUnitInformation HHH000204: Processing PersistenceUnitInfo [name: glycemiePU]
24-Aug-2026 01:14:05.211 INFO [http-nio-8080-exec-3] org.hibernate.Version.logVersion HHH000412: Hibernate ORM core version 6.2.7.Final
24-Aug-2026 01:14:05.225 INFO [http-nio-8080-exec-3] org.hibernate.cfg.Environment.<clinit> HHH000406: Using bytecode reflection optimizer
24-Aug-2026 01:14:07.215 WARN [http-nio-8080-exec-3] org.hibernate.engine.jdbc.connections.internal.DriverManagerConnectionProviderImpl.configure HHH10001002: Using built-in connection pool (not intended for production use)
24-Aug-2026 01:14:07.243 INFO [http-nio-8080-exec-3] org.hibernate.engine.jdbc.connections.internal.DriverManagerConnectionProviderImpl.buildCreator HHH10001005: Loaded JDBC driver class: com.mysql.cj.jdbc.Driver
24-Aug-2026 01:14:07.243 INFO [http-nio-8080-exec-3] org.hibernate.engine.jdbc.connections.internal.DriverManagerConnectionProviderImpl.buildCreator HHH10001012: Connecting with JDBC URL [jdbc:mysql://localhost:3306/suivi_glycemie_db?useSSL=false&serverTimezone=UTC]
24-Aug-2026 01:14:07.244 INFO [http-nio-8080-exec-3] org.hibernate.engine.jdbc.connections.internal.DriverManagerConnectionProviderImpl.buildCreator HHH10001001: Connection properties: {password=****, user=root}
24-Aug-2026 01:14:07.245 INFO [http-nio-8080-exec-3] org.hibernate.engine.jdbc.connections.internal.DriverManagerConnectionProviderImpl.buildCreator HHH10001003: Autocommit mode: false
24-Aug-2026 01:14:07.267 INFO [http-nio-8080-exec-3] org.hibernate.engine.jdbc.connections.internal.DriverManagerConnectionProviderImpl$PooledConnections.<init> HHH10001115: Connection pool size: 20 (min=1)
24-Aug-2026 01:14:08.493 WARN [http-nio-8080-exec-3] org.hibernate.dialect.Dialect.checkVersion HHH000511: The 5.6.17 version for [org.hibernate.dialect.MySQLDialect] is no longer supported, hence certain features may not work properly. The minimum supported version is 5.7.0. Check the community dialects project for available legacy versions.
24-Aug-2026 01:14:11.032 INFO [http-nio-8080-exec-3] org.hibernate.bytecode.internal.BytecodeProviderInitiator.buildBytecodeProvider HHH000021: Bytecode provider name : bytebuddy
24-Aug-2026 01:14:18.730 INFO [http-nio-8080-exec-3] org.hibernate.engine.transaction.jta.platform.internal.JtaPlatformInitiator.initiateService HHH000490: Using JtaPlatform implementation: [org.hibernate.engine.transaction.jta.platform.internal.NoJtaPlatform]
24-Aug-2026 01:14:18.994 INFO [http-nio-8080-exec-3] org.hibernate.resource.transaction.backend.jdbc.internal.DdlTransactionIsolatorNonJtaImpl.getIsolatedConnection HHH10001501: Connection obtained from JdbcConnectionAccess [org.hibernate.engine.jdbc.env.internal.JdbcEnvironmentInitiator$ConnectionProviderJdbcConnectionAccess@7a63a488] for (non-JTA) DDL execution was not in auto-commit mode; the Connection 'local transaction' will be committed and the Connection will be set into auto-commit mode.
24-Aug-2026 01:14:22.332 INFO [http-nio-8080-exec-5] org.hibernate.jpa.internal.util.LogHelper.logPersistenceUnitInformation HHH000204: Processing PersistenceUnitInfo [name: glycemiePU]
24-Aug-2026 01:14:22.484 WARN [http-nio-8080-exec-5] org.hibernate.engine.jdbc.connections.internal.DriverManagerConnectionProviderImpl.configure HHH10001002: Using built-in connection pool (not intended for production use)
24-Aug-2026 01:14:22.485 INFO [http-nio-8080-exec-5] org.hibernate.engine.jdbc.connections.internal.DriverManagerConnectionProviderImpl.buildCreator HHH10001005: Loaded JDBC driver class: com.mysql.cj.jdbc.Driver
24-Aug-2026 01:14:22.485 INFO [http-nio-8080-exec-5] org.hibernate.engine.jdbc.connections.internal.DriverManagerConnectionProviderImpl.buildCreator HHH10001012: Connecting with JDBC URL [jdbc:mysql://localhost:3306/suivi_glycemie_db?useSSL=false&serverTimezone=UTC]
24-Aug-2026 01:14:22.486 INFO [http-nio-8080-exec-5] org.hibernate.engine.jdbc.connections.internal.DriverManagerConnectionProviderImpl.buildCreator HHH10001001: Connection properties: {password=****, user=root}
24-Aug-2026 01:14:22.486 INFO [http-nio-8080-exec-5] org.hibernate.engine.jdbc.connections.internal.DriverManagerConnectionProviderImpl.buildCreator HHH10001003: Autocommit mode: false
24-Aug-2026 01:14:22.487 INFO [http-nio-8080-exec-5] org.hibernate.engine.jdbc.connections.internal.DriverManagerConnectionProviderImpl$PooledConnections.<init> HHH10001115: Connection pool size: 20 (min=1)
24-Aug-2026 01:14:22.504 WARN [http-nio-8080-exec-5] org.hibernate.dialect.Dialect.checkVersion HHH000511: The 5.6.17 version for [org.hibernate.dialect.MySQLDialect] is no longer supported, hence certain features may not work properly. The minimum supported version is 5.7.0. Check the community dialects project for available legacy versions.
24-Aug-2026 01:14:22.567 INFO [http-nio-8080-exec-5] org.hibernate.bytecode.internal.BytecodeProviderInitiator.buildBytecodeProvider HHH000021: Bytecode provider name : bytebuddy
24-Aug-2026 01:14:22.779 INFO [http-nio-8080-exec-5] org.hibernate.engine.transaction.jta.platform.internal.JtaPlatformInitiator.initiateService HHH000490: Using JtaPlatform implementation: [org.hibernate.engine.transaction.jta.platform.internal.NoJtaPlatform]
24-Aug-2026 01:14:22.783 INFO [http-nio-8080-exec-5] org.hibernate.resource.transaction.backend.jdbc.internal.DdlTransactionIsolatorNonJtaImpl.getIsolatedConnection HHH10001501: Connection obtained from JdbcConnectionAccess [org.hibernate.engine.jdbc.env.internal.JdbcEnvironmentInitiator$ConnectionProviderJdbcConnectionAccess@5908bf35] for (non-JTA) DDL execution was not in auto-commit mode; the Connection 'local transaction' will be committed and the Connection will be set into auto-commit mode.
24-Aug-2026 01:14:32.838 INFO [http-nio-8080-exec-6] org.hibernate.jpa.internal.util.LogHelper.logPersistenceUnitInformation HHH000204: Processing PersistenceUnitInfo [name: glycemiePU]
24-Aug-2026 01:14:33.002 WARN [http-nio-8080-exec-6] org.hibernate.engine.jdbc.connections.internal.DriverManagerConnectionProviderImpl.configure HHH10001002: Using built-in connection pool (not intended for production use)
24-Aug-2026 01:14:33.003 INFO [http-nio-8080-exec-6] org.hibernate.engine.jdbc.connections.internal.DriverManagerConnectionProviderImpl.buildCreator HHH10001005: Loaded JDBC driver class: com.mysql.cj.jdbc.Driver
24-Aug-2026 01:14:33.003 INFO [http-nio-8080-exec-6] org.hibernate.engine.jdbc.connections.internal.DriverManagerConnectionProviderImpl.buildCreator HHH10001012: Connecting with JDBC URL [jdbc:mysql://localhost:3306/suivi_glycemie_db?useSSL=false&serverTimezone=UTC]
24-Aug-2026 01:14:33.004 INFO [http-nio-8080-exec-6] org.hibernate.engine.jdbc.connections.internal.DriverManagerConnectionProviderImpl.buildCreator HHH10001001: Connection properties: {password=****, user=root}
24-Aug-2026 01:14:33.004 INFO [http-nio-8080-exec-6] org.hibernate.engine.jdbc.connections.internal.DriverManagerConnectionProviderImpl.buildCreator HHH10001003: Autocommit mode: false
24-Aug-2026 01:14:33.004 INFO [http-nio-8080-exec-6] org.hibernate.engine.jdbc.connections.internal.DriverManagerConnectionProviderImpl$PooledConnections.<init> HHH10001115: Connection pool size: 20 (min=1)
24-Aug-2026 01:14:33.017 WARN [http-nio-8080-exec-6] org.hibernate.dialect.Dialect.checkVersion HHH000511: The 5.6.17 version for [org.hibernate.dialect.MySQLDialect] is no longer supported, hence certain features may not work properly. The minimum supported version is 5.7.0. Check the community dialects project for available legacy versions.
24-Aug-2026 01:14:33.085 INFO [http-nio-8080-exec-6] org.hibernate.bytecode.internal.BytecodeProviderInitiator.buildBytecodeProvider HHH000021: Bytecode provider name : bytebuddy
24-Aug-2026 01:14:33.240 INFO [http-nio-8080-exec-6] org.hibernate.engine.transaction.jta.platform.internal.JtaPlatformInitiator.initiateService HHH000490: Using JtaPlatform implementation: [org.hibernate.engine.transaction.jta.platform.internal.NoJtaPlatform]
24-Aug-2026 01:14:33.243 INFO [http-nio-8080-exec-6] org.hibernate.resource.transaction.backend.jdbc.internal.DdlTransactionIsolatorNonJtaImpl.getIsolatedConnection HHH10001501: Connection obtained from JdbcConnectionAccess [org.hibernate.engine.jdbc.env.internal.JdbcEnvironmentInitiator$ConnectionProviderJdbcConnectionAccess@2ea02e6f] for (non-JTA) DDL execution was not in auto-commit mode; the Connection 'local transaction' will be committed and the Connection will be set into auto-commit mode.
24-Aug-2026 01:19:15.460 INFO [http-nio-8080-exec-9] org.hibernate.jpa.internal.util.LogHelper.logPersistenceUnitInformation HHH000204: Processing PersistenceUnitInfo [name: glycemiePU]
24-Aug-2026 01:19:15.606 WARN [http-nio-8080-exec-9] org.hibernate.engine.jdbc.connections.internal.DriverManagerConnectionProviderImpl.configure HHH10001002: Using built-in connection pool (not intended for production use)
24-Aug-2026 01:19:15.607 INFO [http-nio-8080-exec-9] org.hibernate.engine.jdbc.connections.internal.DriverManagerConnectionProviderImpl.buildCreator HHH10001005: Loaded JDBC driver class: com.mysql.cj.jdbc.Driver
24-Aug-2026 01:19:15.607 INFO [http-nio-8080-exec-9] org.hibernate.engine.jdbc.connections.internal.DriverManagerConnectionProviderImpl.buildCreator HHH10001012: Connecting with JDBC URL [jdbc:mysql://localhost:3306/suivi_glycemie_db?useSSL=false&serverTimezone=UTC]
24-Aug-2026 01:19:15.607 INFO [http-nio-8080-exec-9] org.hibernate.engine.jdbc.connections.internal.DriverManagerConnectionProviderImpl.buildCreator HHH10001001: Connection properties: {password=****, user=root}
24-Aug-2026 01:19:15.607 INFO [http-nio-8080-exec-9] org.hibernate.engine.jdbc.connections.internal.DriverManagerConnectionProviderImpl.buildCreator HHH10001003: Autocommit mode: false
24-Aug-2026 01:19:15.607 INFO [http-nio-8080-exec-9] org.hibernate.engine.jdbc.connections.internal.DriverManagerConnectionProviderImpl$PooledConnections.<init> HHH10001115: Connection pool size: 20 (min=1)
24-Aug-2026 01:19:15.622 WARN [http-nio-8080-exec-9] org.hibernate.dialect.Dialect.checkVersion HHH000511: The 5.6.17 version for [org.hibernate.dialect.MySQLDialect] is no longer supported, hence certain features may not work properly. The minimum supported version is 5.7.0. Check the community dialects project for available legacy versions.
24-Aug-2026 01:19:15.675 INFO [http-nio-8080-exec-9] org.hibernate.bytecode.internal.BytecodeProviderInitiator.buildBytecodeProvider HHH000021: Bytecode provider name : bytebuddy
24-Aug-2026 01:19:15.846 INFO [http-nio-8080-exec-9] org.hibernate.engine.transaction.jta.platform.internal.JtaPlatformInitiator.initiateService HHH000490: Using JtaPlatform implementation: [org.hibernate.engine.transaction.jta.platform.internal.NoJtaPlatform]
24-Aug-2026 01:19:15.849 INFO [http-nio-8080-exec-9] org.hibernate.resource.transaction.backend.jdbc.internal.DdlTransactionIsolatorNonJtaImpl.getIsolatedConnection HHH10001501: Connection obtained from JdbcConnectionAccess [org.hibernate.engine.jdbc.env.internal.JdbcEnvironmentInitiator$ConnectionProviderJdbcConnectionAccess@127ef420] for (non-JTA) DDL execution was not in auto-commit mode; the Connection 'local transaction' will be committed and the Connection will be set into auto-commit mode.
24-Aug-2026 01:23:01.079 INFOS [Thread-1] org.apache.coyote.AbstractProtocol.pause Le gestionnaire de protocole ["http-nio-8080"] est mis en pause
24-Aug-2026 01:23:01.107 INFOS [Thread-1] org.apache.catalina.core.StandardService.stopInternal Arrêt du service [Catalina]
24-Aug-2026 01:23:01.123 AVERTISSEMENT [Thread-1] org.apache.catalina.loader.WebappClassLoaderBase.clearReferencesJdbc L'application web [ROOT] a enregistré un pilote JDBC [com.mysql.cj.jdbc.Driver], mais ne l'a pas désenregistré avant l'arrêt de l'application.  Pour éviter une fuite de mémoire, le pilote JDBC a été désenregistré de force.
24-Aug-2026 01:23:01.125 AVERTISSEMENT [Thread-1] org.apache.catalina.loader.WebappClassLoaderBase.clearReferencesThreads L'application web [ROOT] semble avoir démarré un thread nommé [mysql-cj-abandoned-connection-cleanup] mais ne l'a pas arrêté, ce qui va probablement créer une fuite de mémoire ; la trace du thread est : 
 java.base/jdk.internal.misc.Unsafe.park(Native Method)
 java.base/java.util.concurrent.locks.LockSupport.parkNanos(LockSupport.java:269)
 java.base/java.util.concurrent.locks.AbstractQueuedSynchronizer$ConditionObject.await(AbstractQueuedSynchronizer.java:1886)
 java.base/java.lang.ref.ReferenceQueue.await(ReferenceQueue.java:71)
 java.base/java.lang.ref.ReferenceQueue.remove0(ReferenceQueue.java:143)
 java.base/java.lang.ref.ReferenceQueue.remove(ReferenceQueue.java:218)
 com.mysql.cj.jdbc.AbandonedConnectionCleanupThread.run(AbandonedConnectionCleanupThread.java:93)
 java.base/java.util.concurrent.ThreadPoolExecutor.runWorker(ThreadPoolExecutor.java:1144)
 java.base/java.util.concurrent.ThreadPoolExecutor$Worker.run(ThreadPoolExecutor.java:642)
 java.base/java.lang.Thread.run(Thread.java:1583)
24-Aug-2026 01:23:01.125 AVERTISSEMENT [Thread-1] org.apache.catalina.loader.WebappClassLoaderBase.clearReferencesThreads L'application web [ROOT] semble avoir démarré un thread nommé [Hibernate Connection Pool Validation Thread] mais ne l'a pas arrêté, ce qui va probablement créer une fuite de mémoire ; la trace du thread est : 
 java.base/jdk.internal.misc.Unsafe.park(Native Method)
 java.base/java.util.concurrent.locks.LockSupport.parkNanos(LockSupport.java:269)
 java.base/java.util.concurrent.locks.AbstractQueuedSynchronizer$ConditionObject.awaitNanos(AbstractQueuedSynchronizer.java:1797)
 java.base/java.util.concurrent.ScheduledThreadPoolExecutor$DelayedWorkQueue.take(ScheduledThreadPoolExecutor.java:1182)
 java.base/java.util.concurrent.ScheduledThreadPoolExecutor$DelayedWorkQueue.take(ScheduledThreadPoolExecutor.java:899)
 java.base/java.util.concurrent.ThreadPoolExecutor.getTask(ThreadPoolExecutor.java:1070)
 java.base/java.util.concurrent.ThreadPoolExecutor.runWorker(ThreadPoolExecutor.java:1130)
 java.base/java.util.concurrent.ThreadPoolExecutor$Worker.run(ThreadPoolExecutor.java:642)
 java.base/java.lang.Thread.run(Thread.java:1583)
24-Aug-2026 01:23:01.125 AVERTISSEMENT [Thread-1] org.apache.catalina.loader.WebappClassLoaderBase.clearReferencesThreads L'application web [ROOT] semble avoir démarré un thread nommé [Hibernate Connection Pool Validation Thread] mais ne l'a pas arrêté, ce qui va probablement créer une fuite de mémoire ; la trace du thread est : 
 java.base/jdk.internal.misc.Unsafe.park(Native Method)
 java.base/java.util.concurrent.locks.LockSupport.parkNanos(LockSupport.java:269)
 java.base/java.util.concurrent.locks.AbstractQueuedSynchronizer$ConditionObject.awaitNanos(AbstractQueuedSynchronizer.java:1797)
 java.base/java.util.concurrent.ScheduledThreadPoolExecutor$DelayedWorkQueue.take(ScheduledThreadPoolExecutor.java:1182)
 java.base/java.util.concurrent.ScheduledThreadPoolExecutor$DelayedWorkQueue.take(ScheduledThreadPoolExecutor.java:899)
 java.base/java.util.concurrent.ThreadPoolExecutor.getTask(ThreadPoolExecutor.java:1070)
 java.base/java.util.concurrent.ThreadPoolExecutor.runWorker(ThreadPoolExecutor.java:1130)
 java.base/java.util.concurrent.ThreadPoolExecutor$Worker.run(ThreadPoolExecutor.java:642)
 java.base/java.lang.Thread.run(Thread.java:1583)
24-Aug-2026 01:23:01.125 AVERTISSEMENT [Thread-1] org.apache.catalina.loader.WebappClassLoaderBase.clearReferencesThreads L'application web [ROOT] semble avoir démarré un thread nommé [Hibernate Connection Pool Validation Thread] mais ne l'a pas arrêté, ce qui va probablement créer une fuite de mémoire ; la trace du thread est : 
 java.base/jdk.internal.misc.Unsafe.park(Native Method)
 java.base/java.util.concurrent.locks.LockSupport.parkNanos(LockSupport.java:269)
 java.base/java.util.concurrent.locks.AbstractQueuedSynchronizer$ConditionObject.awaitNanos(AbstractQueuedSynchronizer.java:1797)
 java.base/java.util.concurrent.ScheduledThreadPoolExecutor$DelayedWorkQueue.take(ScheduledThreadPoolExecutor.java:1182)
 java.base/java.util.concurrent.ScheduledThreadPoolExecutor$DelayedWorkQueue.take(ScheduledThreadPoolExecutor.java:899)
 java.base/java.util.concurrent.ThreadPoolExecutor.getTask(ThreadPoolExecutor.java:1070)
 java.base/java.util.concurrent.ThreadPoolExecutor.runWorker(ThreadPoolExecutor.java:1130)
 java.base/java.util.concurrent.ThreadPoolExecutor$Worker.run(ThreadPoolExecutor.java:642)
 java.base/java.lang.Thread.run(Thread.java:1583)
24-Aug-2026 01:23:01.127 AVERTISSEMENT [Thread-1] org.apache.catalina.loader.WebappClassLoaderBase.clearReferencesThreads L'application web [ROOT] semble avoir démarré un thread nommé [Hibernate Connection Pool Validation Thread] mais ne l'a pas arrêté, ce qui va probablement créer une fuite de mémoire ; la trace du thread est : 
 java.base/jdk.internal.misc.Unsafe.park(Native Method)
 java.base/java.util.concurrent.locks.LockSupport.parkNanos(LockSupport.java:269)
 java.base/java.util.concurrent.locks.AbstractQueuedSynchronizer$ConditionObject.awaitNanos(AbstractQueuedSynchronizer.java:1797)
 java.base/java.util.concurrent.ScheduledThreadPoolExecutor$DelayedWorkQueue.take(ScheduledThreadPoolExecutor.java:1182)
 java.base/java.util.concurrent.ScheduledThreadPoolExecutor$DelayedWorkQueue.take(ScheduledThreadPoolExecutor.java:899)
 java.base/java.util.concurrent.ThreadPoolExecutor.getTask(ThreadPoolExecutor.java:1070)
 java.base/java.util.concurrent.ThreadPoolExecutor.runWorker(ThreadPoolExecutor.java:1130)
 java.base/java.util.concurrent.ThreadPoolExecutor$Worker.run(ThreadPoolExecutor.java:642)
 java.base/java.lang.Thread.run(Thread.java:1583)
24-Aug-2026 01:23:01.148 INFOS [Thread-1] org.apache.coyote.AbstractProtocol.stop Arrêt du gestionnaire de protocole ["http-nio-8080"]
24-Aug-2026 01:23:01.159 INFOS [Thread-1] org.apache.coyote.AbstractProtocol.destroy Destruction du gestionnaire de protocole ["http-nio-8080"]
24-Aug-2026 01:23:05.443 INFOS [main] org.apache.catalina.startup.VersionLoggerListener.log Nom version serveur :              Apache Tomcat/10.1.42
24-Aug-2026 01:23:05.450 INFOS [main] org.apache.catalina.startup.VersionLoggerListener.log Serveur compilé :                  Jun 5 2025 22:35:46 UTC
24-Aug-2026 01:23:05.450 INFOS [main] org.apache.catalina.startup.VersionLoggerListener.log Version du serveur :               10.1.42.0
24-Aug-2026 01:23:05.451 INFOS [main] org.apache.catalina.startup.VersionLoggerListener.log Nom de l'OS :                      Windows 11
24-Aug-2026 01:23:05.451 INFOS [main] org.apache.catalina.startup.VersionLoggerListener.log Version OS :                       10.0
24-Aug-2026 01:23:05.451 INFOS [main] org.apache.catalina.startup.VersionLoggerListener.log Architecture :                     amd64
24-Aug-2026 01:23:05.451 INFOS [main] org.apache.catalina.startup.VersionLoggerListener.log Java Home :                        C:\Users\HP\.jdks\jbrsdk_jcef-21.0.9
24-Aug-2026 01:23:05.451 INFOS [main] org.apache.catalina.startup.VersionLoggerListener.log Version JVM :                      21.0.9+1-b1038.75
24-Aug-2026 01:23:05.452 INFOS [main] org.apache.catalina.startup.VersionLoggerListener.log Fournisseur de la JVM :            JetBrains s.r.o.
24-Aug-2026 01:23:05.452 INFOS [main] org.apache.catalina.startup.VersionLoggerListener.log CATALINA_BASE :                    C:\Users\HP\Desktop\samasuker\.smarttomcat
24-Aug-2026 01:23:05.452 INFOS [main] org.apache.catalina.startup.VersionLoggerListener.log CATALINA_HOME :                    C:\Users\HP\Desktop\apache-tomcat-10.1.42
24-Aug-2026 01:23:05.471 INFOS [main] org.apache.catalina.startup.VersionLoggerListener.log Argument de la ligne de commande : --add-opens=java.base/java.lang=ALL-UNNAMED
24-Aug-2026 01:23:05.472 INFOS [main] org.apache.catalina.startup.VersionLoggerListener.log Argument de la ligne de commande : --add-opens=java.base/java.io=ALL-UNNAMED
24-Aug-2026 01:23:05.472 INFOS [main] org.apache.catalina.startup.VersionLoggerListener.log Argument de la ligne de commande : --add-opens=java.base/java.util=ALL-UNNAMED
24-Aug-2026 01:23:05.472 INFOS [main] org.apache.catalina.startup.VersionLoggerListener.log Argument de la ligne de commande : --add-opens=java.base/java.util.concurrent=ALL-UNNAMED
24-Aug-2026 01:23:05.472 INFOS [main] org.apache.catalina.startup.VersionLoggerListener.log Argument de la ligne de commande : --add-opens=java.rmi/sun.rmi.transport=ALL-UNNAMED
24-Aug-2026 01:23:05.472 INFOS [main] org.apache.catalina.startup.VersionLoggerListener.log Argument de la ligne de commande : -Dcatalina.home=C:\Users\HP\Desktop\apache-tomcat-10.1.42
24-Aug-2026 01:23:05.473 INFOS [main] org.apache.catalina.startup.VersionLoggerListener.log Argument de la ligne de commande : -Dcatalina.base=C:\Users\HP\Desktop\samasuker\.smarttomcat
24-Aug-2026 01:23:05.473 INFOS [main] org.apache.catalina.startup.VersionLoggerListener.log Argument de la ligne de commande : -Djava.io.tmpdir=C:\Users\HP\Desktop\samasuker\.smarttomcat\temp
24-Aug-2026 01:23:05.473 INFOS [main] org.apache.catalina.startup.VersionLoggerListener.log Argument de la ligne de commande : -Djava.util.logging.config.file=C:\Users\HP\Desktop\samasuker\.smarttomcat\conf\logging.properties
24-Aug-2026 01:23:05.473 INFOS [main] org.apache.catalina.startup.VersionLoggerListener.log Argument de la ligne de commande : -Djava.util.logging.manager=org.apache.juli.ClassLoaderLogManager
24-Aug-2026 01:23:05.473 INFOS [main] org.apache.catalina.startup.VersionLoggerListener.log Argument de la ligne de commande : -javaagent:C:\Program Files\JetBrains\IntelliJ IDEA 2025.2.2\lib\idea_rt.jar=64663
24-Aug-2026 01:23:05.473 INFOS [main] org.apache.catalina.startup.VersionLoggerListener.log Argument de la ligne de commande : -Dfile.encoding=UTF-8
24-Aug-2026 01:23:05.474 INFOS [main] org.apache.catalina.startup.VersionLoggerListener.log Argument de la ligne de commande : -Dsun.stdout.encoding=UTF-8
24-Aug-2026 01:23:05.474 INFOS [main] org.apache.catalina.startup.VersionLoggerListener.log Argument de la ligne de commande : -Dsun.stderr.encoding=UTF-8
24-Aug-2026 01:23:05.481 INFOS [main] org.apache.catalina.core.AprLifecycleListener.lifecycleEvent Chargement de la librairie Apache Tomcat Native [2.0.9] en utilisant APR version [1.7.6]
24-Aug-2026 01:23:05.494 INFOS [main] org.apache.catalina.core.AprLifecycleListener.initializeSSL OpenSSL a été initialisé avec succès [OpenSSL 3.5.0 8 Apr 2025]
24-Aug-2026 01:23:06.338 INFOS [main] org.apache.coyote.AbstractProtocol.init Initialisation du gestionnaire de protocole ["http-nio-8080"]
24-Aug-2026 01:23:06.384 INFOS [main] org.apache.catalina.startup.Catalina.load L'initialisation du serveur a pris [1405] millisecondes
24-Aug-2026 01:23:06.516 INFOS [main] org.apache.catalina.core.StandardService.startInternal Démarrage du service [Catalina]
24-Aug-2026 01:23:06.517 INFOS [main] org.apache.catalina.core.StandardEngine.startInternal Démarrage du moteur de Servlets : [Apache Tomcat/10.1.42]
24-Aug-2026 01:23:06.559 INFOS [main] org.apache.catalina.startup.HostConfig.deployDescriptor Déploiement du descripteur de configuration [C:\Users\HP\Desktop\samasuker\.smarttomcat\conf\Catalina\localhost\MDD.xml]
24-Aug-2026 01:23:13.338 INFOS [main] org.apache.jasper.servlet.TldScanner.scanJars Au moins un fichier JAR a été analysé pour trouver des TLDs mais il n'en contenait pas, le mode "debug" du journal peut être activé pour obtenir une liste complète de JAR scannés sans succès ; éviter d'analyser des JARs inutilement peut améliorer sensiblement le temps de démarrage et le temps de compilation des JSPs
24-Aug-2026 01:23:13.586 INFOS [main] org.apache.catalina.startup.HostConfig.deployDescriptor Le traitement du descripteur de déploiement [C:\Users\HP\Desktop\samasuker\.smarttomcat\conf\Catalina\localhost\MDD.xml] a pris [7 018] ms
24-Aug-2026 01:23:13.587 INFOS [main] org.apache.catalina.startup.HostConfig.deployDescriptor Déploiement du descripteur de configuration [C:\Users\HP\Desktop\samasuker\.smarttomcat\conf\Catalina\localhost\ROOT.xml]
24-Aug-2026 01:23:18.759 INFOS [main] org.apache.jasper.servlet.TldScanner.scanJars Au moins un fichier JAR a été analysé pour trouver des TLDs mais il n'en contenait pas, le mode "debug" du journal peut être activé pour obtenir une liste complète de JAR scannés sans succès ; éviter d'analyser des JARs inutilement peut améliorer sensiblement le temps de démarrage et le temps de compilation des JSPs
24-Aug-2026 01:23:18.857 INFOS [main] org.apache.catalina.startup.HostConfig.deployDescriptor Le traitement du descripteur de déploiement [C:\Users\HP\Desktop\samasuker\.smarttomcat\conf\Catalina\localhost\ROOT.xml] a pris [5 269] ms
24-Aug-2026 01:23:18.875 INFOS [main] org.apache.coyote.AbstractProtocol.start Démarrage du gestionnaire de protocole ["http-nio-8080"]
24-Aug-2026 01:23:18.947 INFOS [main] org.apache.catalina.startup.Catalina.start Le démarrage du serveur a pris [12560] millisecondes
24-Aug-2026 12:17:50.204 INFOS [main] org.apache.catalina.startup.VersionLoggerListener.log Nom version serveur :              Apache Tomcat/10.1.42
24-Aug-2026 12:17:50.208 INFOS [main] org.apache.catalina.startup.VersionLoggerListener.log Serveur compilé :                  Jun 5 2025 22:35:46 UTC
24-Aug-2026 12:17:50.208 INFOS [main] org.apache.catalina.startup.VersionLoggerListener.log Version du serveur :               10.1.42.0
24-Aug-2026 12:17:50.208 INFOS [main] org.apache.catalina.startup.VersionLoggerListener.log Nom de l'OS :                      Windows 11
24-Aug-2026 12:17:50.209 INFOS [main] org.apache.catalina.startup.VersionLoggerListener.log Version OS :                       10.0
24-Aug-2026 12:17:50.209 INFOS [main] org.apache.catalina.startup.VersionLoggerListener.log Architecture :                     amd64
24-Aug-2026 12:17:50.209 INFOS [main] org.apache.catalina.startup.VersionLoggerListener.log Java Home :                        C:\Users\HP\.jdks\jbrsdk_jcef-21.0.9
24-Aug-2026 12:17:50.209 INFOS [main] org.apache.catalina.startup.VersionLoggerListener.log Version JVM :                      21.0.9+1-b1038.75
24-Aug-2026 12:17:50.209 INFOS [main] org.apache.catalina.startup.VersionLoggerListener.log Fournisseur de la JVM :            JetBrains s.r.o.
24-Aug-2026 12:17:50.209 INFOS [main] org.apache.catalina.startup.VersionLoggerListener.log CATALINA_BASE :                    C:\Users\HP\Desktop\samasuker\.smarttomcat
24-Aug-2026 12:17:50.209 INFOS [main] org.apache.catalina.startup.VersionLoggerListener.log CATALINA_HOME :                    C:\Users\HP\Desktop\apache-tomcat-10.1.42
24-Aug-2026 12:17:50.228 INFOS [main] org.apache.catalina.startup.VersionLoggerListener.log Argument de la ligne de commande : --add-opens=java.base/java.lang=ALL-UNNAMED
24-Aug-2026 12:17:50.228 INFOS [main] org.apache.catalina.startup.VersionLoggerListener.log Argument de la ligne de commande : --add-opens=java.base/java.io=ALL-UNNAMED
24-Aug-2026 12:17:50.229 INFOS [main] org.apache.catalina.startup.VersionLoggerListener.log Argument de la ligne de commande : --add-opens=java.base/java.util=ALL-UNNAMED
24-Aug-2026 12:17:50.229 INFOS [main] org.apache.catalina.startup.VersionLoggerListener.log Argument de la ligne de commande : --add-opens=java.base/java.util.concurrent=ALL-UNNAMED
24-Aug-2026 12:17:50.229 INFOS [main] org.apache.catalina.startup.VersionLoggerListener.log Argument de la ligne de commande : --add-opens=java.rmi/sun.rmi.transport=ALL-UNNAMED
24-Aug-2026 12:17:50.229 INFOS [main] org.apache.catalina.startup.VersionLoggerListener.log Argument de la ligne de commande : -Dcatalina.home=C:\Users\HP\Desktop\apache-tomcat-10.1.42
24-Aug-2026 12:17:50.229 INFOS [main] org.apache.catalina.startup.VersionLoggerListener.log Argument de la ligne de commande : -Dcatalina.base=C:\Users\HP\Desktop\samasuker\.smarttomcat
24-Aug-2026 12:17:50.229 INFOS [main] org.apache.catalina.startup.VersionLoggerListener.log Argument de la ligne de commande : -Djava.io.tmpdir=C:\Users\HP\Desktop\samasuker\.smarttomcat\temp
24-Aug-2026 12:17:50.229 INFOS [main] org.apache.catalina.startup.VersionLoggerListener.log Argument de la ligne de commande : -Djava.util.logging.config.file=C:\Users\HP\Desktop\samasuker\.smarttomcat\conf\logging.properties
24-Aug-2026 12:17:50.230 INFOS [main] org.apache.catalina.startup.VersionLoggerListener.log Argument de la ligne de commande : -Djava.util.logging.manager=org.apache.juli.ClassLoaderLogManager
24-Aug-2026 12:17:50.230 INFOS [main] org.apache.catalina.startup.VersionLoggerListener.log Argument de la ligne de commande : -javaagent:C:\Program Files\JetBrains\IntelliJ IDEA 2025.2.2\lib\idea_rt.jar=51637
24-Aug-2026 12:17:50.230 INFOS [main] org.apache.catalina.startup.VersionLoggerListener.log Argument de la ligne de commande : -Dfile.encoding=UTF-8
24-Aug-2026 12:17:50.230 INFOS [main] org.apache.catalina.startup.VersionLoggerListener.log Argument de la ligne de commande : -Dsun.stdout.encoding=UTF-8
24-Aug-2026 12:17:50.230 INFOS [main] org.apache.catalina.startup.VersionLoggerListener.log Argument de la ligne de commande : -Dsun.stderr.encoding=UTF-8
24-Aug-2026 12:17:50.291 INFOS [main] org.apache.catalina.core.AprLifecycleListener.lifecycleEvent Chargement de la librairie Apache Tomcat Native [2.0.9] en utilisant APR version [1.7.6]
24-Aug-2026 12:17:50.329 INFOS [main] org.apache.catalina.core.AprLifecycleListener.initializeSSL OpenSSL a été initialisé avec succès [OpenSSL 3.5.0 8 Apr 2025]
24-Aug-2026 12:17:51.092 INFOS [main] org.apache.coyote.AbstractProtocol.init Initialisation du gestionnaire de protocole ["http-nio-8080"]
24-Aug-2026 12:17:51.123 INFOS [main] org.apache.catalina.startup.Catalina.load L'initialisation du serveur a pris [1328] millisecondes
24-Aug-2026 12:17:51.265 INFOS [main] org.apache.catalina.core.StandardService.startInternal Démarrage du service [Catalina]
24-Aug-2026 12:17:51.270 INFOS [main] org.apache.catalina.core.StandardEngine.startInternal Démarrage du moteur de Servlets : [Apache Tomcat/10.1.42]
24-Aug-2026 12:17:51.296 INFOS [main] org.apache.catalina.startup.HostConfig.deployDescriptor Déploiement du descripteur de configuration [C:\Users\HP\Desktop\samasuker\.smarttomcat\conf\Catalina\localhost\MDD.xml]
24-Aug-2026 12:17:59.055 INFOS [main] org.apache.jasper.servlet.TldScanner.scanJars Au moins un fichier JAR a été analysé pour trouver des TLDs mais il n'en contenait pas, le mode "debug" du journal peut être activé pour obtenir une liste complète de JAR scannés sans succès ; éviter d'analyser des JARs inutilement peut améliorer sensiblement le temps de démarrage et le temps de compilation des JSPs
24-Aug-2026 12:17:59.387 INFOS [main] org.apache.catalina.startup.HostConfig.deployDescriptor Le traitement du descripteur de déploiement [C:\Users\HP\Desktop\samasuker\.smarttomcat\conf\Catalina\localhost\MDD.xml] a pris [8 082] ms
24-Aug-2026 12:17:59.387 INFOS [main] org.apache.catalina.startup.HostConfig.deployDescriptor Déploiement du descripteur de configuration [C:\Users\HP\Desktop\samasuker\.smarttomcat\conf\Catalina\localhost\ROOT.xml]
24-Aug-2026 12:18:04.752 INFOS [main] org.apache.jasper.servlet.TldScanner.scanJars Au moins un fichier JAR a été analysé pour trouver des TLDs mais il n'en contenait pas, le mode "debug" du journal peut être activé pour obtenir une liste complète de JAR scannés sans succès ; éviter d'analyser des JARs inutilement peut améliorer sensiblement le temps de démarrage et le temps de compilation des JSPs
24-Aug-2026 12:18:04.811 INFOS [main] org.apache.catalina.startup.HostConfig.deployDescriptor Le traitement du descripteur de déploiement [C:\Users\HP\Desktop\samasuker\.smarttomcat\conf\Catalina\localhost\ROOT.xml] a pris [5 423] ms
24-Aug-2026 12:18:04.819 INFOS [main] org.apache.coyote.AbstractProtocol.start Démarrage du gestionnaire de protocole ["http-nio-8080"]
24-Aug-2026 12:18:04.870 INFOS [main] org.apache.catalina.startup.Catalina.start Le démarrage du serveur a pris [13743] millisecondes
24-Aug-2026 12:18:19.119 INFO [http-nio-8080-exec-3] org.hibernate.jpa.internal.util.LogHelper.logPersistenceUnitInformation HHH000204: Processing PersistenceUnitInfo [name: glycemiePU]
24-Aug-2026 12:18:19.459 INFO [http-nio-8080-exec-3] org.hibernate.Version.logVersion HHH000412: Hibernate ORM core version 6.2.7.Final
24-Aug-2026 12:18:19.467 INFO [http-nio-8080-exec-3] org.hibernate.cfg.Environment.<clinit> HHH000406: Using bytecode reflection optimizer
24-Aug-2026 12:18:20.602 WARN [http-nio-8080-exec-3] org.hibernate.engine.jdbc.connections.internal.DriverManagerConnectionProviderImpl.configure HHH10001002: Using built-in connection pool (not intended for production use)
24-Aug-2026 12:18:20.619 INFO [http-nio-8080-exec-3] org.hibernate.engine.jdbc.connections.internal.DriverManagerConnectionProviderImpl.buildCreator HHH10001005: Loaded JDBC driver class: com.mysql.cj.jdbc.Driver
24-Aug-2026 12:18:20.619 INFO [http-nio-8080-exec-3] org.hibernate.engine.jdbc.connections.internal.DriverManagerConnectionProviderImpl.buildCreator HHH10001012: Connecting with JDBC URL [jdbc:mysql://localhost:3306/suivi_glycemie_db?useSSL=false&serverTimezone=UTC]
24-Aug-2026 12:18:20.619 INFO [http-nio-8080-exec-3] org.hibernate.engine.jdbc.connections.internal.DriverManagerConnectionProviderImpl.buildCreator HHH10001001: Connection properties: {password=****, user=root}
24-Aug-2026 12:18:20.619 INFO [http-nio-8080-exec-3] org.hibernate.engine.jdbc.connections.internal.DriverManagerConnectionProviderImpl.buildCreator HHH10001003: Autocommit mode: false
24-Aug-2026 12:18:20.639 INFO [http-nio-8080-exec-3] org.hibernate.engine.jdbc.connections.internal.DriverManagerConnectionProviderImpl$PooledConnections.<init> HHH10001115: Connection pool size: 20 (min=1)
24-Aug-2026 12:18:21.454 WARN [http-nio-8080-exec-3] org.hibernate.dialect.Dialect.checkVersion HHH000511: The 5.6.17 version for [org.hibernate.dialect.MySQLDialect] is no longer supported, hence certain features may not work properly. The minimum supported version is 5.7.0. Check the community dialects project for available legacy versions.
24-Aug-2026 12:18:22.812 INFO [http-nio-8080-exec-3] org.hibernate.bytecode.internal.BytecodeProviderInitiator.buildBytecodeProvider HHH000021: Bytecode provider name : bytebuddy
24-Aug-2026 12:18:27.887 INFO [http-nio-8080-exec-3] org.hibernate.engine.transaction.jta.platform.internal.JtaPlatformInitiator.initiateService HHH000490: Using JtaPlatform implementation: [org.hibernate.engine.transaction.jta.platform.internal.NoJtaPlatform]
24-Aug-2026 12:18:28.068 INFO [http-nio-8080-exec-3] org.hibernate.resource.transaction.backend.jdbc.internal.DdlTransactionIsolatorNonJtaImpl.getIsolatedConnection HHH10001501: Connection obtained from JdbcConnectionAccess [org.hibernate.engine.jdbc.env.internal.JdbcEnvironmentInitiator$ConnectionProviderJdbcConnectionAccess@69be5ae1] for (non-JTA) DDL execution was not in auto-commit mode; the Connection 'local transaction' will be committed and the Connection will be set into auto-commit mode.
24-Aug-2026 12:18:30.013 INFO [http-nio-8080-exec-6] org.hibernate.jpa.internal.util.LogHelper.logPersistenceUnitInformation HHH000204: Processing PersistenceUnitInfo [name: glycemiePU]
24-Aug-2026 12:18:30.074 WARN [http-nio-8080-exec-6] org.hibernate.engine.jdbc.connections.internal.DriverManagerConnectionProviderImpl.configure HHH10001002: Using built-in connection pool (not intended for production use)
24-Aug-2026 12:18:30.074 INFO [http-nio-8080-exec-6] org.hibernate.engine.jdbc.connections.internal.DriverManagerConnectionProviderImpl.buildCreator HHH10001005: Loaded JDBC driver class: com.mysql.cj.jdbc.Driver
24-Aug-2026 12:18:30.074 INFO [http-nio-8080-exec-6] org.hibernate.engine.jdbc.connections.internal.DriverManagerConnectionProviderImpl.buildCreator HHH10001012: Connecting with JDBC URL [jdbc:mysql://localhost:3306/suivi_glycemie_db?useSSL=false&serverTimezone=UTC]
24-Aug-2026 12:18:30.074 INFO [http-nio-8080-exec-6] org.hibernate.engine.jdbc.connections.internal.DriverManagerConnectionProviderImpl.buildCreator HHH10001001: Connection properties: {password=****, user=root}
24-Aug-2026 12:18:30.074 INFO [http-nio-8080-exec-6] org.hibernate.engine.jdbc.connections.internal.DriverManagerConnectionProviderImpl.buildCreator HHH10001003: Autocommit mode: false
24-Aug-2026 12:18:30.074 INFO [http-nio-8080-exec-6] org.hibernate.engine.jdbc.connections.internal.DriverManagerConnectionProviderImpl$PooledConnections.<init> HHH10001115: Connection pool size: 20 (min=1)
24-Aug-2026 12:18:30.083 WARN [http-nio-8080-exec-6] org.hibernate.dialect.Dialect.checkVersion HHH000511: The 5.6.17 version for [org.hibernate.dialect.MySQLDialect] is no longer supported, hence certain features may not work properly. The minimum supported version is 5.7.0. Check the community dialects project for available legacy versions.
24-Aug-2026 12:18:30.114 INFO [http-nio-8080-exec-6] org.hibernate.bytecode.internal.BytecodeProviderInitiator.buildBytecodeProvider HHH000021: Bytecode provider name : bytebuddy
24-Aug-2026 12:18:30.281 INFO [http-nio-8080-exec-6] org.hibernate.engine.transaction.jta.platform.internal.JtaPlatformInitiator.initiateService HHH000490: Using JtaPlatform implementation: [org.hibernate.engine.transaction.jta.platform.internal.NoJtaPlatform]
24-Aug-2026 12:18:30.291 INFO [http-nio-8080-exec-6] org.hibernate.resource.transaction.backend.jdbc.internal.DdlTransactionIsolatorNonJtaImpl.getIsolatedConnection HHH10001501: Connection obtained from JdbcConnectionAccess [org.hibernate.engine.jdbc.env.internal.JdbcEnvironmentInitiator$ConnectionProviderJdbcConnectionAccess@31bdcc38] for (non-JTA) DDL execution was not in auto-commit mode; the Connection 'local transaction' will be committed and the Connection will be set into auto-commit mode.
24-Aug-2026 12:20:43.737 INFOS [Thread-1] org.apache.coyote.AbstractProtocol.pause Le gestionnaire de protocole ["http-nio-8080"] est mis en pause
24-Aug-2026 12:20:43.753 INFOS [Thread-1] org.apache.catalina.core.StandardService.stopInternal Arrêt du service [Catalina]
24-Aug-2026 12:20:43.763 AVERTISSEMENT [Thread-1] org.apache.catalina.loader.WebappClassLoaderBase.clearReferencesJdbc L'application web [ROOT] a enregistré un pilote JDBC [com.mysql.cj.jdbc.Driver], mais ne l'a pas désenregistré avant l'arrêt de l'application.  Pour éviter une fuite de mémoire, le pilote JDBC a été désenregistré de force.
24-Aug-2026 12:20:43.764 AVERTISSEMENT [Thread-1] org.apache.catalina.loader.WebappClassLoaderBase.clearReferencesThreads L'application web [ROOT] semble avoir démarré un thread nommé [mysql-cj-abandoned-connection-cleanup] mais ne l'a pas arrêté, ce qui va probablement créer une fuite de mémoire ; la trace du thread est : 
 java.base/jdk.internal.misc.Unsafe.park(Native Method)
 java.base/java.util.concurrent.locks.LockSupport.parkNanos(LockSupport.java:269)
 java.base/java.util.concurrent.locks.AbstractQueuedSynchronizer$ConditionObject.await(AbstractQueuedSynchronizer.java:1886)
 java.base/java.lang.ref.ReferenceQueue.await(ReferenceQueue.java:71)
 java.base/java.lang.ref.ReferenceQueue.remove0(ReferenceQueue.java:143)
 java.base/java.lang.ref.ReferenceQueue.remove(ReferenceQueue.java:218)
 com.mysql.cj.jdbc.AbandonedConnectionCleanupThread.run(AbandonedConnectionCleanupThread.java:93)
 java.base/java.util.concurrent.ThreadPoolExecutor.runWorker(ThreadPoolExecutor.java:1144)
 java.base/java.util.concurrent.ThreadPoolExecutor$Worker.run(ThreadPoolExecutor.java:642)
 java.base/java.lang.Thread.run(Thread.java:1583)
24-Aug-2026 12:20:43.764 AVERTISSEMENT [Thread-1] org.apache.catalina.loader.WebappClassLoaderBase.clearReferencesThreads L'application web [ROOT] semble avoir démarré un thread nommé [Hibernate Connection Pool Validation Thread] mais ne l'a pas arrêté, ce qui va probablement créer une fuite de mémoire ; la trace du thread est : 
 java.base/jdk.internal.misc.Unsafe.park(Native Method)
 java.base/java.util.concurrent.locks.LockSupport.parkNanos(LockSupport.java:269)
 java.base/java.util.concurrent.locks.AbstractQueuedSynchronizer$ConditionObject.awaitNanos(AbstractQueuedSynchronizer.java:1797)
 java.base/java.util.concurrent.ScheduledThreadPoolExecutor$DelayedWorkQueue.take(ScheduledThreadPoolExecutor.java:1182)
 java.base/java.util.concurrent.ScheduledThreadPoolExecutor$DelayedWorkQueue.take(ScheduledThreadPoolExecutor.java:899)
 java.base/java.util.concurrent.ThreadPoolExecutor.getTask(ThreadPoolExecutor.java:1070)
 java.base/java.util.concurrent.ThreadPoolExecutor.runWorker(ThreadPoolExecutor.java:1130)
 java.base/java.util.concurrent.ThreadPoolExecutor$Worker.run(ThreadPoolExecutor.java:642)
 java.base/java.lang.Thread.run(Thread.java:1583)
24-Aug-2026 12:20:43.764 AVERTISSEMENT [Thread-1] org.apache.catalina.loader.WebappClassLoaderBase.clearReferencesThreads L'application web [ROOT] semble avoir démarré un thread nommé [Hibernate Connection Pool Validation Thread] mais ne l'a pas arrêté, ce qui va probablement créer une fuite de mémoire ; la trace du thread est : 
 java.base/jdk.internal.misc.Unsafe.park(Native Method)
 java.base/java.util.concurrent.locks.LockSupport.parkNanos(LockSupport.java:269)
 java.base/java.util.concurrent.locks.AbstractQueuedSynchronizer$ConditionObject.awaitNanos(AbstractQueuedSynchronizer.java:1797)
 java.base/java.util.concurrent.ScheduledThreadPoolExecutor$DelayedWorkQueue.take(ScheduledThreadPoolExecutor.java:1182)
 java.base/java.util.concurrent.ScheduledThreadPoolExecutor$DelayedWorkQueue.take(ScheduledThreadPoolExecutor.java:899)
 java.base/java.util.concurrent.ThreadPoolExecutor.getTask(ThreadPoolExecutor.java:1070)
 java.base/java.util.concurrent.ThreadPoolExecutor.runWorker(ThreadPoolExecutor.java:1130)
 java.base/java.util.concurrent.ThreadPoolExecutor$Worker.run(ThreadPoolExecutor.java:642)
 java.base/java.lang.Thread.run(Thread.java:1583)
24-Aug-2026 12:20:43.780 INFOS [Thread-1] org.apache.coyote.AbstractProtocol.stop Arrêt du gestionnaire de protocole ["http-nio-8080"]
24-Aug-2026 12:20:43.784 INFOS [Thread-1] org.apache.coyote.AbstractProtocol.destroy Destruction du gestionnaire de protocole ["http-nio-8080"]
24-Aug-2026 12:20:46.859 INFOS [main] org.apache.catalina.startup.VersionLoggerListener.log Nom version serveur :              Apache Tomcat/10.1.42
24-Aug-2026 12:20:46.866 INFOS [main] org.apache.catalina.startup.VersionLoggerListener.log Serveur compilé :                  Jun 5 2025 22:35:46 UTC
24-Aug-2026 12:20:46.866 INFOS [main] org.apache.catalina.startup.VersionLoggerListener.log Version du serveur :               10.1.42.0
24-Aug-2026 12:20:46.867 INFOS [main] org.apache.catalina.startup.VersionLoggerListener.log Nom de l'OS :                      Windows 11
24-Aug-2026 12:20:46.867 INFOS [main] org.apache.catalina.startup.VersionLoggerListener.log Version OS :                       10.0
24-Aug-2026 12:20:46.867 INFOS [main] org.apache.catalina.startup.VersionLoggerListener.log Architecture :                     amd64
24-Aug-2026 12:20:46.868 INFOS [main] org.apache.catalina.startup.VersionLoggerListener.log Java Home :                        C:\Users\HP\.jdks\jbrsdk_jcef-21.0.9
24-Aug-2026 12:20:46.868 INFOS [main] org.apache.catalina.startup.VersionLoggerListener.log Version JVM :                      21.0.9+1-b1038.75
24-Aug-2026 12:20:46.868 INFOS [main] org.apache.catalina.startup.VersionLoggerListener.log Fournisseur de la JVM :            JetBrains s.r.o.
24-Aug-2026 12:20:46.868 INFOS [main] org.apache.catalina.startup.VersionLoggerListener.log CATALINA_BASE :                    C:\Users\HP\Desktop\samasuker\.smarttomcat
24-Aug-2026 12:20:46.868 INFOS [main] org.apache.catalina.startup.VersionLoggerListener.log CATALINA_HOME :                    C:\Users\HP\Desktop\apache-tomcat-10.1.42
24-Aug-2026 12:20:46.893 INFOS [main] org.apache.catalina.startup.VersionLoggerListener.log Argument de la ligne de commande : --add-opens=java.base/java.lang=ALL-UNNAMED
24-Aug-2026 12:20:46.893 INFOS [main] org.apache.catalina.startup.VersionLoggerListener.log Argument de la ligne de commande : --add-opens=java.base/java.io=ALL-UNNAMED
24-Aug-2026 12:20:46.894 INFOS [main] org.apache.catalina.startup.VersionLoggerListener.log Argument de la ligne de commande : --add-opens=java.base/java.util=ALL-UNNAMED
24-Aug-2026 12:20:46.894 INFOS [main] org.apache.catalina.startup.VersionLoggerListener.log Argument de la ligne de commande : --add-opens=java.base/java.util.concurrent=ALL-UNNAMED
24-Aug-2026 12:20:46.894 INFOS [main] org.apache.catalina.startup.VersionLoggerListener.log Argument de la ligne de commande : --add-opens=java.rmi/sun.rmi.transport=ALL-UNNAMED
24-Aug-2026 12:20:46.894 INFOS [main] org.apache.catalina.startup.VersionLoggerListener.log Argument de la ligne de commande : -Dcatalina.home=C:\Users\HP\Desktop\apache-tomcat-10.1.42
24-Aug-2026 12:20:46.896 INFOS [main] org.apache.catalina.startup.VersionLoggerListener.log Argument de la ligne de commande : -Dcatalina.base=C:\Users\HP\Desktop\samasuker\.smarttomcat
24-Aug-2026 12:20:46.896 INFOS [main] org.apache.catalina.startup.VersionLoggerListener.log Argument de la ligne de commande : -Djava.io.tmpdir=C:\Users\HP\Desktop\samasuker\.smarttomcat\temp
24-Aug-2026 12:20:46.896 INFOS [main] org.apache.catalina.startup.VersionLoggerListener.log Argument de la ligne de commande : -Djava.util.logging.config.file=C:\Users\HP\Desktop\samasuker\.smarttomcat\conf\logging.properties
24-Aug-2026 12:20:46.897 INFOS [main] org.apache.catalina.startup.VersionLoggerListener.log Argument de la ligne de commande : -Djava.util.logging.manager=org.apache.juli.ClassLoaderLogManager
24-Aug-2026 12:20:46.897 INFOS [main] org.apache.catalina.startup.VersionLoggerListener.log Argument de la ligne de commande : -javaagent:C:\Program Files\JetBrains\IntelliJ IDEA 2025.2.2\lib\idea_rt.jar=50365
24-Aug-2026 12:20:46.897 INFOS [main] org.apache.catalina.startup.VersionLoggerListener.log Argument de la ligne de commande : -Dfile.encoding=UTF-8
24-Aug-2026 12:20:46.897 INFOS [main] org.apache.catalina.startup.VersionLoggerListener.log Argument de la ligne de commande : -Dsun.stdout.encoding=UTF-8
24-Aug-2026 12:20:46.898 INFOS [main] org.apache.catalina.startup.VersionLoggerListener.log Argument de la ligne de commande : -Dsun.stderr.encoding=UTF-8
24-Aug-2026 12:20:46.905 INFOS [main] org.apache.catalina.core.AprLifecycleListener.lifecycleEvent Chargement de la librairie Apache Tomcat Native [2.0.9] en utilisant APR version [1.7.6]
24-Aug-2026 12:20:46.916 INFOS [main] org.apache.catalina.core.AprLifecycleListener.initializeSSL OpenSSL a été initialisé avec succès [OpenSSL 3.5.0 8 Apr 2025]
24-Aug-2026 12:20:47.589 INFOS [main] org.apache.coyote.AbstractProtocol.init Initialisation du gestionnaire de protocole ["http-nio-8080"]
24-Aug-2026 12:20:47.626 INFOS [main] org.apache.catalina.startup.Catalina.load L'initialisation du serveur a pris [1241] millisecondes
24-Aug-2026 12:20:47.762 INFOS [main] org.apache.catalina.core.StandardService.startInternal Démarrage du service [Catalina]
24-Aug-2026 12:20:47.763 INFOS [main] org.apache.catalina.core.StandardEngine.startInternal Démarrage du moteur de Servlets : [Apache Tomcat/10.1.42]
24-Aug-2026 12:20:47.793 INFOS [main] org.apache.catalina.startup.HostConfig.deployDescriptor Déploiement du descripteur de configuration [C:\Users\HP\Desktop\samasuker\.smarttomcat\conf\Catalina\localhost\MDD.xml]
24-Aug-2026 12:20:51.645 INFOS [main] org.apache.jasper.servlet.TldScanner.scanJars Au moins un fichier JAR a été analysé pour trouver des TLDs mais il n'en contenait pas, le mode "debug" du journal peut être activé pour obtenir une liste complète de JAR scannés sans succès ; éviter d'analyser des JARs inutilement peut améliorer sensiblement le temps de démarrage et le temps de compilation des JSPs
24-Aug-2026 12:20:51.761 INFOS [main] org.apache.catalina.startup.HostConfig.deployDescriptor Le traitement du descripteur de déploiement [C:\Users\HP\Desktop\samasuker\.smarttomcat\conf\Catalina\localhost\MDD.xml] a pris [3 965] ms
24-Aug-2026 12:20:51.761 INFOS [main] org.apache.catalina.startup.HostConfig.deployDescriptor Déploiement du descripteur de configuration [C:\Users\HP\Desktop\samasuker\.smarttomcat\conf\Catalina\localhost\ROOT.xml]
24-Aug-2026 12:20:54.464 INFOS [main] org.apache.jasper.servlet.TldScanner.scanJars Au moins un fichier JAR a été analysé pour trouver des TLDs mais il n'en contenait pas, le mode "debug" du journal peut être activé pour obtenir une liste complète de JAR scannés sans succès ; éviter d'analyser des JARs inutilement peut améliorer sensiblement le temps de démarrage et le temps de compilation des JSPs
24-Aug-2026 12:20:54.517 INFOS [main] org.apache.catalina.startup.HostConfig.deployDescriptor Le traitement du descripteur de déploiement [C:\Users\HP\Desktop\samasuker\.smarttomcat\conf\Catalina\localhost\ROOT.xml] a pris [2 756] ms
24-Aug-2026 12:20:54.528 INFOS [main] org.apache.coyote.AbstractProtocol.start Démarrage du gestionnaire de protocole ["http-nio-8080"]
24-Aug-2026 12:20:54.578 INFOS [main] org.apache.catalina.startup.Catalina.start Le démarrage du serveur a pris [6948] millisecondes
24-Aug-2026 12:21:12.880 INFO [http-nio-8080-exec-3] org.hibernate.jpa.internal.util.LogHelper.logPersistenceUnitInformation HHH000204: Processing PersistenceUnitInfo [name: glycemiePU]
24-Aug-2026 12:21:13.199 INFO [http-nio-8080-exec-3] org.hibernate.Version.logVersion HHH000412: Hibernate ORM core version 6.2.7.Final
24-Aug-2026 12:21:13.207 INFO [http-nio-8080-exec-3] org.hibernate.cfg.Environment.<clinit> HHH000406: Using bytecode reflection optimizer
24-Aug-2026 12:21:14.447 WARN [http-nio-8080-exec-3] org.hibernate.engine.jdbc.connections.internal.DriverManagerConnectionProviderImpl.configure HHH10001002: Using built-in connection pool (not intended for production use)
24-Aug-2026 12:21:14.475 INFO [http-nio-8080-exec-3] org.hibernate.engine.jdbc.connections.internal.DriverManagerConnectionProviderImpl.buildCreator HHH10001005: Loaded JDBC driver class: com.mysql.cj.jdbc.Driver
24-Aug-2026 12:21:14.475 INFO [http-nio-8080-exec-3] org.hibernate.engine.jdbc.connections.internal.DriverManagerConnectionProviderImpl.buildCreator HHH10001012: Connecting with JDBC URL [jdbc:mysql://localhost:3306/suivi_glycemie_db?useSSL=false&serverTimezone=UTC]
24-Aug-2026 12:21:14.476 INFO [http-nio-8080-exec-3] org.hibernate.engine.jdbc.connections.internal.DriverManagerConnectionProviderImpl.buildCreator HHH10001001: Connection properties: {password=****, user=root}
24-Aug-2026 12:21:14.476 INFO [http-nio-8080-exec-3] org.hibernate.engine.jdbc.connections.internal.DriverManagerConnectionProviderImpl.buildCreator HHH10001003: Autocommit mode: false
24-Aug-2026 12:21:14.512 INFO [http-nio-8080-exec-3] org.hibernate.engine.jdbc.connections.internal.DriverManagerConnectionProviderImpl$PooledConnections.<init> HHH10001115: Connection pool size: 20 (min=1)
24-Aug-2026 12:21:15.510 WARN [http-nio-8080-exec-3] org.hibernate.dialect.Dialect.checkVersion HHH000511: The 5.6.17 version for [org.hibernate.dialect.MySQLDialect] is no longer supported, hence certain features may not work properly. The minimum supported version is 5.7.0. Check the community dialects project for available legacy versions.
24-Aug-2026 12:21:17.354 INFO [http-nio-8080-exec-3] org.hibernate.bytecode.internal.BytecodeProviderInitiator.buildBytecodeProvider HHH000021: Bytecode provider name : bytebuddy
24-Aug-2026 12:21:21.089 INFO [http-nio-8080-exec-3] org.hibernate.engine.transaction.jta.platform.internal.JtaPlatformInitiator.initiateService HHH000490: Using JtaPlatform implementation: [org.hibernate.engine.transaction.jta.platform.internal.NoJtaPlatform]
24-Aug-2026 12:21:21.222 INFO [http-nio-8080-exec-3] org.hibernate.resource.transaction.backend.jdbc.internal.DdlTransactionIsolatorNonJtaImpl.getIsolatedConnection HHH10001501: Connection obtained from JdbcConnectionAccess [org.hibernate.engine.jdbc.env.internal.JdbcEnvironmentInitiator$ConnectionProviderJdbcConnectionAccess@500b7736] for (non-JTA) DDL execution was not in auto-commit mode; the Connection 'local transaction' will be committed and the Connection will be set into auto-commit mode.
24-Aug-2026 12:21:23.219 INFO [http-nio-8080-exec-6] org.hibernate.jpa.internal.util.LogHelper.logPersistenceUnitInformation HHH000204: Processing PersistenceUnitInfo [name: glycemiePU]
24-Aug-2026 12:21:23.280 WARN [http-nio-8080-exec-6] org.hibernate.engine.jdbc.connections.internal.DriverManagerConnectionProviderImpl.configure HHH10001002: Using built-in connection pool (not intended for production use)
24-Aug-2026 12:21:23.280 INFO [http-nio-8080-exec-6] org.hibernate.engine.jdbc.connections.internal.DriverManagerConnectionProviderImpl.buildCreator HHH10001005: Loaded JDBC driver class: com.mysql.cj.jdbc.Driver
24-Aug-2026 12:21:23.280 INFO [http-nio-8080-exec-6] org.hibernate.engine.jdbc.connections.internal.DriverManagerConnectionProviderImpl.buildCreator HHH10001012: Connecting with JDBC URL [jdbc:mysql://localhost:3306/suivi_glycemie_db?useSSL=false&serverTimezone=UTC]
24-Aug-2026 12:21:23.282 INFO [http-nio-8080-exec-6] org.hibernate.engine.jdbc.connections.internal.DriverManagerConnectionProviderImpl.buildCreator HHH10001001: Connection properties: {password=****, user=root}
24-Aug-2026 12:21:23.282 INFO [http-nio-8080-exec-6] org.hibernate.engine.jdbc.connections.internal.DriverManagerConnectionProviderImpl.buildCreator HHH10001003: Autocommit mode: false
24-Aug-2026 12:21:23.282 INFO [http-nio-8080-exec-6] org.hibernate.engine.jdbc.connections.internal.DriverManagerConnectionProviderImpl$PooledConnections.<init> HHH10001115: Connection pool size: 20 (min=1)
24-Aug-2026 12:21:23.288 WARN [http-nio-8080-exec-6] org.hibernate.dialect.Dialect.checkVersion HHH000511: The 5.6.17 version for [org.hibernate.dialect.MySQLDialect] is no longer supported, hence certain features may not work properly. The minimum supported version is 5.7.0. Check the community dialects project for available legacy versions.
24-Aug-2026 12:21:23.318 INFO [http-nio-8080-exec-6] org.hibernate.bytecode.internal.BytecodeProviderInitiator.buildBytecodeProvider HHH000021: Bytecode provider name : bytebuddy
24-Aug-2026 12:21:23.459 INFO [http-nio-8080-exec-6] org.hibernate.engine.transaction.jta.platform.internal.JtaPlatformInitiator.initiateService HHH000490: Using JtaPlatform implementation: [org.hibernate.engine.transaction.jta.platform.internal.NoJtaPlatform]
24-Aug-2026 12:21:23.461 INFO [http-nio-8080-exec-6] org.hibernate.resource.transaction.backend.jdbc.internal.DdlTransactionIsolatorNonJtaImpl.getIsolatedConnection HHH10001501: Connection obtained from JdbcConnectionAccess [org.hibernate.engine.jdbc.env.internal.JdbcEnvironmentInitiator$ConnectionProviderJdbcConnectionAccess@31dcc51a] for (non-JTA) DDL execution was not in auto-commit mode; the Connection 'local transaction' will be committed and the Connection will be set into auto-commit mode.
24-Aug-2026 12:21:31.295 INFO [http-nio-8080-exec-5] org.hibernate.jpa.internal.util.LogHelper.logPersistenceUnitInformation HHH000204: Processing PersistenceUnitInfo [name: glycemiePU]
24-Aug-2026 12:21:31.433 WARN [http-nio-8080-exec-5] org.hibernate.engine.jdbc.connections.internal.DriverManagerConnectionProviderImpl.configure HHH10001002: Using built-in connection pool (not intended for production use)
24-Aug-2026 12:21:31.433 INFO [http-nio-8080-exec-5] org.hibernate.engine.jdbc.connections.internal.DriverManagerConnectionProviderImpl.buildCreator HHH10001005: Loaded JDBC driver class: com.mysql.cj.jdbc.Driver
24-Aug-2026 12:21:31.436 INFO [http-nio-8080-exec-5] org.hibernate.engine.jdbc.connections.internal.DriverManagerConnectionProviderImpl.buildCreator HHH10001012: Connecting with JDBC URL [jdbc:mysql://localhost:3306/suivi_glycemie_db?useSSL=false&serverTimezone=UTC]
24-Aug-2026 12:21:31.436 INFO [http-nio-8080-exec-5] org.hibernate.engine.jdbc.connections.internal.DriverManagerConnectionProviderImpl.buildCreator HHH10001001: Connection properties: {password=****, user=root}
24-Aug-2026 12:21:31.436 INFO [http-nio-8080-exec-5] org.hibernate.engine.jdbc.connections.internal.DriverManagerConnectionProviderImpl.buildCreator HHH10001003: Autocommit mode: false
24-Aug-2026 12:21:31.436 INFO [http-nio-8080-exec-5] org.hibernate.engine.jdbc.connections.internal.DriverManagerConnectionProviderImpl$PooledConnections.<init> HHH10001115: Connection pool size: 20 (min=1)
24-Aug-2026 12:21:31.452 WARN [http-nio-8080-exec-5] org.hibernate.dialect.Dialect.checkVersion HHH000511: The 5.6.17 version for [org.hibernate.dialect.MySQLDialect] is no longer supported, hence certain features may not work properly. The minimum supported version is 5.7.0. Check the community dialects project for available legacy versions.
24-Aug-2026 12:21:31.507 INFO [http-nio-8080-exec-5] org.hibernate.bytecode.internal.BytecodeProviderInitiator.buildBytecodeProvider HHH000021: Bytecode provider name : bytebuddy
24-Aug-2026 12:21:31.728 INFO [http-nio-8080-exec-5] org.hibernate.engine.transaction.jta.platform.internal.JtaPlatformInitiator.initiateService HHH000490: Using JtaPlatform implementation: [org.hibernate.engine.transaction.jta.platform.internal.NoJtaPlatform]
24-Aug-2026 12:21:31.730 INFO [http-nio-8080-exec-5] org.hibernate.resource.transaction.backend.jdbc.internal.DdlTransactionIsolatorNonJtaImpl.getIsolatedConnection HHH10001501: Connection obtained from JdbcConnectionAccess [org.hibernate.engine.jdbc.env.internal.JdbcEnvironmentInitiator$ConnectionProviderJdbcConnectionAccess@6e861596] for (non-JTA) DDL execution was not in auto-commit mode; the Connection 'local transaction' will be committed and the Connection will be set into auto-commit mode.
24-Aug-2026 12:24:55.558 INFO [http-nio-8080-exec-1] org.hibernate.jpa.internal.util.LogHelper.logPersistenceUnitInformation HHH000204: Processing PersistenceUnitInfo [name: glycemiePU]
24-Aug-2026 12:24:55.633 WARN [http-nio-8080-exec-1] org.hibernate.engine.jdbc.connections.internal.DriverManagerConnectionProviderImpl.configure HHH10001002: Using built-in connection pool (not intended for production use)
24-Aug-2026 12:24:55.633 INFO [http-nio-8080-exec-1] org.hibernate.engine.jdbc.connections.internal.DriverManagerConnectionProviderImpl.buildCreator HHH10001005: Loaded JDBC driver class: com.mysql.cj.jdbc.Driver
24-Aug-2026 12:24:55.633 INFO [http-nio-8080-exec-1] org.hibernate.engine.jdbc.connections.internal.DriverManagerConnectionProviderImpl.buildCreator HHH10001012: Connecting with JDBC URL [jdbc:mysql://localhost:3306/suivi_glycemie_db?useSSL=false&serverTimezone=UTC]
24-Aug-2026 12:24:55.633 INFO [http-nio-8080-exec-1] org.hibernate.engine.jdbc.connections.internal.DriverManagerConnectionProviderImpl.buildCreator HHH10001001: Connection properties: {password=****, user=root}
24-Aug-2026 12:24:55.633 INFO [http-nio-8080-exec-1] org.hibernate.engine.jdbc.connections.internal.DriverManagerConnectionProviderImpl.buildCreator HHH10001003: Autocommit mode: false
24-Aug-2026 12:24:55.633 INFO [http-nio-8080-exec-1] org.hibernate.engine.jdbc.connections.internal.DriverManagerConnectionProviderImpl$PooledConnections.<init> HHH10001115: Connection pool size: 20 (min=1)
24-Aug-2026 12:24:55.641 WARN [http-nio-8080-exec-1] org.hibernate.dialect.Dialect.checkVersion HHH000511: The 5.6.17 version for [org.hibernate.dialect.MySQLDialect] is no longer supported, hence certain features may not work properly. The minimum supported version is 5.7.0. Check the community dialects project for available legacy versions.
24-Aug-2026 12:24:55.675 INFO [http-nio-8080-exec-1] org.hibernate.bytecode.internal.BytecodeProviderInitiator.buildBytecodeProvider HHH000021: Bytecode provider name : bytebuddy
24-Aug-2026 12:24:55.831 INFO [http-nio-8080-exec-1] org.hibernate.engine.transaction.jta.platform.internal.JtaPlatformInitiator.initiateService HHH000490: Using JtaPlatform implementation: [org.hibernate.engine.transaction.jta.platform.internal.NoJtaPlatform]
24-Aug-2026 12:24:55.831 INFO [http-nio-8080-exec-1] org.hibernate.resource.transaction.backend.jdbc.internal.DdlTransactionIsolatorNonJtaImpl.getIsolatedConnection HHH10001501: Connection obtained from JdbcConnectionAccess [org.hibernate.engine.jdbc.env.internal.JdbcEnvironmentInitiator$ConnectionProviderJdbcConnectionAccess@4dadfa0d] for (non-JTA) DDL execution was not in auto-commit mode; the Connection 'local transaction' will be committed and the Connection will be set into auto-commit mode.
24-Aug-2026 12:28:20.719 INFOS [Thread-1] org.apache.coyote.AbstractProtocol.pause Le gestionnaire de protocole ["http-nio-8080"] est mis en pause
24-Aug-2026 12:28:20.731 INFOS [Thread-1] org.apache.catalina.core.StandardService.stopInternal Arrêt du service [Catalina]
24-Aug-2026 12:28:20.738 AVERTISSEMENT [Thread-1] org.apache.catalina.loader.WebappClassLoaderBase.clearReferencesJdbc L'application web [ROOT] a enregistré un pilote JDBC [com.mysql.cj.jdbc.Driver], mais ne l'a pas désenregistré avant l'arrêt de l'application.  Pour éviter une fuite de mémoire, le pilote JDBC a été désenregistré de force.
24-Aug-2026 12:28:20.739 AVERTISSEMENT [Thread-1] org.apache.catalina.loader.WebappClassLoaderBase.clearReferencesThreads L'application web [ROOT] semble avoir démarré un thread nommé [mysql-cj-abandoned-connection-cleanup] mais ne l'a pas arrêté, ce qui va probablement créer une fuite de mémoire ; la trace du thread est : 
 java.base/jdk.internal.misc.Unsafe.park(Native Method)
 java.base/java.util.concurrent.locks.LockSupport.parkNanos(LockSupport.java:269)
 java.base/java.util.concurrent.locks.AbstractQueuedSynchronizer$ConditionObject.await(AbstractQueuedSynchronizer.java:1886)
 java.base/java.lang.ref.ReferenceQueue.await(ReferenceQueue.java:71)
 java.base/java.lang.ref.ReferenceQueue.remove0(ReferenceQueue.java:143)
 java.base/java.lang.ref.ReferenceQueue.remove(ReferenceQueue.java:218)
 com.mysql.cj.jdbc.AbandonedConnectionCleanupThread.run(AbandonedConnectionCleanupThread.java:93)
 java.base/java.util.concurrent.ThreadPoolExecutor.runWorker(ThreadPoolExecutor.java:1144)
 java.base/java.util.concurrent.ThreadPoolExecutor$Worker.run(ThreadPoolExecutor.java:642)
 java.base/java.lang.Thread.run(Thread.java:1583)
24-Aug-2026 12:28:20.739 AVERTISSEMENT [Thread-1] org.apache.catalina.loader.WebappClassLoaderBase.clearReferencesThreads L'application web [ROOT] semble avoir démarré un thread nommé [Hibernate Connection Pool Validation Thread] mais ne l'a pas arrêté, ce qui va probablement créer une fuite de mémoire ; la trace du thread est : 
 java.base/jdk.internal.misc.Unsafe.park(Native Method)
 java.base/java.util.concurrent.locks.LockSupport.parkNanos(LockSupport.java:269)
 java.base/java.util.concurrent.locks.AbstractQueuedSynchronizer$ConditionObject.awaitNanos(AbstractQueuedSynchronizer.java:1797)
 java.base/java.util.concurrent.ScheduledThreadPoolExecutor$DelayedWorkQueue.take(ScheduledThreadPoolExecutor.java:1182)
 java.base/java.util.concurrent.ScheduledThreadPoolExecutor$DelayedWorkQueue.take(ScheduledThreadPoolExecutor.java:899)
 java.base/java.util.concurrent.ThreadPoolExecutor.getTask(ThreadPoolExecutor.java:1070)
 java.base/java.util.concurrent.ThreadPoolExecutor.runWorker(ThreadPoolExecutor.java:1130)
 java.base/java.util.concurrent.ThreadPoolExecutor$Worker.run(ThreadPoolExecutor.java:642)
 java.base/java.lang.Thread.run(Thread.java:1583)
24-Aug-2026 12:28:20.739 AVERTISSEMENT [Thread-1] org.apache.catalina.loader.WebappClassLoaderBase.clearReferencesThreads L'application web [ROOT] semble avoir démarré un thread nommé [Hibernate Connection Pool Validation Thread] mais ne l'a pas arrêté, ce qui va probablement créer une fuite de mémoire ; la trace du thread est : 
 java.base/jdk.internal.misc.Unsafe.park(Native Method)
 java.base/java.util.concurrent.locks.LockSupport.parkNanos(LockSupport.java:269)
 java.base/java.util.concurrent.locks.AbstractQueuedSynchronizer$ConditionObject.awaitNanos(AbstractQueuedSynchronizer.java:1797)
 java.base/java.util.concurrent.ScheduledThreadPoolExecutor$DelayedWorkQueue.take(ScheduledThreadPoolExecutor.java:1182)
 java.base/java.util.concurrent.ScheduledThreadPoolExecutor$DelayedWorkQueue.take(ScheduledThreadPoolExecutor.java:899)
 java.base/java.util.concurrent.ThreadPoolExecutor.getTask(ThreadPoolExecutor.java:1070)
 java.base/java.util.concurrent.ThreadPoolExecutor.runWorker(ThreadPoolExecutor.java:1130)
 java.base/java.util.concurrent.ThreadPoolExecutor$Worker.run(ThreadPoolExecutor.java:642)
 java.base/java.lang.Thread.run(Thread.java:1583)
24-Aug-2026 12:28:20.739 AVERTISSEMENT [Thread-1] org.apache.catalina.loader.WebappClassLoaderBase.clearReferencesThreads L'application web [ROOT] semble avoir démarré un thread nommé [Hibernate Connection Pool Validation Thread] mais ne l'a pas arrêté, ce qui va probablement créer une fuite de mémoire ; la trace du thread est : 
 java.base/jdk.internal.misc.Unsafe.park(Native Method)
 java.base/java.util.concurrent.locks.LockSupport.parkNanos(LockSupport.java:269)
 java.base/java.util.concurrent.locks.AbstractQueuedSynchronizer$ConditionObject.awaitNanos(AbstractQueuedSynchronizer.java:1797)
 java.base/java.util.concurrent.ScheduledThreadPoolExecutor$DelayedWorkQueue.take(ScheduledThreadPoolExecutor.java:1182)
 java.base/java.util.concurrent.ScheduledThreadPoolExecutor$DelayedWorkQueue.take(ScheduledThreadPoolExecutor.java:899)
 java.base/java.util.concurrent.ThreadPoolExecutor.getTask(ThreadPoolExecutor.java:1070)
 java.base/java.util.concurrent.ThreadPoolExecutor.runWorker(ThreadPoolExecutor.java:1130)
 java.base/java.util.concurrent.ThreadPoolExecutor$Worker.run(ThreadPoolExecutor.java:642)
 java.base/java.lang.Thread.run(Thread.java:1583)
24-Aug-2026 12:28:20.744 AVERTISSEMENT [Thread-1] org.apache.catalina.loader.WebappClassLoaderBase.clearReferencesThreads L'application web [ROOT] semble avoir démarré un thread nommé [Hibernate Connection Pool Validation Thread] mais ne l'a pas arrêté, ce qui va probablement créer une fuite de mémoire ; la trace du thread est : 
 java.base/jdk.internal.misc.Unsafe.park(Native Method)
 java.base/java.util.concurrent.locks.LockSupport.parkNanos(LockSupport.java:269)
 java.base/java.util.concurrent.locks.AbstractQueuedSynchronizer$ConditionObject.awaitNanos(AbstractQueuedSynchronizer.java:1797)
 java.base/java.util.concurrent.ScheduledThreadPoolExecutor$DelayedWorkQueue.take(ScheduledThreadPoolExecutor.java:1182)
 java.base/java.util.concurrent.ScheduledThreadPoolExecutor$DelayedWorkQueue.take(ScheduledThreadPoolExecutor.java:899)
 java.base/java.util.concurrent.ThreadPoolExecutor.getTask(ThreadPoolExecutor.java:1070)
 java.base/java.util.concurrent.ThreadPoolExecutor.runWorker(ThreadPoolExecutor.java:1130)
 java.base/java.util.concurrent.ThreadPoolExecutor$Worker.run(ThreadPoolExecutor.java:642)
 java.base/java.lang.Thread.run(Thread.java:1583)
24-Aug-2026 12:28:20.758 INFOS [Thread-1] org.apache.coyote.AbstractProtocol.stop Arrêt du gestionnaire de protocole ["http-nio-8080"]
24-Aug-2026 12:28:20.769 INFOS [Thread-1] org.apache.coyote.AbstractProtocol.destroy Destruction du gestionnaire de protocole ["http-nio-8080"]
24-Aug-2026 12:28:26.332 INFOS [main] org.apache.catalina.startup.VersionLoggerListener.log Nom version serveur :              Apache Tomcat/10.1.42
24-Aug-2026 12:28:26.336 INFOS [main] org.apache.catalina.startup.VersionLoggerListener.log Serveur compilé :                  Jun 5 2025 22:35:46 UTC
24-Aug-2026 12:28:26.336 INFOS [main] org.apache.catalina.startup.VersionLoggerListener.log Version du serveur :               10.1.42.0
24-Aug-2026 12:28:26.337 INFOS [main] org.apache.catalina.startup.VersionLoggerListener.log Nom de l'OS :                      Windows 11
24-Aug-2026 12:28:26.337 INFOS [main] org.apache.catalina.startup.VersionLoggerListener.log Version OS :                       10.0
24-Aug-2026 12:28:26.337 INFOS [main] org.apache.catalina.startup.VersionLoggerListener.log Architecture :                     amd64
24-Aug-2026 12:28:26.337 INFOS [main] org.apache.catalina.startup.VersionLoggerListener.log Java Home :                        C:\Users\HP\.jdks\jbrsdk_jcef-21.0.9
24-Aug-2026 12:28:26.337 INFOS [main] org.apache.catalina.startup.VersionLoggerListener.log Version JVM :                      21.0.9+1-b1038.75
24-Aug-2026 12:28:26.337 INFOS [main] org.apache.catalina.startup.VersionLoggerListener.log Fournisseur de la JVM :            JetBrains s.r.o.
24-Aug-2026 12:28:26.337 INFOS [main] org.apache.catalina.startup.VersionLoggerListener.log CATALINA_BASE :                    C:\Users\HP\Desktop\samasuker\.smarttomcat
24-Aug-2026 12:28:26.337 INFOS [main] org.apache.catalina.startup.VersionLoggerListener.log CATALINA_HOME :                    C:\Users\HP\Desktop\apache-tomcat-10.1.42
24-Aug-2026 12:28:26.351 INFOS [main] org.apache.catalina.startup.VersionLoggerListener.log Argument de la ligne de commande : --add-opens=java.base/java.lang=ALL-UNNAMED
24-Aug-2026 12:28:26.351 INFOS [main] org.apache.catalina.startup.VersionLoggerListener.log Argument de la ligne de commande : --add-opens=java.base/java.io=ALL-UNNAMED
24-Aug-2026 12:28:26.351 INFOS [main] org.apache.catalina.startup.VersionLoggerListener.log Argument de la ligne de commande : --add-opens=java.base/java.util=ALL-UNNAMED
24-Aug-2026 12:28:26.351 INFOS [main] org.apache.catalina.startup.VersionLoggerListener.log Argument de la ligne de commande : --add-opens=java.base/java.util.concurrent=ALL-UNNAMED
24-Aug-2026 12:28:26.351 INFOS [main] org.apache.catalina.startup.VersionLoggerListener.log Argument de la ligne de commande : --add-opens=java.rmi/sun.rmi.transport=ALL-UNNAMED
24-Aug-2026 12:28:26.351 INFOS [main] org.apache.catalina.startup.VersionLoggerListener.log Argument de la ligne de commande : -Dcatalina.home=C:\Users\HP\Desktop\apache-tomcat-10.1.42
24-Aug-2026 12:28:26.351 INFOS [main] org.apache.catalina.startup.VersionLoggerListener.log Argument de la ligne de commande : -Dcatalina.base=C:\Users\HP\Desktop\samasuker\.smarttomcat
24-Aug-2026 12:28:26.351 INFOS [main] org.apache.catalina.startup.VersionLoggerListener.log Argument de la ligne de commande : -Djava.io.tmpdir=C:\Users\HP\Desktop\samasuker\.smarttomcat\temp
24-Aug-2026 12:28:26.351 INFOS [main] org.apache.catalina.startup.VersionLoggerListener.log Argument de la ligne de commande : -Djava.util.logging.config.file=C:\Users\HP\Desktop\samasuker\.smarttomcat\conf\logging.properties
24-Aug-2026 12:28:26.351 INFOS [main] org.apache.catalina.startup.VersionLoggerListener.log Argument de la ligne de commande : -Djava.util.logging.manager=org.apache.juli.ClassLoaderLogManager
24-Aug-2026 12:28:26.352 INFOS [main] org.apache.catalina.startup.VersionLoggerListener.log Argument de la ligne de commande : -javaagent:C:\Program Files\JetBrains\IntelliJ IDEA 2025.2.2\lib\idea_rt.jar=56195
24-Aug-2026 12:28:26.352 INFOS [main] org.apache.catalina.startup.VersionLoggerListener.log Argument de la ligne de commande : -Dfile.encoding=UTF-8
24-Aug-2026 12:28:26.352 INFOS [main] org.apache.catalina.startup.VersionLoggerListener.log Argument de la ligne de commande : -Dsun.stdout.encoding=UTF-8
24-Aug-2026 12:28:26.352 INFOS [main] org.apache.catalina.startup.VersionLoggerListener.log Argument de la ligne de commande : -Dsun.stderr.encoding=UTF-8
24-Aug-2026 12:28:26.395 INFOS [main] org.apache.catalina.core.AprLifecycleListener.lifecycleEvent Chargement de la librairie Apache Tomcat Native [2.0.9] en utilisant APR version [1.7.6]
24-Aug-2026 12:28:26.401 INFOS [main] org.apache.catalina.core.AprLifecycleListener.initializeSSL OpenSSL a été initialisé avec succès [OpenSSL 3.5.0 8 Apr 2025]
24-Aug-2026 12:28:26.855 INFOS [main] org.apache.coyote.AbstractProtocol.init Initialisation du gestionnaire de protocole ["http-nio-8080"]
24-Aug-2026 12:28:26.878 INFOS [main] org.apache.catalina.startup.Catalina.load L'initialisation du serveur a pris [865] millisecondes
24-Aug-2026 12:28:26.950 INFOS [main] org.apache.catalina.core.StandardService.startInternal Démarrage du service [Catalina]
24-Aug-2026 12:28:26.950 INFOS [main] org.apache.catalina.core.StandardEngine.startInternal Démarrage du moteur de Servlets : [Apache Tomcat/10.1.42]
24-Aug-2026 12:28:26.966 INFOS [main] org.apache.catalina.startup.HostConfig.deployDescriptor Déploiement du descripteur de configuration [C:\Users\HP\Desktop\samasuker\.smarttomcat\conf\Catalina\localhost\MDD.xml]
24-Aug-2026 12:28:31.782 INFOS [main] org.apache.jasper.servlet.TldScanner.scanJars Au moins un fichier JAR a été analysé pour trouver des TLDs mais il n'en contenait pas, le mode "debug" du journal peut être activé pour obtenir une liste complète de JAR scannés sans succès ; éviter d'analyser des JARs inutilement peut améliorer sensiblement le temps de démarrage et le temps de compilation des JSPs
24-Aug-2026 12:28:31.891 INFOS [main] org.apache.catalina.startup.HostConfig.deployDescriptor Le traitement du descripteur de déploiement [C:\Users\HP\Desktop\samasuker\.smarttomcat\conf\Catalina\localhost\MDD.xml] a pris [4 921] ms
24-Aug-2026 12:28:31.891 INFOS [main] org.apache.catalina.startup.HostConfig.deployDescriptor Déploiement du descripteur de configuration [C:\Users\HP\Desktop\samasuker\.smarttomcat\conf\Catalina\localhost\ROOT.xml]
24-Aug-2026 12:28:34.715 INFOS [main] org.apache.jasper.servlet.TldScanner.scanJars Au moins un fichier JAR a été analysé pour trouver des TLDs mais il n'en contenait pas, le mode "debug" du journal peut être activé pour obtenir une liste complète de JAR scannés sans succès ; éviter d'analyser des JARs inutilement peut améliorer sensiblement le temps de démarrage et le temps de compilation des JSPs
24-Aug-2026 12:28:34.769 INFOS [main] org.apache.catalina.startup.HostConfig.deployDescriptor Le traitement du descripteur de déploiement [C:\Users\HP\Desktop\samasuker\.smarttomcat\conf\Catalina\localhost\ROOT.xml] a pris [2 877] ms
24-Aug-2026 12:28:34.778 INFOS [main] org.apache.coyote.AbstractProtocol.start Démarrage du gestionnaire de protocole ["http-nio-8080"]
24-Aug-2026 12:28:34.817 INFOS [main] org.apache.catalina.startup.Catalina.start Le démarrage du serveur a pris [7938] millisecondes
24-Aug-2026 12:28:48.027 INFO [http-nio-8080-exec-4] org.hibernate.jpa.internal.util.LogHelper.logPersistenceUnitInformation HHH000204: Processing PersistenceUnitInfo [name: glycemiePU]
24-Aug-2026 12:28:48.365 INFO [http-nio-8080-exec-4] org.hibernate.Version.logVersion HHH000412: Hibernate ORM core version 6.2.7.Final
24-Aug-2026 12:28:48.375 INFO [http-nio-8080-exec-4] org.hibernate.cfg.Environment.<clinit> HHH000406: Using bytecode reflection optimizer
24-Aug-2026 12:28:49.608 WARN [http-nio-8080-exec-4] org.hibernate.engine.jdbc.connections.internal.DriverManagerConnectionProviderImpl.configure HHH10001002: Using built-in connection pool (not intended for production use)
24-Aug-2026 12:28:49.624 INFO [http-nio-8080-exec-4] org.hibernate.engine.jdbc.connections.internal.DriverManagerConnectionProviderImpl.buildCreator HHH10001005: Loaded JDBC driver class: com.mysql.cj.jdbc.Driver
24-Aug-2026 12:28:49.624 INFO [http-nio-8080-exec-4] org.hibernate.engine.jdbc.connections.internal.DriverManagerConnectionProviderImpl.buildCreator HHH10001012: Connecting with JDBC URL [jdbc:mysql://localhost:3306/suivi_glycemie_db?useSSL=false&serverTimezone=UTC]
24-Aug-2026 12:28:49.624 INFO [http-nio-8080-exec-4] org.hibernate.engine.jdbc.connections.internal.DriverManagerConnectionProviderImpl.buildCreator HHH10001001: Connection properties: {password=****, user=root}
24-Aug-2026 12:28:49.624 INFO [http-nio-8080-exec-4] org.hibernate.engine.jdbc.connections.internal.DriverManagerConnectionProviderImpl.buildCreator HHH10001003: Autocommit mode: false
24-Aug-2026 12:28:49.638 INFO [http-nio-8080-exec-4] org.hibernate.engine.jdbc.connections.internal.DriverManagerConnectionProviderImpl$PooledConnections.<init> HHH10001115: Connection pool size: 20 (min=1)
24-Aug-2026 12:28:50.307 WARN [http-nio-8080-exec-4] org.hibernate.dialect.Dialect.checkVersion HHH000511: The 5.6.17 version for [org.hibernate.dialect.MySQLDialect] is no longer supported, hence certain features may not work properly. The minimum supported version is 5.7.0. Check the community dialects project for available legacy versions.
24-Aug-2026 12:28:51.475 INFO [http-nio-8080-exec-4] org.hibernate.bytecode.internal.BytecodeProviderInitiator.buildBytecodeProvider HHH000021: Bytecode provider name : bytebuddy
24-Aug-2026 12:28:55.320 INFO [http-nio-8080-exec-4] org.hibernate.engine.transaction.jta.platform.internal.JtaPlatformInitiator.initiateService HHH000490: Using JtaPlatform implementation: [org.hibernate.engine.transaction.jta.platform.internal.NoJtaPlatform]
24-Aug-2026 12:28:55.438 INFO [http-nio-8080-exec-4] org.hibernate.resource.transaction.backend.jdbc.internal.DdlTransactionIsolatorNonJtaImpl.getIsolatedConnection HHH10001501: Connection obtained from JdbcConnectionAccess [org.hibernate.engine.jdbc.env.internal.JdbcEnvironmentInitiator$ConnectionProviderJdbcConnectionAccess@1026b1dc] for (non-JTA) DDL execution was not in auto-commit mode; the Connection 'local transaction' will be committed and the Connection will be set into auto-commit mode.
24-Aug-2026 12:28:57.170 INFO [http-nio-8080-exec-3] org.hibernate.jpa.internal.util.LogHelper.logPersistenceUnitInformation HHH000204: Processing PersistenceUnitInfo [name: glycemiePU]
24-Aug-2026 12:28:57.247 WARN [http-nio-8080-exec-3] org.hibernate.engine.jdbc.connections.internal.DriverManagerConnectionProviderImpl.configure HHH10001002: Using built-in connection pool (not intended for production use)
24-Aug-2026 12:28:57.247 INFO [http-nio-8080-exec-3] org.hibernate.engine.jdbc.connections.internal.DriverManagerConnectionProviderImpl.buildCreator HHH10001005: Loaded JDBC driver class: com.mysql.cj.jdbc.Driver
24-Aug-2026 12:28:57.247 INFO [http-nio-8080-exec-3] org.hibernate.engine.jdbc.connections.internal.DriverManagerConnectionProviderImpl.buildCreator HHH10001012: Connecting with JDBC URL [jdbc:mysql://localhost:3306/suivi_glycemie_db?useSSL=false&serverTimezone=UTC]
24-Aug-2026 12:28:57.247 INFO [http-nio-8080-exec-3] org.hibernate.engine.jdbc.connections.internal.DriverManagerConnectionProviderImpl.buildCreator HHH10001001: Connection properties: {password=****, user=root}
24-Aug-2026 12:28:57.247 INFO [http-nio-8080-exec-3] org.hibernate.engine.jdbc.connections.internal.DriverManagerConnectionProviderImpl.buildCreator HHH10001003: Autocommit mode: false
24-Aug-2026 12:28:57.247 INFO [http-nio-8080-exec-3] org.hibernate.engine.jdbc.connections.internal.DriverManagerConnectionProviderImpl$PooledConnections.<init> HHH10001115: Connection pool size: 20 (min=1)
24-Aug-2026 12:28:57.267 WARN [http-nio-8080-exec-3] org.hibernate.dialect.Dialect.checkVersion HHH000511: The 5.6.17 version for [org.hibernate.dialect.MySQLDialect] is no longer supported, hence certain features may not work properly. The minimum supported version is 5.7.0. Check the community dialects project for available legacy versions.
24-Aug-2026 12:28:57.301 INFO [http-nio-8080-exec-3] org.hibernate.bytecode.internal.BytecodeProviderInitiator.buildBytecodeProvider HHH000021: Bytecode provider name : bytebuddy
24-Aug-2026 12:28:57.415 INFO [http-nio-8080-exec-3] org.hibernate.engine.transaction.jta.platform.internal.JtaPlatformInitiator.initiateService HHH000490: Using JtaPlatform implementation: [org.hibernate.engine.transaction.jta.platform.internal.NoJtaPlatform]
24-Aug-2026 12:28:57.415 INFO [http-nio-8080-exec-3] org.hibernate.resource.transaction.backend.jdbc.internal.DdlTransactionIsolatorNonJtaImpl.getIsolatedConnection HHH10001501: Connection obtained from JdbcConnectionAccess [org.hibernate.engine.jdbc.env.internal.JdbcEnvironmentInitiator$ConnectionProviderJdbcConnectionAccess@66216630] for (non-JTA) DDL execution was not in auto-commit mode; the Connection 'local transaction' will be committed and the Connection will be set into auto-commit mode.
24-Aug-2026 12:30:12.056 INFO [http-nio-8080-exec-7] org.hibernate.jpa.internal.util.LogHelper.logPersistenceUnitInformation HHH000204: Processing PersistenceUnitInfo [name: glycemiePU]
24-Aug-2026 12:30:12.152 WARN [http-nio-8080-exec-7] org.hibernate.engine.jdbc.connections.internal.DriverManagerConnectionProviderImpl.configure HHH10001002: Using built-in connection pool (not intended for production use)
24-Aug-2026 12:30:12.152 INFO [http-nio-8080-exec-7] org.hibernate.engine.jdbc.connections.internal.DriverManagerConnectionProviderImpl.buildCreator HHH10001005: Loaded JDBC driver class: com.mysql.cj.jdbc.Driver
24-Aug-2026 12:30:12.152 INFO [http-nio-8080-exec-7] org.hibernate.engine.jdbc.connections.internal.DriverManagerConnectionProviderImpl.buildCreator HHH10001012: Connecting with JDBC URL [jdbc:mysql://localhost:3306/suivi_glycemie_db?useSSL=false&serverTimezone=UTC]
24-Aug-2026 12:30:12.152 INFO [http-nio-8080-exec-7] org.hibernate.engine.jdbc.connections.internal.DriverManagerConnectionProviderImpl.buildCreator HHH10001001: Connection properties: {password=****, user=root}
24-Aug-2026 12:30:12.152 INFO [http-nio-8080-exec-7] org.hibernate.engine.jdbc.connections.internal.DriverManagerConnectionProviderImpl.buildCreator HHH10001003: Autocommit mode: false
24-Aug-2026 12:30:12.152 INFO [http-nio-8080-exec-7] org.hibernate.engine.jdbc.connections.internal.DriverManagerConnectionProviderImpl$PooledConnections.<init> HHH10001115: Connection pool size: 20 (min=1)
24-Aug-2026 12:30:12.152 WARN [http-nio-8080-exec-7] org.hibernate.dialect.Dialect.checkVersion HHH000511: The 5.6.17 version for [org.hibernate.dialect.MySQLDialect] is no longer supported, hence certain features may not work properly. The minimum supported version is 5.7.0. Check the community dialects project for available legacy versions.
24-Aug-2026 12:30:12.185 INFO [http-nio-8080-exec-7] org.hibernate.bytecode.internal.BytecodeProviderInitiator.buildBytecodeProvider HHH000021: Bytecode provider name : bytebuddy
24-Aug-2026 12:30:12.279 INFO [http-nio-8080-exec-7] org.hibernate.engine.transaction.jta.platform.internal.JtaPlatformInitiator.initiateService HHH000490: Using JtaPlatform implementation: [org.hibernate.engine.transaction.jta.platform.internal.NoJtaPlatform]
24-Aug-2026 12:30:12.285 INFO [http-nio-8080-exec-7] org.hibernate.resource.transaction.backend.jdbc.internal.DdlTransactionIsolatorNonJtaImpl.getIsolatedConnection HHH10001501: Connection obtained from JdbcConnectionAccess [org.hibernate.engine.jdbc.env.internal.JdbcEnvironmentInitiator$ConnectionProviderJdbcConnectionAccess@1ba0a5af] for (non-JTA) DDL execution was not in auto-commit mode; the Connection 'local transaction' will be committed and the Connection will be set into auto-commit mode.
24-Aug-2026 12:38:59.752 INFOS [Thread-1] org.apache.coyote.AbstractProtocol.pause Le gestionnaire de protocole ["http-nio-8080"] est mis en pause
24-Aug-2026 12:38:59.767 INFOS [Thread-1] org.apache.catalina.core.StandardService.stopInternal Arrêt du service [Catalina]
24-Aug-2026 12:38:59.772 AVERTISSEMENT [Thread-1] org.apache.catalina.loader.WebappClassLoaderBase.clearReferencesJdbc L'application web [ROOT] a enregistré un pilote JDBC [com.mysql.cj.jdbc.Driver], mais ne l'a pas désenregistré avant l'arrêt de l'application.  Pour éviter une fuite de mémoire, le pilote JDBC a été désenregistré de force.
24-Aug-2026 12:38:59.772 AVERTISSEMENT [Thread-1] org.apache.catalina.loader.WebappClassLoaderBase.clearReferencesThreads L'application web [ROOT] semble avoir démarré un thread nommé [mysql-cj-abandoned-connection-cleanup] mais ne l'a pas arrêté, ce qui va probablement créer une fuite de mémoire ; la trace du thread est : 
 java.base/jdk.internal.misc.Unsafe.park(Native Method)
 java.base/java.util.concurrent.locks.LockSupport.parkNanos(LockSupport.java:269)
 java.base/java.util.concurrent.locks.AbstractQueuedSynchronizer$ConditionObject.await(AbstractQueuedSynchronizer.java:1886)
 java.base/java.lang.ref.ReferenceQueue.await(ReferenceQueue.java:71)
 java.base/java.lang.ref.ReferenceQueue.remove0(ReferenceQueue.java:143)
 java.base/java.lang.ref.ReferenceQueue.remove(ReferenceQueue.java:218)
 com.mysql.cj.jdbc.AbandonedConnectionCleanupThread.run(AbandonedConnectionCleanupThread.java:93)
 java.base/java.util.concurrent.ThreadPoolExecutor.runWorker(ThreadPoolExecutor.java:1144)
 java.base/java.util.concurrent.ThreadPoolExecutor$Worker.run(ThreadPoolExecutor.java:642)
 java.base/java.lang.Thread.run(Thread.java:1583)
24-Aug-2026 12:38:59.772 AVERTISSEMENT [Thread-1] org.apache.catalina.loader.WebappClassLoaderBase.clearReferencesThreads L'application web [ROOT] semble avoir démarré un thread nommé [Hibernate Connection Pool Validation Thread] mais ne l'a pas arrêté, ce qui va probablement créer une fuite de mémoire ; la trace du thread est : 
 java.base/jdk.internal.misc.Unsafe.park(Native Method)
 java.base/java.util.concurrent.locks.LockSupport.parkNanos(LockSupport.java:269)
 java.base/java.util.concurrent.locks.AbstractQueuedSynchronizer$ConditionObject.awaitNanos(AbstractQueuedSynchronizer.java:1797)
 java.base/java.util.concurrent.ScheduledThreadPoolExecutor$DelayedWorkQueue.take(ScheduledThreadPoolExecutor.java:1182)
 java.base/java.util.concurrent.ScheduledThreadPoolExecutor$DelayedWorkQueue.take(ScheduledThreadPoolExecutor.java:899)
 java.base/java.util.concurrent.ThreadPoolExecutor.getTask(ThreadPoolExecutor.java:1070)
 java.base/java.util.concurrent.ThreadPoolExecutor.runWorker(ThreadPoolExecutor.java:1130)
 java.base/java.util.concurrent.ThreadPoolExecutor$Worker.run(ThreadPoolExecutor.java:642)
 java.base/java.lang.Thread.run(Thread.java:1583)
24-Aug-2026 12:38:59.773 AVERTISSEMENT [Thread-1] org.apache.catalina.loader.WebappClassLoaderBase.clearReferencesThreads L'application web [ROOT] semble avoir démarré un thread nommé [Hibernate Connection Pool Validation Thread] mais ne l'a pas arrêté, ce qui va probablement créer une fuite de mémoire ; la trace du thread est : 
 java.base/jdk.internal.misc.Unsafe.park(Native Method)
 java.base/java.util.concurrent.locks.LockSupport.parkNanos(LockSupport.java:269)
 java.base/java.util.concurrent.locks.AbstractQueuedSynchronizer$ConditionObject.awaitNanos(AbstractQueuedSynchronizer.java:1797)
 java.base/java.util.concurrent.ScheduledThreadPoolExecutor$DelayedWorkQueue.take(ScheduledThreadPoolExecutor.java:1182)
 java.base/java.util.concurrent.ScheduledThreadPoolExecutor$DelayedWorkQueue.take(ScheduledThreadPoolExecutor.java:899)
 java.base/java.util.concurrent.ThreadPoolExecutor.getTask(ThreadPoolExecutor.java:1070)
 java.base/java.util.concurrent.ThreadPoolExecutor.runWorker(ThreadPoolExecutor.java:1130)
 java.base/java.util.concurrent.ThreadPoolExecutor$Worker.run(ThreadPoolExecutor.java:642)
 java.base/java.lang.Thread.run(Thread.java:1583)
24-Aug-2026 12:38:59.773 AVERTISSEMENT [Thread-1] org.apache.catalina.loader.WebappClassLoaderBase.clearReferencesThreads L'application web [ROOT] semble avoir démarré un thread nommé [Hibernate Connection Pool Validation Thread] mais ne l'a pas arrêté, ce qui va probablement créer une fuite de mémoire ; la trace du thread est : 
 java.base/jdk.internal.misc.Unsafe.park(Native Method)
 java.base/java.util.concurrent.locks.LockSupport.parkNanos(LockSupport.java:269)
 java.base/java.util.concurrent.locks.AbstractQueuedSynchronizer$ConditionObject.awaitNanos(AbstractQueuedSynchronizer.java:1797)
 java.base/java.util.concurrent.ScheduledThreadPoolExecutor$DelayedWorkQueue.take(ScheduledThreadPoolExecutor.java:1182)
 java.base/java.util.concurrent.ScheduledThreadPoolExecutor$DelayedWorkQueue.take(ScheduledThreadPoolExecutor.java:899)
 java.base/java.util.concurrent.ThreadPoolExecutor.getTask(ThreadPoolExecutor.java:1070)
 java.base/java.util.concurrent.ThreadPoolExecutor.runWorker(ThreadPoolExecutor.java:1130)
 java.base/java.util.concurrent.ThreadPoolExecutor$Worker.run(ThreadPoolExecutor.java:642)
 java.base/java.lang.Thread.run(Thread.java:1583)
24-Aug-2026 12:38:59.790 INFOS [Thread-1] org.apache.coyote.AbstractProtocol.stop Arrêt du gestionnaire de protocole ["http-nio-8080"]
24-Aug-2026 12:38:59.793 INFOS [Thread-1] org.apache.coyote.AbstractProtocol.destroy Destruction du gestionnaire de protocole ["http-nio-8080"]
24-Aug-2026 12:39:02.645 INFOS [main] org.apache.catalina.startup.VersionLoggerListener.log Nom version serveur :              Apache Tomcat/10.1.42
24-Aug-2026 12:39:02.656 INFOS [main] org.apache.catalina.startup.VersionLoggerListener.log Serveur compilé :                  Jun 5 2025 22:35:46 UTC
24-Aug-2026 12:39:02.657 INFOS [main] org.apache.catalina.startup.VersionLoggerListener.log Version du serveur :               10.1.42.0
24-Aug-2026 12:39:02.657 INFOS [main] org.apache.catalina.startup.VersionLoggerListener.log Nom de l'OS :                      Windows 11
24-Aug-2026 12:39:02.657 INFOS [main] org.apache.catalina.startup.VersionLoggerListener.log Version OS :                       10.0
24-Aug-2026 12:39:02.657 INFOS [main] org.apache.catalina.startup.VersionLoggerListener.log Architecture :                     amd64
24-Aug-2026 12:39:02.658 INFOS [main] org.apache.catalina.startup.VersionLoggerListener.log Java Home :                        C:\Users\HP\.jdks\jbrsdk_jcef-21.0.9
24-Aug-2026 12:39:02.658 INFOS [main] org.apache.catalina.startup.VersionLoggerListener.log Version JVM :                      21.0.9+1-b1038.75
24-Aug-2026 12:39:02.658 INFOS [main] org.apache.catalina.startup.VersionLoggerListener.log Fournisseur de la JVM :            JetBrains s.r.o.
24-Aug-2026 12:39:02.658 INFOS [main] org.apache.catalina.startup.VersionLoggerListener.log CATALINA_BASE :                    C:\Users\HP\Desktop\samasuker\.smarttomcat
24-Aug-2026 12:39:02.658 INFOS [main] org.apache.catalina.startup.VersionLoggerListener.log CATALINA_HOME :                    C:\Users\HP\Desktop\apache-tomcat-10.1.42
24-Aug-2026 12:39:02.680 INFOS [main] org.apache.catalina.startup.VersionLoggerListener.log Argument de la ligne de commande : --add-opens=java.base/java.lang=ALL-UNNAMED
24-Aug-2026 12:39:02.680 INFOS [main] org.apache.catalina.startup.VersionLoggerListener.log Argument de la ligne de commande : --add-opens=java.base/java.io=ALL-UNNAMED
24-Aug-2026 12:39:02.681 INFOS [main] org.apache.catalina.startup.VersionLoggerListener.log Argument de la ligne de commande : --add-opens=java.base/java.util=ALL-UNNAMED
24-Aug-2026 12:39:02.681 INFOS [main] org.apache.catalina.startup.VersionLoggerListener.log Argument de la ligne de commande : --add-opens=java.base/java.util.concurrent=ALL-UNNAMED
24-Aug-2026 12:39:02.682 INFOS [main] org.apache.catalina.startup.VersionLoggerListener.log Argument de la ligne de commande : --add-opens=java.rmi/sun.rmi.transport=ALL-UNNAMED
24-Aug-2026 12:39:02.682 INFOS [main] org.apache.catalina.startup.VersionLoggerListener.log Argument de la ligne de commande : -Dcatalina.home=C:\Users\HP\Desktop\apache-tomcat-10.1.42
24-Aug-2026 12:39:02.682 INFOS [main] org.apache.catalina.startup.VersionLoggerListener.log Argument de la ligne de commande : -Dcatalina.base=C:\Users\HP\Desktop\samasuker\.smarttomcat
24-Aug-2026 12:39:02.682 INFOS [main] org.apache.catalina.startup.VersionLoggerListener.log Argument de la ligne de commande : -Djava.io.tmpdir=C:\Users\HP\Desktop\samasuker\.smarttomcat\temp
24-Aug-2026 12:39:02.682 INFOS [main] org.apache.catalina.startup.VersionLoggerListener.log Argument de la ligne de commande : -Djava.util.logging.config.file=C:\Users\HP\Desktop\samasuker\.smarttomcat\conf\logging.properties
24-Aug-2026 12:39:02.683 INFOS [main] org.apache.catalina.startup.VersionLoggerListener.log Argument de la ligne de commande : -Djava.util.logging.manager=org.apache.juli.ClassLoaderLogManager
24-Aug-2026 12:39:02.683 INFOS [main] org.apache.catalina.startup.VersionLoggerListener.log Argument de la ligne de commande : -javaagent:C:\Program Files\JetBrains\IntelliJ IDEA 2025.2.2\lib\idea_rt.jar=50816
24-Aug-2026 12:39:02.683 INFOS [main] org.apache.catalina.startup.VersionLoggerListener.log Argument de la ligne de commande : -Dfile.encoding=UTF-8
24-Aug-2026 12:39:02.683 INFOS [main] org.apache.catalina.startup.VersionLoggerListener.log Argument de la ligne de commande : -Dsun.stdout.encoding=UTF-8
24-Aug-2026 12:39:02.683 INFOS [main] org.apache.catalina.startup.VersionLoggerListener.log Argument de la ligne de commande : -Dsun.stderr.encoding=UTF-8
24-Aug-2026 12:39:02.691 INFOS [main] org.apache.catalina.core.AprLifecycleListener.lifecycleEvent Chargement de la librairie Apache Tomcat Native [2.0.9] en utilisant APR version [1.7.6]
24-Aug-2026 12:39:02.705 INFOS [main] org.apache.catalina.core.AprLifecycleListener.initializeSSL OpenSSL a été initialisé avec succès [OpenSSL 3.5.0 8 Apr 2025]
24-Aug-2026 12:39:03.302 INFOS [main] org.apache.coyote.AbstractProtocol.init Initialisation du gestionnaire de protocole ["http-nio-8080"]
24-Aug-2026 12:39:03.329 INFOS [main] org.apache.catalina.startup.Catalina.load L'initialisation du serveur a pris [1259] millisecondes
24-Aug-2026 12:39:03.416 INFOS [main] org.apache.catalina.core.StandardService.startInternal Démarrage du service [Catalina]
24-Aug-2026 12:39:03.417 INFOS [main] org.apache.catalina.core.StandardEngine.startInternal Démarrage du moteur de Servlets : [Apache Tomcat/10.1.42]
24-Aug-2026 12:39:03.437 INFOS [main] org.apache.catalina.startup.HostConfig.deployDescriptor Déploiement du descripteur de configuration [C:\Users\HP\Desktop\samasuker\.smarttomcat\conf\Catalina\localhost\MDD.xml]
24-Aug-2026 12:39:07.206 INFOS [main] org.apache.jasper.servlet.TldScanner.scanJars Au moins un fichier JAR a été analysé pour trouver des TLDs mais il n'en contenait pas, le mode "debug" du journal peut être activé pour obtenir une liste complète de JAR scannés sans succès ; éviter d'analyser des JARs inutilement peut améliorer sensiblement le temps de démarrage et le temps de compilation des JSPs
24-Aug-2026 12:39:07.377 INFOS [main] org.apache.catalina.startup.HostConfig.deployDescriptor Le traitement du descripteur de déploiement [C:\Users\HP\Desktop\samasuker\.smarttomcat\conf\Catalina\localhost\MDD.xml] a pris [3 935] ms
24-Aug-2026 12:39:07.378 INFOS [main] org.apache.catalina.startup.HostConfig.deployDescriptor Déploiement du descripteur de configuration [C:\Users\HP\Desktop\samasuker\.smarttomcat\conf\Catalina\localhost\ROOT.xml]
24-Aug-2026 12:39:10.031 INFOS [main] org.apache.jasper.servlet.TldScanner.scanJars Au moins un fichier JAR a été analysé pour trouver des TLDs mais il n'en contenait pas, le mode "debug" du journal peut être activé pour obtenir une liste complète de JAR scannés sans succès ; éviter d'analyser des JARs inutilement peut améliorer sensiblement le temps de démarrage et le temps de compilation des JSPs
24-Aug-2026 12:39:10.074 INFOS [main] org.apache.catalina.startup.HostConfig.deployDescriptor Le traitement du descripteur de déploiement [C:\Users\HP\Desktop\samasuker\.smarttomcat\conf\Catalina\localhost\ROOT.xml] a pris [2 695] ms
24-Aug-2026 12:39:10.080 INFOS [main] org.apache.coyote.AbstractProtocol.start Démarrage du gestionnaire de protocole ["http-nio-8080"]
24-Aug-2026 12:39:10.116 INFOS [main] org.apache.catalina.startup.Catalina.start Le démarrage du serveur a pris [6785] millisecondes
24-Aug-2026 12:39:20.419 INFO [http-nio-8080-exec-4] org.hibernate.jpa.internal.util.LogHelper.logPersistenceUnitInformation HHH000204: Processing PersistenceUnitInfo [name: glycemiePU]
24-Aug-2026 12:39:20.703 INFO [http-nio-8080-exec-4] org.hibernate.Version.logVersion HHH000412: Hibernate ORM core version 6.2.7.Final
24-Aug-2026 12:39:20.716 INFO [http-nio-8080-exec-4] org.hibernate.cfg.Environment.<clinit> HHH000406: Using bytecode reflection optimizer
24-Aug-2026 12:39:21.766 WARN [http-nio-8080-exec-4] org.hibernate.engine.jdbc.connections.internal.DriverManagerConnectionProviderImpl.configure HHH10001002: Using built-in connection pool (not intended for production use)
24-Aug-2026 12:39:21.782 INFO [http-nio-8080-exec-4] org.hibernate.engine.jdbc.connections.internal.DriverManagerConnectionProviderImpl.buildCreator HHH10001005: Loaded JDBC driver class: com.mysql.cj.jdbc.Driver
24-Aug-2026 12:39:21.782 INFO [http-nio-8080-exec-4] org.hibernate.engine.jdbc.connections.internal.DriverManagerConnectionProviderImpl.buildCreator HHH10001012: Connecting with JDBC URL [jdbc:mysql://localhost:3306/suivi_glycemie_db?useSSL=false&serverTimezone=UTC]
24-Aug-2026 12:39:21.782 INFO [http-nio-8080-exec-4] org.hibernate.engine.jdbc.connections.internal.DriverManagerConnectionProviderImpl.buildCreator HHH10001001: Connection properties: {password=****, user=root}
24-Aug-2026 12:39:21.783 INFO [http-nio-8080-exec-4] org.hibernate.engine.jdbc.connections.internal.DriverManagerConnectionProviderImpl.buildCreator HHH10001003: Autocommit mode: false
24-Aug-2026 12:39:21.797 INFO [http-nio-8080-exec-4] org.hibernate.engine.jdbc.connections.internal.DriverManagerConnectionProviderImpl$PooledConnections.<init> HHH10001115: Connection pool size: 20 (min=1)
24-Aug-2026 12:39:22.541 WARN [http-nio-8080-exec-4] org.hibernate.dialect.Dialect.checkVersion HHH000511: The 5.6.17 version for [org.hibernate.dialect.MySQLDialect] is no longer supported, hence certain features may not work properly. The minimum supported version is 5.7.0. Check the community dialects project for available legacy versions.
24-Aug-2026 12:39:23.841 INFO [http-nio-8080-exec-4] org.hibernate.bytecode.internal.BytecodeProviderInitiator.buildBytecodeProvider HHH000021: Bytecode provider name : bytebuddy
24-Aug-2026 12:39:27.292 INFO [http-nio-8080-exec-4] org.hibernate.engine.transaction.jta.platform.internal.JtaPlatformInitiator.initiateService HHH000490: Using JtaPlatform implementation: [org.hibernate.engine.transaction.jta.platform.internal.NoJtaPlatform]
24-Aug-2026 12:39:27.405 INFO [http-nio-8080-exec-4] org.hibernate.resource.transaction.backend.jdbc.internal.DdlTransactionIsolatorNonJtaImpl.getIsolatedConnection HHH10001501: Connection obtained from JdbcConnectionAccess [org.hibernate.engine.jdbc.env.internal.JdbcEnvironmentInitiator$ConnectionProviderJdbcConnectionAccess@77c7eee0] for (non-JTA) DDL execution was not in auto-commit mode; the Connection 'local transaction' will be committed and the Connection will be set into auto-commit mode.
24-Aug-2026 12:39:29.537 INFO [http-nio-8080-exec-5] org.hibernate.jpa.internal.util.LogHelper.logPersistenceUnitInformation HHH000204: Processing PersistenceUnitInfo [name: glycemiePU]
24-Aug-2026 12:39:29.601 WARN [http-nio-8080-exec-5] org.hibernate.engine.jdbc.connections.internal.DriverManagerConnectionProviderImpl.configure HHH10001002: Using built-in connection pool (not intended for production use)
24-Aug-2026 12:39:29.601 INFO [http-nio-8080-exec-5] org.hibernate.engine.jdbc.connections.internal.DriverManagerConnectionProviderImpl.buildCreator HHH10001005: Loaded JDBC driver class: com.mysql.cj.jdbc.Driver
24-Aug-2026 12:39:29.601 INFO [http-nio-8080-exec-5] org.hibernate.engine.jdbc.connections.internal.DriverManagerConnectionProviderImpl.buildCreator HHH10001012: Connecting with JDBC URL [jdbc:mysql://localhost:3306/suivi_glycemie_db?useSSL=false&serverTimezone=UTC]
24-Aug-2026 12:39:29.601 INFO [http-nio-8080-exec-5] org.hibernate.engine.jdbc.connections.internal.DriverManagerConnectionProviderImpl.buildCreator HHH10001001: Connection properties: {password=****, user=root}
24-Aug-2026 12:39:29.601 INFO [http-nio-8080-exec-5] org.hibernate.engine.jdbc.connections.internal.DriverManagerConnectionProviderImpl.buildCreator HHH10001003: Autocommit mode: false
24-Aug-2026 12:39:29.601 INFO [http-nio-8080-exec-5] org.hibernate.engine.jdbc.connections.internal.DriverManagerConnectionProviderImpl$PooledConnections.<init> HHH10001115: Connection pool size: 20 (min=1)
24-Aug-2026 12:39:29.608 WARN [http-nio-8080-exec-5] org.hibernate.dialect.Dialect.checkVersion HHH000511: The 5.6.17 version for [org.hibernate.dialect.MySQLDialect] is no longer supported, hence certain features may not work properly. The minimum supported version is 5.7.0. Check the community dialects project for available legacy versions.
24-Aug-2026 12:39:29.634 INFO [http-nio-8080-exec-5] org.hibernate.bytecode.internal.BytecodeProviderInitiator.buildBytecodeProvider HHH000021: Bytecode provider name : bytebuddy
24-Aug-2026 12:39:29.742 INFO [http-nio-8080-exec-5] org.hibernate.engine.transaction.jta.platform.internal.JtaPlatformInitiator.initiateService HHH000490: Using JtaPlatform implementation: [org.hibernate.engine.transaction.jta.platform.internal.NoJtaPlatform]
24-Aug-2026 12:39:29.744 INFO [http-nio-8080-exec-5] org.hibernate.resource.transaction.backend.jdbc.internal.DdlTransactionIsolatorNonJtaImpl.getIsolatedConnection HHH10001501: Connection obtained from JdbcConnectionAccess [org.hibernate.engine.jdbc.env.internal.JdbcEnvironmentInitiator$ConnectionProviderJdbcConnectionAccess@19f8de6c] for (non-JTA) DDL execution was not in auto-commit mode; the Connection 'local transaction' will be committed and the Connection will be set into auto-commit mode.
24-Aug-2026 12:39:48.805 INFO [http-nio-8080-exec-6] org.hibernate.jpa.internal.util.LogHelper.logPersistenceUnitInformation HHH000204: Processing PersistenceUnitInfo [name: glycemiePU]
24-Aug-2026 12:39:48.945 WARN [http-nio-8080-exec-6] org.hibernate.engine.jdbc.connections.internal.DriverManagerConnectionProviderImpl.configure HHH10001002: Using built-in connection pool (not intended for production use)
24-Aug-2026 12:39:48.945 INFO [http-nio-8080-exec-6] org.hibernate.engine.jdbc.connections.internal.DriverManagerConnectionProviderImpl.buildCreator HHH10001005: Loaded JDBC driver class: com.mysql.cj.jdbc.Driver
24-Aug-2026 12:39:48.945 INFO [http-nio-8080-exec-6] org.hibernate.engine.jdbc.connections.internal.DriverManagerConnectionProviderImpl.buildCreator HHH10001012: Connecting with JDBC URL [jdbc:mysql://localhost:3306/suivi_glycemie_db?useSSL=false&serverTimezone=UTC]
24-Aug-2026 12:39:48.945 INFO [http-nio-8080-exec-6] org.hibernate.engine.jdbc.connections.internal.DriverManagerConnectionProviderImpl.buildCreator HHH10001001: Connection properties: {password=****, user=root}
24-Aug-2026 12:39:48.945 INFO [http-nio-8080-exec-6] org.hibernate.engine.jdbc.connections.internal.DriverManagerConnectionProviderImpl.buildCreator HHH10001003: Autocommit mode: false
24-Aug-2026 12:39:48.945 INFO [http-nio-8080-exec-6] org.hibernate.engine.jdbc.connections.internal.DriverManagerConnectionProviderImpl$PooledConnections.<init> HHH10001115: Connection pool size: 20 (min=1)
24-Aug-2026 12:39:48.950 WARN [http-nio-8080-exec-6] org.hibernate.dialect.Dialect.checkVersion HHH000511: The 5.6.17 version for [org.hibernate.dialect.MySQLDialect] is no longer supported, hence certain features may not work properly. The minimum supported version is 5.7.0. Check the community dialects project for available legacy versions.
24-Aug-2026 12:39:49.000 INFO [http-nio-8080-exec-6] org.hibernate.bytecode.internal.BytecodeProviderInitiator.buildBytecodeProvider HHH000021: Bytecode provider name : bytebuddy
24-Aug-2026 12:39:49.122 INFO [http-nio-8080-exec-6] org.hibernate.engine.transaction.jta.platform.internal.JtaPlatformInitiator.initiateService HHH000490: Using JtaPlatform implementation: [org.hibernate.engine.transaction.jta.platform.internal.NoJtaPlatform]
24-Aug-2026 12:39:49.122 INFO [http-nio-8080-exec-6] org.hibernate.resource.transaction.backend.jdbc.internal.DdlTransactionIsolatorNonJtaImpl.getIsolatedConnection HHH10001501: Connection obtained from JdbcConnectionAccess [org.hibernate.engine.jdbc.env.internal.JdbcEnvironmentInitiator$ConnectionProviderJdbcConnectionAccess@1ba0a5af] for (non-JTA) DDL execution was not in auto-commit mode; the Connection 'local transaction' will be committed and the Connection will be set into auto-commit mode.
24-Aug-2026 12:47:08.869 INFOS [Thread-1] org.apache.coyote.AbstractProtocol.pause Le gestionnaire de protocole ["http-nio-8080"] est mis en pause
24-Aug-2026 12:47:08.886 INFOS [Thread-1] org.apache.catalina.core.StandardService.stopInternal Arrêt du service [Catalina]
24-Aug-2026 12:47:08.895 AVERTISSEMENT [Thread-1] org.apache.catalina.loader.WebappClassLoaderBase.clearReferencesJdbc L'application web [ROOT] a enregistré un pilote JDBC [com.mysql.cj.jdbc.Driver], mais ne l'a pas désenregistré avant l'arrêt de l'application.  Pour éviter une fuite de mémoire, le pilote JDBC a été désenregistré de force.
24-Aug-2026 12:47:08.895 AVERTISSEMENT [Thread-1] org.apache.catalina.loader.WebappClassLoaderBase.clearReferencesThreads L'application web [ROOT] semble avoir démarré un thread nommé [mysql-cj-abandoned-connection-cleanup] mais ne l'a pas arrêté, ce qui va probablement créer une fuite de mémoire ; la trace du thread est : 
 java.base/jdk.internal.misc.Unsafe.park(Native Method)
 java.base/java.util.concurrent.locks.LockSupport.parkNanos(LockSupport.java:269)
 java.base/java.util.concurrent.locks.AbstractQueuedSynchronizer$ConditionObject.await(AbstractQueuedSynchronizer.java:1886)
 java.base/java.lang.ref.ReferenceQueue.await(ReferenceQueue.java:71)
 java.base/java.lang.ref.ReferenceQueue.remove0(ReferenceQueue.java:143)
 java.base/java.lang.ref.ReferenceQueue.remove(ReferenceQueue.java:218)
 com.mysql.cj.jdbc.AbandonedConnectionCleanupThread.run(AbandonedConnectionCleanupThread.java:93)
 java.base/java.util.concurrent.ThreadPoolExecutor.runWorker(ThreadPoolExecutor.java:1144)
 java.base/java.util.concurrent.ThreadPoolExecutor$Worker.run(ThreadPoolExecutor.java:642)
 java.base/java.lang.Thread.run(Thread.java:1583)
24-Aug-2026 12:47:08.896 AVERTISSEMENT [Thread-1] org.apache.catalina.loader.WebappClassLoaderBase.clearReferencesThreads L'application web [ROOT] semble avoir démarré un thread nommé [Hibernate Connection Pool Validation Thread] mais ne l'a pas arrêté, ce qui va probablement créer une fuite de mémoire ; la trace du thread est : 
 java.base/jdk.internal.misc.Unsafe.park(Native Method)
 java.base/java.util.concurrent.locks.LockSupport.parkNanos(LockSupport.java:269)
 java.base/java.util.concurrent.locks.AbstractQueuedSynchronizer$ConditionObject.awaitNanos(AbstractQueuedSynchronizer.java:1797)
 java.base/java.util.concurrent.ScheduledThreadPoolExecutor$DelayedWorkQueue.take(ScheduledThreadPoolExecutor.java:1182)
 java.base/java.util.concurrent.ScheduledThreadPoolExecutor$DelayedWorkQueue.take(ScheduledThreadPoolExecutor.java:899)
 java.base/java.util.concurrent.ThreadPoolExecutor.getTask(ThreadPoolExecutor.java:1070)
 java.base/java.util.concurrent.ThreadPoolExecutor.runWorker(ThreadPoolExecutor.java:1130)
 java.base/java.util.concurrent.ThreadPoolExecutor$Worker.run(ThreadPoolExecutor.java:642)
 java.base/java.lang.Thread.run(Thread.java:1583)
24-Aug-2026 12:47:08.896 AVERTISSEMENT [Thread-1] org.apache.catalina.loader.WebappClassLoaderBase.clearReferencesThreads L'application web [ROOT] semble avoir démarré un thread nommé [Hibernate Connection Pool Validation Thread] mais ne l'a pas arrêté, ce qui va probablement créer une fuite de mémoire ; la trace du thread est : 
 java.base/jdk.internal.misc.Unsafe.park(Native Method)
 java.base/java.util.concurrent.locks.LockSupport.parkNanos(LockSupport.java:269)
 java.base/java.util.concurrent.locks.AbstractQueuedSynchronizer$ConditionObject.awaitNanos(AbstractQueuedSynchronizer.java:1797)
 java.base/java.util.concurrent.ScheduledThreadPoolExecutor$DelayedWorkQueue.take(ScheduledThreadPoolExecutor.java:1182)
 java.base/java.util.concurrent.ScheduledThreadPoolExecutor$DelayedWorkQueue.take(ScheduledThreadPoolExecutor.java:899)
 java.base/java.util.concurrent.ThreadPoolExecutor.getTask(ThreadPoolExecutor.java:1070)
 java.base/java.util.concurrent.ThreadPoolExecutor.runWorker(ThreadPoolExecutor.java:1130)
 java.base/java.util.concurrent.ThreadPoolExecutor$Worker.run(ThreadPoolExecutor.java:642)
 java.base/java.lang.Thread.run(Thread.java:1583)
24-Aug-2026 12:47:08.896 AVERTISSEMENT [Thread-1] org.apache.catalina.loader.WebappClassLoaderBase.clearReferencesThreads L'application web [ROOT] semble avoir démarré un thread nommé [Hibernate Connection Pool Validation Thread] mais ne l'a pas arrêté, ce qui va probablement créer une fuite de mémoire ; la trace du thread est : 
 java.base/jdk.internal.misc.Unsafe.park(Native Method)
 java.base/java.util.concurrent.locks.LockSupport.parkNanos(LockSupport.java:269)
 java.base/java.util.concurrent.locks.AbstractQueuedSynchronizer$ConditionObject.awaitNanos(AbstractQueuedSynchronizer.java:1797)
 java.base/java.util.concurrent.ScheduledThreadPoolExecutor$DelayedWorkQueue.take(ScheduledThreadPoolExecutor.java:1182)
 java.base/java.util.concurrent.ScheduledThreadPoolExecutor$DelayedWorkQueue.take(ScheduledThreadPoolExecutor.java:899)
 java.base/java.util.concurrent.ThreadPoolExecutor.getTask(ThreadPoolExecutor.java:1070)
 java.base/java.util.concurrent.ThreadPoolExecutor.runWorker(ThreadPoolExecutor.java:1130)
 java.base/java.util.concurrent.ThreadPoolExecutor$Worker.run(ThreadPoolExecutor.java:642)
 java.base/java.lang.Thread.run(Thread.java:1583)
24-Aug-2026 12:47:08.915 INFOS [Thread-1] org.apache.coyote.AbstractProtocol.stop Arrêt du gestionnaire de protocole ["http-nio-8080"]
24-Aug-2026 12:47:08.931 INFOS [Thread-1] org.apache.coyote.AbstractProtocol.destroy Destruction du gestionnaire de protocole ["http-nio-8080"]
24-Aug-2026 12:47:12.031 INFOS [main] org.apache.catalina.startup.VersionLoggerListener.log Nom version serveur :              Apache Tomcat/10.1.42
24-Aug-2026 12:47:12.039 INFOS [main] org.apache.catalina.startup.VersionLoggerListener.log Serveur compilé :                  Jun 5 2025 22:35:46 UTC
24-Aug-2026 12:47:12.039 INFOS [main] org.apache.catalina.startup.VersionLoggerListener.log Version du serveur :               10.1.42.0
24-Aug-2026 12:47:12.040 INFOS [main] org.apache.catalina.startup.VersionLoggerListener.log Nom de l'OS :                      Windows 11
24-Aug-2026 12:47:12.040 INFOS [main] org.apache.catalina.startup.VersionLoggerListener.log Version OS :                       10.0
24-Aug-2026 12:47:12.040 INFOS [main] org.apache.catalina.startup.VersionLoggerListener.log Architecture :                     amd64
24-Aug-2026 12:47:12.040 INFOS [main] org.apache.catalina.startup.VersionLoggerListener.log Java Home :                        C:\Users\HP\.jdks\jbrsdk_jcef-21.0.9
24-Aug-2026 12:47:12.040 INFOS [main] org.apache.catalina.startup.VersionLoggerListener.log Version JVM :                      21.0.9+1-b1038.75
24-Aug-2026 12:47:12.040 INFOS [main] org.apache.catalina.startup.VersionLoggerListener.log Fournisseur de la JVM :            JetBrains s.r.o.
24-Aug-2026 12:47:12.041 INFOS [main] org.apache.catalina.startup.VersionLoggerListener.log CATALINA_BASE :                    C:\Users\HP\Desktop\samasuker\.smarttomcat
24-Aug-2026 12:47:12.041 INFOS [main] org.apache.catalina.startup.VersionLoggerListener.log CATALINA_HOME :                    C:\Users\HP\Desktop\apache-tomcat-10.1.42
24-Aug-2026 12:47:12.061 INFOS [main] org.apache.catalina.startup.VersionLoggerListener.log Argument de la ligne de commande : --add-opens=java.base/java.lang=ALL-UNNAMED
24-Aug-2026 12:47:12.061 INFOS [main] org.apache.catalina.startup.VersionLoggerListener.log Argument de la ligne de commande : --add-opens=java.base/java.io=ALL-UNNAMED
24-Aug-2026 12:47:12.062 INFOS [main] org.apache.catalina.startup.VersionLoggerListener.log Argument de la ligne de commande : --add-opens=java.base/java.util=ALL-UNNAMED
24-Aug-2026 12:47:12.062 INFOS [main] org.apache.catalina.startup.VersionLoggerListener.log Argument de la ligne de commande : --add-opens=java.base/java.util.concurrent=ALL-UNNAMED
24-Aug-2026 12:47:12.062 INFOS [main] org.apache.catalina.startup.VersionLoggerListener.log Argument de la ligne de commande : --add-opens=java.rmi/sun.rmi.transport=ALL-UNNAMED
24-Aug-2026 12:47:12.062 INFOS [main] org.apache.catalina.startup.VersionLoggerListener.log Argument de la ligne de commande : -Dcatalina.home=C:\Users\HP\Desktop\apache-tomcat-10.1.42
24-Aug-2026 12:47:12.062 INFOS [main] org.apache.catalina.startup.VersionLoggerListener.log Argument de la ligne de commande : -Dcatalina.base=C:\Users\HP\Desktop\samasuker\.smarttomcat
24-Aug-2026 12:47:12.062 INFOS [main] org.apache.catalina.startup.VersionLoggerListener.log Argument de la ligne de commande : -Djava.io.tmpdir=C:\Users\HP\Desktop\samasuker\.smarttomcat\temp
24-Aug-2026 12:47:12.062 INFOS [main] org.apache.catalina.startup.VersionLoggerListener.log Argument de la ligne de commande : -Djava.util.logging.config.file=C:\Users\HP\Desktop\samasuker\.smarttomcat\conf\logging.properties
24-Aug-2026 12:47:12.063 INFOS [main] org.apache.catalina.startup.VersionLoggerListener.log Argument de la ligne de commande : -Djava.util.logging.manager=org.apache.juli.ClassLoaderLogManager
24-Aug-2026 12:47:12.063 INFOS [main] org.apache.catalina.startup.VersionLoggerListener.log Argument de la ligne de commande : -javaagent:C:\Program Files\JetBrains\IntelliJ IDEA 2025.2.2\lib\idea_rt.jar=61361
24-Aug-2026 12:47:12.063 INFOS [main] org.apache.catalina.startup.VersionLoggerListener.log Argument de la ligne de commande : -Dfile.encoding=UTF-8
24-Aug-2026 12:47:12.063 INFOS [main] org.apache.catalina.startup.VersionLoggerListener.log Argument de la ligne de commande : -Dsun.stdout.encoding=UTF-8
24-Aug-2026 12:47:12.063 INFOS [main] org.apache.catalina.startup.VersionLoggerListener.log Argument de la ligne de commande : -Dsun.stderr.encoding=UTF-8
24-Aug-2026 12:47:12.070 INFOS [main] org.apache.catalina.core.AprLifecycleListener.lifecycleEvent Chargement de la librairie Apache Tomcat Native [2.0.9] en utilisant APR version [1.7.6]
24-Aug-2026 12:47:12.083 INFOS [main] org.apache.catalina.core.AprLifecycleListener.initializeSSL OpenSSL a été initialisé avec succès [OpenSSL 3.5.0 8 Apr 2025]
24-Aug-2026 12:47:12.716 INFOS [main] org.apache.coyote.AbstractProtocol.init Initialisation du gestionnaire de protocole ["http-nio-8080"]
24-Aug-2026 12:47:12.751 INFOS [main] org.apache.catalina.startup.Catalina.load L'initialisation du serveur a pris [1251] millisecondes
24-Aug-2026 12:47:12.868 INFOS [main] org.apache.catalina.core.StandardService.startInternal Démarrage du service [Catalina]
24-Aug-2026 12:47:12.868 INFOS [main] org.apache.catalina.core.StandardEngine.startInternal Démarrage du moteur de Servlets : [Apache Tomcat/10.1.42]
24-Aug-2026 12:47:12.891 INFOS [main] org.apache.catalina.startup.HostConfig.deployDescriptor Déploiement du descripteur de configuration [C:\Users\HP\Desktop\samasuker\.smarttomcat\conf\Catalina\localhost\MDD.xml]
24-Aug-2026 12:47:16.650 INFOS [main] org.apache.jasper.servlet.TldScanner.scanJars Au moins un fichier JAR a été analysé pour trouver des TLDs mais il n'en contenait pas, le mode "debug" du journal peut être activé pour obtenir une liste complète de JAR scannés sans succès ; éviter d'analyser des JARs inutilement peut améliorer sensiblement le temps de démarrage et le temps de compilation des JSPs
24-Aug-2026 12:47:16.770 INFOS [main] org.apache.catalina.startup.HostConfig.deployDescriptor Le traitement du descripteur de déploiement [C:\Users\HP\Desktop\samasuker\.smarttomcat\conf\Catalina\localhost\MDD.xml] a pris [3 875] ms
24-Aug-2026 12:47:16.770 INFOS [main] org.apache.catalina.startup.HostConfig.deployDescriptor Déploiement du descripteur de configuration [C:\Users\HP\Desktop\samasuker\.smarttomcat\conf\Catalina\localhost\ROOT.xml]
24-Aug-2026 12:47:19.471 INFOS [main] org.apache.jasper.servlet.TldScanner.scanJars Au moins un fichier JAR a été analysé pour trouver des TLDs mais il n'en contenait pas, le mode "debug" du journal peut être activé pour obtenir une liste complète de JAR scannés sans succès ; éviter d'analyser des JARs inutilement peut améliorer sensiblement le temps de démarrage et le temps de compilation des JSPs
24-Aug-2026 12:47:19.530 INFOS [main] org.apache.catalina.startup.HostConfig.deployDescriptor Le traitement du descripteur de déploiement [C:\Users\HP\Desktop\samasuker\.smarttomcat\conf\Catalina\localhost\ROOT.xml] a pris [2 760] ms
24-Aug-2026 12:47:19.540 INFOS [main] org.apache.coyote.AbstractProtocol.start Démarrage du gestionnaire de protocole ["http-nio-8080"]
24-Aug-2026 12:47:19.579 INFOS [main] org.apache.catalina.startup.Catalina.start Le démarrage du serveur a pris [6824] millisecondes
24-Aug-2026 12:47:30.451 INFO [http-nio-8080-exec-4] org.hibernate.jpa.internal.util.LogHelper.logPersistenceUnitInformation HHH000204: Processing PersistenceUnitInfo [name: glycemiePU]
24-Aug-2026 12:47:30.756 INFO [http-nio-8080-exec-4] org.hibernate.Version.logVersion HHH000412: Hibernate ORM core version 6.2.7.Final
24-Aug-2026 12:47:30.763 INFO [http-nio-8080-exec-4] org.hibernate.cfg.Environment.<clinit> HHH000406: Using bytecode reflection optimizer
24-Aug-2026 12:47:31.942 WARN [http-nio-8080-exec-4] org.hibernate.engine.jdbc.connections.internal.DriverManagerConnectionProviderImpl.configure HHH10001002: Using built-in connection pool (not intended for production use)
24-Aug-2026 12:47:31.957 INFO [http-nio-8080-exec-4] org.hibernate.engine.jdbc.connections.internal.DriverManagerConnectionProviderImpl.buildCreator HHH10001005: Loaded JDBC driver class: com.mysql.cj.jdbc.Driver
24-Aug-2026 12:47:31.957 INFO [http-nio-8080-exec-4] org.hibernate.engine.jdbc.connections.internal.DriverManagerConnectionProviderImpl.buildCreator HHH10001012: Connecting with JDBC URL [jdbc:mysql://localhost:3306/suivi_glycemie_db?useSSL=false&serverTimezone=UTC]
24-Aug-2026 12:47:31.958 INFO [http-nio-8080-exec-4] org.hibernate.engine.jdbc.connections.internal.DriverManagerConnectionProviderImpl.buildCreator HHH10001001: Connection properties: {password=****, user=root}
24-Aug-2026 12:47:31.958 INFO [http-nio-8080-exec-4] org.hibernate.engine.jdbc.connections.internal.DriverManagerConnectionProviderImpl.buildCreator HHH10001003: Autocommit mode: false
24-Aug-2026 12:47:31.972 INFO [http-nio-8080-exec-4] org.hibernate.engine.jdbc.connections.internal.DriverManagerConnectionProviderImpl$PooledConnections.<init> HHH10001115: Connection pool size: 20 (min=1)
24-Aug-2026 12:47:32.827 WARN [http-nio-8080-exec-4] org.hibernate.dialect.Dialect.checkVersion HHH000511: The 5.6.17 version for [org.hibernate.dialect.MySQLDialect] is no longer supported, hence certain features may not work properly. The minimum supported version is 5.7.0. Check the community dialects project for available legacy versions.
24-Aug-2026 12:47:34.019 INFO [http-nio-8080-exec-4] org.hibernate.bytecode.internal.BytecodeProviderInitiator.buildBytecodeProvider HHH000021: Bytecode provider name : bytebuddy
24-Aug-2026 12:47:37.675 INFO [http-nio-8080-exec-4] org.hibernate.engine.transaction.jta.platform.internal.JtaPlatformInitiator.initiateService HHH000490: Using JtaPlatform implementation: [org.hibernate.engine.transaction.jta.platform.internal.NoJtaPlatform]
24-Aug-2026 12:47:37.842 INFO [http-nio-8080-exec-4] org.hibernate.resource.transaction.backend.jdbc.internal.DdlTransactionIsolatorNonJtaImpl.getIsolatedConnection HHH10001501: Connection obtained from JdbcConnectionAccess [org.hibernate.engine.jdbc.env.internal.JdbcEnvironmentInitiator$ConnectionProviderJdbcConnectionAccess@56cb5f07] for (non-JTA) DDL execution was not in auto-commit mode; the Connection 'local transaction' will be committed and the Connection will be set into auto-commit mode.
24-Aug-2026 12:47:40.042 INFO [http-nio-8080-exec-3] org.hibernate.jpa.internal.util.LogHelper.logPersistenceUnitInformation HHH000204: Processing PersistenceUnitInfo [name: glycemiePU]
24-Aug-2026 12:47:40.110 WARN [http-nio-8080-exec-3] org.hibernate.engine.jdbc.connections.internal.DriverManagerConnectionProviderImpl.configure HHH10001002: Using built-in connection pool (not intended for production use)
24-Aug-2026 12:47:40.110 INFO [http-nio-8080-exec-3] org.hibernate.engine.jdbc.connections.internal.DriverManagerConnectionProviderImpl.buildCreator HHH10001005: Loaded JDBC driver class: com.mysql.cj.jdbc.Driver
24-Aug-2026 12:47:40.110 INFO [http-nio-8080-exec-3] org.hibernate.engine.jdbc.connections.internal.DriverManagerConnectionProviderImpl.buildCreator HHH10001012: Connecting with JDBC URL [jdbc:mysql://localhost:3306/suivi_glycemie_db?useSSL=false&serverTimezone=UTC]
24-Aug-2026 12:47:40.112 INFO [http-nio-8080-exec-3] org.hibernate.engine.jdbc.connections.internal.DriverManagerConnectionProviderImpl.buildCreator HHH10001001: Connection properties: {password=****, user=root}
24-Aug-2026 12:47:40.112 INFO [http-nio-8080-exec-3] org.hibernate.engine.jdbc.connections.internal.DriverManagerConnectionProviderImpl.buildCreator HHH10001003: Autocommit mode: false
24-Aug-2026 12:47:40.112 INFO [http-nio-8080-exec-3] org.hibernate.engine.jdbc.connections.internal.DriverManagerConnectionProviderImpl$PooledConnections.<init> HHH10001115: Connection pool size: 20 (min=1)
24-Aug-2026 12:47:40.120 WARN [http-nio-8080-exec-3] org.hibernate.dialect.Dialect.checkVersion HHH000511: The 5.6.17 version for [org.hibernate.dialect.MySQLDialect] is no longer supported, hence certain features may not work properly. The minimum supported version is 5.7.0. Check the community dialects project for available legacy versions.
24-Aug-2026 12:47:40.155 INFO [http-nio-8080-exec-3] org.hibernate.bytecode.internal.BytecodeProviderInitiator.buildBytecodeProvider HHH000021: Bytecode provider name : bytebuddy
24-Aug-2026 12:47:40.275 INFO [http-nio-8080-exec-3] org.hibernate.engine.transaction.jta.platform.internal.JtaPlatformInitiator.initiateService HHH000490: Using JtaPlatform implementation: [org.hibernate.engine.transaction.jta.platform.internal.NoJtaPlatform]
24-Aug-2026 12:47:40.276 INFO [http-nio-8080-exec-3] org.hibernate.resource.transaction.backend.jdbc.internal.DdlTransactionIsolatorNonJtaImpl.getIsolatedConnection HHH10001501: Connection obtained from JdbcConnectionAccess [org.hibernate.engine.jdbc.env.internal.JdbcEnvironmentInitiator$ConnectionProviderJdbcConnectionAccess@31dcc51a] for (non-JTA) DDL execution was not in auto-commit mode; the Connection 'local transaction' will be committed and the Connection will be set into auto-commit mode.
24-Aug-2026 12:48:05.753 INFO [http-nio-8080-exec-7] org.hibernate.jpa.internal.util.LogHelper.logPersistenceUnitInformation HHH000204: Processing PersistenceUnitInfo [name: glycemiePU]
24-Aug-2026 12:48:05.862 WARN [http-nio-8080-exec-7] org.hibernate.engine.jdbc.connections.internal.DriverManagerConnectionProviderImpl.configure HHH10001002: Using built-in connection pool (not intended for production use)
24-Aug-2026 12:48:05.864 INFO [http-nio-8080-exec-7] org.hibernate.engine.jdbc.connections.internal.DriverManagerConnectionProviderImpl.buildCreator HHH10001005: Loaded JDBC driver class: com.mysql.cj.jdbc.Driver
24-Aug-2026 12:48:05.864 INFO [http-nio-8080-exec-7] org.hibernate.engine.jdbc.connections.internal.DriverManagerConnectionProviderImpl.buildCreator HHH10001012: Connecting with JDBC URL [jdbc:mysql://localhost:3306/suivi_glycemie_db?useSSL=false&serverTimezone=UTC]
24-Aug-2026 12:48:05.865 INFO [http-nio-8080-exec-7] org.hibernate.engine.jdbc.connections.internal.DriverManagerConnectionProviderImpl.buildCreator HHH10001001: Connection properties: {password=****, user=root}
24-Aug-2026 12:48:05.865 INFO [http-nio-8080-exec-7] org.hibernate.engine.jdbc.connections.internal.DriverManagerConnectionProviderImpl.buildCreator HHH10001003: Autocommit mode: false
24-Aug-2026 12:48:05.865 INFO [http-nio-8080-exec-7] org.hibernate.engine.jdbc.connections.internal.DriverManagerConnectionProviderImpl$PooledConnections.<init> HHH10001115: Connection pool size: 20 (min=1)
24-Aug-2026 12:48:05.873 WARN [http-nio-8080-exec-7] org.hibernate.dialect.Dialect.checkVersion HHH000511: The 5.6.17 version for [org.hibernate.dialect.MySQLDialect] is no longer supported, hence certain features may not work properly. The minimum supported version is 5.7.0. Check the community dialects project for available legacy versions.
24-Aug-2026 12:48:05.903 INFO [http-nio-8080-exec-7] org.hibernate.bytecode.internal.BytecodeProviderInitiator.buildBytecodeProvider HHH000021: Bytecode provider name : bytebuddy
24-Aug-2026 12:48:05.994 INFO [http-nio-8080-exec-7] org.hibernate.engine.transaction.jta.platform.internal.JtaPlatformInitiator.initiateService HHH000490: Using JtaPlatform implementation: [org.hibernate.engine.transaction.jta.platform.internal.NoJtaPlatform]
24-Aug-2026 12:48:05.995 INFO [http-nio-8080-exec-7] org.hibernate.resource.transaction.backend.jdbc.internal.DdlTransactionIsolatorNonJtaImpl.getIsolatedConnection HHH10001501: Connection obtained from JdbcConnectionAccess [org.hibernate.engine.jdbc.env.internal.JdbcEnvironmentInitiator$ConnectionProviderJdbcConnectionAccess@7bf2063e] for (non-JTA) DDL execution was not in auto-commit mode; the Connection 'local transaction' will be committed and the Connection will be set into auto-commit mode.
24-Aug-2026 12:49:37.388 INFO [http-nio-8080-exec-2] org.hibernate.jpa.internal.util.LogHelper.logPersistenceUnitInformation HHH000204: Processing PersistenceUnitInfo [name: glycemiePU]
24-Aug-2026 12:49:37.487 WARN [http-nio-8080-exec-2] org.hibernate.engine.jdbc.connections.internal.DriverManagerConnectionProviderImpl.configure HHH10001002: Using built-in connection pool (not intended for production use)
24-Aug-2026 12:49:37.490 INFO [http-nio-8080-exec-2] org.hibernate.engine.jdbc.connections.internal.DriverManagerConnectionProviderImpl.buildCreator HHH10001005: Loaded JDBC driver class: com.mysql.cj.jdbc.Driver
24-Aug-2026 12:49:37.490 INFO [http-nio-8080-exec-2] org.hibernate.engine.jdbc.connections.internal.DriverManagerConnectionProviderImpl.buildCreator HHH10001012: Connecting with JDBC URL [jdbc:mysql://localhost:3306/suivi_glycemie_db?useSSL=false&serverTimezone=UTC]
24-Aug-2026 12:49:37.491 INFO [http-nio-8080-exec-2] org.hibernate.engine.jdbc.connections.internal.DriverManagerConnectionProviderImpl.buildCreator HHH10001001: Connection properties: {password=****, user=root}
24-Aug-2026 12:49:37.491 INFO [http-nio-8080-exec-2] org.hibernate.engine.jdbc.connections.internal.DriverManagerConnectionProviderImpl.buildCreator HHH10001003: Autocommit mode: false
24-Aug-2026 12:49:37.491 INFO [http-nio-8080-exec-2] org.hibernate.engine.jdbc.connections.internal.DriverManagerConnectionProviderImpl$PooledConnections.<init> HHH10001115: Connection pool size: 20 (min=1)
24-Aug-2026 12:49:37.500 WARN [http-nio-8080-exec-2] org.hibernate.dialect.Dialect.checkVersion HHH000511: The 5.6.17 version for [org.hibernate.dialect.MySQLDialect] is no longer supported, hence certain features may not work properly. The minimum supported version is 5.7.0. Check the community dialects project for available legacy versions.
24-Aug-2026 12:49:37.547 INFO [http-nio-8080-exec-2] org.hibernate.bytecode.internal.BytecodeProviderInitiator.buildBytecodeProvider HHH000021: Bytecode provider name : bytebuddy
24-Aug-2026 12:49:37.634 INFO [http-nio-8080-exec-2] org.hibernate.engine.transaction.jta.platform.internal.JtaPlatformInitiator.initiateService HHH000490: Using JtaPlatform implementation: [org.hibernate.engine.transaction.jta.platform.internal.NoJtaPlatform]
24-Aug-2026 12:49:37.636 INFO [http-nio-8080-exec-2] org.hibernate.resource.transaction.backend.jdbc.internal.DdlTransactionIsolatorNonJtaImpl.getIsolatedConnection HHH10001501: Connection obtained from JdbcConnectionAccess [org.hibernate.engine.jdbc.env.internal.JdbcEnvironmentInitiator$ConnectionProviderJdbcConnectionAccess@104eeeb0] for (non-JTA) DDL execution was not in auto-commit mode; the Connection 'local transaction' will be committed and the Connection will be set into auto-commit mode.
24-Aug-2026 13:01:51.888 INFOS [Thread-1] org.apache.coyote.AbstractProtocol.pause Le gestionnaire de protocole ["http-nio-8080"] est mis en pause
24-Aug-2026 13:01:51.900 INFOS [Thread-1] org.apache.catalina.core.StandardService.stopInternal Arrêt du service [Catalina]
24-Aug-2026 13:01:51.906 AVERTISSEMENT [Thread-1] org.apache.catalina.loader.WebappClassLoaderBase.clearReferencesJdbc L'application web [ROOT] a enregistré un pilote JDBC [com.mysql.cj.jdbc.Driver], mais ne l'a pas désenregistré avant l'arrêt de l'application.  Pour éviter une fuite de mémoire, le pilote JDBC a été désenregistré de force.
24-Aug-2026 13:01:51.906 AVERTISSEMENT [Thread-1] org.apache.catalina.loader.WebappClassLoaderBase.clearReferencesThreads L'application web [ROOT] semble avoir démarré un thread nommé [mysql-cj-abandoned-connection-cleanup] mais ne l'a pas arrêté, ce qui va probablement créer une fuite de mémoire ; la trace du thread est : 
 java.base/jdk.internal.misc.Unsafe.park(Native Method)
 java.base/java.util.concurrent.locks.LockSupport.parkNanos(LockSupport.java:269)
 java.base/java.util.concurrent.locks.AbstractQueuedSynchronizer$ConditionObject.await(AbstractQueuedSynchronizer.java:1886)
 java.base/java.lang.ref.ReferenceQueue.await(ReferenceQueue.java:71)
 java.base/java.lang.ref.ReferenceQueue.remove0(ReferenceQueue.java:143)
 java.base/java.lang.ref.ReferenceQueue.remove(ReferenceQueue.java:218)
 com.mysql.cj.jdbc.AbandonedConnectionCleanupThread.run(AbandonedConnectionCleanupThread.java:93)
 java.base/java.util.concurrent.ThreadPoolExecutor.runWorker(ThreadPoolExecutor.java:1144)
 java.base/java.util.concurrent.ThreadPoolExecutor$Worker.run(ThreadPoolExecutor.java:642)
 java.base/java.lang.Thread.run(Thread.java:1583)
24-Aug-2026 13:01:51.906 AVERTISSEMENT [Thread-1] org.apache.catalina.loader.WebappClassLoaderBase.clearReferencesThreads L'application web [ROOT] semble avoir démarré un thread nommé [Hibernate Connection Pool Validation Thread] mais ne l'a pas arrêté, ce qui va probablement créer une fuite de mémoire ; la trace du thread est : 
 java.base/jdk.internal.misc.Unsafe.park(Native Method)
 java.base/java.util.concurrent.locks.LockSupport.parkNanos(LockSupport.java:269)
 java.base/java.util.concurrent.locks.AbstractQueuedSynchronizer$ConditionObject.awaitNanos(AbstractQueuedSynchronizer.java:1797)
 java.base/java.util.concurrent.ScheduledThreadPoolExecutor$DelayedWorkQueue.take(ScheduledThreadPoolExecutor.java:1182)
 java.base/java.util.concurrent.ScheduledThreadPoolExecutor$DelayedWorkQueue.take(ScheduledThreadPoolExecutor.java:899)
 java.base/java.util.concurrent.ThreadPoolExecutor.getTask(ThreadPoolExecutor.java:1070)
 java.base/java.util.concurrent.ThreadPoolExecutor.runWorker(ThreadPoolExecutor.java:1130)
 java.base/java.util.concurrent.ThreadPoolExecutor$Worker.run(ThreadPoolExecutor.java:642)
 java.base/java.lang.Thread.run(Thread.java:1583)
24-Aug-2026 13:01:51.906 AVERTISSEMENT [Thread-1] org.apache.catalina.loader.WebappClassLoaderBase.clearReferencesThreads L'application web [ROOT] semble avoir démarré un thread nommé [Hibernate Connection Pool Validation Thread] mais ne l'a pas arrêté, ce qui va probablement créer une fuite de mémoire ; la trace du thread est : 
 java.base/jdk.internal.misc.Unsafe.park(Native Method)
 java.base/java.util.concurrent.locks.LockSupport.parkNanos(LockSupport.java:269)
 java.base/java.util.concurrent.locks.AbstractQueuedSynchronizer$ConditionObject.awaitNanos(AbstractQueuedSynchronizer.java:1797)
 java.base/java.util.concurrent.ScheduledThreadPoolExecutor$DelayedWorkQueue.take(ScheduledThreadPoolExecutor.java:1182)
 java.base/java.util.concurrent.ScheduledThreadPoolExecutor$DelayedWorkQueue.take(ScheduledThreadPoolExecutor.java:899)
 java.base/java.util.concurrent.ThreadPoolExecutor.getTask(ThreadPoolExecutor.java:1070)
 java.base/java.util.concurrent.ThreadPoolExecutor.runWorker(ThreadPoolExecutor.java:1130)
 java.base/java.util.concurrent.ThreadPoolExecutor$Worker.run(ThreadPoolExecutor.java:642)
 java.base/java.lang.Thread.run(Thread.java:1583)
24-Aug-2026 13:01:51.907 AVERTISSEMENT [Thread-1] org.apache.catalina.loader.WebappClassLoaderBase.clearReferencesThreads L'application web [ROOT] semble avoir démarré un thread nommé [Hibernate Connection Pool Validation Thread] mais ne l'a pas arrêté, ce qui va probablement créer une fuite de mémoire ; la trace du thread est : 
 java.base/jdk.internal.misc.Unsafe.park(Native Method)
 java.base/java.util.concurrent.locks.LockSupport.parkNanos(LockSupport.java:269)
 java.base/java.util.concurrent.locks.AbstractQueuedSynchronizer$ConditionObject.awaitNanos(AbstractQueuedSynchronizer.java:1797)
 java.base/java.util.concurrent.ScheduledThreadPoolExecutor$DelayedWorkQueue.take(ScheduledThreadPoolExecutor.java:1182)
 java.base/java.util.concurrent.ScheduledThreadPoolExecutor$DelayedWorkQueue.take(ScheduledThreadPoolExecutor.java:899)
 java.base/java.util.concurrent.ThreadPoolExecutor.getTask(ThreadPoolExecutor.java:1070)
 java.base/java.util.concurrent.ThreadPoolExecutor.runWorker(ThreadPoolExecutor.java:1130)
 java.base/java.util.concurrent.ThreadPoolExecutor$Worker.run(ThreadPoolExecutor.java:642)
 java.base/java.lang.Thread.run(Thread.java:1583)
24-Aug-2026 13:01:51.907 AVERTISSEMENT [Thread-1] org.apache.catalina.loader.WebappClassLoaderBase.clearReferencesThreads L'application web [ROOT] semble avoir démarré un thread nommé [Hibernate Connection Pool Validation Thread] mais ne l'a pas arrêté, ce qui va probablement créer une fuite de mémoire ; la trace du thread est : 
 java.base/jdk.internal.misc.Unsafe.park(Native Method)
 java.base/java.util.concurrent.locks.LockSupport.parkNanos(LockSupport.java:269)
 java.base/java.util.concurrent.locks.AbstractQueuedSynchronizer$ConditionObject.awaitNanos(AbstractQueuedSynchronizer.java:1797)
 java.base/java.util.concurrent.ScheduledThreadPoolExecutor$DelayedWorkQueue.take(ScheduledThreadPoolExecutor.java:1182)
 java.base/java.util.concurrent.ScheduledThreadPoolExecutor$DelayedWorkQueue.take(ScheduledThreadPoolExecutor.java:899)
 java.base/java.util.concurrent.ThreadPoolExecutor.getTask(ThreadPoolExecutor.java:1070)
 java.base/java.util.concurrent.ThreadPoolExecutor.runWorker(ThreadPoolExecutor.java:1130)
 java.base/java.util.concurrent.ThreadPoolExecutor$Worker.run(ThreadPoolExecutor.java:642)
 java.base/java.lang.Thread.run(Thread.java:1583)
24-Aug-2026 13:01:51.918 INFOS [Thread-1] org.apache.coyote.AbstractProtocol.stop Arrêt du gestionnaire de protocole ["http-nio-8080"]
24-Aug-2026 13:01:51.930 INFOS [Thread-1] org.apache.coyote.AbstractProtocol.destroy Destruction du gestionnaire de protocole ["http-nio-8080"]
24-Aug-2026 13:01:54.440 INFOS [main] org.apache.catalina.startup.VersionLoggerListener.log Nom version serveur :              Apache Tomcat/10.1.42
24-Aug-2026 13:01:54.448 INFOS [main] org.apache.catalina.startup.VersionLoggerListener.log Serveur compilé :                  Jun 5 2025 22:35:46 UTC
24-Aug-2026 13:01:54.448 INFOS [main] org.apache.catalina.startup.VersionLoggerListener.log Version du serveur :               10.1.42.0
24-Aug-2026 13:01:54.448 INFOS [main] org.apache.catalina.startup.VersionLoggerListener.log Nom de l'OS :                      Windows 11
24-Aug-2026 13:01:54.449 INFOS [main] org.apache.catalina.startup.VersionLoggerListener.log Version OS :                       10.0
24-Aug-2026 13:01:54.449 INFOS [main] org.apache.catalina.startup.VersionLoggerListener.log Architecture :                     amd64
24-Aug-2026 13:01:54.449 INFOS [main] org.apache.catalina.startup.VersionLoggerListener.log Java Home :                        C:\Users\HP\.jdks\jbrsdk_jcef-21.0.9
24-Aug-2026 13:01:54.450 INFOS [main] org.apache.catalina.startup.VersionLoggerListener.log Version JVM :                      21.0.9+1-b1038.75
24-Aug-2026 13:01:54.450 INFOS [main] org.apache.catalina.startup.VersionLoggerListener.log Fournisseur de la JVM :            JetBrains s.r.o.
24-Aug-2026 13:01:54.450 INFOS [main] org.apache.catalina.startup.VersionLoggerListener.log CATALINA_BASE :                    C:\Users\HP\Desktop\samasuker\.smarttomcat
24-Aug-2026 13:01:54.450 INFOS [main] org.apache.catalina.startup.VersionLoggerListener.log CATALINA_HOME :                    C:\Users\HP\Desktop\apache-tomcat-10.1.42
24-Aug-2026 13:01:54.473 INFOS [main] org.apache.catalina.startup.VersionLoggerListener.log Argument de la ligne de commande : --add-opens=java.base/java.lang=ALL-UNNAMED
24-Aug-2026 13:01:54.474 INFOS [main] org.apache.catalina.startup.VersionLoggerListener.log Argument de la ligne de commande : --add-opens=java.base/java.io=ALL-UNNAMED
24-Aug-2026 13:01:54.474 INFOS [main] org.apache.catalina.startup.VersionLoggerListener.log Argument de la ligne de commande : --add-opens=java.base/java.util=ALL-UNNAMED
24-Aug-2026 13:01:54.474 INFOS [main] org.apache.catalina.startup.VersionLoggerListener.log Argument de la ligne de commande : --add-opens=java.base/java.util.concurrent=ALL-UNNAMED
24-Aug-2026 13:01:54.474 INFOS [main] org.apache.catalina.startup.VersionLoggerListener.log Argument de la ligne de commande : --add-opens=java.rmi/sun.rmi.transport=ALL-UNNAMED
24-Aug-2026 13:01:54.475 INFOS [main] org.apache.catalina.startup.VersionLoggerListener.log Argument de la ligne de commande : -Dcatalina.home=C:\Users\HP\Desktop\apache-tomcat-10.1.42
24-Aug-2026 13:01:54.475 INFOS [main] org.apache.catalina.startup.VersionLoggerListener.log Argument de la ligne de commande : -Dcatalina.base=C:\Users\HP\Desktop\samasuker\.smarttomcat
24-Aug-2026 13:01:54.475 INFOS [main] org.apache.catalina.startup.VersionLoggerListener.log Argument de la ligne de commande : -Djava.io.tmpdir=C:\Users\HP\Desktop\samasuker\.smarttomcat\temp
24-Aug-2026 13:01:54.475 INFOS [main] org.apache.catalina.startup.VersionLoggerListener.log Argument de la ligne de commande : -Djava.util.logging.config.file=C:\Users\HP\Desktop\samasuker\.smarttomcat\conf\logging.properties
24-Aug-2026 13:01:54.475 INFOS [main] org.apache.catalina.startup.VersionLoggerListener.log Argument de la ligne de commande : -Djava.util.logging.manager=org.apache.juli.ClassLoaderLogManager
24-Aug-2026 13:01:54.476 INFOS [main] org.apache.catalina.startup.VersionLoggerListener.log Argument de la ligne de commande : -javaagent:C:\Program Files\JetBrains\IntelliJ IDEA 2025.2.2\lib\idea_rt.jar=51373
24-Aug-2026 13:01:54.476 INFOS [main] org.apache.catalina.startup.VersionLoggerListener.log Argument de la ligne de commande : -Dfile.encoding=UTF-8
24-Aug-2026 13:01:54.476 INFOS [main] org.apache.catalina.startup.VersionLoggerListener.log Argument de la ligne de commande : -Dsun.stdout.encoding=UTF-8
24-Aug-2026 13:01:54.476 INFOS [main] org.apache.catalina.startup.VersionLoggerListener.log Argument de la ligne de commande : -Dsun.stderr.encoding=UTF-8
24-Aug-2026 13:01:54.482 INFOS [main] org.apache.catalina.core.AprLifecycleListener.lifecycleEvent Chargement de la librairie Apache Tomcat Native [2.0.9] en utilisant APR version [1.7.6]
24-Aug-2026 13:01:54.493 INFOS [main] org.apache.catalina.core.AprLifecycleListener.initializeSSL OpenSSL a été initialisé avec succès [OpenSSL 3.5.0 8 Apr 2025]
24-Aug-2026 13:01:55.149 INFOS [main] org.apache.coyote.AbstractProtocol.init Initialisation du gestionnaire de protocole ["http-nio-8080"]
24-Aug-2026 13:01:55.177 INFOS [main] org.apache.catalina.startup.Catalina.load L'initialisation du serveur a pris [1272] millisecondes
24-Aug-2026 13:01:55.266 INFOS [main] org.apache.catalina.core.StandardService.startInternal Démarrage du service [Catalina]
24-Aug-2026 13:01:55.266 INFOS [main] org.apache.catalina.core.StandardEngine.startInternal Démarrage du moteur de Servlets : [Apache Tomcat/10.1.42]
24-Aug-2026 13:01:55.286 INFOS [main] org.apache.catalina.startup.HostConfig.deployDescriptor Déploiement du descripteur de configuration [C:\Users\HP\Desktop\samasuker\.smarttomcat\conf\Catalina\localhost\MDD.xml]
24-Aug-2026 13:01:59.492 INFOS [main] org.apache.jasper.servlet.TldScanner.scanJars Au moins un fichier JAR a été analysé pour trouver des TLDs mais il n'en contenait pas, le mode "debug" du journal peut être activé pour obtenir une liste complète de JAR scannés sans succès ; éviter d'analyser des JARs inutilement peut améliorer sensiblement le temps de démarrage et le temps de compilation des JSPs
24-Aug-2026 13:01:59.635 INFOS [main] org.apache.catalina.startup.HostConfig.deployDescriptor Le traitement du descripteur de déploiement [C:\Users\HP\Desktop\samasuker\.smarttomcat\conf\Catalina\localhost\MDD.xml] a pris [4 349] ms
24-Aug-2026 13:01:59.635 INFOS [main] org.apache.catalina.startup.HostConfig.deployDescriptor Déploiement du descripteur de configuration [C:\Users\HP\Desktop\samasuker\.smarttomcat\conf\Catalina\localhost\ROOT.xml]
24-Aug-2026 13:02:03.130 INFOS [main] org.apache.jasper.servlet.TldScanner.scanJars Au moins un fichier JAR a été analysé pour trouver des TLDs mais il n'en contenait pas, le mode "debug" du journal peut être activé pour obtenir une liste complète de JAR scannés sans succès ; éviter d'analyser des JARs inutilement peut améliorer sensiblement le temps de démarrage et le temps de compilation des JSPs
24-Aug-2026 13:02:03.189 INFOS [main] org.apache.catalina.startup.HostConfig.deployDescriptor Le traitement du descripteur de déploiement [C:\Users\HP\Desktop\samasuker\.smarttomcat\conf\Catalina\localhost\ROOT.xml] a pris [3 554] ms
24-Aug-2026 13:02:03.196 INFOS [main] org.apache.coyote.AbstractProtocol.start Démarrage du gestionnaire de protocole ["http-nio-8080"]
24-Aug-2026 13:02:03.236 INFOS [main] org.apache.catalina.startup.Catalina.start Le démarrage du serveur a pris [8068] millisecondes
24-Aug-2026 13:03:17.106 INFO [http-nio-8080-exec-4] org.hibernate.jpa.internal.util.LogHelper.logPersistenceUnitInformation HHH000204: Processing PersistenceUnitInfo [name: glycemiePU]
24-Aug-2026 13:03:17.402 INFO [http-nio-8080-exec-4] org.hibernate.Version.logVersion HHH000412: Hibernate ORM core version 6.2.7.Final
24-Aug-2026 13:03:17.402 INFO [http-nio-8080-exec-4] org.hibernate.cfg.Environment.<clinit> HHH000406: Using bytecode reflection optimizer
24-Aug-2026 13:03:18.525 WARN [http-nio-8080-exec-4] org.hibernate.engine.jdbc.connections.internal.DriverManagerConnectionProviderImpl.configure HHH10001002: Using built-in connection pool (not intended for production use)
24-Aug-2026 13:03:18.540 INFO [http-nio-8080-exec-4] org.hibernate.engine.jdbc.connections.internal.DriverManagerConnectionProviderImpl.buildCreator HHH10001005: Loaded JDBC driver class: com.mysql.cj.jdbc.Driver
24-Aug-2026 13:03:18.548 INFO [http-nio-8080-exec-4] org.hibernate.engine.jdbc.connections.internal.DriverManagerConnectionProviderImpl.buildCreator HHH10001012: Connecting with JDBC URL [jdbc:mysql://localhost:3306/suivi_glycemie_db?useSSL=false&serverTimezone=UTC]
24-Aug-2026 13:03:18.548 INFO [http-nio-8080-exec-4] org.hibernate.engine.jdbc.connections.internal.DriverManagerConnectionProviderImpl.buildCreator HHH10001001: Connection properties: {password=****, user=root}
24-Aug-2026 13:03:18.548 INFO [http-nio-8080-exec-4] org.hibernate.engine.jdbc.connections.internal.DriverManagerConnectionProviderImpl.buildCreator HHH10001003: Autocommit mode: false
24-Aug-2026 13:03:18.565 INFO [http-nio-8080-exec-4] org.hibernate.engine.jdbc.connections.internal.DriverManagerConnectionProviderImpl$PooledConnections.<init> HHH10001115: Connection pool size: 20 (min=1)
24-Aug-2026 13:03:19.257 WARN [http-nio-8080-exec-4] org.hibernate.dialect.Dialect.checkVersion HHH000511: The 5.6.17 version for [org.hibernate.dialect.MySQLDialect] is no longer supported, hence certain features may not work properly. The minimum supported version is 5.7.0. Check the community dialects project for available legacy versions.
24-Aug-2026 13:03:20.534 INFO [http-nio-8080-exec-4] org.hibernate.bytecode.internal.BytecodeProviderInitiator.buildBytecodeProvider HHH000021: Bytecode provider name : bytebuddy
24-Aug-2026 13:03:23.965 INFO [http-nio-8080-exec-4] org.hibernate.engine.transaction.jta.platform.internal.JtaPlatformInitiator.initiateService HHH000490: Using JtaPlatform implementation: [org.hibernate.engine.transaction.jta.platform.internal.NoJtaPlatform]
24-Aug-2026 13:03:24.081 INFO [http-nio-8080-exec-4] org.hibernate.resource.transaction.backend.jdbc.internal.DdlTransactionIsolatorNonJtaImpl.getIsolatedConnection HHH10001501: Connection obtained from JdbcConnectionAccess [org.hibernate.engine.jdbc.env.internal.JdbcEnvironmentInitiator$ConnectionProviderJdbcConnectionAccess@6688860f] for (non-JTA) DDL execution was not in auto-commit mode; the Connection 'local transaction' will be committed and the Connection will be set into auto-commit mode.
24-Aug-2026 13:03:25.914 INFO [http-nio-8080-exec-6] org.hibernate.jpa.internal.util.LogHelper.logPersistenceUnitInformation HHH000204: Processing PersistenceUnitInfo [name: glycemiePU]
24-Aug-2026 13:03:25.988 WARN [http-nio-8080-exec-6] org.hibernate.engine.jdbc.connections.internal.DriverManagerConnectionProviderImpl.configure HHH10001002: Using built-in connection pool (not intended for production use)
24-Aug-2026 13:03:25.988 INFO [http-nio-8080-exec-6] org.hibernate.engine.jdbc.connections.internal.DriverManagerConnectionProviderImpl.buildCreator HHH10001005: Loaded JDBC driver class: com.mysql.cj.jdbc.Driver
24-Aug-2026 13:03:25.988 INFO [http-nio-8080-exec-6] org.hibernate.engine.jdbc.connections.internal.DriverManagerConnectionProviderImpl.buildCreator HHH10001012: Connecting with JDBC URL [jdbc:mysql://localhost:3306/suivi_glycemie_db?useSSL=false&serverTimezone=UTC]
24-Aug-2026 13:03:25.988 INFO [http-nio-8080-exec-6] org.hibernate.engine.jdbc.connections.internal.DriverManagerConnectionProviderImpl.buildCreator HHH10001001: Connection properties: {password=****, user=root}
24-Aug-2026 13:03:25.988 INFO [http-nio-8080-exec-6] org.hibernate.engine.jdbc.connections.internal.DriverManagerConnectionProviderImpl.buildCreator HHH10001003: Autocommit mode: false
24-Aug-2026 13:03:25.988 INFO [http-nio-8080-exec-6] org.hibernate.engine.jdbc.connections.internal.DriverManagerConnectionProviderImpl$PooledConnections.<init> HHH10001115: Connection pool size: 20 (min=1)
24-Aug-2026 13:03:25.996 WARN [http-nio-8080-exec-6] org.hibernate.dialect.Dialect.checkVersion HHH000511: The 5.6.17 version for [org.hibernate.dialect.MySQLDialect] is no longer supported, hence certain features may not work properly. The minimum supported version is 5.7.0. Check the community dialects project for available legacy versions.
24-Aug-2026 13:03:26.027 INFO [http-nio-8080-exec-6] org.hibernate.bytecode.internal.BytecodeProviderInitiator.buildBytecodeProvider HHH000021: Bytecode provider name : bytebuddy
24-Aug-2026 13:03:26.119 INFO [http-nio-8080-exec-6] org.hibernate.engine.transaction.jta.platform.internal.JtaPlatformInitiator.initiateService HHH000490: Using JtaPlatform implementation: [org.hibernate.engine.transaction.jta.platform.internal.NoJtaPlatform]
24-Aug-2026 13:03:26.119 INFO [http-nio-8080-exec-6] org.hibernate.resource.transaction.backend.jdbc.internal.DdlTransactionIsolatorNonJtaImpl.getIsolatedConnection HHH10001501: Connection obtained from JdbcConnectionAccess [org.hibernate.engine.jdbc.env.internal.JdbcEnvironmentInitiator$ConnectionProviderJdbcConnectionAccess@7012bb7] for (non-JTA) DDL execution was not in auto-commit mode; the Connection 'local transaction' will be committed and the Connection will be set into auto-commit mode.
24-Aug-2026 13:07:19.643 INFOS [Thread-1] org.apache.coyote.AbstractProtocol.pause Le gestionnaire de protocole ["http-nio-8080"] est mis en pause
24-Aug-2026 13:07:19.657 INFOS [Thread-1] org.apache.catalina.core.StandardService.stopInternal Arrêt du service [Catalina]
24-Aug-2026 13:07:19.666 AVERTISSEMENT [Thread-1] org.apache.catalina.loader.WebappClassLoaderBase.clearReferencesJdbc L'application web [ROOT] a enregistré un pilote JDBC [com.mysql.cj.jdbc.Driver], mais ne l'a pas désenregistré avant l'arrêt de l'application.  Pour éviter une fuite de mémoire, le pilote JDBC a été désenregistré de force.
24-Aug-2026 13:07:19.667 AVERTISSEMENT [Thread-1] org.apache.catalina.loader.WebappClassLoaderBase.clearReferencesThreads L'application web [ROOT] semble avoir démarré un thread nommé [mysql-cj-abandoned-connection-cleanup] mais ne l'a pas arrêté, ce qui va probablement créer une fuite de mémoire ; la trace du thread est : 
 java.base/jdk.internal.misc.Unsafe.park(Native Method)
 java.base/java.util.concurrent.locks.LockSupport.parkNanos(LockSupport.java:269)
 java.base/java.util.concurrent.locks.AbstractQueuedSynchronizer$ConditionObject.await(AbstractQueuedSynchronizer.java:1886)
 java.base/java.lang.ref.ReferenceQueue.await(ReferenceQueue.java:71)
 java.base/java.lang.ref.ReferenceQueue.remove0(ReferenceQueue.java:143)
 java.base/java.lang.ref.ReferenceQueue.remove(ReferenceQueue.java:218)
 com.mysql.cj.jdbc.AbandonedConnectionCleanupThread.run(AbandonedConnectionCleanupThread.java:93)
 java.base/java.util.concurrent.ThreadPoolExecutor.runWorker(ThreadPoolExecutor.java:1144)
 java.base/java.util.concurrent.ThreadPoolExecutor$Worker.run(ThreadPoolExecutor.java:642)
 java.base/java.lang.Thread.run(Thread.java:1583)
24-Aug-2026 13:07:19.668 AVERTISSEMENT [Thread-1] org.apache.catalina.loader.WebappClassLoaderBase.clearReferencesThreads L'application web [ROOT] semble avoir démarré un thread nommé [Hibernate Connection Pool Validation Thread] mais ne l'a pas arrêté, ce qui va probablement créer une fuite de mémoire ; la trace du thread est : 
 java.base/jdk.internal.misc.Unsafe.park(Native Method)
 java.base/java.util.concurrent.locks.LockSupport.parkNanos(LockSupport.java:269)
 java.base/java.util.concurrent.locks.AbstractQueuedSynchronizer$ConditionObject.awaitNanos(AbstractQueuedSynchronizer.java:1797)
 java.base/java.util.concurrent.ScheduledThreadPoolExecutor$DelayedWorkQueue.take(ScheduledThreadPoolExecutor.java:1182)
 java.base/java.util.concurrent.ScheduledThreadPoolExecutor$DelayedWorkQueue.take(ScheduledThreadPoolExecutor.java:899)
 java.base/java.util.concurrent.ThreadPoolExecutor.getTask(ThreadPoolExecutor.java:1070)
 java.base/java.util.concurrent.ThreadPoolExecutor.runWorker(ThreadPoolExecutor.java:1130)
 java.base/java.util.concurrent.ThreadPoolExecutor$Worker.run(ThreadPoolExecutor.java:642)
 java.base/java.lang.Thread.run(Thread.java:1583)
24-Aug-2026 13:07:19.668 AVERTISSEMENT [Thread-1] org.apache.catalina.loader.WebappClassLoaderBase.clearReferencesThreads L'application web [ROOT] semble avoir démarré un thread nommé [Hibernate Connection Pool Validation Thread] mais ne l'a pas arrêté, ce qui va probablement créer une fuite de mémoire ; la trace du thread est : 
 java.base/jdk.internal.misc.Unsafe.park(Native Method)
 java.base/java.util.concurrent.locks.LockSupport.parkNanos(LockSupport.java:269)
 java.base/java.util.concurrent.locks.AbstractQueuedSynchronizer$ConditionObject.awaitNanos(AbstractQueuedSynchronizer.java:1797)
 java.base/java.util.concurrent.ScheduledThreadPoolExecutor$DelayedWorkQueue.take(ScheduledThreadPoolExecutor.java:1182)
 java.base/java.util.concurrent.ScheduledThreadPoolExecutor$DelayedWorkQueue.take(ScheduledThreadPoolExecutor.java:899)
 java.base/java.util.concurrent.ThreadPoolExecutor.getTask(ThreadPoolExecutor.java:1070)
 java.base/java.util.concurrent.ThreadPoolExecutor.runWorker(ThreadPoolExecutor.java:1130)
 java.base/java.util.concurrent.ThreadPoolExecutor$Worker.run(ThreadPoolExecutor.java:642)
 java.base/java.lang.Thread.run(Thread.java:1583)
24-Aug-2026 13:07:19.682 INFOS [Thread-1] org.apache.coyote.AbstractProtocol.stop Arrêt du gestionnaire de protocole ["http-nio-8080"]
24-Aug-2026 13:07:19.693 INFOS [Thread-1] org.apache.coyote.AbstractProtocol.destroy Destruction du gestionnaire de protocole ["http-nio-8080"]
24-Aug-2026 13:07:23.234 INFOS [main] org.apache.catalina.startup.VersionLoggerListener.log Nom version serveur :              Apache Tomcat/10.1.42
24-Aug-2026 13:07:23.240 INFOS [main] org.apache.catalina.startup.VersionLoggerListener.log Serveur compilé :                  Jun 5 2025 22:35:46 UTC
24-Aug-2026 13:07:23.240 INFOS [main] org.apache.catalina.startup.VersionLoggerListener.log Version du serveur :               10.1.42.0
24-Aug-2026 13:07:23.241 INFOS [main] org.apache.catalina.startup.VersionLoggerListener.log Nom de l'OS :                      Windows 11
24-Aug-2026 13:07:23.241 INFOS [main] org.apache.catalina.startup.VersionLoggerListener.log Version OS :                       10.0
24-Aug-2026 13:07:23.241 INFOS [main] org.apache.catalina.startup.VersionLoggerListener.log Architecture :                     amd64
24-Aug-2026 13:07:23.241 INFOS [main] org.apache.catalina.startup.VersionLoggerListener.log Java Home :                        C:\Users\HP\.jdks\jbrsdk_jcef-21.0.9
24-Aug-2026 13:07:23.241 INFOS [main] org.apache.catalina.startup.VersionLoggerListener.log Version JVM :                      21.0.9+1-b1038.75
24-Aug-2026 13:07:23.241 INFOS [main] org.apache.catalina.startup.VersionLoggerListener.log Fournisseur de la JVM :            JetBrains s.r.o.
24-Aug-2026 13:07:23.241 INFOS [main] org.apache.catalina.startup.VersionLoggerListener.log CATALINA_BASE :                    C:\Users\HP\Desktop\samasuker\.smarttomcat
24-Aug-2026 13:07:23.242 INFOS [main] org.apache.catalina.startup.VersionLoggerListener.log CATALINA_HOME :                    C:\Users\HP\Desktop\apache-tomcat-10.1.42
24-Aug-2026 13:07:23.261 INFOS [main] org.apache.catalina.startup.VersionLoggerListener.log Argument de la ligne de commande : --add-opens=java.base/java.lang=ALL-UNNAMED
24-Aug-2026 13:07:23.262 INFOS [main] org.apache.catalina.startup.VersionLoggerListener.log Argument de la ligne de commande : --add-opens=java.base/java.io=ALL-UNNAMED
24-Aug-2026 13:07:23.262 INFOS [main] org.apache.catalina.startup.VersionLoggerListener.log Argument de la ligne de commande : --add-opens=java.base/java.util=ALL-UNNAMED
24-Aug-2026 13:07:23.262 INFOS [main] org.apache.catalina.startup.VersionLoggerListener.log Argument de la ligne de commande : --add-opens=java.base/java.util.concurrent=ALL-UNNAMED
24-Aug-2026 13:07:23.262 INFOS [main] org.apache.catalina.startup.VersionLoggerListener.log Argument de la ligne de commande : --add-opens=java.rmi/sun.rmi.transport=ALL-UNNAMED
24-Aug-2026 13:07:23.262 INFOS [main] org.apache.catalina.startup.VersionLoggerListener.log Argument de la ligne de commande : -Dcatalina.home=C:\Users\HP\Desktop\apache-tomcat-10.1.42
24-Aug-2026 13:07:23.263 INFOS [main] org.apache.catalina.startup.VersionLoggerListener.log Argument de la ligne de commande : -Dcatalina.base=C:\Users\HP\Desktop\samasuker\.smarttomcat
24-Aug-2026 13:07:23.264 INFOS [main] org.apache.catalina.startup.VersionLoggerListener.log Argument de la ligne de commande : -Djava.io.tmpdir=C:\Users\HP\Desktop\samasuker\.smarttomcat\temp
24-Aug-2026 13:07:23.264 INFOS [main] org.apache.catalina.startup.VersionLoggerListener.log Argument de la ligne de commande : -Djava.util.logging.config.file=C:\Users\HP\Desktop\samasuker\.smarttomcat\conf\logging.properties
24-Aug-2026 13:07:23.264 INFOS [main] org.apache.catalina.startup.VersionLoggerListener.log Argument de la ligne de commande : -Djava.util.logging.manager=org.apache.juli.ClassLoaderLogManager
24-Aug-2026 13:07:23.264 INFOS [main] org.apache.catalina.startup.VersionLoggerListener.log Argument de la ligne de commande : -javaagent:C:\Program Files\JetBrains\IntelliJ IDEA 2025.2.2\lib\idea_rt.jar=64853
24-Aug-2026 13:07:23.265 INFOS [main] org.apache.catalina.startup.VersionLoggerListener.log Argument de la ligne de commande : -Dfile.encoding=UTF-8
24-Aug-2026 13:07:23.265 INFOS [main] org.apache.catalina.startup.VersionLoggerListener.log Argument de la ligne de commande : -Dsun.stdout.encoding=UTF-8
24-Aug-2026 13:07:23.265 INFOS [main] org.apache.catalina.startup.VersionLoggerListener.log Argument de la ligne de commande : -Dsun.stderr.encoding=UTF-8
24-Aug-2026 13:07:23.269 INFOS [main] org.apache.catalina.core.AprLifecycleListener.lifecycleEvent Chargement de la librairie Apache Tomcat Native [2.0.9] en utilisant APR version [1.7.6]
24-Aug-2026 13:07:23.279 INFOS [main] org.apache.catalina.core.AprLifecycleListener.initializeSSL OpenSSL a été initialisé avec succès [OpenSSL 3.5.0 8 Apr 2025]
24-Aug-2026 13:07:23.841 INFOS [main] org.apache.coyote.AbstractProtocol.init Initialisation du gestionnaire de protocole ["http-nio-8080"]
24-Aug-2026 13:07:23.874 INFOS [main] org.apache.catalina.startup.Catalina.load L'initialisation du serveur a pris [1078] millisecondes
24-Aug-2026 13:07:24.002 INFOS [main] org.apache.catalina.core.StandardService.startInternal Démarrage du service [Catalina]
24-Aug-2026 13:07:24.002 INFOS [main] org.apache.catalina.core.StandardEngine.startInternal Démarrage du moteur de Servlets : [Apache Tomcat/10.1.42]
24-Aug-2026 13:07:24.037 INFOS [main] org.apache.catalina.startup.HostConfig.deployDescriptor Déploiement du descripteur de configuration [C:\Users\HP\Desktop\samasuker\.smarttomcat\conf\Catalina\localhost\MDD.xml]
24-Aug-2026 13:07:27.892 INFOS [main] org.apache.jasper.servlet.TldScanner.scanJars Au moins un fichier JAR a été analysé pour trouver des TLDs mais il n'en contenait pas, le mode "debug" du journal peut être activé pour obtenir une liste complète de JAR scannés sans succès ; éviter d'analyser des JARs inutilement peut améliorer sensiblement le temps de démarrage et le temps de compilation des JSPs
24-Aug-2026 13:07:28.024 INFOS [main] org.apache.catalina.startup.HostConfig.deployDescriptor Le traitement du descripteur de déploiement [C:\Users\HP\Desktop\samasuker\.smarttomcat\conf\Catalina\localhost\MDD.xml] a pris [3 982] ms
24-Aug-2026 13:07:28.024 INFOS [main] org.apache.catalina.startup.HostConfig.deployDescriptor Déploiement du descripteur de configuration [C:\Users\HP\Desktop\samasuker\.smarttomcat\conf\Catalina\localhost\ROOT.xml]
24-Aug-2026 13:07:31.050 INFOS [main] org.apache.jasper.servlet.TldScanner.scanJars Au moins un fichier JAR a été analysé pour trouver des TLDs mais il n'en contenait pas, le mode "debug" du journal peut être activé pour obtenir une liste complète de JAR scannés sans succès ; éviter d'analyser des JARs inutilement peut améliorer sensiblement le temps de démarrage et le temps de compilation des JSPs
24-Aug-2026 13:07:31.120 INFOS [main] org.apache.catalina.startup.HostConfig.deployDescriptor Le traitement du descripteur de déploiement [C:\Users\HP\Desktop\samasuker\.smarttomcat\conf\Catalina\localhost\ROOT.xml] a pris [3 095] ms
24-Aug-2026 13:07:31.131 INFOS [main] org.apache.coyote.AbstractProtocol.start Démarrage du gestionnaire de protocole ["http-nio-8080"]
24-Aug-2026 13:07:31.182 INFOS [main] org.apache.catalina.startup.Catalina.start Le démarrage du serveur a pris [7305] millisecondes
24-Aug-2026 13:07:44.862 INFO [http-nio-8080-exec-3] org.hibernate.jpa.internal.util.LogHelper.logPersistenceUnitInformation HHH000204: Processing PersistenceUnitInfo [name: glycemiePU]
24-Aug-2026 13:07:45.138 INFO [http-nio-8080-exec-3] org.hibernate.Version.logVersion HHH000412: Hibernate ORM core version 6.2.7.Final
24-Aug-2026 13:07:45.148 INFO [http-nio-8080-exec-3] org.hibernate.cfg.Environment.<clinit> HHH000406: Using bytecode reflection optimizer
24-Aug-2026 13:07:46.263 WARN [http-nio-8080-exec-3] org.hibernate.engine.jdbc.connections.internal.DriverManagerConnectionProviderImpl.configure HHH10001002: Using built-in connection pool (not intended for production use)
24-Aug-2026 13:07:46.270 INFO [http-nio-8080-exec-3] org.hibernate.engine.jdbc.connections.internal.DriverManagerConnectionProviderImpl.buildCreator HHH10001005: Loaded JDBC driver class: com.mysql.cj.jdbc.Driver
24-Aug-2026 13:07:46.270 INFO [http-nio-8080-exec-3] org.hibernate.engine.jdbc.connections.internal.DriverManagerConnectionProviderImpl.buildCreator HHH10001012: Connecting with JDBC URL [jdbc:mysql://localhost:3306/suivi_glycemie_db?useSSL=false&serverTimezone=UTC]
24-Aug-2026 13:07:46.270 INFO [http-nio-8080-exec-3] org.hibernate.engine.jdbc.connections.internal.DriverManagerConnectionProviderImpl.buildCreator HHH10001001: Connection properties: {password=****, user=root}
24-Aug-2026 13:07:46.270 INFO [http-nio-8080-exec-3] org.hibernate.engine.jdbc.connections.internal.DriverManagerConnectionProviderImpl.buildCreator HHH10001003: Autocommit mode: false
24-Aug-2026 13:07:46.290 INFO [http-nio-8080-exec-3] org.hibernate.engine.jdbc.connections.internal.DriverManagerConnectionProviderImpl$PooledConnections.<init> HHH10001115: Connection pool size: 20 (min=1)
24-Aug-2026 13:07:47.027 WARN [http-nio-8080-exec-3] org.hibernate.dialect.Dialect.checkVersion HHH000511: The 5.6.17 version for [org.hibernate.dialect.MySQLDialect] is no longer supported, hence certain features may not work properly. The minimum supported version is 5.7.0. Check the community dialects project for available legacy versions.
24-Aug-2026 13:07:48.233 INFO [http-nio-8080-exec-3] org.hibernate.bytecode.internal.BytecodeProviderInitiator.buildBytecodeProvider HHH000021: Bytecode provider name : bytebuddy
24-Aug-2026 13:07:51.734 INFO [http-nio-8080-exec-3] org.hibernate.engine.transaction.jta.platform.internal.JtaPlatformInitiator.initiateService HHH000490: Using JtaPlatform implementation: [org.hibernate.engine.transaction.jta.platform.internal.NoJtaPlatform]
24-Aug-2026 13:07:51.864 INFO [http-nio-8080-exec-3] org.hibernate.resource.transaction.backend.jdbc.internal.DdlTransactionIsolatorNonJtaImpl.getIsolatedConnection HHH10001501: Connection obtained from JdbcConnectionAccess [org.hibernate.engine.jdbc.env.internal.JdbcEnvironmentInitiator$ConnectionProviderJdbcConnectionAccess@2f03e4fb] for (non-JTA) DDL execution was not in auto-commit mode; the Connection 'local transaction' will be committed and the Connection will be set into auto-commit mode.
24-Aug-2026 13:07:54.278 INFO [http-nio-8080-exec-4] org.hibernate.jpa.internal.util.LogHelper.logPersistenceUnitInformation HHH000204: Processing PersistenceUnitInfo [name: glycemiePU]
24-Aug-2026 13:07:54.354 WARN [http-nio-8080-exec-4] org.hibernate.engine.jdbc.connections.internal.DriverManagerConnectionProviderImpl.configure HHH10001002: Using built-in connection pool (not intended for production use)
24-Aug-2026 13:07:54.354 INFO [http-nio-8080-exec-4] org.hibernate.engine.jdbc.connections.internal.DriverManagerConnectionProviderImpl.buildCreator HHH10001005: Loaded JDBC driver class: com.mysql.cj.jdbc.Driver
24-Aug-2026 13:07:54.354 INFO [http-nio-8080-exec-4] org.hibernate.engine.jdbc.connections.internal.DriverManagerConnectionProviderImpl.buildCreator HHH10001012: Connecting with JDBC URL [jdbc:mysql://localhost:3306/suivi_glycemie_db?useSSL=false&serverTimezone=UTC]
24-Aug-2026 13:07:54.354 INFO [http-nio-8080-exec-4] org.hibernate.engine.jdbc.connections.internal.DriverManagerConnectionProviderImpl.buildCreator HHH10001001: Connection properties: {password=****, user=root}
24-Aug-2026 13:07:54.354 INFO [http-nio-8080-exec-4] org.hibernate.engine.jdbc.connections.internal.DriverManagerConnectionProviderImpl.buildCreator HHH10001003: Autocommit mode: false
24-Aug-2026 13:07:54.354 INFO [http-nio-8080-exec-4] org.hibernate.engine.jdbc.connections.internal.DriverManagerConnectionProviderImpl$PooledConnections.<init> HHH10001115: Connection pool size: 20 (min=1)
24-Aug-2026 13:07:54.362 WARN [http-nio-8080-exec-4] org.hibernate.dialect.Dialect.checkVersion HHH000511: The 5.6.17 version for [org.hibernate.dialect.MySQLDialect] is no longer supported, hence certain features may not work properly. The minimum supported version is 5.7.0. Check the community dialects project for available legacy versions.
24-Aug-2026 13:07:54.394 INFO [http-nio-8080-exec-4] org.hibernate.bytecode.internal.BytecodeProviderInitiator.buildBytecodeProvider HHH000021: Bytecode provider name : bytebuddy
24-Aug-2026 13:07:54.520 INFO [http-nio-8080-exec-4] org.hibernate.engine.transaction.jta.platform.internal.JtaPlatformInitiator.initiateService HHH000490: Using JtaPlatform implementation: [org.hibernate.engine.transaction.jta.platform.internal.NoJtaPlatform]
24-Aug-2026 13:07:54.524 INFO [http-nio-8080-exec-4] org.hibernate.resource.transaction.backend.jdbc.internal.DdlTransactionIsolatorNonJtaImpl.getIsolatedConnection HHH10001501: Connection obtained from JdbcConnectionAccess [org.hibernate.engine.jdbc.env.internal.JdbcEnvironmentInitiator$ConnectionProviderJdbcConnectionAccess@3ecb70f7] for (non-JTA) DDL execution was not in auto-commit mode; the Connection 'local transaction' will be committed and the Connection will be set into auto-commit mode.
24-Aug-2026 13:08:21.761 INFO [http-nio-8080-exec-7] org.hibernate.jpa.internal.util.LogHelper.logPersistenceUnitInformation HHH000204: Processing PersistenceUnitInfo [name: glycemiePU]
24-Aug-2026 13:08:21.829 WARN [http-nio-8080-exec-7] org.hibernate.engine.jdbc.connections.internal.DriverManagerConnectionProviderImpl.configure HHH10001002: Using built-in connection pool (not intended for production use)
24-Aug-2026 13:08:21.829 INFO [http-nio-8080-exec-7] org.hibernate.engine.jdbc.connections.internal.DriverManagerConnectionProviderImpl.buildCreator HHH10001005: Loaded JDBC driver class: com.mysql.cj.jdbc.Driver
24-Aug-2026 13:08:21.829 INFO [http-nio-8080-exec-7] org.hibernate.engine.jdbc.connections.internal.DriverManagerConnectionProviderImpl.buildCreator HHH10001012: Connecting with JDBC URL [jdbc:mysql://localhost:3306/suivi_glycemie_db?useSSL=false&serverTimezone=UTC]
24-Aug-2026 13:08:21.829 INFO [http-nio-8080-exec-7] org.hibernate.engine.jdbc.connections.internal.DriverManagerConnectionProviderImpl.buildCreator HHH10001001: Connection properties: {password=****, user=root}
24-Aug-2026 13:08:21.829 INFO [http-nio-8080-exec-7] org.hibernate.engine.jdbc.connections.internal.DriverManagerConnectionProviderImpl.buildCreator HHH10001003: Autocommit mode: false
24-Aug-2026 13:08:21.829 INFO [http-nio-8080-exec-7] org.hibernate.engine.jdbc.connections.internal.DriverManagerConnectionProviderImpl$PooledConnections.<init> HHH10001115: Connection pool size: 20 (min=1)
24-Aug-2026 13:08:21.842 WARN [http-nio-8080-exec-7] org.hibernate.dialect.Dialect.checkVersion HHH000511: The 5.6.17 version for [org.hibernate.dialect.MySQLDialect] is no longer supported, hence certain features may not work properly. The minimum supported version is 5.7.0. Check the community dialects project for available legacy versions.
24-Aug-2026 13:08:21.870 INFO [http-nio-8080-exec-7] org.hibernate.bytecode.internal.BytecodeProviderInitiator.buildBytecodeProvider HHH000021: Bytecode provider name : bytebuddy
24-Aug-2026 13:08:21.953 INFO [http-nio-8080-exec-7] org.hibernate.engine.transaction.jta.platform.internal.JtaPlatformInitiator.initiateService HHH000490: Using JtaPlatform implementation: [org.hibernate.engine.transaction.jta.platform.internal.NoJtaPlatform]
24-Aug-2026 13:08:21.963 INFO [http-nio-8080-exec-7] org.hibernate.resource.transaction.backend.jdbc.internal.DdlTransactionIsolatorNonJtaImpl.getIsolatedConnection HHH10001501: Connection obtained from JdbcConnectionAccess [org.hibernate.engine.jdbc.env.internal.JdbcEnvironmentInitiator$ConnectionProviderJdbcConnectionAccess@7d17bd80] for (non-JTA) DDL execution was not in auto-commit mode; the Connection 'local transaction' will be committed and the Connection will be set into auto-commit mode.
24-Aug-2026 13:11:14.261 INFO [http-nio-8080-exec-3] org.hibernate.jpa.internal.util.LogHelper.logPersistenceUnitInformation HHH000204: Processing PersistenceUnitInfo [name: glycemiePU]
24-Aug-2026 13:11:14.342 WARN [http-nio-8080-exec-3] org.hibernate.engine.jdbc.connections.internal.DriverManagerConnectionProviderImpl.configure HHH10001002: Using built-in connection pool (not intended for production use)
24-Aug-2026 13:11:14.343 INFO [http-nio-8080-exec-3] org.hibernate.engine.jdbc.connections.internal.DriverManagerConnectionProviderImpl.buildCreator HHH10001005: Loaded JDBC driver class: com.mysql.cj.jdbc.Driver
24-Aug-2026 13:11:14.343 INFO [http-nio-8080-exec-3] org.hibernate.engine.jdbc.connections.internal.DriverManagerConnectionProviderImpl.buildCreator HHH10001012: Connecting with JDBC URL [jdbc:mysql://localhost:3306/suivi_glycemie_db?useSSL=false&serverTimezone=UTC]
24-Aug-2026 13:11:14.343 INFO [http-nio-8080-exec-3] org.hibernate.engine.jdbc.connections.internal.DriverManagerConnectionProviderImpl.buildCreator HHH10001001: Connection properties: {password=****, user=root}
24-Aug-2026 13:11:14.343 INFO [http-nio-8080-exec-3] org.hibernate.engine.jdbc.connections.internal.DriverManagerConnectionProviderImpl.buildCreator HHH10001003: Autocommit mode: false
24-Aug-2026 13:11:14.344 INFO [http-nio-8080-exec-3] org.hibernate.engine.jdbc.connections.internal.DriverManagerConnectionProviderImpl$PooledConnections.<init> HHH10001115: Connection pool size: 20 (min=1)
24-Aug-2026 13:11:14.350 WARN [http-nio-8080-exec-3] org.hibernate.dialect.Dialect.checkVersion HHH000511: The 5.6.17 version for [org.hibernate.dialect.MySQLDialect] is no longer supported, hence certain features may not work properly. The minimum supported version is 5.7.0. Check the community dialects project for available legacy versions.
24-Aug-2026 13:11:14.381 INFO [http-nio-8080-exec-3] org.hibernate.bytecode.internal.BytecodeProviderInitiator.buildBytecodeProvider HHH000021: Bytecode provider name : bytebuddy
24-Aug-2026 13:11:14.466 INFO [http-nio-8080-exec-3] org.hibernate.engine.transaction.jta.platform.internal.JtaPlatformInitiator.initiateService HHH000490: Using JtaPlatform implementation: [org.hibernate.engine.transaction.jta.platform.internal.NoJtaPlatform]
24-Aug-2026 13:11:14.467 INFO [http-nio-8080-exec-3] org.hibernate.resource.transaction.backend.jdbc.internal.DdlTransactionIsolatorNonJtaImpl.getIsolatedConnection HHH10001501: Connection obtained from JdbcConnectionAccess [org.hibernate.engine.jdbc.env.internal.JdbcEnvironmentInitiator$ConnectionProviderJdbcConnectionAccess@4b730189] for (non-JTA) DDL execution was not in auto-commit mode; the Connection 'local transaction' will be committed and the Connection will be set into auto-commit mode.
24-Aug-2026 13:26:14.094 INFOS [Thread-1] org.apache.coyote.AbstractProtocol.pause Le gestionnaire de protocole ["http-nio-8080"] est mis en pause
24-Aug-2026 13:26:14.107 INFOS [Thread-1] org.apache.catalina.core.StandardService.stopInternal Arrêt du service [Catalina]
24-Aug-2026 13:26:14.115 AVERTISSEMENT [Thread-1] org.apache.catalina.loader.WebappClassLoaderBase.clearReferencesJdbc L'application web [ROOT] a enregistré un pilote JDBC [com.mysql.cj.jdbc.Driver], mais ne l'a pas désenregistré avant l'arrêt de l'application.  Pour éviter une fuite de mémoire, le pilote JDBC a été désenregistré de force.
24-Aug-2026 13:26:14.116 AVERTISSEMENT [Thread-1] org.apache.catalina.loader.WebappClassLoaderBase.clearReferencesThreads L'application web [ROOT] semble avoir démarré un thread nommé [mysql-cj-abandoned-connection-cleanup] mais ne l'a pas arrêté, ce qui va probablement créer une fuite de mémoire ; la trace du thread est : 
 java.base/jdk.internal.misc.Unsafe.park(Native Method)
 java.base/java.util.concurrent.locks.LockSupport.parkNanos(LockSupport.java:269)
 java.base/java.util.concurrent.locks.AbstractQueuedSynchronizer$ConditionObject.await(AbstractQueuedSynchronizer.java:1886)
 java.base/java.lang.ref.ReferenceQueue.await(ReferenceQueue.java:71)
 java.base/java.lang.ref.ReferenceQueue.remove0(ReferenceQueue.java:143)
 java.base/java.lang.ref.ReferenceQueue.remove(ReferenceQueue.java:218)
 com.mysql.cj.jdbc.AbandonedConnectionCleanupThread.run(AbandonedConnectionCleanupThread.java:93)
 java.base/java.util.concurrent.ThreadPoolExecutor.runWorker(ThreadPoolExecutor.java:1144)
 java.base/java.util.concurrent.ThreadPoolExecutor$Worker.run(ThreadPoolExecutor.java:642)
 java.base/java.lang.Thread.run(Thread.java:1583)
24-Aug-2026 13:26:14.116 AVERTISSEMENT [Thread-1] org.apache.catalina.loader.WebappClassLoaderBase.clearReferencesThreads L'application web [ROOT] semble avoir démarré un thread nommé [Hibernate Connection Pool Validation Thread] mais ne l'a pas arrêté, ce qui va probablement créer une fuite de mémoire ; la trace du thread est : 
 java.base/jdk.internal.misc.Unsafe.park(Native Method)
 java.base/java.util.concurrent.locks.LockSupport.parkNanos(LockSupport.java:269)
 java.base/java.util.concurrent.locks.AbstractQueuedSynchronizer$ConditionObject.awaitNanos(AbstractQueuedSynchronizer.java:1797)
 java.base/java.util.concurrent.ScheduledThreadPoolExecutor$DelayedWorkQueue.take(ScheduledThreadPoolExecutor.java:1182)
 java.base/java.util.concurrent.ScheduledThreadPoolExecutor$DelayedWorkQueue.take(ScheduledThreadPoolExecutor.java:899)
 java.base/java.util.concurrent.ThreadPoolExecutor.getTask(ThreadPoolExecutor.java:1070)
 java.base/java.util.concurrent.ThreadPoolExecutor.runWorker(ThreadPoolExecutor.java:1130)
 java.base/java.util.concurrent.ThreadPoolExecutor$Worker.run(ThreadPoolExecutor.java:642)
 java.base/java.lang.Thread.run(Thread.java:1583)
24-Aug-2026 13:26:14.117 AVERTISSEMENT [Thread-1] org.apache.catalina.loader.WebappClassLoaderBase.clearReferencesThreads L'application web [ROOT] semble avoir démarré un thread nommé [Hibernate Connection Pool Validation Thread] mais ne l'a pas arrêté, ce qui va probablement créer une fuite de mémoire ; la trace du thread est : 
 java.base/jdk.internal.misc.Unsafe.park(Native Method)
 java.base/java.util.concurrent.locks.LockSupport.parkNanos(LockSupport.java:269)
 java.base/java.util.concurrent.locks.AbstractQueuedSynchronizer$ConditionObject.awaitNanos(AbstractQueuedSynchronizer.java:1797)
 java.base/java.util.concurrent.ScheduledThreadPoolExecutor$DelayedWorkQueue.take(ScheduledThreadPoolExecutor.java:1182)
 java.base/java.util.concurrent.ScheduledThreadPoolExecutor$DelayedWorkQueue.take(ScheduledThreadPoolExecutor.java:899)
 java.base/java.util.concurrent.ThreadPoolExecutor.getTask(ThreadPoolExecutor.java:1070)
 java.base/java.util.concurrent.ThreadPoolExecutor.runWorker(ThreadPoolExecutor.java:1130)
 java.base/java.util.concurrent.ThreadPoolExecutor$Worker.run(ThreadPoolExecutor.java:642)
 java.base/java.lang.Thread.run(Thread.java:1583)
24-Aug-2026 13:26:14.117 AVERTISSEMENT [Thread-1] org.apache.catalina.loader.WebappClassLoaderBase.clearReferencesThreads L'application web [ROOT] semble avoir démarré un thread nommé [Hibernate Connection Pool Validation Thread] mais ne l'a pas arrêté, ce qui va probablement créer une fuite de mémoire ; la trace du thread est : 
 java.base/jdk.internal.misc.Unsafe.park(Native Method)
 java.base/java.util.concurrent.locks.LockSupport.parkNanos(LockSupport.java:269)
 java.base/java.util.concurrent.locks.AbstractQueuedSynchronizer$ConditionObject.awaitNanos(AbstractQueuedSynchronizer.java:1797)
 java.base/java.util.concurrent.ScheduledThreadPoolExecutor$DelayedWorkQueue.take(ScheduledThreadPoolExecutor.java:1182)
 java.base/java.util.concurrent.ScheduledThreadPoolExecutor$DelayedWorkQueue.take(ScheduledThreadPoolExecutor.java:899)
 java.base/java.util.concurrent.ThreadPoolExecutor.getTask(ThreadPoolExecutor.java:1070)
 java.base/java.util.concurrent.ThreadPoolExecutor.runWorker(ThreadPoolExecutor.java:1130)
 java.base/java.util.concurrent.ThreadPoolExecutor$Worker.run(ThreadPoolExecutor.java:642)
 java.base/java.lang.Thread.run(Thread.java:1583)
24-Aug-2026 13:26:14.117 AVERTISSEMENT [Thread-1] org.apache.catalina.loader.WebappClassLoaderBase.clearReferencesThreads L'application web [ROOT] semble avoir démarré un thread nommé [Hibernate Connection Pool Validation Thread] mais ne l'a pas arrêté, ce qui va probablement créer une fuite de mémoire ; la trace du thread est : 
 java.base/jdk.internal.misc.Unsafe.park(Native Method)
 java.base/java.util.concurrent.locks.LockSupport.parkNanos(LockSupport.java:269)
 java.base/java.util.concurrent.locks.AbstractQueuedSynchronizer$ConditionObject.awaitNanos(AbstractQueuedSynchronizer.java:1797)
 java.base/java.util.concurrent.ScheduledThreadPoolExecutor$DelayedWorkQueue.take(ScheduledThreadPoolExecutor.java:1182)
 java.base/java.util.concurrent.ScheduledThreadPoolExecutor$DelayedWorkQueue.take(ScheduledThreadPoolExecutor.java:899)
 java.base/java.util.concurrent.ThreadPoolExecutor.getTask(ThreadPoolExecutor.java:1070)
 java.base/java.util.concurrent.ThreadPoolExecutor.runWorker(ThreadPoolExecutor.java:1130)
 java.base/java.util.concurrent.ThreadPoolExecutor$Worker.run(ThreadPoolExecutor.java:642)
 java.base/java.lang.Thread.run(Thread.java:1583)
24-Aug-2026 13:26:14.130 INFOS [Thread-1] org.apache.coyote.AbstractProtocol.stop Arrêt du gestionnaire de protocole ["http-nio-8080"]
24-Aug-2026 13:26:14.141 INFOS [Thread-1] org.apache.coyote.AbstractProtocol.destroy Destruction du gestionnaire de protocole ["http-nio-8080"]
24-Aug-2026 13:26:22.708 INFOS [main] org.apache.catalina.startup.VersionLoggerListener.log Nom version serveur :              Apache Tomcat/10.1.42
24-Aug-2026 13:26:22.715 INFOS [main] org.apache.catalina.startup.VersionLoggerListener.log Serveur compilé :                  Jun 5 2025 22:35:46 UTC
24-Aug-2026 13:26:22.716 INFOS [main] org.apache.catalina.startup.VersionLoggerListener.log Version du serveur :               10.1.42.0
24-Aug-2026 13:26:22.716 INFOS [main] org.apache.catalina.startup.VersionLoggerListener.log Nom de l'OS :                      Windows 11
24-Aug-2026 13:26:22.716 INFOS [main] org.apache.catalina.startup.VersionLoggerListener.log Version OS :                       10.0
24-Aug-2026 13:26:22.717 INFOS [main] org.apache.catalina.startup.VersionLoggerListener.log Architecture :                     amd64
24-Aug-2026 13:26:22.717 INFOS [main] org.apache.catalina.startup.VersionLoggerListener.log Java Home :                        C:\Users\HP\.jdks\jbrsdk_jcef-21.0.9
24-Aug-2026 13:26:22.717 INFOS [main] org.apache.catalina.startup.VersionLoggerListener.log Version JVM :                      21.0.9+1-b1038.75
24-Aug-2026 13:26:22.717 INFOS [main] org.apache.catalina.startup.VersionLoggerListener.log Fournisseur de la JVM :            JetBrains s.r.o.
24-Aug-2026 13:26:22.718 INFOS [main] org.apache.catalina.startup.VersionLoggerListener.log CATALINA_BASE :                    C:\Users\HP\Desktop\samasuker\.smarttomcat
24-Aug-2026 13:26:22.718 INFOS [main] org.apache.catalina.startup.VersionLoggerListener.log CATALINA_HOME :                    C:\Users\HP\Desktop\apache-tomcat-10.1.42
24-Aug-2026 13:26:22.740 INFOS [main] org.apache.catalina.startup.VersionLoggerListener.log Argument de la ligne de commande : --add-opens=java.base/java.lang=ALL-UNNAMED
24-Aug-2026 13:26:22.740 INFOS [main] org.apache.catalina.startup.VersionLoggerListener.log Argument de la ligne de commande : --add-opens=java.base/java.io=ALL-UNNAMED
24-Aug-2026 13:26:22.740 INFOS [main] org.apache.catalina.startup.VersionLoggerListener.log Argument de la ligne de commande : --add-opens=java.base/java.util=ALL-UNNAMED
24-Aug-2026 13:26:22.741 INFOS [main] org.apache.catalina.startup.VersionLoggerListener.log Argument de la ligne de commande : --add-opens=java.base/java.util.concurrent=ALL-UNNAMED
24-Aug-2026 13:26:22.741 INFOS [main] org.apache.catalina.startup.VersionLoggerListener.log Argument de la ligne de commande : --add-opens=java.rmi/sun.rmi.transport=ALL-UNNAMED
24-Aug-2026 13:26:22.741 INFOS [main] org.apache.catalina.startup.VersionLoggerListener.log Argument de la ligne de commande : -Dcatalina.home=C:\Users\HP\Desktop\apache-tomcat-10.1.42
24-Aug-2026 13:26:22.741 INFOS [main] org.apache.catalina.startup.VersionLoggerListener.log Argument de la ligne de commande : -Dcatalina.base=C:\Users\HP\Desktop\samasuker\.smarttomcat
24-Aug-2026 13:26:22.742 INFOS [main] org.apache.catalina.startup.VersionLoggerListener.log Argument de la ligne de commande : -Djava.io.tmpdir=C:\Users\HP\Desktop\samasuker\.smarttomcat\temp
24-Aug-2026 13:26:22.742 INFOS [main] org.apache.catalina.startup.VersionLoggerListener.log Argument de la ligne de commande : -Djava.util.logging.config.file=C:\Users\HP\Desktop\samasuker\.smarttomcat\conf\logging.properties
24-Aug-2026 13:26:22.742 INFOS [main] org.apache.catalina.startup.VersionLoggerListener.log Argument de la ligne de commande : -Djava.util.logging.manager=org.apache.juli.ClassLoaderLogManager
24-Aug-2026 13:26:22.742 INFOS [main] org.apache.catalina.startup.VersionLoggerListener.log Argument de la ligne de commande : -javaagent:C:\Program Files\JetBrains\IntelliJ IDEA 2025.2.2\lib\idea_rt.jar=62222
24-Aug-2026 13:26:22.742 INFOS [main] org.apache.catalina.startup.VersionLoggerListener.log Argument de la ligne de commande : -Dfile.encoding=UTF-8
24-Aug-2026 13:26:22.742 INFOS [main] org.apache.catalina.startup.VersionLoggerListener.log Argument de la ligne de commande : -Dsun.stdout.encoding=UTF-8
24-Aug-2026 13:26:22.743 INFOS [main] org.apache.catalina.startup.VersionLoggerListener.log Argument de la ligne de commande : -Dsun.stderr.encoding=UTF-8
24-Aug-2026 13:26:22.750 INFOS [main] org.apache.catalina.core.AprLifecycleListener.lifecycleEvent Chargement de la librairie Apache Tomcat Native [2.0.9] en utilisant APR version [1.7.6]
24-Aug-2026 13:26:22.763 INFOS [main] org.apache.catalina.core.AprLifecycleListener.initializeSSL OpenSSL a été initialisé avec succès [OpenSSL 3.5.0 8 Apr 2025]
24-Aug-2026 13:26:23.462 INFOS [main] org.apache.coyote.AbstractProtocol.init Initialisation du gestionnaire de protocole ["http-nio-8080"]
24-Aug-2026 13:26:23.496 INFOS [main] org.apache.catalina.startup.Catalina.load L'initialisation du serveur a pris [1382] millisecondes
24-Aug-2026 13:26:23.634 INFOS [main] org.apache.catalina.core.StandardService.startInternal Démarrage du service [Catalina]
24-Aug-2026 13:26:23.634 INFOS [main] org.apache.catalina.core.StandardEngine.startInternal Démarrage du moteur de Servlets : [Apache Tomcat/10.1.42]
24-Aug-2026 13:26:23.657 INFOS [main] org.apache.catalina.startup.HostConfig.deployDescriptor Déploiement du descripteur de configuration [C:\Users\HP\Desktop\samasuker\.smarttomcat\conf\Catalina\localhost\MDD.xml]
24-Aug-2026 13:26:28.332 INFOS [main] org.apache.jasper.servlet.TldScanner.scanJars Au moins un fichier JAR a été analysé pour trouver des TLDs mais il n'en contenait pas, le mode "debug" du journal peut être activé pour obtenir une liste complète de JAR scannés sans succès ; éviter d'analyser des JARs inutilement peut améliorer sensiblement le temps de démarrage et le temps de compilation des JSPs
24-Aug-2026 13:26:28.473 INFOS [main] org.apache.catalina.startup.HostConfig.deployDescriptor Le traitement du descripteur de déploiement [C:\Users\HP\Desktop\samasuker\.smarttomcat\conf\Catalina\localhost\MDD.xml] a pris [4 813] ms
24-Aug-2026 13:26:28.473 INFOS [main] org.apache.catalina.startup.HostConfig.deployDescriptor Déploiement du descripteur de configuration [C:\Users\HP\Desktop\samasuker\.smarttomcat\conf\Catalina\localhost\ROOT.xml]
24-Aug-2026 13:26:31.727 INFOS [main] org.apache.jasper.servlet.TldScanner.scanJars Au moins un fichier JAR a été analysé pour trouver des TLDs mais il n'en contenait pas, le mode "debug" du journal peut être activé pour obtenir une liste complète de JAR scannés sans succès ; éviter d'analyser des JARs inutilement peut améliorer sensiblement le temps de démarrage et le temps de compilation des JSPs
24-Aug-2026 13:26:31.787 INFOS [main] org.apache.catalina.startup.HostConfig.deployDescriptor Le traitement du descripteur de déploiement [C:\Users\HP\Desktop\samasuker\.smarttomcat\conf\Catalina\localhost\ROOT.xml] a pris [3 314] ms
24-Aug-2026 13:26:31.797 INFOS [main] org.apache.coyote.AbstractProtocol.start Démarrage du gestionnaire de protocole ["http-nio-8080"]
24-Aug-2026 13:26:31.840 INFOS [main] org.apache.catalina.startup.Catalina.start Le démarrage du serveur a pris [8341] millisecondes
24-Aug-2026 13:27:10.348 INFO [http-nio-8080-exec-4] org.hibernate.jpa.internal.util.LogHelper.logPersistenceUnitInformation HHH000204: Processing PersistenceUnitInfo [name: glycemiePU]
24-Aug-2026 13:27:10.630 INFO [http-nio-8080-exec-4] org.hibernate.Version.logVersion HHH000412: Hibernate ORM core version 6.2.7.Final
24-Aug-2026 13:27:10.639 INFO [http-nio-8080-exec-4] org.hibernate.cfg.Environment.<clinit> HHH000406: Using bytecode reflection optimizer
24-Aug-2026 13:27:11.966 WARN [http-nio-8080-exec-4] org.hibernate.engine.jdbc.connections.internal.DriverManagerConnectionProviderImpl.configure HHH10001002: Using built-in connection pool (not intended for production use)
24-Aug-2026 13:27:11.984 INFO [http-nio-8080-exec-4] org.hibernate.engine.jdbc.connections.internal.DriverManagerConnectionProviderImpl.buildCreator HHH10001005: Loaded JDBC driver class: com.mysql.cj.jdbc.Driver
24-Aug-2026 13:27:11.985 INFO [http-nio-8080-exec-4] org.hibernate.engine.jdbc.connections.internal.DriverManagerConnectionProviderImpl.buildCreator HHH10001012: Connecting with JDBC URL [jdbc:mysql://localhost:3306/suivi_glycemie_db?useSSL=false&serverTimezone=UTC]
24-Aug-2026 13:27:11.985 INFO [http-nio-8080-exec-4] org.hibernate.engine.jdbc.connections.internal.DriverManagerConnectionProviderImpl.buildCreator HHH10001001: Connection properties: {password=****, user=root}
24-Aug-2026 13:27:11.986 INFO [http-nio-8080-exec-4] org.hibernate.engine.jdbc.connections.internal.DriverManagerConnectionProviderImpl.buildCreator HHH10001003: Autocommit mode: false
24-Aug-2026 13:27:12.001 INFO [http-nio-8080-exec-4] org.hibernate.engine.jdbc.connections.internal.DriverManagerConnectionProviderImpl$PooledConnections.<init> HHH10001115: Connection pool size: 20 (min=1)
24-Aug-2026 13:27:12.745 WARN [http-nio-8080-exec-4] org.hibernate.dialect.Dialect.checkVersion HHH000511: The 5.6.17 version for [org.hibernate.dialect.MySQLDialect] is no longer supported, hence certain features may not work properly. The minimum supported version is 5.7.0. Check the community dialects project for available legacy versions.
24-Aug-2026 13:27:13.970 INFO [http-nio-8080-exec-4] org.hibernate.bytecode.internal.BytecodeProviderInitiator.buildBytecodeProvider HHH000021: Bytecode provider name : bytebuddy
24-Aug-2026 13:27:17.481 INFO [http-nio-8080-exec-4] org.hibernate.engine.transaction.jta.platform.internal.JtaPlatformInitiator.initiateService HHH000490: Using JtaPlatform implementation: [org.hibernate.engine.transaction.jta.platform.internal.NoJtaPlatform]
24-Aug-2026 13:27:17.644 INFO [http-nio-8080-exec-4] org.hibernate.resource.transaction.backend.jdbc.internal.DdlTransactionIsolatorNonJtaImpl.getIsolatedConnection HHH10001501: Connection obtained from JdbcConnectionAccess [org.hibernate.engine.jdbc.env.internal.JdbcEnvironmentInitiator$ConnectionProviderJdbcConnectionAccess@2a1c3801] for (non-JTA) DDL execution was not in auto-commit mode; the Connection 'local transaction' will be committed and the Connection will be set into auto-commit mode.
24-Aug-2026 13:27:19.834 INFO [http-nio-8080-exec-5] org.hibernate.jpa.internal.util.LogHelper.logPersistenceUnitInformation HHH000204: Processing PersistenceUnitInfo [name: glycemiePU]
24-Aug-2026 13:27:19.895 WARN [http-nio-8080-exec-5] org.hibernate.engine.jdbc.connections.internal.DriverManagerConnectionProviderImpl.configure HHH10001002: Using built-in connection pool (not intended for production use)
24-Aug-2026 13:27:19.896 INFO [http-nio-8080-exec-5] org.hibernate.engine.jdbc.connections.internal.DriverManagerConnectionProviderImpl.buildCreator HHH10001005: Loaded JDBC driver class: com.mysql.cj.jdbc.Driver
24-Aug-2026 13:27:19.896 INFO [http-nio-8080-exec-5] org.hibernate.engine.jdbc.connections.internal.DriverManagerConnectionProviderImpl.buildCreator HHH10001012: Connecting with JDBC URL [jdbc:mysql://localhost:3306/suivi_glycemie_db?useSSL=false&serverTimezone=UTC]
24-Aug-2026 13:27:19.896 INFO [http-nio-8080-exec-5] org.hibernate.engine.jdbc.connections.internal.DriverManagerConnectionProviderImpl.buildCreator HHH10001001: Connection properties: {password=****, user=root}
24-Aug-2026 13:27:19.896 INFO [http-nio-8080-exec-5] org.hibernate.engine.jdbc.connections.internal.DriverManagerConnectionProviderImpl.buildCreator HHH10001003: Autocommit mode: false
24-Aug-2026 13:27:19.896 INFO [http-nio-8080-exec-5] org.hibernate.engine.jdbc.connections.internal.DriverManagerConnectionProviderImpl$PooledConnections.<init> HHH10001115: Connection pool size: 20 (min=1)
24-Aug-2026 13:27:19.903 WARN [http-nio-8080-exec-5] org.hibernate.dialect.Dialect.checkVersion HHH000511: The 5.6.17 version for [org.hibernate.dialect.MySQLDialect] is no longer supported, hence certain features may not work properly. The minimum supported version is 5.7.0. Check the community dialects project for available legacy versions.
24-Aug-2026 13:27:19.936 INFO [http-nio-8080-exec-5] org.hibernate.bytecode.internal.BytecodeProviderInitiator.buildBytecodeProvider HHH000021: Bytecode provider name : bytebuddy
24-Aug-2026 13:27:20.063 INFO [http-nio-8080-exec-5] org.hibernate.engine.transaction.jta.platform.internal.JtaPlatformInitiator.initiateService HHH000490: Using JtaPlatform implementation: [org.hibernate.engine.transaction.jta.platform.internal.NoJtaPlatform]
24-Aug-2026 13:27:20.064 INFO [http-nio-8080-exec-5] org.hibernate.resource.transaction.backend.jdbc.internal.DdlTransactionIsolatorNonJtaImpl.getIsolatedConnection HHH10001501: Connection obtained from JdbcConnectionAccess [org.hibernate.engine.jdbc.env.internal.JdbcEnvironmentInitiator$ConnectionProviderJdbcConnectionAccess@6af3cc63] for (non-JTA) DDL execution was not in auto-commit mode; the Connection 'local transaction' will be committed and the Connection will be set into auto-commit mode.
24-Aug-2026 13:27:35.374 INFO [http-nio-8080-exec-7] org.hibernate.jpa.internal.util.LogHelper.logPersistenceUnitInformation HHH000204: Processing PersistenceUnitInfo [name: glycemiePU]
24-Aug-2026 13:27:35.493 WARN [http-nio-8080-exec-7] org.hibernate.engine.jdbc.connections.internal.DriverManagerConnectionProviderImpl.configure HHH10001002: Using built-in connection pool (not intended for production use)
24-Aug-2026 13:27:35.493 INFO [http-nio-8080-exec-7] org.hibernate.engine.jdbc.connections.internal.DriverManagerConnectionProviderImpl.buildCreator HHH10001005: Loaded JDBC driver class: com.mysql.cj.jdbc.Driver
24-Aug-2026 13:27:35.494 INFO [http-nio-8080-exec-7] org.hibernate.engine.jdbc.connections.internal.DriverManagerConnectionProviderImpl.buildCreator HHH10001012: Connecting with JDBC URL [jdbc:mysql://localhost:3306/suivi_glycemie_db?useSSL=false&serverTimezone=UTC]
24-Aug-2026 13:27:35.494 INFO [http-nio-8080-exec-7] org.hibernate.engine.jdbc.connections.internal.DriverManagerConnectionProviderImpl.buildCreator HHH10001001: Connection properties: {password=****, user=root}
24-Aug-2026 13:27:35.494 INFO [http-nio-8080-exec-7] org.hibernate.engine.jdbc.connections.internal.DriverManagerConnectionProviderImpl.buildCreator HHH10001003: Autocommit mode: false
24-Aug-2026 13:27:35.495 INFO [http-nio-8080-exec-7] org.hibernate.engine.jdbc.connections.internal.DriverManagerConnectionProviderImpl$PooledConnections.<init> HHH10001115: Connection pool size: 20 (min=1)
24-Aug-2026 13:27:35.503 WARN [http-nio-8080-exec-7] org.hibernate.dialect.Dialect.checkVersion HHH000511: The 5.6.17 version for [org.hibernate.dialect.MySQLDialect] is no longer supported, hence certain features may not work properly. The minimum supported version is 5.7.0. Check the community dialects project for available legacy versions.
24-Aug-2026 13:27:35.538 INFO [http-nio-8080-exec-7] org.hibernate.bytecode.internal.BytecodeProviderInitiator.buildBytecodeProvider HHH000021: Bytecode provider name : bytebuddy
24-Aug-2026 13:27:35.630 INFO [http-nio-8080-exec-7] org.hibernate.engine.transaction.jta.platform.internal.JtaPlatformInitiator.initiateService HHH000490: Using JtaPlatform implementation: [org.hibernate.engine.transaction.jta.platform.internal.NoJtaPlatform]
24-Aug-2026 13:27:35.631 INFO [http-nio-8080-exec-7] org.hibernate.resource.transaction.backend.jdbc.internal.DdlTransactionIsolatorNonJtaImpl.getIsolatedConnection HHH10001501: Connection obtained from JdbcConnectionAccess [org.hibernate.engine.jdbc.env.internal.JdbcEnvironmentInitiator$ConnectionProviderJdbcConnectionAccess@1fa16fef] for (non-JTA) DDL execution was not in auto-commit mode; the Connection 'local transaction' will be committed and the Connection will be set into auto-commit mode.
24-Aug-2026 13:27:39.412 INFO [http-nio-8080-exec-1] org.hibernate.jpa.internal.util.LogHelper.logPersistenceUnitInformation HHH000204: Processing PersistenceUnitInfo [name: glycemiePU]
24-Aug-2026 13:27:39.444 WARN [http-nio-8080-exec-1] org.hibernate.engine.jdbc.connections.internal.DriverManagerConnectionProviderImpl.configure HHH10001002: Using built-in connection pool (not intended for production use)
24-Aug-2026 13:27:39.445 INFO [http-nio-8080-exec-1] org.hibernate.engine.jdbc.connections.internal.DriverManagerConnectionProviderImpl.buildCreator HHH10001005: Loaded JDBC driver class: com.mysql.cj.jdbc.Driver
24-Aug-2026 13:27:39.445 INFO [http-nio-8080-exec-1] org.hibernate.engine.jdbc.connections.internal.DriverManagerConnectionProviderImpl.buildCreator HHH10001012: Connecting with JDBC URL [jdbc:mysql://localhost:3306/suivi_glycemie_db?useSSL=false&serverTimezone=UTC]
24-Aug-2026 13:27:39.445 INFO [http-nio-8080-exec-1] org.hibernate.engine.jdbc.connections.internal.DriverManagerConnectionProviderImpl.buildCreator HHH10001001: Connection properties: {password=****, user=root}
24-Aug-2026 13:27:39.445 INFO [http-nio-8080-exec-1] org.hibernate.engine.jdbc.connections.internal.DriverManagerConnectionProviderImpl.buildCreator HHH10001003: Autocommit mode: false
24-Aug-2026 13:27:39.446 INFO [http-nio-8080-exec-1] org.hibernate.engine.jdbc.connections.internal.DriverManagerConnectionProviderImpl$PooledConnections.<init> HHH10001115: Connection pool size: 20 (min=1)
24-Aug-2026 13:27:39.452 WARN [http-nio-8080-exec-1] org.hibernate.dialect.Dialect.checkVersion HHH000511: The 5.6.17 version for [org.hibernate.dialect.MySQLDialect] is no longer supported, hence certain features may not work properly. The minimum supported version is 5.7.0. Check the community dialects project for available legacy versions.
24-Aug-2026 13:27:39.473 INFO [http-nio-8080-exec-1] org.hibernate.bytecode.internal.BytecodeProviderInitiator.buildBytecodeProvider HHH000021: Bytecode provider name : bytebuddy
24-Aug-2026 13:27:39.533 INFO [http-nio-8080-exec-1] org.hibernate.engine.transaction.jta.platform.internal.JtaPlatformInitiator.initiateService HHH000490: Using JtaPlatform implementation: [org.hibernate.engine.transaction.jta.platform.internal.NoJtaPlatform]
24-Aug-2026 13:27:39.534 INFO [http-nio-8080-exec-1] org.hibernate.resource.transaction.backend.jdbc.internal.DdlTransactionIsolatorNonJtaImpl.getIsolatedConnection HHH10001501: Connection obtained from JdbcConnectionAccess [org.hibernate.engine.jdbc.env.internal.JdbcEnvironmentInitiator$ConnectionProviderJdbcConnectionAccess@53a2edae] for (non-JTA) DDL execution was not in auto-commit mode; the Connection 'local transaction' will be committed and the Connection will be set into auto-commit mode.
24-Aug-2026 13:31:10.473 INFOS [Thread-1] org.apache.coyote.AbstractProtocol.pause Le gestionnaire de protocole ["http-nio-8080"] est mis en pause
24-Aug-2026 13:31:10.488 INFOS [Thread-1] org.apache.catalina.core.StandardService.stopInternal Arrêt du service [Catalina]
24-Aug-2026 13:31:10.494 AVERTISSEMENT [Thread-1] org.apache.catalina.loader.WebappClassLoaderBase.clearReferencesJdbc L'application web [ROOT] a enregistré un pilote JDBC [com.mysql.cj.jdbc.Driver], mais ne l'a pas désenregistré avant l'arrêt de l'application.  Pour éviter une fuite de mémoire, le pilote JDBC a été désenregistré de force.
24-Aug-2026 13:31:10.495 AVERTISSEMENT [Thread-1] org.apache.catalina.loader.WebappClassLoaderBase.clearReferencesThreads L'application web [ROOT] semble avoir démarré un thread nommé [mysql-cj-abandoned-connection-cleanup] mais ne l'a pas arrêté, ce qui va probablement créer une fuite de mémoire ; la trace du thread est : 
 java.base/jdk.internal.misc.Unsafe.park(Native Method)
 java.base/java.util.concurrent.locks.LockSupport.parkNanos(LockSupport.java:269)
 java.base/java.util.concurrent.locks.AbstractQueuedSynchronizer$ConditionObject.await(AbstractQueuedSynchronizer.java:1886)
 java.base/java.lang.ref.ReferenceQueue.await(ReferenceQueue.java:71)
 java.base/java.lang.ref.ReferenceQueue.remove0(ReferenceQueue.java:143)
 java.base/java.lang.ref.ReferenceQueue.remove(ReferenceQueue.java:218)
 com.mysql.cj.jdbc.AbandonedConnectionCleanupThread.run(AbandonedConnectionCleanupThread.java:93)
 java.base/java.util.concurrent.ThreadPoolExecutor.runWorker(ThreadPoolExecutor.java:1144)
 java.base/java.util.concurrent.ThreadPoolExecutor$Worker.run(ThreadPoolExecutor.java:642)
 java.base/java.lang.Thread.run(Thread.java:1583)
24-Aug-2026 13:31:10.495 AVERTISSEMENT [Thread-1] org.apache.catalina.loader.WebappClassLoaderBase.clearReferencesThreads L'application web [ROOT] semble avoir démarré un thread nommé [Hibernate Connection Pool Validation Thread] mais ne l'a pas arrêté, ce qui va probablement créer une fuite de mémoire ; la trace du thread est : 
 java.base/jdk.internal.misc.Unsafe.park(Native Method)
 java.base/java.util.concurrent.locks.LockSupport.parkNanos(LockSupport.java:269)
 java.base/java.util.concurrent.locks.AbstractQueuedSynchronizer$ConditionObject.awaitNanos(AbstractQueuedSynchronizer.java:1797)
 java.base/java.util.concurrent.ScheduledThreadPoolExecutor$DelayedWorkQueue.take(ScheduledThreadPoolExecutor.java:1182)
 java.base/java.util.concurrent.ScheduledThreadPoolExecutor$DelayedWorkQueue.take(ScheduledThreadPoolExecutor.java:899)
 java.base/java.util.concurrent.ThreadPoolExecutor.getTask(ThreadPoolExecutor.java:1070)
 java.base/java.util.concurrent.ThreadPoolExecutor.runWorker(ThreadPoolExecutor.java:1130)
 java.base/java.util.concurrent.ThreadPoolExecutor$Worker.run(ThreadPoolExecutor.java:642)
 java.base/java.lang.Thread.run(Thread.java:1583)
24-Aug-2026 13:31:10.495 AVERTISSEMENT [Thread-1] org.apache.catalina.loader.WebappClassLoaderBase.clearReferencesThreads L'application web [ROOT] semble avoir démarré un thread nommé [Hibernate Connection Pool Validation Thread] mais ne l'a pas arrêté, ce qui va probablement créer une fuite de mémoire ; la trace du thread est : 
 java.base/jdk.internal.misc.Unsafe.park(Native Method)
 java.base/java.util.concurrent.locks.LockSupport.parkNanos(LockSupport.java:269)
 java.base/java.util.concurrent.locks.AbstractQueuedSynchronizer$ConditionObject.awaitNanos(AbstractQueuedSynchronizer.java:1797)
 java.base/java.util.concurrent.ScheduledThreadPoolExecutor$DelayedWorkQueue.take(ScheduledThreadPoolExecutor.java:1182)
 java.base/java.util.concurrent.ScheduledThreadPoolExecutor$DelayedWorkQueue.take(ScheduledThreadPoolExecutor.java:899)
 java.base/java.util.concurrent.ThreadPoolExecutor.getTask(ThreadPoolExecutor.java:1070)
 java.base/java.util.concurrent.ThreadPoolExecutor.runWorker(ThreadPoolExecutor.java:1130)
 java.base/java.util.concurrent.ThreadPoolExecutor$Worker.run(ThreadPoolExecutor.java:642)
 java.base/java.lang.Thread.run(Thread.java:1583)
24-Aug-2026 13:31:10.496 AVERTISSEMENT [Thread-1] org.apache.catalina.loader.WebappClassLoaderBase.clearReferencesThreads L'application web [ROOT] semble avoir démarré un thread nommé [Hibernate Connection Pool Validation Thread] mais ne l'a pas arrêté, ce qui va probablement créer une fuite de mémoire ; la trace du thread est : 
 java.base/jdk.internal.misc.Unsafe.park(Native Method)
 java.base/java.util.concurrent.locks.LockSupport.parkNanos(LockSupport.java:269)
 java.base/java.util.concurrent.locks.AbstractQueuedSynchronizer$ConditionObject.awaitNanos(AbstractQueuedSynchronizer.java:1797)
 java.base/java.util.concurrent.ScheduledThreadPoolExecutor$DelayedWorkQueue.take(ScheduledThreadPoolExecutor.java:1182)
 java.base/java.util.concurrent.ScheduledThreadPoolExecutor$DelayedWorkQueue.take(ScheduledThreadPoolExecutor.java:899)
 java.base/java.util.concurrent.ThreadPoolExecutor.getTask(ThreadPoolExecutor.java:1070)
 java.base/java.util.concurrent.ThreadPoolExecutor.runWorker(ThreadPoolExecutor.java:1130)
 java.base/java.util.concurrent.ThreadPoolExecutor$Worker.run(ThreadPoolExecutor.java:642)
 java.base/java.lang.Thread.run(Thread.java:1583)
24-Aug-2026 13:31:10.499 AVERTISSEMENT [Thread-1] org.apache.catalina.loader.WebappClassLoaderBase.clearReferencesThreads L'application web [ROOT] semble avoir démarré un thread nommé [Hibernate Connection Pool Validation Thread] mais ne l'a pas arrêté, ce qui va probablement créer une fuite de mémoire ; la trace du thread est : 
 java.base/jdk.internal.misc.Unsafe.park(Native Method)
 java.base/java.util.concurrent.locks.LockSupport.parkNanos(LockSupport.java:269)
 java.base/java.util.concurrent.locks.AbstractQueuedSynchronizer$ConditionObject.awaitNanos(AbstractQueuedSynchronizer.java:1797)
 java.base/java.util.concurrent.ScheduledThreadPoolExecutor$DelayedWorkQueue.take(ScheduledThreadPoolExecutor.java:1182)
 java.base/java.util.concurrent.ScheduledThreadPoolExecutor$DelayedWorkQueue.take(ScheduledThreadPoolExecutor.java:899)
 java.base/java.util.concurrent.ThreadPoolExecutor.getTask(ThreadPoolExecutor.java:1070)
 java.base/java.util.concurrent.ThreadPoolExecutor.runWorker(ThreadPoolExecutor.java:1130)
 java.base/java.util.concurrent.ThreadPoolExecutor$Worker.run(ThreadPoolExecutor.java:642)
 java.base/java.lang.Thread.run(Thread.java:1583)
24-Aug-2026 13:31:10.510 INFOS [Thread-1] org.apache.coyote.AbstractProtocol.stop Arrêt du gestionnaire de protocole ["http-nio-8080"]
24-Aug-2026 13:31:10.517 INFOS [Thread-1] org.apache.coyote.AbstractProtocol.destroy Destruction du gestionnaire de protocole ["http-nio-8080"]
24-Aug-2026 13:31:13.533 INFOS [main] org.apache.catalina.startup.VersionLoggerListener.log Nom version serveur :              Apache Tomcat/10.1.42
24-Aug-2026 13:31:13.537 INFOS [main] org.apache.catalina.startup.VersionLoggerListener.log Serveur compilé :                  Jun 5 2025 22:35:46 UTC
24-Aug-2026 13:31:13.538 INFOS [main] org.apache.catalina.startup.VersionLoggerListener.log Version du serveur :               10.1.42.0
24-Aug-2026 13:31:13.538 INFOS [main] org.apache.catalina.startup.VersionLoggerListener.log Nom de l'OS :                      Windows 11
24-Aug-2026 13:31:13.538 INFOS [main] org.apache.catalina.startup.VersionLoggerListener.log Version OS :                       10.0
24-Aug-2026 13:31:13.538 INFOS [main] org.apache.catalina.startup.VersionLoggerListener.log Architecture :                     amd64
24-Aug-2026 13:31:13.538 INFOS [main] org.apache.catalina.startup.VersionLoggerListener.log Java Home :                        C:\Users\HP\.jdks\jbrsdk_jcef-21.0.9
24-Aug-2026 13:31:13.538 INFOS [main] org.apache.catalina.startup.VersionLoggerListener.log Version JVM :                      21.0.9+1-b1038.75
24-Aug-2026 13:31:13.538 INFOS [main] org.apache.catalina.startup.VersionLoggerListener.log Fournisseur de la JVM :            JetBrains s.r.o.
24-Aug-2026 13:31:13.539 INFOS [main] org.apache.catalina.startup.VersionLoggerListener.log CATALINA_BASE :                    C:\Users\HP\Desktop\samasuker\.smarttomcat
24-Aug-2026 13:31:13.539 INFOS [main] org.apache.catalina.startup.VersionLoggerListener.log CATALINA_HOME :                    C:\Users\HP\Desktop\apache-tomcat-10.1.42
24-Aug-2026 13:31:13.559 INFOS [main] org.apache.catalina.startup.VersionLoggerListener.log Argument de la ligne de commande : --add-opens=java.base/java.lang=ALL-UNNAMED
24-Aug-2026 13:31:13.559 INFOS [main] org.apache.catalina.startup.VersionLoggerListener.log Argument de la ligne de commande : --add-opens=java.base/java.io=ALL-UNNAMED
24-Aug-2026 13:31:13.560 INFOS [main] org.apache.catalina.startup.VersionLoggerListener.log Argument de la ligne de commande : --add-opens=java.base/java.util=ALL-UNNAMED
24-Aug-2026 13:31:13.560 INFOS [main] org.apache.catalina.startup.VersionLoggerListener.log Argument de la ligne de commande : --add-opens=java.base/java.util.concurrent=ALL-UNNAMED
24-Aug-2026 13:31:13.560 INFOS [main] org.apache.catalina.startup.VersionLoggerListener.log Argument de la ligne de commande : --add-opens=java.rmi/sun.rmi.transport=ALL-UNNAMED
24-Aug-2026 13:31:13.560 INFOS [main] org.apache.catalina.startup.VersionLoggerListener.log Argument de la ligne de commande : -Dcatalina.home=C:\Users\HP\Desktop\apache-tomcat-10.1.42
24-Aug-2026 13:31:13.560 INFOS [main] org.apache.catalina.startup.VersionLoggerListener.log Argument de la ligne de commande : -Dcatalina.base=C:\Users\HP\Desktop\samasuker\.smarttomcat
24-Aug-2026 13:31:13.560 INFOS [main] org.apache.catalina.startup.VersionLoggerListener.log Argument de la ligne de commande : -Djava.io.tmpdir=C:\Users\HP\Desktop\samasuker\.smarttomcat\temp
24-Aug-2026 13:31:13.561 INFOS [main] org.apache.catalina.startup.VersionLoggerListener.log Argument de la ligne de commande : -Djava.util.logging.config.file=C:\Users\HP\Desktop\samasuker\.smarttomcat\conf\logging.properties
24-Aug-2026 13:31:13.561 INFOS [main] org.apache.catalina.startup.VersionLoggerListener.log Argument de la ligne de commande : -Djava.util.logging.manager=org.apache.juli.ClassLoaderLogManager
24-Aug-2026 13:31:13.561 INFOS [main] org.apache.catalina.startup.VersionLoggerListener.log Argument de la ligne de commande : -javaagent:C:\Program Files\JetBrains\IntelliJ IDEA 2025.2.2\lib\idea_rt.jar=62044
24-Aug-2026 13:31:13.562 INFOS [main] org.apache.catalina.startup.VersionLoggerListener.log Argument de la ligne de commande : -Dfile.encoding=UTF-8
24-Aug-2026 13:31:13.562 INFOS [main] org.apache.catalina.startup.VersionLoggerListener.log Argument de la ligne de commande : -Dsun.stdout.encoding=UTF-8
24-Aug-2026 13:31:13.562 INFOS [main] org.apache.catalina.startup.VersionLoggerListener.log Argument de la ligne de commande : -Dsun.stderr.encoding=UTF-8
24-Aug-2026 13:31:13.567 INFOS [main] org.apache.catalina.core.AprLifecycleListener.lifecycleEvent Chargement de la librairie Apache Tomcat Native [2.0.9] en utilisant APR version [1.7.6]
24-Aug-2026 13:31:13.578 INFOS [main] org.apache.catalina.core.AprLifecycleListener.initializeSSL OpenSSL a été initialisé avec succès [OpenSSL 3.5.0 8 Apr 2025]
24-Aug-2026 13:31:14.325 INFOS [main] org.apache.coyote.AbstractProtocol.init Initialisation du gestionnaire de protocole ["http-nio-8080"]
24-Aug-2026 13:31:14.364 INFOS [main] org.apache.catalina.startup.Catalina.load L'initialisation du serveur a pris [1219] millisecondes
24-Aug-2026 13:31:14.471 INFOS [main] org.apache.catalina.core.StandardService.startInternal Démarrage du service [Catalina]
24-Aug-2026 13:31:14.472 INFOS [main] org.apache.catalina.core.StandardEngine.startInternal Démarrage du moteur de Servlets : [Apache Tomcat/10.1.42]
24-Aug-2026 13:31:14.496 INFOS [main] org.apache.catalina.startup.HostConfig.deployDescriptor Déploiement du descripteur de configuration [C:\Users\HP\Desktop\samasuker\.smarttomcat\conf\Catalina\localhost\MDD.xml]
24-Aug-2026 13:31:18.156 INFOS [main] org.apache.jasper.servlet.TldScanner.scanJars Au moins un fichier JAR a été analysé pour trouver des TLDs mais il n'en contenait pas, le mode "debug" du journal peut être activé pour obtenir une liste complète de JAR scannés sans succès ; éviter d'analyser des JARs inutilement peut améliorer sensiblement le temps de démarrage et le temps de compilation des JSPs
24-Aug-2026 13:31:18.276 INFOS [main] org.apache.catalina.startup.HostConfig.deployDescriptor Le traitement du descripteur de déploiement [C:\Users\HP\Desktop\samasuker\.smarttomcat\conf\Catalina\localhost\MDD.xml] a pris [3 775] ms
24-Aug-2026 13:31:18.276 INFOS [main] org.apache.catalina.startup.HostConfig.deployDescriptor Déploiement du descripteur de configuration [C:\Users\HP\Desktop\samasuker\.smarttomcat\conf\Catalina\localhost\ROOT.xml]
24-Aug-2026 13:31:21.009 INFOS [main] org.apache.jasper.servlet.TldScanner.scanJars Au moins un fichier JAR a été analysé pour trouver des TLDs mais il n'en contenait pas, le mode "debug" du journal peut être activé pour obtenir une liste complète de JAR scannés sans succès ; éviter d'analyser des JARs inutilement peut améliorer sensiblement le temps de démarrage et le temps de compilation des JSPs
24-Aug-2026 13:31:21.064 INFOS [main] org.apache.catalina.startup.HostConfig.deployDescriptor Le traitement du descripteur de déploiement [C:\Users\HP\Desktop\samasuker\.smarttomcat\conf\Catalina\localhost\ROOT.xml] a pris [2 788] ms
24-Aug-2026 13:31:21.071 INFOS [main] org.apache.coyote.AbstractProtocol.start Démarrage du gestionnaire de protocole ["http-nio-8080"]
24-Aug-2026 13:31:21.117 INFOS [main] org.apache.catalina.startup.Catalina.start Le démarrage du serveur a pris [6750] millisecondes
24-Aug-2026 13:32:24.854 INFO [http-nio-8080-exec-4] org.hibernate.jpa.internal.util.LogHelper.logPersistenceUnitInformation HHH000204: Processing PersistenceUnitInfo [name: glycemiePU]
24-Aug-2026 13:32:25.147 INFO [http-nio-8080-exec-4] org.hibernate.Version.logVersion HHH000412: Hibernate ORM core version 6.2.7.Final
24-Aug-2026 13:32:25.155 INFO [http-nio-8080-exec-4] org.hibernate.cfg.Environment.<clinit> HHH000406: Using bytecode reflection optimizer
24-Aug-2026 13:32:26.350 WARN [http-nio-8080-exec-4] org.hibernate.engine.jdbc.connections.internal.DriverManagerConnectionProviderImpl.configure HHH10001002: Using built-in connection pool (not intended for production use)
24-Aug-2026 13:32:26.364 INFO [http-nio-8080-exec-4] org.hibernate.engine.jdbc.connections.internal.DriverManagerConnectionProviderImpl.buildCreator HHH10001005: Loaded JDBC driver class: com.mysql.cj.jdbc.Driver
24-Aug-2026 13:32:26.364 INFO [http-nio-8080-exec-4] org.hibernate.engine.jdbc.connections.internal.DriverManagerConnectionProviderImpl.buildCreator HHH10001012: Connecting with JDBC URL [jdbc:mysql://localhost:3306/suivi_glycemie_db?useSSL=false&serverTimezone=UTC]
24-Aug-2026 13:32:26.364 INFO [http-nio-8080-exec-4] org.hibernate.engine.jdbc.connections.internal.DriverManagerConnectionProviderImpl.buildCreator HHH10001001: Connection properties: {password=****, user=root}
24-Aug-2026 13:32:26.365 INFO [http-nio-8080-exec-4] org.hibernate.engine.jdbc.connections.internal.DriverManagerConnectionProviderImpl.buildCreator HHH10001003: Autocommit mode: false
24-Aug-2026 13:32:26.377 INFO [http-nio-8080-exec-4] org.hibernate.engine.jdbc.connections.internal.DriverManagerConnectionProviderImpl$PooledConnections.<init> HHH10001115: Connection pool size: 20 (min=1)
24-Aug-2026 13:32:27.108 WARN [http-nio-8080-exec-4] org.hibernate.dialect.Dialect.checkVersion HHH000511: The 5.6.17 version for [org.hibernate.dialect.MySQLDialect] is no longer supported, hence certain features may not work properly. The minimum supported version is 5.7.0. Check the community dialects project for available legacy versions.
24-Aug-2026 13:32:28.349 INFO [http-nio-8080-exec-4] org.hibernate.bytecode.internal.BytecodeProviderInitiator.buildBytecodeProvider HHH000021: Bytecode provider name : bytebuddy
24-Aug-2026 13:32:32.046 INFO [http-nio-8080-exec-4] org.hibernate.engine.transaction.jta.platform.internal.JtaPlatformInitiator.initiateService HHH000490: Using JtaPlatform implementation: [org.hibernate.engine.transaction.jta.platform.internal.NoJtaPlatform]
24-Aug-2026 13:32:32.170 INFO [http-nio-8080-exec-4] org.hibernate.resource.transaction.backend.jdbc.internal.DdlTransactionIsolatorNonJtaImpl.getIsolatedConnection HHH10001501: Connection obtained from JdbcConnectionAccess [org.hibernate.engine.jdbc.env.internal.JdbcEnvironmentInitiator$ConnectionProviderJdbcConnectionAccess@43ac68e9] for (non-JTA) DDL execution was not in auto-commit mode; the Connection 'local transaction' will be committed and the Connection will be set into auto-commit mode.
24-Aug-2026 13:35:55.478 INFOS [Thread-1] org.apache.coyote.AbstractProtocol.pause Le gestionnaire de protocole ["http-nio-8080"] est mis en pause
24-Aug-2026 13:35:55.495 INFOS [Thread-1] org.apache.catalina.core.StandardService.stopInternal Arrêt du service [Catalina]
24-Aug-2026 13:35:55.505 AVERTISSEMENT [Thread-1] org.apache.catalina.loader.WebappClassLoaderBase.clearReferencesJdbc L'application web [ROOT] a enregistré un pilote JDBC [com.mysql.cj.jdbc.Driver], mais ne l'a pas désenregistré avant l'arrêt de l'application.  Pour éviter une fuite de mémoire, le pilote JDBC a été désenregistré de force.
24-Aug-2026 13:35:55.506 AVERTISSEMENT [Thread-1] org.apache.catalina.loader.WebappClassLoaderBase.clearReferencesThreads L'application web [ROOT] semble avoir démarré un thread nommé [mysql-cj-abandoned-connection-cleanup] mais ne l'a pas arrêté, ce qui va probablement créer une fuite de mémoire ; la trace du thread est : 
 java.base/jdk.internal.misc.Unsafe.park(Native Method)
 java.base/java.util.concurrent.locks.LockSupport.parkNanos(LockSupport.java:269)
 java.base/java.util.concurrent.locks.AbstractQueuedSynchronizer$ConditionObject.await(AbstractQueuedSynchronizer.java:1886)
 java.base/java.lang.ref.ReferenceQueue.await(ReferenceQueue.java:71)
 java.base/java.lang.ref.ReferenceQueue.remove0(ReferenceQueue.java:143)
 java.base/java.lang.ref.ReferenceQueue.remove(ReferenceQueue.java:218)
 com.mysql.cj.jdbc.AbandonedConnectionCleanupThread.run(AbandonedConnectionCleanupThread.java:93)
 java.base/java.util.concurrent.ThreadPoolExecutor.runWorker(ThreadPoolExecutor.java:1144)
 java.base/java.util.concurrent.ThreadPoolExecutor$Worker.run(ThreadPoolExecutor.java:642)
 java.base/java.lang.Thread.run(Thread.java:1583)
24-Aug-2026 13:35:55.506 AVERTISSEMENT [Thread-1] org.apache.catalina.loader.WebappClassLoaderBase.clearReferencesThreads L'application web [ROOT] semble avoir démarré un thread nommé [Hibernate Connection Pool Validation Thread] mais ne l'a pas arrêté, ce qui va probablement créer une fuite de mémoire ; la trace du thread est : 
 java.base/jdk.internal.misc.Unsafe.park(Native Method)
 java.base/java.util.concurrent.locks.LockSupport.parkNanos(LockSupport.java:269)
 java.base/java.util.concurrent.locks.AbstractQueuedSynchronizer$ConditionObject.awaitNanos(AbstractQueuedSynchronizer.java:1797)
 java.base/java.util.concurrent.ScheduledThreadPoolExecutor$DelayedWorkQueue.take(ScheduledThreadPoolExecutor.java:1182)
 java.base/java.util.concurrent.ScheduledThreadPoolExecutor$DelayedWorkQueue.take(ScheduledThreadPoolExecutor.java:899)
 java.base/java.util.concurrent.ThreadPoolExecutor.getTask(ThreadPoolExecutor.java:1070)
 java.base/java.util.concurrent.ThreadPoolExecutor.runWorker(ThreadPoolExecutor.java:1130)
 java.base/java.util.concurrent.ThreadPoolExecutor$Worker.run(ThreadPoolExecutor.java:642)
 java.base/java.lang.Thread.run(Thread.java:1583)
24-Aug-2026 13:35:55.519 INFOS [Thread-1] org.apache.coyote.AbstractProtocol.stop Arrêt du gestionnaire de protocole ["http-nio-8080"]
24-Aug-2026 13:35:55.536 INFOS [Thread-1] org.apache.coyote.AbstractProtocol.destroy Destruction du gestionnaire de protocole ["http-nio-8080"]
24-Aug-2026 13:35:58.469 INFOS [main] org.apache.catalina.startup.VersionLoggerListener.log Nom version serveur :              Apache Tomcat/10.1.42
24-Aug-2026 13:35:58.476 INFOS [main] org.apache.catalina.startup.VersionLoggerListener.log Serveur compilé :                  Jun 5 2025 22:35:46 UTC
24-Aug-2026 13:35:58.477 INFOS [main] org.apache.catalina.startup.VersionLoggerListener.log Version du serveur :               10.1.42.0
24-Aug-2026 13:35:58.477 INFOS [main] org.apache.catalina.startup.VersionLoggerListener.log Nom de l'OS :                      Windows 11
24-Aug-2026 13:35:58.477 INFOS [main] org.apache.catalina.startup.VersionLoggerListener.log Version OS :                       10.0
24-Aug-2026 13:35:58.477 INFOS [main] org.apache.catalina.startup.VersionLoggerListener.log Architecture :                     amd64
24-Aug-2026 13:35:58.477 INFOS [main] org.apache.catalina.startup.VersionLoggerListener.log Java Home :                        C:\Users\HP\.jdks\jbrsdk_jcef-21.0.9
24-Aug-2026 13:35:58.479 INFOS [main] org.apache.catalina.startup.VersionLoggerListener.log Version JVM :                      21.0.9+1-b1038.75
24-Aug-2026 13:35:58.479 INFOS [main] org.apache.catalina.startup.VersionLoggerListener.log Fournisseur de la JVM :            JetBrains s.r.o.
24-Aug-2026 13:35:58.479 INFOS [main] org.apache.catalina.startup.VersionLoggerListener.log CATALINA_BASE :                    C:\Users\HP\Desktop\samasuker\.smarttomcat
24-Aug-2026 13:35:58.479 INFOS [main] org.apache.catalina.startup.VersionLoggerListener.log CATALINA_HOME :                    C:\Users\HP\Desktop\apache-tomcat-10.1.42
24-Aug-2026 13:35:58.504 INFOS [main] org.apache.catalina.startup.VersionLoggerListener.log Argument de la ligne de commande : --add-opens=java.base/java.lang=ALL-UNNAMED
24-Aug-2026 13:35:58.506 INFOS [main] org.apache.catalina.startup.VersionLoggerListener.log Argument de la ligne de commande : --add-opens=java.base/java.io=ALL-UNNAMED
24-Aug-2026 13:35:58.508 INFOS [main] org.apache.catalina.startup.VersionLoggerListener.log Argument de la ligne de commande : --add-opens=java.base/java.util=ALL-UNNAMED
24-Aug-2026 13:35:58.508 INFOS [main] org.apache.catalina.startup.VersionLoggerListener.log Argument de la ligne de commande : --add-opens=java.base/java.util.concurrent=ALL-UNNAMED
24-Aug-2026 13:35:58.508 INFOS [main] org.apache.catalina.startup.VersionLoggerListener.log Argument de la ligne de commande : --add-opens=java.rmi/sun.rmi.transport=ALL-UNNAMED
24-Aug-2026 13:35:58.509 INFOS [main] org.apache.catalina.startup.VersionLoggerListener.log Argument de la ligne de commande : -Dcatalina.home=C:\Users\HP\Desktop\apache-tomcat-10.1.42
24-Aug-2026 13:35:58.509 INFOS [main] org.apache.catalina.startup.VersionLoggerListener.log Argument de la ligne de commande : -Dcatalina.base=C:\Users\HP\Desktop\samasuker\.smarttomcat
24-Aug-2026 13:35:58.509 INFOS [main] org.apache.catalina.startup.VersionLoggerListener.log Argument de la ligne de commande : -Djava.io.tmpdir=C:\Users\HP\Desktop\samasuker\.smarttomcat\temp
24-Aug-2026 13:35:58.509 INFOS [main] org.apache.catalina.startup.VersionLoggerListener.log Argument de la ligne de commande : -Djava.util.logging.config.file=C:\Users\HP\Desktop\samasuker\.smarttomcat\conf\logging.properties
24-Aug-2026 13:35:58.510 INFOS [main] org.apache.catalina.startup.VersionLoggerListener.log Argument de la ligne de commande : -Djava.util.logging.manager=org.apache.juli.ClassLoaderLogManager
24-Aug-2026 13:35:58.510 INFOS [main] org.apache.catalina.startup.VersionLoggerListener.log Argument de la ligne de commande : -javaagent:C:\Program Files\JetBrains\IntelliJ IDEA 2025.2.2\lib\idea_rt.jar=60845
24-Aug-2026 13:35:58.510 INFOS [main] org.apache.catalina.startup.VersionLoggerListener.log Argument de la ligne de commande : -Dfile.encoding=UTF-8
24-Aug-2026 13:35:58.510 INFOS [main] org.apache.catalina.startup.VersionLoggerListener.log Argument de la ligne de commande : -Dsun.stdout.encoding=UTF-8
24-Aug-2026 13:35:58.510 INFOS [main] org.apache.catalina.startup.VersionLoggerListener.log Argument de la ligne de commande : -Dsun.stderr.encoding=UTF-8
24-Aug-2026 13:35:58.516 INFOS [main] org.apache.catalina.core.AprLifecycleListener.lifecycleEvent Chargement de la librairie Apache Tomcat Native [2.0.9] en utilisant APR version [1.7.6]
24-Aug-2026 13:35:58.530 INFOS [main] org.apache.catalina.core.AprLifecycleListener.initializeSSL OpenSSL a été initialisé avec succès [OpenSSL 3.5.0 8 Apr 2025]
24-Aug-2026 13:35:59.203 INFOS [main] org.apache.coyote.AbstractProtocol.init Initialisation du gestionnaire de protocole ["http-nio-8080"]
24-Aug-2026 13:35:59.231 INFOS [main] org.apache.catalina.startup.Catalina.load L'initialisation du serveur a pris [1175] millisecondes
24-Aug-2026 13:35:59.312 INFOS [main] org.apache.catalina.core.StandardService.startInternal Démarrage du service [Catalina]
24-Aug-2026 13:35:59.314 INFOS [main] org.apache.catalina.core.StandardEngine.startInternal Démarrage du moteur de Servlets : [Apache Tomcat/10.1.42]
24-Aug-2026 13:35:59.334 INFOS [main] org.apache.catalina.startup.HostConfig.deployDescriptor Déploiement du descripteur de configuration [C:\Users\HP\Desktop\samasuker\.smarttomcat\conf\Catalina\localhost\MDD.xml]
24-Aug-2026 13:36:03.364 INFOS [main] org.apache.jasper.servlet.TldScanner.scanJars Au moins un fichier JAR a été analysé pour trouver des TLDs mais il n'en contenait pas, le mode "debug" du journal peut être activé pour obtenir une liste complète de JAR scannés sans succès ; éviter d'analyser des JARs inutilement peut améliorer sensiblement le temps de démarrage et le temps de compilation des JSPs
24-Aug-2026 13:36:03.491 INFOS [main] org.apache.catalina.startup.HostConfig.deployDescriptor Le traitement du descripteur de déploiement [C:\Users\HP\Desktop\samasuker\.smarttomcat\conf\Catalina\localhost\MDD.xml] a pris [4 153] ms
24-Aug-2026 13:36:03.491 INFOS [main] org.apache.catalina.startup.HostConfig.deployDescriptor Déploiement du descripteur de configuration [C:\Users\HP\Desktop\samasuker\.smarttomcat\conf\Catalina\localhost\ROOT.xml]
24-Aug-2026 13:36:06.163 INFOS [main] org.apache.jasper.servlet.TldScanner.scanJars Au moins un fichier JAR a été analysé pour trouver des TLDs mais il n'en contenait pas, le mode "debug" du journal peut être activé pour obtenir une liste complète de JAR scannés sans succès ; éviter d'analyser des JARs inutilement peut améliorer sensiblement le temps de démarrage et le temps de compilation des JSPs
24-Aug-2026 13:36:06.210 INFOS [main] org.apache.catalina.startup.HostConfig.deployDescriptor Le traitement du descripteur de déploiement [C:\Users\HP\Desktop\samasuker\.smarttomcat\conf\Catalina\localhost\ROOT.xml] a pris [2 719] ms
24-Aug-2026 13:36:06.218 INFOS [main] org.apache.coyote.AbstractProtocol.start Démarrage du gestionnaire de protocole ["http-nio-8080"]
24-Aug-2026 13:36:06.256 INFOS [main] org.apache.catalina.startup.Catalina.start Le démarrage du serveur a pris [7024] millisecondes
24-Aug-2026 13:43:05.884 INFOS [main] org.apache.catalina.startup.VersionLoggerListener.log Nom version serveur :              Apache Tomcat/10.1.42
24-Aug-2026 13:43:05.887 INFOS [main] org.apache.catalina.startup.VersionLoggerListener.log Serveur compilé :                  Jun 5 2025 22:35:46 UTC
24-Aug-2026 13:43:05.887 INFOS [main] org.apache.catalina.startup.VersionLoggerListener.log Version du serveur :               10.1.42.0
24-Aug-2026 13:43:05.888 INFOS [main] org.apache.catalina.startup.VersionLoggerListener.log Nom de l'OS :                      Windows 11
24-Aug-2026 13:43:05.888 INFOS [main] org.apache.catalina.startup.VersionLoggerListener.log Version OS :                       10.0
24-Aug-2026 13:43:05.888 INFOS [main] org.apache.catalina.startup.VersionLoggerListener.log Architecture :                     amd64
24-Aug-2026 13:43:05.888 INFOS [main] org.apache.catalina.startup.VersionLoggerListener.log Java Home :                        C:\Users\HP\.jdks\jbrsdk_jcef-21.0.9
24-Aug-2026 13:43:05.888 INFOS [main] org.apache.catalina.startup.VersionLoggerListener.log Version JVM :                      21.0.9+1-b1038.75
24-Aug-2026 13:43:05.888 INFOS [main] org.apache.catalina.startup.VersionLoggerListener.log Fournisseur de la JVM :            JetBrains s.r.o.
24-Aug-2026 13:43:05.888 INFOS [main] org.apache.catalina.startup.VersionLoggerListener.log CATALINA_BASE :                    C:\Users\HP\Desktop\samasuker\.smarttomcat
24-Aug-2026 13:43:05.888 INFOS [main] org.apache.catalina.startup.VersionLoggerListener.log CATALINA_HOME :                    C:\Users\HP\Desktop\apache-tomcat-10.1.42
24-Aug-2026 13:43:05.903 INFOS [main] org.apache.catalina.startup.VersionLoggerListener.log Argument de la ligne de commande : --add-opens=java.base/java.lang=ALL-UNNAMED
24-Aug-2026 13:43:05.903 INFOS [main] org.apache.catalina.startup.VersionLoggerListener.log Argument de la ligne de commande : --add-opens=java.base/java.io=ALL-UNNAMED
24-Aug-2026 13:43:05.903 INFOS [main] org.apache.catalina.startup.VersionLoggerListener.log Argument de la ligne de commande : --add-opens=java.base/java.util=ALL-UNNAMED
24-Aug-2026 13:43:05.903 INFOS [main] org.apache.catalina.startup.VersionLoggerListener.log Argument de la ligne de commande : --add-opens=java.base/java.util.concurrent=ALL-UNNAMED
24-Aug-2026 13:43:05.903 INFOS [main] org.apache.catalina.startup.VersionLoggerListener.log Argument de la ligne de commande : --add-opens=java.rmi/sun.rmi.transport=ALL-UNNAMED
24-Aug-2026 13:43:05.903 INFOS [main] org.apache.catalina.startup.VersionLoggerListener.log Argument de la ligne de commande : -Dcatalina.home=C:\Users\HP\Desktop\apache-tomcat-10.1.42
24-Aug-2026 13:43:05.903 INFOS [main] org.apache.catalina.startup.VersionLoggerListener.log Argument de la ligne de commande : -Dcatalina.base=C:\Users\HP\Desktop\samasuker\.smarttomcat
24-Aug-2026 13:43:05.903 INFOS [main] org.apache.catalina.startup.VersionLoggerListener.log Argument de la ligne de commande : -Djava.io.tmpdir=C:\Users\HP\Desktop\samasuker\.smarttomcat\temp
24-Aug-2026 13:43:05.903 INFOS [main] org.apache.catalina.startup.VersionLoggerListener.log Argument de la ligne de commande : -Djava.util.logging.config.file=C:\Users\HP\Desktop\samasuker\.smarttomcat\conf\logging.properties
24-Aug-2026 13:43:05.903 INFOS [main] org.apache.catalina.startup.VersionLoggerListener.log Argument de la ligne de commande : -Djava.util.logging.manager=org.apache.juli.ClassLoaderLogManager
24-Aug-2026 13:43:05.904 INFOS [main] org.apache.catalina.startup.VersionLoggerListener.log Argument de la ligne de commande : -javaagent:C:\Program Files\JetBrains\IntelliJ IDEA 2025.2.2\lib\idea_rt.jar=56714
24-Aug-2026 13:43:05.904 INFOS [main] org.apache.catalina.startup.VersionLoggerListener.log Argument de la ligne de commande : -Dfile.encoding=UTF-8
24-Aug-2026 13:43:05.904 INFOS [main] org.apache.catalina.startup.VersionLoggerListener.log Argument de la ligne de commande : -Dsun.stdout.encoding=UTF-8
24-Aug-2026 13:43:05.904 INFOS [main] org.apache.catalina.startup.VersionLoggerListener.log Argument de la ligne de commande : -Dsun.stderr.encoding=UTF-8
24-Aug-2026 13:43:05.954 INFOS [main] org.apache.catalina.core.AprLifecycleListener.lifecycleEvent Chargement de la librairie Apache Tomcat Native [2.0.9] en utilisant APR version [1.7.6]
24-Aug-2026 13:43:05.978 INFOS [main] org.apache.catalina.core.AprLifecycleListener.initializeSSL OpenSSL a été initialisé avec succès [OpenSSL 3.5.0 8 Apr 2025]
24-Aug-2026 13:43:06.489 INFOS [main] org.apache.coyote.AbstractProtocol.init Initialisation du gestionnaire de protocole ["http-nio-8080"]
24-Aug-2026 13:43:06.516 INFOS [main] org.apache.catalina.startup.Catalina.load L'initialisation du serveur a pris [1020] millisecondes
24-Aug-2026 13:43:06.610 INFOS [main] org.apache.catalina.core.StandardService.startInternal Démarrage du service [Catalina]
24-Aug-2026 13:43:06.610 INFOS [main] org.apache.catalina.core.StandardEngine.startInternal Démarrage du moteur de Servlets : [Apache Tomcat/10.1.42]
24-Aug-2026 13:43:06.631 INFOS [main] org.apache.catalina.startup.HostConfig.deployDescriptor Déploiement du descripteur de configuration [C:\Users\HP\Desktop\samasuker\.smarttomcat\conf\Catalina\localhost\MDD.xml]
24-Aug-2026 13:43:12.028 INFOS [main] org.apache.jasper.servlet.TldScanner.scanJars Au moins un fichier JAR a été analysé pour trouver des TLDs mais il n'en contenait pas, le mode "debug" du journal peut être activé pour obtenir une liste complète de JAR scannés sans succès ; éviter d'analyser des JARs inutilement peut améliorer sensiblement le temps de démarrage et le temps de compilation des JSPs
24-Aug-2026 13:43:12.143 INFOS [main] org.apache.catalina.startup.HostConfig.deployDescriptor Le traitement du descripteur de déploiement [C:\Users\HP\Desktop\samasuker\.smarttomcat\conf\Catalina\localhost\MDD.xml] a pris [5 508] ms
24-Aug-2026 13:43:12.143 INFOS [main] org.apache.catalina.startup.HostConfig.deployDescriptor Déploiement du descripteur de configuration [C:\Users\HP\Desktop\samasuker\.smarttomcat\conf\Catalina\localhost\ROOT.xml]
24-Aug-2026 13:43:16.633 INFOS [main] org.apache.jasper.servlet.TldScanner.scanJars Au moins un fichier JAR a été analysé pour trouver des TLDs mais il n'en contenait pas, le mode "debug" du journal peut être activé pour obtenir une liste complète de JAR scannés sans succès ; éviter d'analyser des JARs inutilement peut améliorer sensiblement le temps de démarrage et le temps de compilation des JSPs
24-Aug-2026 13:43:16.681 INFOS [main] org.apache.catalina.startup.HostConfig.deployDescriptor Le traitement du descripteur de déploiement [C:\Users\HP\Desktop\samasuker\.smarttomcat\conf\Catalina\localhost\ROOT.xml] a pris [4 538] ms
24-Aug-2026 13:43:16.690 INFOS [main] org.apache.coyote.AbstractProtocol.start Démarrage du gestionnaire de protocole ["http-nio-8080"]
24-Aug-2026 13:43:16.729 INFOS [main] org.apache.catalina.startup.Catalina.start Le démarrage du serveur a pris [10211] millisecondes
24-Aug-2026 13:44:16.053 INFO [http-nio-8080-exec-4] org.hibernate.jpa.internal.util.LogHelper.logPersistenceUnitInformation HHH000204: Processing PersistenceUnitInfo [name: glycemiePU]
24-Aug-2026 13:44:16.450 INFO [http-nio-8080-exec-4] org.hibernate.Version.logVersion HHH000412: Hibernate ORM core version 6.2.7.Final
24-Aug-2026 13:44:16.459 INFO [http-nio-8080-exec-4] org.hibernate.cfg.Environment.<clinit> HHH000406: Using bytecode reflection optimizer
24-Aug-2026 13:44:17.864 WARN [http-nio-8080-exec-4] org.hibernate.engine.jdbc.connections.internal.DriverManagerConnectionProviderImpl.configure HHH10001002: Using built-in connection pool (not intended for production use)
24-Aug-2026 13:44:17.891 INFO [http-nio-8080-exec-4] org.hibernate.engine.jdbc.connections.internal.DriverManagerConnectionProviderImpl.buildCreator HHH10001005: Loaded JDBC driver class: com.mysql.cj.jdbc.Driver
24-Aug-2026 13:44:17.891 INFO [http-nio-8080-exec-4] org.hibernate.engine.jdbc.connections.internal.DriverManagerConnectionProviderImpl.buildCreator HHH10001012: Connecting with JDBC URL [jdbc:mysql://localhost:3306/suivi_glycemie_db?useSSL=false&serverTimezone=UTC]
24-Aug-2026 13:44:17.891 INFO [http-nio-8080-exec-4] org.hibernate.engine.jdbc.connections.internal.DriverManagerConnectionProviderImpl.buildCreator HHH10001001: Connection properties: {password=****, user=root}
24-Aug-2026 13:44:17.891 INFO [http-nio-8080-exec-4] org.hibernate.engine.jdbc.connections.internal.DriverManagerConnectionProviderImpl.buildCreator HHH10001003: Autocommit mode: false
24-Aug-2026 13:44:17.912 INFO [http-nio-8080-exec-4] org.hibernate.engine.jdbc.connections.internal.DriverManagerConnectionProviderImpl$PooledConnections.<init> HHH10001115: Connection pool size: 20 (min=1)
24-Aug-2026 13:44:18.740 WARN [http-nio-8080-exec-4] org.hibernate.dialect.Dialect.checkVersion HHH000511: The 5.6.17 version for [org.hibernate.dialect.MySQLDialect] is no longer supported, hence certain features may not work properly. The minimum supported version is 5.7.0. Check the community dialects project for available legacy versions.
24-Aug-2026 13:44:20.117 INFO [http-nio-8080-exec-4] org.hibernate.bytecode.internal.BytecodeProviderInitiator.buildBytecodeProvider HHH000021: Bytecode provider name : bytebuddy
24-Aug-2026 13:44:24.120 INFO [http-nio-8080-exec-4] org.hibernate.engine.transaction.jta.platform.internal.JtaPlatformInitiator.initiateService HHH000490: Using JtaPlatform implementation: [org.hibernate.engine.transaction.jta.platform.internal.NoJtaPlatform]
24-Aug-2026 13:44:24.287 INFO [http-nio-8080-exec-4] org.hibernate.resource.transaction.backend.jdbc.internal.DdlTransactionIsolatorNonJtaImpl.getIsolatedConnection HHH10001501: Connection obtained from JdbcConnectionAccess [org.hibernate.engine.jdbc.env.internal.JdbcEnvironmentInitiator$ConnectionProviderJdbcConnectionAccess@5e495606] for (non-JTA) DDL execution was not in auto-commit mode; the Connection 'local transaction' will be committed and the Connection will be set into auto-commit mode.
24-Aug-2026 13:44:26.757 INFO [http-nio-8080-exec-5] org.hibernate.jpa.internal.util.LogHelper.logPersistenceUnitInformation HHH000204: Processing PersistenceUnitInfo [name: glycemiePU]
24-Aug-2026 13:44:26.832 WARN [http-nio-8080-exec-5] org.hibernate.engine.jdbc.connections.internal.DriverManagerConnectionProviderImpl.configure HHH10001002: Using built-in connection pool (not intended for production use)
24-Aug-2026 13:44:26.832 INFO [http-nio-8080-exec-5] org.hibernate.engine.jdbc.connections.internal.DriverManagerConnectionProviderImpl.buildCreator HHH10001005: Loaded JDBC driver class: com.mysql.cj.jdbc.Driver
24-Aug-2026 13:44:26.833 INFO [http-nio-8080-exec-5] org.hibernate.engine.jdbc.connections.internal.DriverManagerConnectionProviderImpl.buildCreator HHH10001012: Connecting with JDBC URL [jdbc:mysql://localhost:3306/suivi_glycemie_db?useSSL=false&serverTimezone=UTC]
24-Aug-2026 13:44:26.833 INFO [http-nio-8080-exec-5] org.hibernate.engine.jdbc.connections.internal.DriverManagerConnectionProviderImpl.buildCreator HHH10001001: Connection properties: {password=****, user=root}
24-Aug-2026 13:44:26.833 INFO [http-nio-8080-exec-5] org.hibernate.engine.jdbc.connections.internal.DriverManagerConnectionProviderImpl.buildCreator HHH10001003: Autocommit mode: false
24-Aug-2026 13:44:26.833 INFO [http-nio-8080-exec-5] org.hibernate.engine.jdbc.connections.internal.DriverManagerConnectionProviderImpl$PooledConnections.<init> HHH10001115: Connection pool size: 20 (min=1)
24-Aug-2026 13:44:26.836 WARN [http-nio-8080-exec-5] org.hibernate.dialect.Dialect.checkVersion HHH000511: The 5.6.17 version for [org.hibernate.dialect.MySQLDialect] is no longer supported, hence certain features may not work properly. The minimum supported version is 5.7.0. Check the community dialects project for available legacy versions.
24-Aug-2026 13:44:26.883 INFO [http-nio-8080-exec-5] org.hibernate.bytecode.internal.BytecodeProviderInitiator.buildBytecodeProvider HHH000021: Bytecode provider name : bytebuddy
24-Aug-2026 13:44:27.014 INFO [http-nio-8080-exec-5] org.hibernate.engine.transaction.jta.platform.internal.JtaPlatformInitiator.initiateService HHH000490: Using JtaPlatform implementation: [org.hibernate.engine.transaction.jta.platform.internal.NoJtaPlatform]
24-Aug-2026 13:44:27.014 INFO [http-nio-8080-exec-5] org.hibernate.resource.transaction.backend.jdbc.internal.DdlTransactionIsolatorNonJtaImpl.getIsolatedConnection HHH10001501: Connection obtained from JdbcConnectionAccess [org.hibernate.engine.jdbc.env.internal.JdbcEnvironmentInitiator$ConnectionProviderJdbcConnectionAccess@7b5c9cf6] for (non-JTA) DDL execution was not in auto-commit mode; the Connection 'local transaction' will be committed and the Connection will be set into auto-commit mode.
24-Aug-2026 13:44:44.707 INFO [http-nio-8080-exec-10] org.hibernate.jpa.internal.util.LogHelper.logPersistenceUnitInformation HHH000204: Processing PersistenceUnitInfo [name: glycemiePU]
24-Aug-2026 13:44:44.777 WARN [http-nio-8080-exec-10] org.hibernate.engine.jdbc.connections.internal.DriverManagerConnectionProviderImpl.configure HHH10001002: Using built-in connection pool (not intended for production use)
24-Aug-2026 13:44:44.777 INFO [http-nio-8080-exec-10] org.hibernate.engine.jdbc.connections.internal.DriverManagerConnectionProviderImpl.buildCreator HHH10001005: Loaded JDBC driver class: com.mysql.cj.jdbc.Driver
24-Aug-2026 13:44:44.778 INFO [http-nio-8080-exec-10] org.hibernate.engine.jdbc.connections.internal.DriverManagerConnectionProviderImpl.buildCreator HHH10001012: Connecting with JDBC URL [jdbc:mysql://localhost:3306/suivi_glycemie_db?useSSL=false&serverTimezone=UTC]
24-Aug-2026 13:44:44.778 INFO [http-nio-8080-exec-10] org.hibernate.engine.jdbc.connections.internal.DriverManagerConnectionProviderImpl.buildCreator HHH10001001: Connection properties: {password=****, user=root}
24-Aug-2026 13:44:44.779 INFO [http-nio-8080-exec-10] org.hibernate.engine.jdbc.connections.internal.DriverManagerConnectionProviderImpl.buildCreator HHH10001003: Autocommit mode: false
24-Aug-2026 13:44:44.779 INFO [http-nio-8080-exec-10] org.hibernate.engine.jdbc.connections.internal.DriverManagerConnectionProviderImpl$PooledConnections.<init> HHH10001115: Connection pool size: 20 (min=1)
24-Aug-2026 13:44:44.781 WARN [http-nio-8080-exec-10] org.hibernate.dialect.Dialect.checkVersion HHH000511: The 5.6.17 version for [org.hibernate.dialect.MySQLDialect] is no longer supported, hence certain features may not work properly. The minimum supported version is 5.7.0. Check the community dialects project for available legacy versions.
24-Aug-2026 13:44:44.814 INFO [http-nio-8080-exec-10] org.hibernate.bytecode.internal.BytecodeProviderInitiator.buildBytecodeProvider HHH000021: Bytecode provider name : bytebuddy
24-Aug-2026 13:44:44.911 INFO [http-nio-8080-exec-10] org.hibernate.engine.transaction.jta.platform.internal.JtaPlatformInitiator.initiateService HHH000490: Using JtaPlatform implementation: [org.hibernate.engine.transaction.jta.platform.internal.NoJtaPlatform]
24-Aug-2026 13:44:44.912 INFO [http-nio-8080-exec-10] org.hibernate.resource.transaction.backend.jdbc.internal.DdlTransactionIsolatorNonJtaImpl.getIsolatedConnection HHH10001501: Connection obtained from JdbcConnectionAccess [org.hibernate.engine.jdbc.env.internal.JdbcEnvironmentInitiator$ConnectionProviderJdbcConnectionAccess@ad5c735] for (non-JTA) DDL execution was not in auto-commit mode; the Connection 'local transaction' will be committed and the Connection will be set into auto-commit mode.
24-Aug-2026 13:45:05.043 INFO [http-nio-8080-exec-3] org.hibernate.jpa.internal.util.LogHelper.logPersistenceUnitInformation HHH000204: Processing PersistenceUnitInfo [name: glycemiePU]
24-Aug-2026 13:45:05.118 WARN [http-nio-8080-exec-3] org.hibernate.engine.jdbc.connections.internal.DriverManagerConnectionProviderImpl.configure HHH10001002: Using built-in connection pool (not intended for production use)
24-Aug-2026 13:45:05.118 INFO [http-nio-8080-exec-3] org.hibernate.engine.jdbc.connections.internal.DriverManagerConnectionProviderImpl.buildCreator HHH10001005: Loaded JDBC driver class: com.mysql.cj.jdbc.Driver
24-Aug-2026 13:45:05.118 INFO [http-nio-8080-exec-3] org.hibernate.engine.jdbc.connections.internal.DriverManagerConnectionProviderImpl.buildCreator HHH10001012: Connecting with JDBC URL [jdbc:mysql://localhost:3306/suivi_glycemie_db?useSSL=false&serverTimezone=UTC]
24-Aug-2026 13:45:05.118 INFO [http-nio-8080-exec-3] org.hibernate.engine.jdbc.connections.internal.DriverManagerConnectionProviderImpl.buildCreator HHH10001001: Connection properties: {password=****, user=root}
24-Aug-2026 13:45:05.120 INFO [http-nio-8080-exec-3] org.hibernate.engine.jdbc.connections.internal.DriverManagerConnectionProviderImpl.buildCreator HHH10001003: Autocommit mode: false
24-Aug-2026 13:45:05.120 INFO [http-nio-8080-exec-3] org.hibernate.engine.jdbc.connections.internal.DriverManagerConnectionProviderImpl$PooledConnections.<init> HHH10001115: Connection pool size: 20 (min=1)
24-Aug-2026 13:45:05.127 WARN [http-nio-8080-exec-3] org.hibernate.dialect.Dialect.checkVersion HHH000511: The 5.6.17 version for [org.hibernate.dialect.MySQLDialect] is no longer supported, hence certain features may not work properly. The minimum supported version is 5.7.0. Check the community dialects project for available legacy versions.
24-Aug-2026 13:45:05.160 INFO [http-nio-8080-exec-3] org.hibernate.bytecode.internal.BytecodeProviderInitiator.buildBytecodeProvider HHH000021: Bytecode provider name : bytebuddy
24-Aug-2026 13:45:05.270 INFO [http-nio-8080-exec-3] org.hibernate.engine.transaction.jta.platform.internal.JtaPlatformInitiator.initiateService HHH000490: Using JtaPlatform implementation: [org.hibernate.engine.transaction.jta.platform.internal.NoJtaPlatform]
24-Aug-2026 13:45:05.272 INFO [http-nio-8080-exec-3] org.hibernate.resource.transaction.backend.jdbc.internal.DdlTransactionIsolatorNonJtaImpl.getIsolatedConnection HHH10001501: Connection obtained from JdbcConnectionAccess [org.hibernate.engine.jdbc.env.internal.JdbcEnvironmentInitiator$ConnectionProviderJdbcConnectionAccess@3bc074e5] for (non-JTA) DDL execution was not in auto-commit mode; the Connection 'local transaction' will be committed and the Connection will be set into auto-commit mode.
24-Aug-2026 13:45:09.245 INFO [http-nio-8080-exec-5] org.hibernate.jpa.internal.util.LogHelper.logPersistenceUnitInformation HHH000204: Processing PersistenceUnitInfo [name: glycemiePU]
24-Aug-2026 13:45:09.268 WARN [http-nio-8080-exec-5] org.hibernate.engine.jdbc.connections.internal.DriverManagerConnectionProviderImpl.configure HHH10001002: Using built-in connection pool (not intended for production use)
24-Aug-2026 13:45:09.268 INFO [http-nio-8080-exec-5] org.hibernate.engine.jdbc.connections.internal.DriverManagerConnectionProviderImpl.buildCreator HHH10001005: Loaded JDBC driver class: com.mysql.cj.jdbc.Driver
24-Aug-2026 13:45:09.268 INFO [http-nio-8080-exec-5] org.hibernate.engine.jdbc.connections.internal.DriverManagerConnectionProviderImpl.buildCreator HHH10001012: Connecting with JDBC URL [jdbc:mysql://localhost:3306/suivi_glycemie_db?useSSL=false&serverTimezone=UTC]
24-Aug-2026 13:45:09.268 INFO [http-nio-8080-exec-5] org.hibernate.engine.jdbc.connections.internal.DriverManagerConnectionProviderImpl.buildCreator HHH10001001: Connection properties: {password=****, user=root}
24-Aug-2026 13:45:09.268 INFO [http-nio-8080-exec-5] org.hibernate.engine.jdbc.connections.internal.DriverManagerConnectionProviderImpl.buildCreator HHH10001003: Autocommit mode: false
24-Aug-2026 13:45:09.268 INFO [http-nio-8080-exec-5] org.hibernate.engine.jdbc.connections.internal.DriverManagerConnectionProviderImpl$PooledConnections.<init> HHH10001115: Connection pool size: 20 (min=1)
24-Aug-2026 13:45:09.286 WARN [http-nio-8080-exec-5] org.hibernate.dialect.Dialect.checkVersion HHH000511: The 5.6.17 version for [org.hibernate.dialect.MySQLDialect] is no longer supported, hence certain features may not work properly. The minimum supported version is 5.7.0. Check the community dialects project for available legacy versions.
24-Aug-2026 13:45:09.304 INFO [http-nio-8080-exec-5] org.hibernate.bytecode.internal.BytecodeProviderInitiator.buildBytecodeProvider HHH000021: Bytecode provider name : bytebuddy
24-Aug-2026 13:45:09.401 INFO [http-nio-8080-exec-5] org.hibernate.engine.transaction.jta.platform.internal.JtaPlatformInitiator.initiateService HHH000490: Using JtaPlatform implementation: [org.hibernate.engine.transaction.jta.platform.internal.NoJtaPlatform]
24-Aug-2026 13:45:09.402 INFO [http-nio-8080-exec-5] org.hibernate.resource.transaction.backend.jdbc.internal.DdlTransactionIsolatorNonJtaImpl.getIsolatedConnection HHH10001501: Connection obtained from JdbcConnectionAccess [org.hibernate.engine.jdbc.env.internal.JdbcEnvironmentInitiator$ConnectionProviderJdbcConnectionAccess@4f8b8d0d] for (non-JTA) DDL execution was not in auto-commit mode; the Connection 'local transaction' will be committed and the Connection will be set into auto-commit mode.
24-Aug-2026 13:48:35.758 INFOS [Thread-1] org.apache.coyote.AbstractProtocol.pause Le gestionnaire de protocole ["http-nio-8080"] est mis en pause
24-Aug-2026 13:48:35.773 INFOS [Thread-1] org.apache.catalina.core.StandardService.stopInternal Arrêt du service [Catalina]
24-Aug-2026 13:48:35.782 AVERTISSEMENT [Thread-1] org.apache.catalina.loader.WebappClassLoaderBase.clearReferencesJdbc L'application web [ROOT] a enregistré un pilote JDBC [com.mysql.cj.jdbc.Driver], mais ne l'a pas désenregistré avant l'arrêt de l'application.  Pour éviter une fuite de mémoire, le pilote JDBC a été désenregistré de force.
24-Aug-2026 13:48:35.782 AVERTISSEMENT [Thread-1] org.apache.catalina.loader.WebappClassLoaderBase.clearReferencesThreads L'application web [ROOT] semble avoir démarré un thread nommé [mysql-cj-abandoned-connection-cleanup] mais ne l'a pas arrêté, ce qui va probablement créer une fuite de mémoire ; la trace du thread est : 
 java.base/jdk.internal.misc.Unsafe.park(Native Method)
 java.base/java.util.concurrent.locks.LockSupport.parkNanos(LockSupport.java:269)
 java.base/java.util.concurrent.locks.AbstractQueuedSynchronizer$ConditionObject.await(AbstractQueuedSynchronizer.java:1886)
 java.base/java.lang.ref.ReferenceQueue.await(ReferenceQueue.java:71)
 java.base/java.lang.ref.ReferenceQueue.remove0(ReferenceQueue.java:143)
 java.base/java.lang.ref.ReferenceQueue.remove(ReferenceQueue.java:218)
 com.mysql.cj.jdbc.AbandonedConnectionCleanupThread.run(AbandonedConnectionCleanupThread.java:93)
 java.base/java.util.concurrent.ThreadPoolExecutor.runWorker(ThreadPoolExecutor.java:1144)
 java.base/java.util.concurrent.ThreadPoolExecutor$Worker.run(ThreadPoolExecutor.java:642)
 java.base/java.lang.Thread.run(Thread.java:1583)
24-Aug-2026 13:48:35.782 AVERTISSEMENT [Thread-1] org.apache.catalina.loader.WebappClassLoaderBase.clearReferencesThreads L'application web [ROOT] semble avoir démarré un thread nommé [Hibernate Connection Pool Validation Thread] mais ne l'a pas arrêté, ce qui va probablement créer une fuite de mémoire ; la trace du thread est : 
 java.base/jdk.internal.misc.Unsafe.park(Native Method)
 java.base/java.util.concurrent.locks.LockSupport.parkNanos(LockSupport.java:269)
 java.base/java.util.concurrent.locks.AbstractQueuedSynchronizer$ConditionObject.awaitNanos(AbstractQueuedSynchronizer.java:1797)
 java.base/java.util.concurrent.ScheduledThreadPoolExecutor$DelayedWorkQueue.take(ScheduledThreadPoolExecutor.java:1182)
 java.base/java.util.concurrent.ScheduledThreadPoolExecutor$DelayedWorkQueue.take(ScheduledThreadPoolExecutor.java:899)
 java.base/java.util.concurrent.ThreadPoolExecutor.getTask(ThreadPoolExecutor.java:1070)
 java.base/java.util.concurrent.ThreadPoolExecutor.runWorker(ThreadPoolExecutor.java:1130)
 java.base/java.util.concurrent.ThreadPoolExecutor$Worker.run(ThreadPoolExecutor.java:642)
 java.base/java.lang.Thread.run(Thread.java:1583)
24-Aug-2026 13:48:35.782 AVERTISSEMENT [Thread-1] org.apache.catalina.loader.WebappClassLoaderBase.clearReferencesThreads L'application web [ROOT] semble avoir démarré un thread nommé [Hibernate Connection Pool Validation Thread] mais ne l'a pas arrêté, ce qui va probablement créer une fuite de mémoire ; la trace du thread est : 
 java.base/jdk.internal.misc.Unsafe.park(Native Method)
 java.base/java.util.concurrent.locks.LockSupport.parkNanos(LockSupport.java:269)
 java.base/java.util.concurrent.locks.AbstractQueuedSynchronizer$ConditionObject.awaitNanos(AbstractQueuedSynchronizer.java:1797)
 java.base/java.util.concurrent.ScheduledThreadPoolExecutor$DelayedWorkQueue.take(ScheduledThreadPoolExecutor.java:1182)
 java.base/java.util.concurrent.ScheduledThreadPoolExecutor$DelayedWorkQueue.take(ScheduledThreadPoolExecutor.java:899)
 java.base/java.util.concurrent.ThreadPoolExecutor.getTask(ThreadPoolExecutor.java:1070)
 java.base/java.util.concurrent.ThreadPoolExecutor.runWorker(ThreadPoolExecutor.java:1130)
 java.base/java.util.concurrent.ThreadPoolExecutor$Worker.run(ThreadPoolExecutor.java:642)
 java.base/java.lang.Thread.run(Thread.java:1583)
24-Aug-2026 13:48:35.784 AVERTISSEMENT [Thread-1] org.apache.catalina.loader.WebappClassLoaderBase.clearReferencesThreads L'application web [ROOT] semble avoir démarré un thread nommé [Hibernate Connection Pool Validation Thread] mais ne l'a pas arrêté, ce qui va probablement créer une fuite de mémoire ; la trace du thread est : 
 java.base/jdk.internal.misc.Unsafe.park(Native Method)
 java.base/java.util.concurrent.locks.LockSupport.parkNanos(LockSupport.java:269)
 java.base/java.util.concurrent.locks.AbstractQueuedSynchronizer$ConditionObject.awaitNanos(AbstractQueuedSynchronizer.java:1797)
 java.base/java.util.concurrent.ScheduledThreadPoolExecutor$DelayedWorkQueue.take(ScheduledThreadPoolExecutor.java:1182)
 java.base/java.util.concurrent.ScheduledThreadPoolExecutor$DelayedWorkQueue.take(ScheduledThreadPoolExecutor.java:899)
 java.base/java.util.concurrent.ThreadPoolExecutor.getTask(ThreadPoolExecutor.java:1070)
 java.base/java.util.concurrent.ThreadPoolExecutor.runWorker(ThreadPoolExecutor.java:1130)
 java.base/java.util.concurrent.ThreadPoolExecutor$Worker.run(ThreadPoolExecutor.java:642)
 java.base/java.lang.Thread.run(Thread.java:1583)
24-Aug-2026 13:48:35.788 AVERTISSEMENT [Thread-1] org.apache.catalina.loader.WebappClassLoaderBase.clearReferencesThreads L'application web [ROOT] semble avoir démarré un thread nommé [Hibernate Connection Pool Validation Thread] mais ne l'a pas arrêté, ce qui va probablement créer une fuite de mémoire ; la trace du thread est : 
 java.base/jdk.internal.misc.Unsafe.park(Native Method)
 java.base/java.util.concurrent.locks.LockSupport.parkNanos(LockSupport.java:269)
 java.base/java.util.concurrent.locks.AbstractQueuedSynchronizer$ConditionObject.awaitNanos(AbstractQueuedSynchronizer.java:1797)
 java.base/java.util.concurrent.ScheduledThreadPoolExecutor$DelayedWorkQueue.take(ScheduledThreadPoolExecutor.java:1182)
 java.base/java.util.concurrent.ScheduledThreadPoolExecutor$DelayedWorkQueue.take(ScheduledThreadPoolExecutor.java:899)
 java.base/java.util.concurrent.ThreadPoolExecutor.getTask(ThreadPoolExecutor.java:1070)
 java.base/java.util.concurrent.ThreadPoolExecutor.runWorker(ThreadPoolExecutor.java:1130)
 java.base/java.util.concurrent.ThreadPoolExecutor$Worker.run(ThreadPoolExecutor.java:642)
 java.base/java.lang.Thread.run(Thread.java:1583)
24-Aug-2026 13:48:35.789 AVERTISSEMENT [Thread-1] org.apache.catalina.loader.WebappClassLoaderBase.clearReferencesThreads L'application web [ROOT] semble avoir démarré un thread nommé [Hibernate Connection Pool Validation Thread] mais ne l'a pas arrêté, ce qui va probablement créer une fuite de mémoire ; la trace du thread est : 
 java.base/jdk.internal.misc.Unsafe.park(Native Method)
 java.base/java.util.concurrent.locks.LockSupport.parkNanos(LockSupport.java:269)
 java.base/java.util.concurrent.locks.AbstractQueuedSynchronizer$ConditionObject.awaitNanos(AbstractQueuedSynchronizer.java:1797)
 java.base/java.util.concurrent.ScheduledThreadPoolExecutor$DelayedWorkQueue.take(ScheduledThreadPoolExecutor.java:1182)
 java.base/java.util.concurrent.ScheduledThreadPoolExecutor$DelayedWorkQueue.take(ScheduledThreadPoolExecutor.java:899)
 java.base/java.util.concurrent.ThreadPoolExecutor.getTask(ThreadPoolExecutor.java:1070)
 java.base/java.util.concurrent.ThreadPoolExecutor.runWorker(ThreadPoolExecutor.java:1130)
 java.base/java.util.concurrent.ThreadPoolExecutor$Worker.run(ThreadPoolExecutor.java:642)
 java.base/java.lang.Thread.run(Thread.java:1583)
24-Aug-2026 13:48:35.804 INFOS [Thread-1] org.apache.coyote.AbstractProtocol.stop Arrêt du gestionnaire de protocole ["http-nio-8080"]
24-Aug-2026 13:48:35.811 INFOS [Thread-1] org.apache.coyote.AbstractProtocol.destroy Destruction du gestionnaire de protocole ["http-nio-8080"]
24-Aug-2026 13:48:38.786 INFOS [main] org.apache.catalina.startup.VersionLoggerListener.log Nom version serveur :              Apache Tomcat/10.1.42
24-Aug-2026 13:48:38.792 INFOS [main] org.apache.catalina.startup.VersionLoggerListener.log Serveur compilé :                  Jun 5 2025 22:35:46 UTC
24-Aug-2026 13:48:38.793 INFOS [main] org.apache.catalina.startup.VersionLoggerListener.log Version du serveur :               10.1.42.0
24-Aug-2026 13:48:38.793 INFOS [main] org.apache.catalina.startup.VersionLoggerListener.log Nom de l'OS :                      Windows 11
24-Aug-2026 13:48:38.793 INFOS [main] org.apache.catalina.startup.VersionLoggerListener.log Version OS :                       10.0
24-Aug-2026 13:48:38.793 INFOS [main] org.apache.catalina.startup.VersionLoggerListener.log Architecture :                     amd64
24-Aug-2026 13:48:38.793 INFOS [main] org.apache.catalina.startup.VersionLoggerListener.log Java Home :                        C:\Users\HP\.jdks\jbrsdk_jcef-21.0.9
24-Aug-2026 13:48:38.793 INFOS [main] org.apache.catalina.startup.VersionLoggerListener.log Version JVM :                      21.0.9+1-b1038.75
24-Aug-2026 13:48:38.793 INFOS [main] org.apache.catalina.startup.VersionLoggerListener.log Fournisseur de la JVM :            JetBrains s.r.o.
24-Aug-2026 13:48:38.794 INFOS [main] org.apache.catalina.startup.VersionLoggerListener.log CATALINA_BASE :                    C:\Users\HP\Desktop\samasuker\.smarttomcat
24-Aug-2026 13:48:38.794 INFOS [main] org.apache.catalina.startup.VersionLoggerListener.log CATALINA_HOME :                    C:\Users\HP\Desktop\apache-tomcat-10.1.42
24-Aug-2026 13:48:38.813 INFOS [main] org.apache.catalina.startup.VersionLoggerListener.log Argument de la ligne de commande : --add-opens=java.base/java.lang=ALL-UNNAMED
24-Aug-2026 13:48:38.813 INFOS [main] org.apache.catalina.startup.VersionLoggerListener.log Argument de la ligne de commande : --add-opens=java.base/java.io=ALL-UNNAMED
24-Aug-2026 13:48:38.814 INFOS [main] org.apache.catalina.startup.VersionLoggerListener.log Argument de la ligne de commande : --add-opens=java.base/java.util=ALL-UNNAMED
24-Aug-2026 13:48:38.814 INFOS [main] org.apache.catalina.startup.VersionLoggerListener.log Argument de la ligne de commande : --add-opens=java.base/java.util.concurrent=ALL-UNNAMED
24-Aug-2026 13:48:38.814 INFOS [main] org.apache.catalina.startup.VersionLoggerListener.log Argument de la ligne de commande : --add-opens=java.rmi/sun.rmi.transport=ALL-UNNAMED
24-Aug-2026 13:48:38.814 INFOS [main] org.apache.catalina.startup.VersionLoggerListener.log Argument de la ligne de commande : -Dcatalina.home=C:\Users\HP\Desktop\apache-tomcat-10.1.42
24-Aug-2026 13:48:38.814 INFOS [main] org.apache.catalina.startup.VersionLoggerListener.log Argument de la ligne de commande : -Dcatalina.base=C:\Users\HP\Desktop\samasuker\.smarttomcat
24-Aug-2026 13:48:38.814 INFOS [main] org.apache.catalina.startup.VersionLoggerListener.log Argument de la ligne de commande : -Djava.io.tmpdir=C:\Users\HP\Desktop\samasuker\.smarttomcat\temp
24-Aug-2026 13:48:38.814 INFOS [main] org.apache.catalina.startup.VersionLoggerListener.log Argument de la ligne de commande : -Djava.util.logging.config.file=C:\Users\HP\Desktop\samasuker\.smarttomcat\conf\logging.properties
24-Aug-2026 13:48:38.815 INFOS [main] org.apache.catalina.startup.VersionLoggerListener.log Argument de la ligne de commande : -Djava.util.logging.manager=org.apache.juli.ClassLoaderLogManager
24-Aug-2026 13:48:38.815 INFOS [main] org.apache.catalina.startup.VersionLoggerListener.log Argument de la ligne de commande : -javaagent:C:\Program Files\JetBrains\IntelliJ IDEA 2025.2.2\lib\idea_rt.jar=61859
24-Aug-2026 13:48:38.815 INFOS [main] org.apache.catalina.startup.VersionLoggerListener.log Argument de la ligne de commande : -Dfile.encoding=UTF-8
24-Aug-2026 13:48:38.815 INFOS [main] org.apache.catalina.startup.VersionLoggerListener.log Argument de la ligne de commande : -Dsun.stdout.encoding=UTF-8
24-Aug-2026 13:48:38.815 INFOS [main] org.apache.catalina.startup.VersionLoggerListener.log Argument de la ligne de commande : -Dsun.stderr.encoding=UTF-8
24-Aug-2026 13:48:38.822 INFOS [main] org.apache.catalina.core.AprLifecycleListener.lifecycleEvent Chargement de la librairie Apache Tomcat Native [2.0.9] en utilisant APR version [1.7.6]
24-Aug-2026 13:48:38.832 INFOS [main] org.apache.catalina.core.AprLifecycleListener.initializeSSL OpenSSL a été initialisé avec succès [OpenSSL 3.5.0 8 Apr 2025]
24-Aug-2026 13:48:39.476 INFOS [main] org.apache.coyote.AbstractProtocol.init Initialisation du gestionnaire de protocole ["http-nio-8080"]
24-Aug-2026 13:48:39.517 INFOS [main] org.apache.catalina.startup.Catalina.load L'initialisation du serveur a pris [1152] millisecondes
24-Aug-2026 13:48:39.632 INFOS [main] org.apache.catalina.core.StandardService.startInternal Démarrage du service [Catalina]
24-Aug-2026 13:48:39.633 INFOS [main] org.apache.catalina.core.StandardEngine.startInternal Démarrage du moteur de Servlets : [Apache Tomcat/10.1.42]
24-Aug-2026 13:48:39.656 INFOS [main] org.apache.catalina.startup.HostConfig.deployDescriptor Déploiement du descripteur de configuration [C:\Users\HP\Desktop\samasuker\.smarttomcat\conf\Catalina\localhost\MDD.xml]
24-Aug-2026 13:48:43.672 INFOS [main] org.apache.jasper.servlet.TldScanner.scanJars Au moins un fichier JAR a été analysé pour trouver des TLDs mais il n'en contenait pas, le mode "debug" du journal peut être activé pour obtenir une liste complète de JAR scannés sans succès ; éviter d'analyser des JARs inutilement peut améliorer sensiblement le temps de démarrage et le temps de compilation des JSPs
24-Aug-2026 13:48:43.800 INFOS [main] org.apache.catalina.startup.HostConfig.deployDescriptor Le traitement du descripteur de déploiement [C:\Users\HP\Desktop\samasuker\.smarttomcat\conf\Catalina\localhost\MDD.xml] a pris [4 140] ms
24-Aug-2026 13:48:43.800 INFOS [main] org.apache.catalina.startup.HostConfig.deployDescriptor Déploiement du descripteur de configuration [C:\Users\HP\Desktop\samasuker\.smarttomcat\conf\Catalina\localhost\ROOT.xml]
24-Aug-2026 13:48:46.547 INFOS [main] org.apache.jasper.servlet.TldScanner.scanJars Au moins un fichier JAR a été analysé pour trouver des TLDs mais il n'en contenait pas, le mode "debug" du journal peut être activé pour obtenir une liste complète de JAR scannés sans succès ; éviter d'analyser des JARs inutilement peut améliorer sensiblement le temps de démarrage et le temps de compilation des JSPs
24-Aug-2026 13:48:46.592 INFOS [main] org.apache.catalina.startup.HostConfig.deployDescriptor Le traitement du descripteur de déploiement [C:\Users\HP\Desktop\samasuker\.smarttomcat\conf\Catalina\localhost\ROOT.xml] a pris [2 792] ms
24-Aug-2026 13:48:46.598 INFOS [main] org.apache.coyote.AbstractProtocol.start Démarrage du gestionnaire de protocole ["http-nio-8080"]
24-Aug-2026 13:48:46.636 INFOS [main] org.apache.catalina.startup.Catalina.start Le démarrage du serveur a pris [7118] millisecondes
24-Aug-2026 13:49:17.674 INFO [http-nio-8080-exec-3] org.hibernate.jpa.internal.util.LogHelper.logPersistenceUnitInformation HHH000204: Processing PersistenceUnitInfo [name: glycemiePU]
24-Aug-2026 13:49:17.976 INFO [http-nio-8080-exec-3] org.hibernate.Version.logVersion HHH000412: Hibernate ORM core version 6.2.7.Final
24-Aug-2026 13:49:17.984 INFO [http-nio-8080-exec-3] org.hibernate.cfg.Environment.<clinit> HHH000406: Using bytecode reflection optimizer
24-Aug-2026 13:49:19.110 WARN [http-nio-8080-exec-3] org.hibernate.engine.jdbc.connections.internal.DriverManagerConnectionProviderImpl.configure HHH10001002: Using built-in connection pool (not intended for production use)
24-Aug-2026 13:49:19.126 INFO [http-nio-8080-exec-3] org.hibernate.engine.jdbc.connections.internal.DriverManagerConnectionProviderImpl.buildCreator HHH10001005: Loaded JDBC driver class: com.mysql.cj.jdbc.Driver
24-Aug-2026 13:49:19.126 INFO [http-nio-8080-exec-3] org.hibernate.engine.jdbc.connections.internal.DriverManagerConnectionProviderImpl.buildCreator HHH10001012: Connecting with JDBC URL [jdbc:mysql://localhost:3306/suivi_glycemie_db?useSSL=false&serverTimezone=UTC]
24-Aug-2026 13:49:19.126 INFO [http-nio-8080-exec-3] org.hibernate.engine.jdbc.connections.internal.DriverManagerConnectionProviderImpl.buildCreator HHH10001001: Connection properties: {password=****, user=root}
24-Aug-2026 13:49:19.126 INFO [http-nio-8080-exec-3] org.hibernate.engine.jdbc.connections.internal.DriverManagerConnectionProviderImpl.buildCreator HHH10001003: Autocommit mode: false
24-Aug-2026 13:49:19.138 INFO [http-nio-8080-exec-3] org.hibernate.engine.jdbc.connections.internal.DriverManagerConnectionProviderImpl$PooledConnections.<init> HHH10001115: Connection pool size: 20 (min=1)
24-Aug-2026 13:49:19.878 WARN [http-nio-8080-exec-3] org.hibernate.dialect.Dialect.checkVersion HHH000511: The 5.6.17 version for [org.hibernate.dialect.MySQLDialect] is no longer supported, hence certain features may not work properly. The minimum supported version is 5.7.0. Check the community dialects project for available legacy versions.
24-Aug-2026 13:49:21.167 INFO [http-nio-8080-exec-3] org.hibernate.bytecode.internal.BytecodeProviderInitiator.buildBytecodeProvider HHH000021: Bytecode provider name : bytebuddy
24-Aug-2026 13:49:24.767 INFO [http-nio-8080-exec-3] org.hibernate.engine.transaction.jta.platform.internal.JtaPlatformInitiator.initiateService HHH000490: Using JtaPlatform implementation: [org.hibernate.engine.transaction.jta.platform.internal.NoJtaPlatform]
24-Aug-2026 13:49:24.898 INFO [http-nio-8080-exec-3] org.hibernate.resource.transaction.backend.jdbc.internal.DdlTransactionIsolatorNonJtaImpl.getIsolatedConnection HHH10001501: Connection obtained from JdbcConnectionAccess [org.hibernate.engine.jdbc.env.internal.JdbcEnvironmentInitiator$ConnectionProviderJdbcConnectionAccess@5fda992d] for (non-JTA) DDL execution was not in auto-commit mode; the Connection 'local transaction' will be committed and the Connection will be set into auto-commit mode.
24-Aug-2026 13:50:06.582 INFO [http-nio-8080-exec-8] org.hibernate.jpa.internal.util.LogHelper.logPersistenceUnitInformation HHH000204: Processing PersistenceUnitInfo [name: glycemiePU]
24-Aug-2026 13:50:06.666 WARN [http-nio-8080-exec-8] org.hibernate.engine.jdbc.connections.internal.DriverManagerConnectionProviderImpl.configure HHH10001002: Using built-in connection pool (not intended for production use)
24-Aug-2026 13:50:06.666 INFO [http-nio-8080-exec-8] org.hibernate.engine.jdbc.connections.internal.DriverManagerConnectionProviderImpl.buildCreator HHH10001005: Loaded JDBC driver class: com.mysql.cj.jdbc.Driver
24-Aug-2026 13:50:06.666 INFO [http-nio-8080-exec-8] org.hibernate.engine.jdbc.connections.internal.DriverManagerConnectionProviderImpl.buildCreator HHH10001012: Connecting with JDBC URL [jdbc:mysql://localhost:3306/suivi_glycemie_db?useSSL=false&serverTimezone=UTC]
24-Aug-2026 13:50:06.666 INFO [http-nio-8080-exec-8] org.hibernate.engine.jdbc.connections.internal.DriverManagerConnectionProviderImpl.buildCreator HHH10001001: Connection properties: {password=****, user=root}
24-Aug-2026 13:50:06.666 INFO [http-nio-8080-exec-8] org.hibernate.engine.jdbc.connections.internal.DriverManagerConnectionProviderImpl.buildCreator HHH10001003: Autocommit mode: false
24-Aug-2026 13:50:06.666 INFO [http-nio-8080-exec-8] org.hibernate.engine.jdbc.connections.internal.DriverManagerConnectionProviderImpl$PooledConnections.<init> HHH10001115: Connection pool size: 20 (min=1)
24-Aug-2026 13:50:06.666 WARN [http-nio-8080-exec-8] org.hibernate.dialect.Dialect.checkVersion HHH000511: The 5.6.17 version for [org.hibernate.dialect.MySQLDialect] is no longer supported, hence certain features may not work properly. The minimum supported version is 5.7.0. Check the community dialects project for available legacy versions.
24-Aug-2026 13:50:06.728 INFO [http-nio-8080-exec-8] org.hibernate.bytecode.internal.BytecodeProviderInitiator.buildBytecodeProvider HHH000021: Bytecode provider name : bytebuddy
24-Aug-2026 13:50:06.845 INFO [http-nio-8080-exec-8] org.hibernate.engine.transaction.jta.platform.internal.JtaPlatformInitiator.initiateService HHH000490: Using JtaPlatform implementation: [org.hibernate.engine.transaction.jta.platform.internal.NoJtaPlatform]
24-Aug-2026 13:50:06.847 INFO [http-nio-8080-exec-8] org.hibernate.resource.transaction.backend.jdbc.internal.DdlTransactionIsolatorNonJtaImpl.getIsolatedConnection HHH10001501: Connection obtained from JdbcConnectionAccess [org.hibernate.engine.jdbc.env.internal.JdbcEnvironmentInitiator$ConnectionProviderJdbcConnectionAccess@43f0c23f] for (non-JTA) DDL execution was not in auto-commit mode; the Connection 'local transaction' will be committed and the Connection will be set into auto-commit mode.
24-Aug-2026 13:52:11.445 INFO [http-nio-8080-exec-5] org.hibernate.jpa.internal.util.LogHelper.logPersistenceUnitInformation HHH000204: Processing PersistenceUnitInfo [name: glycemiePU]
24-Aug-2026 13:52:11.835 WARN [http-nio-8080-exec-5] org.hibernate.engine.jdbc.connections.internal.DriverManagerConnectionProviderImpl.configure HHH10001002: Using built-in connection pool (not intended for production use)
24-Aug-2026 13:52:11.836 INFO [http-nio-8080-exec-5] org.hibernate.engine.jdbc.connections.internal.DriverManagerConnectionProviderImpl.buildCreator HHH10001005: Loaded JDBC driver class: com.mysql.cj.jdbc.Driver
24-Aug-2026 13:52:11.836 INFO [http-nio-8080-exec-5] org.hibernate.engine.jdbc.connections.internal.DriverManagerConnectionProviderImpl.buildCreator HHH10001012: Connecting with JDBC URL [jdbc:mysql://localhost:3306/suivi_glycemie_db?useSSL=false&serverTimezone=UTC]
24-Aug-2026 13:52:11.836 INFO [http-nio-8080-exec-5] org.hibernate.engine.jdbc.connections.internal.DriverManagerConnectionProviderImpl.buildCreator HHH10001001: Connection properties: {password=****, user=root}
24-Aug-2026 13:52:11.836 INFO [http-nio-8080-exec-5] org.hibernate.engine.jdbc.connections.internal.DriverManagerConnectionProviderImpl.buildCreator HHH10001003: Autocommit mode: false
24-Aug-2026 13:52:11.837 INFO [http-nio-8080-exec-5] org.hibernate.engine.jdbc.connections.internal.DriverManagerConnectionProviderImpl$PooledConnections.<init> HHH10001115: Connection pool size: 20 (min=1)
24-Aug-2026 13:52:11.846 WARN [http-nio-8080-exec-5] org.hibernate.dialect.Dialect.checkVersion HHH000511: The 5.6.17 version for [org.hibernate.dialect.MySQLDialect] is no longer supported, hence certain features may not work properly. The minimum supported version is 5.7.0. Check the community dialects project for available legacy versions.
24-Aug-2026 13:52:11.882 INFO [http-nio-8080-exec-5] org.hibernate.bytecode.internal.BytecodeProviderInitiator.buildBytecodeProvider HHH000021: Bytecode provider name : bytebuddy
24-Aug-2026 13:52:12.005 INFO [http-nio-8080-exec-5] org.hibernate.engine.transaction.jta.platform.internal.JtaPlatformInitiator.initiateService HHH000490: Using JtaPlatform implementation: [org.hibernate.engine.transaction.jta.platform.internal.NoJtaPlatform]
24-Aug-2026 13:52:12.006 INFO [http-nio-8080-exec-5] org.hibernate.resource.transaction.backend.jdbc.internal.DdlTransactionIsolatorNonJtaImpl.getIsolatedConnection HHH10001501: Connection obtained from JdbcConnectionAccess [org.hibernate.engine.jdbc.env.internal.JdbcEnvironmentInitiator$ConnectionProviderJdbcConnectionAccess@5519976c] for (non-JTA) DDL execution was not in auto-commit mode; the Connection 'local transaction' will be committed and the Connection will be set into auto-commit mode.
24-Aug-2026 13:52:25.803 INFO [http-nio-8080-exec-9] org.hibernate.jpa.internal.util.LogHelper.logPersistenceUnitInformation HHH000204: Processing PersistenceUnitInfo [name: glycemiePU]
24-Aug-2026 13:52:25.881 WARN [http-nio-8080-exec-9] org.hibernate.engine.jdbc.connections.internal.DriverManagerConnectionProviderImpl.configure HHH10001002: Using built-in connection pool (not intended for production use)
24-Aug-2026 13:52:25.881 INFO [http-nio-8080-exec-9] org.hibernate.engine.jdbc.connections.internal.DriverManagerConnectionProviderImpl.buildCreator HHH10001005: Loaded JDBC driver class: com.mysql.cj.jdbc.Driver
24-Aug-2026 13:52:25.881 INFO [http-nio-8080-exec-9] org.hibernate.engine.jdbc.connections.internal.DriverManagerConnectionProviderImpl.buildCreator HHH10001012: Connecting with JDBC URL [jdbc:mysql://localhost:3306/suivi_glycemie_db?useSSL=false&serverTimezone=UTC]
24-Aug-2026 13:52:25.881 INFO [http-nio-8080-exec-9] org.hibernate.engine.jdbc.connections.internal.DriverManagerConnectionProviderImpl.buildCreator HHH10001001: Connection properties: {password=****, user=root}
24-Aug-2026 13:52:25.881 INFO [http-nio-8080-exec-9] org.hibernate.engine.jdbc.connections.internal.DriverManagerConnectionProviderImpl.buildCreator HHH10001003: Autocommit mode: false
24-Aug-2026 13:52:25.881 INFO [http-nio-8080-exec-9] org.hibernate.engine.jdbc.connections.internal.DriverManagerConnectionProviderImpl$PooledConnections.<init> HHH10001115: Connection pool size: 20 (min=1)
24-Aug-2026 13:52:25.888 WARN [http-nio-8080-exec-9] org.hibernate.dialect.Dialect.checkVersion HHH000511: The 5.6.17 version for [org.hibernate.dialect.MySQLDialect] is no longer supported, hence certain features may not work properly. The minimum supported version is 5.7.0. Check the community dialects project for available legacy versions.
24-Aug-2026 13:52:25.915 INFO [http-nio-8080-exec-9] org.hibernate.bytecode.internal.BytecodeProviderInitiator.buildBytecodeProvider HHH000021: Bytecode provider name : bytebuddy
24-Aug-2026 13:52:26.010 INFO [http-nio-8080-exec-9] org.hibernate.engine.transaction.jta.platform.internal.JtaPlatformInitiator.initiateService HHH000490: Using JtaPlatform implementation: [org.hibernate.engine.transaction.jta.platform.internal.NoJtaPlatform]
24-Aug-2026 13:52:26.011 INFO [http-nio-8080-exec-9] org.hibernate.resource.transaction.backend.jdbc.internal.DdlTransactionIsolatorNonJtaImpl.getIsolatedConnection HHH10001501: Connection obtained from JdbcConnectionAccess [org.hibernate.engine.jdbc.env.internal.JdbcEnvironmentInitiator$ConnectionProviderJdbcConnectionAccess@6b5db0c3] for (non-JTA) DDL execution was not in auto-commit mode; the Connection 'local transaction' will be committed and the Connection will be set into auto-commit mode.
24-Aug-2026 13:54:40.533 INFOS [Thread-1] org.apache.coyote.AbstractProtocol.pause Le gestionnaire de protocole ["http-nio-8080"] est mis en pause
24-Aug-2026 13:54:40.548 INFOS [Thread-1] org.apache.catalina.core.StandardService.stopInternal Arrêt du service [Catalina]
24-Aug-2026 13:54:40.556 AVERTISSEMENT [Thread-1] org.apache.catalina.loader.WebappClassLoaderBase.clearReferencesJdbc L'application web [ROOT] a enregistré un pilote JDBC [com.mysql.cj.jdbc.Driver], mais ne l'a pas désenregistré avant l'arrêt de l'application.  Pour éviter une fuite de mémoire, le pilote JDBC a été désenregistré de force.
24-Aug-2026 13:54:40.557 AVERTISSEMENT [Thread-1] org.apache.catalina.loader.WebappClassLoaderBase.clearReferencesThreads L'application web [ROOT] semble avoir démarré un thread nommé [mysql-cj-abandoned-connection-cleanup] mais ne l'a pas arrêté, ce qui va probablement créer une fuite de mémoire ; la trace du thread est : 
 java.base/jdk.internal.misc.Unsafe.park(Native Method)
 java.base/java.util.concurrent.locks.LockSupport.parkNanos(LockSupport.java:269)
 java.base/java.util.concurrent.locks.AbstractQueuedSynchronizer$ConditionObject.await(AbstractQueuedSynchronizer.java:1886)
 java.base/java.lang.ref.ReferenceQueue.await(ReferenceQueue.java:71)
 java.base/java.lang.ref.ReferenceQueue.remove0(ReferenceQueue.java:143)
 java.base/java.lang.ref.ReferenceQueue.remove(ReferenceQueue.java:218)
 com.mysql.cj.jdbc.AbandonedConnectionCleanupThread.run(AbandonedConnectionCleanupThread.java:93)
 java.base/java.util.concurrent.ThreadPoolExecutor.runWorker(ThreadPoolExecutor.java:1144)
 java.base/java.util.concurrent.ThreadPoolExecutor$Worker.run(ThreadPoolExecutor.java:642)
 java.base/java.lang.Thread.run(Thread.java:1583)
24-Aug-2026 13:54:40.558 AVERTISSEMENT [Thread-1] org.apache.catalina.loader.WebappClassLoaderBase.clearReferencesThreads L'application web [ROOT] semble avoir démarré un thread nommé [Hibernate Connection Pool Validation Thread] mais ne l'a pas arrêté, ce qui va probablement créer une fuite de mémoire ; la trace du thread est : 
 java.base/jdk.internal.misc.Unsafe.park(Native Method)
 java.base/java.util.concurrent.locks.LockSupport.parkNanos(LockSupport.java:269)
 java.base/java.util.concurrent.locks.AbstractQueuedSynchronizer$ConditionObject.awaitNanos(AbstractQueuedSynchronizer.java:1797)
 java.base/java.util.concurrent.ScheduledThreadPoolExecutor$DelayedWorkQueue.take(ScheduledThreadPoolExecutor.java:1182)
 java.base/java.util.concurrent.ScheduledThreadPoolExecutor$DelayedWorkQueue.take(ScheduledThreadPoolExecutor.java:899)
 java.base/java.util.concurrent.ThreadPoolExecutor.getTask(ThreadPoolExecutor.java:1070)
 java.base/java.util.concurrent.ThreadPoolExecutor.runWorker(ThreadPoolExecutor.java:1130)
 java.base/java.util.concurrent.ThreadPoolExecutor$Worker.run(ThreadPoolExecutor.java:642)
 java.base/java.lang.Thread.run(Thread.java:1583)
24-Aug-2026 13:54:40.558 AVERTISSEMENT [Thread-1] org.apache.catalina.loader.WebappClassLoaderBase.clearReferencesThreads L'application web [ROOT] semble avoir démarré un thread nommé [Hibernate Connection Pool Validation Thread] mais ne l'a pas arrêté, ce qui va probablement créer une fuite de mémoire ; la trace du thread est : 
 java.base/jdk.internal.misc.Unsafe.park(Native Method)
 java.base/java.util.concurrent.locks.LockSupport.parkNanos(LockSupport.java:269)
 java.base/java.util.concurrent.locks.AbstractQueuedSynchronizer$ConditionObject.awaitNanos(AbstractQueuedSynchronizer.java:1797)
 java.base/java.util.concurrent.ScheduledThreadPoolExecutor$DelayedWorkQueue.take(ScheduledThreadPoolExecutor.java:1182)
 java.base/java.util.concurrent.ScheduledThreadPoolExecutor$DelayedWorkQueue.take(ScheduledThreadPoolExecutor.java:899)
 java.base/java.util.concurrent.ThreadPoolExecutor.getTask(ThreadPoolExecutor.java:1070)
 java.base/java.util.concurrent.ThreadPoolExecutor.runWorker(ThreadPoolExecutor.java:1130)
 java.base/java.util.concurrent.ThreadPoolExecutor$Worker.run(ThreadPoolExecutor.java:642)
 java.base/java.lang.Thread.run(Thread.java:1583)
24-Aug-2026 13:54:40.558 AVERTISSEMENT [Thread-1] org.apache.catalina.loader.WebappClassLoaderBase.clearReferencesThreads L'application web [ROOT] semble avoir démarré un thread nommé [Hibernate Connection Pool Validation Thread] mais ne l'a pas arrêté, ce qui va probablement créer une fuite de mémoire ; la trace du thread est : 
 java.base/jdk.internal.misc.Unsafe.park(Native Method)
 java.base/java.util.concurrent.locks.LockSupport.parkNanos(LockSupport.java:269)
 java.base/java.util.concurrent.locks.AbstractQueuedSynchronizer$ConditionObject.awaitNanos(AbstractQueuedSynchronizer.java:1797)
 java.base/java.util.concurrent.ScheduledThreadPoolExecutor$DelayedWorkQueue.take(ScheduledThreadPoolExecutor.java:1182)
 java.base/java.util.concurrent.ScheduledThreadPoolExecutor$DelayedWorkQueue.take(ScheduledThreadPoolExecutor.java:899)
 java.base/java.util.concurrent.ThreadPoolExecutor.getTask(ThreadPoolExecutor.java:1070)
 java.base/java.util.concurrent.ThreadPoolExecutor.runWorker(ThreadPoolExecutor.java:1130)
 java.base/java.util.concurrent.ThreadPoolExecutor$Worker.run(ThreadPoolExecutor.java:642)
 java.base/java.lang.Thread.run(Thread.java:1583)
24-Aug-2026 13:54:40.560 AVERTISSEMENT [Thread-1] org.apache.catalina.loader.WebappClassLoaderBase.clearReferencesThreads L'application web [ROOT] semble avoir démarré un thread nommé [Hibernate Connection Pool Validation Thread] mais ne l'a pas arrêté, ce qui va probablement créer une fuite de mémoire ; la trace du thread est : 
 java.base/jdk.internal.misc.Unsafe.park(Native Method)
 java.base/java.util.concurrent.locks.LockSupport.parkNanos(LockSupport.java:269)
 java.base/java.util.concurrent.locks.AbstractQueuedSynchronizer$ConditionObject.awaitNanos(AbstractQueuedSynchronizer.java:1797)
 java.base/java.util.concurrent.ScheduledThreadPoolExecutor$DelayedWorkQueue.take(ScheduledThreadPoolExecutor.java:1182)
 java.base/java.util.concurrent.ScheduledThreadPoolExecutor$DelayedWorkQueue.take(ScheduledThreadPoolExecutor.java:899)
 java.base/java.util.concurrent.ThreadPoolExecutor.getTask(ThreadPoolExecutor.java:1070)
 java.base/java.util.concurrent.ThreadPoolExecutor.runWorker(ThreadPoolExecutor.java:1130)
 java.base/java.util.concurrent.ThreadPoolExecutor$Worker.run(ThreadPoolExecutor.java:642)
 java.base/java.lang.Thread.run(Thread.java:1583)
24-Aug-2026 13:54:40.571 INFOS [Thread-1] org.apache.coyote.AbstractProtocol.stop Arrêt du gestionnaire de protocole ["http-nio-8080"]
24-Aug-2026 13:54:40.584 INFOS [Thread-1] org.apache.coyote.AbstractProtocol.destroy Destruction du gestionnaire de protocole ["http-nio-8080"]
24-Aug-2026 13:54:45.899 INFOS [main] org.apache.catalina.startup.VersionLoggerListener.log Nom version serveur :              Apache Tomcat/10.1.42
24-Aug-2026 13:54:45.903 INFOS [main] org.apache.catalina.startup.VersionLoggerListener.log Serveur compilé :                  Jun 5 2025 22:35:46 UTC
24-Aug-2026 13:54:45.905 INFOS [main] org.apache.catalina.startup.VersionLoggerListener.log Version du serveur :               10.1.42.0
24-Aug-2026 13:54:45.905 INFOS [main] org.apache.catalina.startup.VersionLoggerListener.log Nom de l'OS :                      Windows 11
24-Aug-2026 13:54:45.905 INFOS [main] org.apache.catalina.startup.VersionLoggerListener.log Version OS :                       10.0
24-Aug-2026 13:54:45.905 INFOS [main] org.apache.catalina.startup.VersionLoggerListener.log Architecture :                     amd64
24-Aug-2026 13:54:45.905 INFOS [main] org.apache.catalina.startup.VersionLoggerListener.log Java Home :                        C:\Users\HP\.jdks\jbrsdk_jcef-21.0.9
24-Aug-2026 13:54:45.905 INFOS [main] org.apache.catalina.startup.VersionLoggerListener.log Version JVM :                      21.0.9+1-b1038.75
24-Aug-2026 13:54:45.905 INFOS [main] org.apache.catalina.startup.VersionLoggerListener.log Fournisseur de la JVM :            JetBrains s.r.o.
24-Aug-2026 13:54:45.906 INFOS [main] org.apache.catalina.startup.VersionLoggerListener.log CATALINA_BASE :                    C:\Users\HP\Desktop\samasuker\.smarttomcat
24-Aug-2026 13:54:45.906 INFOS [main] org.apache.catalina.startup.VersionLoggerListener.log CATALINA_HOME :                    C:\Users\HP\Desktop\apache-tomcat-10.1.42
24-Aug-2026 13:54:45.920 INFOS [main] org.apache.catalina.startup.VersionLoggerListener.log Argument de la ligne de commande : --add-opens=java.base/java.lang=ALL-UNNAMED
24-Aug-2026 13:54:45.920 INFOS [main] org.apache.catalina.startup.VersionLoggerListener.log Argument de la ligne de commande : --add-opens=java.base/java.io=ALL-UNNAMED
24-Aug-2026 13:54:45.921 INFOS [main] org.apache.catalina.startup.VersionLoggerListener.log Argument de la ligne de commande : --add-opens=java.base/java.util=ALL-UNNAMED
24-Aug-2026 13:54:45.921 INFOS [main] org.apache.catalina.startup.VersionLoggerListener.log Argument de la ligne de commande : --add-opens=java.base/java.util.concurrent=ALL-UNNAMED
24-Aug-2026 13:54:45.921 INFOS [main] org.apache.catalina.startup.VersionLoggerListener.log Argument de la ligne de commande : --add-opens=java.rmi/sun.rmi.transport=ALL-UNNAMED
24-Aug-2026 13:54:45.921 INFOS [main] org.apache.catalina.startup.VersionLoggerListener.log Argument de la ligne de commande : -Dcatalina.home=C:\Users\HP\Desktop\apache-tomcat-10.1.42
24-Aug-2026 13:54:45.921 INFOS [main] org.apache.catalina.startup.VersionLoggerListener.log Argument de la ligne de commande : -Dcatalina.base=C:\Users\HP\Desktop\samasuker\.smarttomcat
24-Aug-2026 13:54:45.921 INFOS [main] org.apache.catalina.startup.VersionLoggerListener.log Argument de la ligne de commande : -Djava.io.tmpdir=C:\Users\HP\Desktop\samasuker\.smarttomcat\temp
24-Aug-2026 13:54:45.921 INFOS [main] org.apache.catalina.startup.VersionLoggerListener.log Argument de la ligne de commande : -Djava.util.logging.config.file=C:\Users\HP\Desktop\samasuker\.smarttomcat\conf\logging.properties
24-Aug-2026 13:54:45.921 INFOS [main] org.apache.catalina.startup.VersionLoggerListener.log Argument de la ligne de commande : -Djava.util.logging.manager=org.apache.juli.ClassLoaderLogManager
24-Aug-2026 13:54:45.922 INFOS [main] org.apache.catalina.startup.VersionLoggerListener.log Argument de la ligne de commande : -javaagent:C:\Program Files\JetBrains\IntelliJ IDEA 2025.2.2\lib\idea_rt.jar=59547
24-Aug-2026 13:54:45.922 INFOS [main] org.apache.catalina.startup.VersionLoggerListener.log Argument de la ligne de commande : -Dfile.encoding=UTF-8
24-Aug-2026 13:54:45.922 INFOS [main] org.apache.catalina.startup.VersionLoggerListener.log Argument de la ligne de commande : -Dsun.stdout.encoding=UTF-8
24-Aug-2026 13:54:45.922 INFOS [main] org.apache.catalina.startup.VersionLoggerListener.log Argument de la ligne de commande : -Dsun.stderr.encoding=UTF-8
24-Aug-2026 13:54:45.976 INFOS [main] org.apache.catalina.core.AprLifecycleListener.lifecycleEvent Chargement de la librairie Apache Tomcat Native [2.0.9] en utilisant APR version [1.7.6]
24-Aug-2026 13:54:45.984 INFOS [main] org.apache.catalina.core.AprLifecycleListener.initializeSSL OpenSSL a été initialisé avec succès [OpenSSL 3.5.0 8 Apr 2025]
24-Aug-2026 13:54:46.479 INFOS [main] org.apache.coyote.AbstractProtocol.init Initialisation du gestionnaire de protocole ["http-nio-8080"]
24-Aug-2026 13:54:46.502 INFOS [main] org.apache.catalina.startup.Catalina.load L'initialisation du serveur a pris [919] millisecondes
24-Aug-2026 13:54:46.583 INFOS [main] org.apache.catalina.core.StandardService.startInternal Démarrage du service [Catalina]
24-Aug-2026 13:54:46.584 INFOS [main] org.apache.catalina.core.StandardEngine.startInternal Démarrage du moteur de Servlets : [Apache Tomcat/10.1.42]
24-Aug-2026 13:54:46.603 INFOS [main] org.apache.catalina.startup.HostConfig.deployDescriptor Déploiement du descripteur de configuration [C:\Users\HP\Desktop\samasuker\.smarttomcat\conf\Catalina\localhost\MDD.xml]
24-Aug-2026 13:54:51.906 INFOS [main] org.apache.jasper.servlet.TldScanner.scanJars Au moins un fichier JAR a été analysé pour trouver des TLDs mais il n'en contenait pas, le mode "debug" du journal peut être activé pour obtenir une liste complète de JAR scannés sans succès ; éviter d'analyser des JARs inutilement peut améliorer sensiblement le temps de démarrage et le temps de compilation des JSPs
24-Aug-2026 13:54:52.050 INFOS [main] org.apache.catalina.startup.HostConfig.deployDescriptor Le traitement du descripteur de déploiement [C:\Users\HP\Desktop\samasuker\.smarttomcat\conf\Catalina\localhost\MDD.xml] a pris [5 442] ms
24-Aug-2026 13:54:52.051 INFOS [main] org.apache.catalina.startup.HostConfig.deployDescriptor Déploiement du descripteur de configuration [C:\Users\HP\Desktop\samasuker\.smarttomcat\conf\Catalina\localhost\ROOT.xml]
24-Aug-2026 13:54:54.816 INFOS [main] org.apache.jasper.servlet.TldScanner.scanJars Au moins un fichier JAR a été analysé pour trouver des TLDs mais il n'en contenait pas, le mode "debug" du journal peut être activé pour obtenir une liste complète de JAR scannés sans succès ; éviter d'analyser des JARs inutilement peut améliorer sensiblement le temps de démarrage et le temps de compilation des JSPs
24-Aug-2026 13:54:54.878 INFOS [main] org.apache.catalina.startup.HostConfig.deployDescriptor Le traitement du descripteur de déploiement [C:\Users\HP\Desktop\samasuker\.smarttomcat\conf\Catalina\localhost\ROOT.xml] a pris [2 826] ms
24-Aug-2026 13:54:54.887 INFOS [main] org.apache.coyote.AbstractProtocol.start Démarrage du gestionnaire de protocole ["http-nio-8080"]
24-Aug-2026 13:54:54.935 INFOS [main] org.apache.catalina.startup.Catalina.start Le démarrage du serveur a pris [8432] millisecondes
24-Aug-2026 13:55:26.619 INFO [http-nio-8080-exec-4] org.hibernate.jpa.internal.util.LogHelper.logPersistenceUnitInformation HHH000204: Processing PersistenceUnitInfo [name: glycemiePU]
24-Aug-2026 13:55:27.001 INFO [http-nio-8080-exec-4] org.hibernate.Version.logVersion HHH000412: Hibernate ORM core version 6.2.7.Final
24-Aug-2026 13:55:27.022 INFO [http-nio-8080-exec-4] org.hibernate.cfg.Environment.<clinit> HHH000406: Using bytecode reflection optimizer
24-Aug-2026 13:55:28.133 WARN [http-nio-8080-exec-4] org.hibernate.engine.jdbc.connections.internal.DriverManagerConnectionProviderImpl.configure HHH10001002: Using built-in connection pool (not intended for production use)
24-Aug-2026 13:55:28.159 INFO [http-nio-8080-exec-4] org.hibernate.engine.jdbc.connections.internal.DriverManagerConnectionProviderImpl.buildCreator HHH10001005: Loaded JDBC driver class: com.mysql.cj.jdbc.Driver
24-Aug-2026 13:55:28.159 INFO [http-nio-8080-exec-4] org.hibernate.engine.jdbc.connections.internal.DriverManagerConnectionProviderImpl.buildCreator HHH10001012: Connecting with JDBC URL [jdbc:mysql://localhost:3306/suivi_glycemie_db?useSSL=false&serverTimezone=UTC]
24-Aug-2026 13:55:28.160 INFO [http-nio-8080-exec-4] org.hibernate.engine.jdbc.connections.internal.DriverManagerConnectionProviderImpl.buildCreator HHH10001001: Connection properties: {password=****, user=root}
24-Aug-2026 13:55:28.160 INFO [http-nio-8080-exec-4] org.hibernate.engine.jdbc.connections.internal.DriverManagerConnectionProviderImpl.buildCreator HHH10001003: Autocommit mode: false
24-Aug-2026 13:55:28.174 INFO [http-nio-8080-exec-4] org.hibernate.engine.jdbc.connections.internal.DriverManagerConnectionProviderImpl$PooledConnections.<init> HHH10001115: Connection pool size: 20 (min=1)
24-Aug-2026 13:55:28.913 WARN [http-nio-8080-exec-4] org.hibernate.dialect.Dialect.checkVersion HHH000511: The 5.6.17 version for [org.hibernate.dialect.MySQLDialect] is no longer supported, hence certain features may not work properly. The minimum supported version is 5.7.0. Check the community dialects project for available legacy versions.
24-Aug-2026 13:55:30.241 INFO [http-nio-8080-exec-4] org.hibernate.bytecode.internal.BytecodeProviderInitiator.buildBytecodeProvider HHH000021: Bytecode provider name : bytebuddy
24-Aug-2026 13:55:33.934 INFO [http-nio-8080-exec-4] org.hibernate.engine.transaction.jta.platform.internal.JtaPlatformInitiator.initiateService HHH000490: Using JtaPlatform implementation: [org.hibernate.engine.transaction.jta.platform.internal.NoJtaPlatform]
24-Aug-2026 13:55:34.057 INFO [http-nio-8080-exec-4] org.hibernate.resource.transaction.backend.jdbc.internal.DdlTransactionIsolatorNonJtaImpl.getIsolatedConnection HHH10001501: Connection obtained from JdbcConnectionAccess [org.hibernate.engine.jdbc.env.internal.JdbcEnvironmentInitiator$ConnectionProviderJdbcConnectionAccess@31cc182c] for (non-JTA) DDL execution was not in auto-commit mode; the Connection 'local transaction' will be committed and the Connection will be set into auto-commit mode.
24-Aug-2026 13:55:36.427 INFO [http-nio-8080-exec-5] org.hibernate.jpa.internal.util.LogHelper.logPersistenceUnitInformation HHH000204: Processing PersistenceUnitInfo [name: glycemiePU]
24-Aug-2026 13:55:36.521 WARN [http-nio-8080-exec-5] org.hibernate.engine.jdbc.connections.internal.DriverManagerConnectionProviderImpl.configure HHH10001002: Using built-in connection pool (not intended for production use)
24-Aug-2026 13:55:36.521 INFO [http-nio-8080-exec-5] org.hibernate.engine.jdbc.connections.internal.DriverManagerConnectionProviderImpl.buildCreator HHH10001005: Loaded JDBC driver class: com.mysql.cj.jdbc.Driver
24-Aug-2026 13:55:36.522 INFO [http-nio-8080-exec-5] org.hibernate.engine.jdbc.connections.internal.DriverManagerConnectionProviderImpl.buildCreator HHH10001012: Connecting with JDBC URL [jdbc:mysql://localhost:3306/suivi_glycemie_db?useSSL=false&serverTimezone=UTC]
24-Aug-2026 13:55:36.522 INFO [http-nio-8080-exec-5] org.hibernate.engine.jdbc.connections.internal.DriverManagerConnectionProviderImpl.buildCreator HHH10001001: Connection properties: {password=****, user=root}
24-Aug-2026 13:55:36.522 INFO [http-nio-8080-exec-5] org.hibernate.engine.jdbc.connections.internal.DriverManagerConnectionProviderImpl.buildCreator HHH10001003: Autocommit mode: false
24-Aug-2026 13:55:36.522 INFO [http-nio-8080-exec-5] org.hibernate.engine.jdbc.connections.internal.DriverManagerConnectionProviderImpl$PooledConnections.<init> HHH10001115: Connection pool size: 20 (min=1)
24-Aug-2026 13:55:36.534 WARN [http-nio-8080-exec-5] org.hibernate.dialect.Dialect.checkVersion HHH000511: The 5.6.17 version for [org.hibernate.dialect.MySQLDialect] is no longer supported, hence certain features may not work properly. The minimum supported version is 5.7.0. Check the community dialects project for available legacy versions.
24-Aug-2026 13:55:36.579 INFO [http-nio-8080-exec-5] org.hibernate.bytecode.internal.BytecodeProviderInitiator.buildBytecodeProvider HHH000021: Bytecode provider name : bytebuddy
24-Aug-2026 13:55:36.711 INFO [http-nio-8080-exec-5] org.hibernate.engine.transaction.jta.platform.internal.JtaPlatformInitiator.initiateService HHH000490: Using JtaPlatform implementation: [org.hibernate.engine.transaction.jta.platform.internal.NoJtaPlatform]
24-Aug-2026 13:55:36.712 INFO [http-nio-8080-exec-5] org.hibernate.resource.transaction.backend.jdbc.internal.DdlTransactionIsolatorNonJtaImpl.getIsolatedConnection HHH10001501: Connection obtained from JdbcConnectionAccess [org.hibernate.engine.jdbc.env.internal.JdbcEnvironmentInitiator$ConnectionProviderJdbcConnectionAccess@25f2fedc] for (non-JTA) DDL execution was not in auto-commit mode; the Connection 'local transaction' will be committed and the Connection will be set into auto-commit mode.
24-Aug-2026 13:55:46.133 INFO [http-nio-8080-exec-8] org.hibernate.jpa.internal.util.LogHelper.logPersistenceUnitInformation HHH000204: Processing PersistenceUnitInfo [name: glycemiePU]
24-Aug-2026 13:55:46.215 WARN [http-nio-8080-exec-8] org.hibernate.engine.jdbc.connections.internal.DriverManagerConnectionProviderImpl.configure HHH10001002: Using built-in connection pool (not intended for production use)
24-Aug-2026 13:55:46.215 INFO [http-nio-8080-exec-8] org.hibernate.engine.jdbc.connections.internal.DriverManagerConnectionProviderImpl.buildCreator HHH10001005: Loaded JDBC driver class: com.mysql.cj.jdbc.Driver
24-Aug-2026 13:55:46.215 INFO [http-nio-8080-exec-8] org.hibernate.engine.jdbc.connections.internal.DriverManagerConnectionProviderImpl.buildCreator HHH10001012: Connecting with JDBC URL [jdbc:mysql://localhost:3306/suivi_glycemie_db?useSSL=false&serverTimezone=UTC]
24-Aug-2026 13:55:46.215 INFO [http-nio-8080-exec-8] org.hibernate.engine.jdbc.connections.internal.DriverManagerConnectionProviderImpl.buildCreator HHH10001001: Connection properties: {password=****, user=root}
24-Aug-2026 13:55:46.215 INFO [http-nio-8080-exec-8] org.hibernate.engine.jdbc.connections.internal.DriverManagerConnectionProviderImpl.buildCreator HHH10001003: Autocommit mode: false
24-Aug-2026 13:55:46.215 INFO [http-nio-8080-exec-8] org.hibernate.engine.jdbc.connections.internal.DriverManagerConnectionProviderImpl$PooledConnections.<init> HHH10001115: Connection pool size: 20 (min=1)
24-Aug-2026 13:55:46.221 WARN [http-nio-8080-exec-8] org.hibernate.dialect.Dialect.checkVersion HHH000511: The 5.6.17 version for [org.hibernate.dialect.MySQLDialect] is no longer supported, hence certain features may not work properly. The minimum supported version is 5.7.0. Check the community dialects project for available legacy versions.
24-Aug-2026 13:55:46.267 INFO [http-nio-8080-exec-8] org.hibernate.bytecode.internal.BytecodeProviderInitiator.buildBytecodeProvider HHH000021: Bytecode provider name : bytebuddy
24-Aug-2026 13:55:46.379 INFO [http-nio-8080-exec-8] org.hibernate.engine.transaction.jta.platform.internal.JtaPlatformInitiator.initiateService HHH000490: Using JtaPlatform implementation: [org.hibernate.engine.transaction.jta.platform.internal.NoJtaPlatform]
24-Aug-2026 13:55:46.379 INFO [http-nio-8080-exec-8] org.hibernate.resource.transaction.backend.jdbc.internal.DdlTransactionIsolatorNonJtaImpl.getIsolatedConnection HHH10001501: Connection obtained from JdbcConnectionAccess [org.hibernate.engine.jdbc.env.internal.JdbcEnvironmentInitiator$ConnectionProviderJdbcConnectionAccess@66824153] for (non-JTA) DDL execution was not in auto-commit mode; the Connection 'local transaction' will be committed and the Connection will be set into auto-commit mode.
24-Aug-2026 13:56:19.353 INFO [http-nio-8080-exec-10] org.hibernate.jpa.internal.util.LogHelper.logPersistenceUnitInformation HHH000204: Processing PersistenceUnitInfo [name: glycemiePU]
24-Aug-2026 13:56:19.430 WARN [http-nio-8080-exec-10] org.hibernate.engine.jdbc.connections.internal.DriverManagerConnectionProviderImpl.configure HHH10001002: Using built-in connection pool (not intended for production use)
24-Aug-2026 13:56:19.430 INFO [http-nio-8080-exec-10] org.hibernate.engine.jdbc.connections.internal.DriverManagerConnectionProviderImpl.buildCreator HHH10001005: Loaded JDBC driver class: com.mysql.cj.jdbc.Driver
24-Aug-2026 13:56:19.430 INFO [http-nio-8080-exec-10] org.hibernate.engine.jdbc.connections.internal.DriverManagerConnectionProviderImpl.buildCreator HHH10001012: Connecting with JDBC URL [jdbc:mysql://localhost:3306/suivi_glycemie_db?useSSL=false&serverTimezone=UTC]
24-Aug-2026 13:56:19.432 INFO [http-nio-8080-exec-10] org.hibernate.engine.jdbc.connections.internal.DriverManagerConnectionProviderImpl.buildCreator HHH10001001: Connection properties: {password=****, user=root}
24-Aug-2026 13:56:19.432 INFO [http-nio-8080-exec-10] org.hibernate.engine.jdbc.connections.internal.DriverManagerConnectionProviderImpl.buildCreator HHH10001003: Autocommit mode: false
24-Aug-2026 13:56:19.432 INFO [http-nio-8080-exec-10] org.hibernate.engine.jdbc.connections.internal.DriverManagerConnectionProviderImpl$PooledConnections.<init> HHH10001115: Connection pool size: 20 (min=1)
24-Aug-2026 13:56:19.441 WARN [http-nio-8080-exec-10] org.hibernate.dialect.Dialect.checkVersion HHH000511: The 5.6.17 version for [org.hibernate.dialect.MySQLDialect] is no longer supported, hence certain features may not work properly. The minimum supported version is 5.7.0. Check the community dialects project for available legacy versions.
24-Aug-2026 13:56:19.486 INFO [http-nio-8080-exec-10] org.hibernate.bytecode.internal.BytecodeProviderInitiator.buildBytecodeProvider HHH000021: Bytecode provider name : bytebuddy
24-Aug-2026 13:56:19.567 INFO [http-nio-8080-exec-10] org.hibernate.engine.transaction.jta.platform.internal.JtaPlatformInitiator.initiateService HHH000490: Using JtaPlatform implementation: [org.hibernate.engine.transaction.jta.platform.internal.NoJtaPlatform]
24-Aug-2026 13:56:19.583 INFO [http-nio-8080-exec-10] org.hibernate.resource.transaction.backend.jdbc.internal.DdlTransactionIsolatorNonJtaImpl.getIsolatedConnection HHH10001501: Connection obtained from JdbcConnectionAccess [org.hibernate.engine.jdbc.env.internal.JdbcEnvironmentInitiator$ConnectionProviderJdbcConnectionAccess@66bbed4e] for (non-JTA) DDL execution was not in auto-commit mode; the Connection 'local transaction' will be committed and the Connection will be set into auto-commit mode.
24-Aug-2026 13:56:47.502 INFO [http-nio-8080-exec-5] org.hibernate.jpa.internal.util.LogHelper.logPersistenceUnitInformation HHH000204: Processing PersistenceUnitInfo [name: glycemiePU]
24-Aug-2026 13:56:47.581 WARN [http-nio-8080-exec-5] org.hibernate.engine.jdbc.connections.internal.DriverManagerConnectionProviderImpl.configure HHH10001002: Using built-in connection pool (not intended for production use)
24-Aug-2026 13:56:47.581 INFO [http-nio-8080-exec-5] org.hibernate.engine.jdbc.connections.internal.DriverManagerConnectionProviderImpl.buildCreator HHH10001005: Loaded JDBC driver class: com.mysql.cj.jdbc.Driver
24-Aug-2026 13:56:47.581 INFO [http-nio-8080-exec-5] org.hibernate.engine.jdbc.connections.internal.DriverManagerConnectionProviderImpl.buildCreator HHH10001012: Connecting with JDBC URL [jdbc:mysql://localhost:3306/suivi_glycemie_db?useSSL=false&serverTimezone=UTC]
24-Aug-2026 13:56:47.581 INFO [http-nio-8080-exec-5] org.hibernate.engine.jdbc.connections.internal.DriverManagerConnectionProviderImpl.buildCreator HHH10001001: Connection properties: {password=****, user=root}
24-Aug-2026 13:56:47.581 INFO [http-nio-8080-exec-5] org.hibernate.engine.jdbc.connections.internal.DriverManagerConnectionProviderImpl.buildCreator HHH10001003: Autocommit mode: false
24-Aug-2026 13:56:47.581 INFO [http-nio-8080-exec-5] org.hibernate.engine.jdbc.connections.internal.DriverManagerConnectionProviderImpl$PooledConnections.<init> HHH10001115: Connection pool size: 20 (min=1)
24-Aug-2026 13:56:47.581 WARN [http-nio-8080-exec-5] org.hibernate.dialect.Dialect.checkVersion HHH000511: The 5.6.17 version for [org.hibernate.dialect.MySQLDialect] is no longer supported, hence certain features may not work properly. The minimum supported version is 5.7.0. Check the community dialects project for available legacy versions.
24-Aug-2026 13:56:47.622 INFO [http-nio-8080-exec-5] org.hibernate.bytecode.internal.BytecodeProviderInitiator.buildBytecodeProvider HHH000021: Bytecode provider name : bytebuddy
24-Aug-2026 13:56:47.700 INFO [http-nio-8080-exec-5] org.hibernate.engine.transaction.jta.platform.internal.JtaPlatformInitiator.initiateService HHH000490: Using JtaPlatform implementation: [org.hibernate.engine.transaction.jta.platform.internal.NoJtaPlatform]
24-Aug-2026 13:56:47.701 INFO [http-nio-8080-exec-5] org.hibernate.resource.transaction.backend.jdbc.internal.DdlTransactionIsolatorNonJtaImpl.getIsolatedConnection HHH10001501: Connection obtained from JdbcConnectionAccess [org.hibernate.engine.jdbc.env.internal.JdbcEnvironmentInitiator$ConnectionProviderJdbcConnectionAccess@3bf2f90b] for (non-JTA) DDL execution was not in auto-commit mode; the Connection 'local transaction' will be committed and the Connection will be set into auto-commit mode.
24-Aug-2026 13:59:28.712 INFOS [Thread-1] org.apache.coyote.AbstractProtocol.pause Le gestionnaire de protocole ["http-nio-8080"] est mis en pause
24-Aug-2026 13:59:28.727 INFOS [Thread-1] org.apache.catalina.core.StandardService.stopInternal Arrêt du service [Catalina]
24-Aug-2026 13:59:28.734 AVERTISSEMENT [Thread-1] org.apache.catalina.loader.WebappClassLoaderBase.clearReferencesJdbc L'application web [ROOT] a enregistré un pilote JDBC [com.mysql.cj.jdbc.Driver], mais ne l'a pas désenregistré avant l'arrêt de l'application.  Pour éviter une fuite de mémoire, le pilote JDBC a été désenregistré de force.
24-Aug-2026 13:59:28.735 AVERTISSEMENT [Thread-1] org.apache.catalina.loader.WebappClassLoaderBase.clearReferencesThreads L'application web [ROOT] semble avoir démarré un thread nommé [mysql-cj-abandoned-connection-cleanup] mais ne l'a pas arrêté, ce qui va probablement créer une fuite de mémoire ; la trace du thread est : 
 java.base/jdk.internal.misc.Unsafe.park(Native Method)
 java.base/java.util.concurrent.locks.LockSupport.parkNanos(LockSupport.java:269)
 java.base/java.util.concurrent.locks.AbstractQueuedSynchronizer$ConditionObject.await(AbstractQueuedSynchronizer.java:1886)
 java.base/java.lang.ref.ReferenceQueue.await(ReferenceQueue.java:71)
 java.base/java.lang.ref.ReferenceQueue.remove0(ReferenceQueue.java:143)
 java.base/java.lang.ref.ReferenceQueue.remove(ReferenceQueue.java:218)
 com.mysql.cj.jdbc.AbandonedConnectionCleanupThread.run(AbandonedConnectionCleanupThread.java:93)
 java.base/java.util.concurrent.ThreadPoolExecutor.runWorker(ThreadPoolExecutor.java:1144)
 java.base/java.util.concurrent.ThreadPoolExecutor$Worker.run(ThreadPoolExecutor.java:642)
 java.base/java.lang.Thread.run(Thread.java:1583)
24-Aug-2026 13:59:28.736 AVERTISSEMENT [Thread-1] org.apache.catalina.loader.WebappClassLoaderBase.clearReferencesThreads L'application web [ROOT] semble avoir démarré un thread nommé [Hibernate Connection Pool Validation Thread] mais ne l'a pas arrêté, ce qui va probablement créer une fuite de mémoire ; la trace du thread est : 
 java.base/jdk.internal.misc.Unsafe.park(Native Method)
 java.base/java.util.concurrent.locks.LockSupport.parkNanos(LockSupport.java:269)
 java.base/java.util.concurrent.locks.AbstractQueuedSynchronizer$ConditionObject.awaitNanos(AbstractQueuedSynchronizer.java:1797)
 java.base/java.util.concurrent.ScheduledThreadPoolExecutor$DelayedWorkQueue.take(ScheduledThreadPoolExecutor.java:1182)
 java.base/java.util.concurrent.ScheduledThreadPoolExecutor$DelayedWorkQueue.take(ScheduledThreadPoolExecutor.java:899)
 java.base/java.util.concurrent.ThreadPoolExecutor.getTask(ThreadPoolExecutor.java:1070)
 java.base/java.util.concurrent.ThreadPoolExecutor.runWorker(ThreadPoolExecutor.java:1130)
 java.base/java.util.concurrent.ThreadPoolExecutor$Worker.run(ThreadPoolExecutor.java:642)
 java.base/java.lang.Thread.run(Thread.java:1583)
24-Aug-2026 13:59:28.737 AVERTISSEMENT [Thread-1] org.apache.catalina.loader.WebappClassLoaderBase.clearReferencesThreads L'application web [ROOT] semble avoir démarré un thread nommé [Hibernate Connection Pool Validation Thread] mais ne l'a pas arrêté, ce qui va probablement créer une fuite de mémoire ; la trace du thread est : 
 java.base/jdk.internal.misc.Unsafe.park(Native Method)
 java.base/java.util.concurrent.locks.LockSupport.parkNanos(LockSupport.java:269)
 java.base/java.util.concurrent.locks.AbstractQueuedSynchronizer$ConditionObject.awaitNanos(AbstractQueuedSynchronizer.java:1797)
 java.base/java.util.concurrent.ScheduledThreadPoolExecutor$DelayedWorkQueue.take(ScheduledThreadPoolExecutor.java:1182)
 java.base/java.util.concurrent.ScheduledThreadPoolExecutor$DelayedWorkQueue.take(ScheduledThreadPoolExecutor.java:899)
 java.base/java.util.concurrent.ThreadPoolExecutor.getTask(ThreadPoolExecutor.java:1070)
 java.base/java.util.concurrent.ThreadPoolExecutor.runWorker(ThreadPoolExecutor.java:1130)
 java.base/java.util.concurrent.ThreadPoolExecutor$Worker.run(ThreadPoolExecutor.java:642)
 java.base/java.lang.Thread.run(Thread.java:1583)
24-Aug-2026 13:59:28.738 AVERTISSEMENT [Thread-1] org.apache.catalina.loader.WebappClassLoaderBase.clearReferencesThreads L'application web [ROOT] semble avoir démarré un thread nommé [Hibernate Connection Pool Validation Thread] mais ne l'a pas arrêté, ce qui va probablement créer une fuite de mémoire ; la trace du thread est : 
 java.base/jdk.internal.misc.Unsafe.park(Native Method)
 java.base/java.util.concurrent.locks.LockSupport.parkNanos(LockSupport.java:269)
 java.base/java.util.concurrent.locks.AbstractQueuedSynchronizer$ConditionObject.awaitNanos(AbstractQueuedSynchronizer.java:1797)
 java.base/java.util.concurrent.ScheduledThreadPoolExecutor$DelayedWorkQueue.take(ScheduledThreadPoolExecutor.java:1182)
 java.base/java.util.concurrent.ScheduledThreadPoolExecutor$DelayedWorkQueue.take(ScheduledThreadPoolExecutor.java:899)
 java.base/java.util.concurrent.ThreadPoolExecutor.getTask(ThreadPoolExecutor.java:1070)
 java.base/java.util.concurrent.ThreadPoolExecutor.runWorker(ThreadPoolExecutor.java:1130)
 java.base/java.util.concurrent.ThreadPoolExecutor$Worker.run(ThreadPoolExecutor.java:642)
 java.base/java.lang.Thread.run(Thread.java:1583)
24-Aug-2026 13:59:28.738 AVERTISSEMENT [Thread-1] org.apache.catalina.loader.WebappClassLoaderBase.clearReferencesThreads L'application web [ROOT] semble avoir démarré un thread nommé [Hibernate Connection Pool Validation Thread] mais ne l'a pas arrêté, ce qui va probablement créer une fuite de mémoire ; la trace du thread est : 
 java.base/jdk.internal.misc.Unsafe.park(Native Method)
 java.base/java.util.concurrent.locks.LockSupport.parkNanos(LockSupport.java:269)
 java.base/java.util.concurrent.locks.AbstractQueuedSynchronizer$ConditionObject.awaitNanos(AbstractQueuedSynchronizer.java:1797)
 java.base/java.util.concurrent.ScheduledThreadPoolExecutor$DelayedWorkQueue.take(ScheduledThreadPoolExecutor.java:1182)
 java.base/java.util.concurrent.ScheduledThreadPoolExecutor$DelayedWorkQueue.take(ScheduledThreadPoolExecutor.java:899)
 java.base/java.util.concurrent.ThreadPoolExecutor.getTask(ThreadPoolExecutor.java:1070)
 java.base/java.util.concurrent.ThreadPoolExecutor.runWorker(ThreadPoolExecutor.java:1130)
 java.base/java.util.concurrent.ThreadPoolExecutor$Worker.run(ThreadPoolExecutor.java:642)
 java.base/java.lang.Thread.run(Thread.java:1583)
24-Aug-2026 13:59:28.739 AVERTISSEMENT [Thread-1] org.apache.catalina.loader.WebappClassLoaderBase.clearReferencesThreads L'application web [ROOT] semble avoir démarré un thread nommé [Hibernate Connection Pool Validation Thread] mais ne l'a pas arrêté, ce qui va probablement créer une fuite de mémoire ; la trace du thread est : 
 java.base/jdk.internal.misc.Unsafe.park(Native Method)
 java.base/java.util.concurrent.locks.LockSupport.parkNanos(LockSupport.java:269)
 java.base/java.util.concurrent.locks.AbstractQueuedSynchronizer$ConditionObject.awaitNanos(AbstractQueuedSynchronizer.java:1797)
 java.base/java.util.concurrent.ScheduledThreadPoolExecutor$DelayedWorkQueue.take(ScheduledThreadPoolExecutor.java:1182)
 java.base/java.util.concurrent.ScheduledThreadPoolExecutor$DelayedWorkQueue.take(ScheduledThreadPoolExecutor.java:899)
 java.base/java.util.concurrent.ThreadPoolExecutor.getTask(ThreadPoolExecutor.java:1070)
 java.base/java.util.concurrent.ThreadPoolExecutor.runWorker(ThreadPoolExecutor.java:1130)
 java.base/java.util.concurrent.ThreadPoolExecutor$Worker.run(ThreadPoolExecutor.java:642)
 java.base/java.lang.Thread.run(Thread.java:1583)
24-Aug-2026 13:59:28.757 INFOS [Thread-1] org.apache.coyote.AbstractProtocol.stop Arrêt du gestionnaire de protocole ["http-nio-8080"]
24-Aug-2026 13:59:28.776 INFOS [Thread-1] org.apache.coyote.AbstractProtocol.destroy Destruction du gestionnaire de protocole ["http-nio-8080"]
24-Aug-2026 13:59:33.117 INFOS [main] org.apache.catalina.startup.VersionLoggerListener.log Nom version serveur :              Apache Tomcat/10.1.42
24-Aug-2026 13:59:33.124 INFOS [main] org.apache.catalina.startup.VersionLoggerListener.log Serveur compilé :                  Jun 5 2025 22:35:46 UTC
24-Aug-2026 13:59:33.125 INFOS [main] org.apache.catalina.startup.VersionLoggerListener.log Version du serveur :               10.1.42.0
24-Aug-2026 13:59:33.126 INFOS [main] org.apache.catalina.startup.VersionLoggerListener.log Nom de l'OS :                      Windows 11
24-Aug-2026 13:59:33.126 INFOS [main] org.apache.catalina.startup.VersionLoggerListener.log Version OS :                       10.0
24-Aug-2026 13:59:33.126 INFOS [main] org.apache.catalina.startup.VersionLoggerListener.log Architecture :                     amd64
24-Aug-2026 13:59:33.127 INFOS [main] org.apache.catalina.startup.VersionLoggerListener.log Java Home :                        C:\Users\HP\.jdks\jbrsdk_jcef-21.0.9
24-Aug-2026 13:59:33.127 INFOS [main] org.apache.catalina.startup.VersionLoggerListener.log Version JVM :                      21.0.9+1-b1038.75
24-Aug-2026 13:59:33.133 INFOS [main] org.apache.catalina.startup.VersionLoggerListener.log Fournisseur de la JVM :            JetBrains s.r.o.
24-Aug-2026 13:59:33.133 INFOS [main] org.apache.catalina.startup.VersionLoggerListener.log CATALINA_BASE :                    C:\Users\HP\Desktop\samasuker\.smarttomcat
24-Aug-2026 13:59:33.133 INFOS [main] org.apache.catalina.startup.VersionLoggerListener.log CATALINA_HOME :                    C:\Users\HP\Desktop\apache-tomcat-10.1.42
24-Aug-2026 13:59:33.157 INFOS [main] org.apache.catalina.startup.VersionLoggerListener.log Argument de la ligne de commande : --add-opens=java.base/java.lang=ALL-UNNAMED
24-Aug-2026 13:59:33.158 INFOS [main] org.apache.catalina.startup.VersionLoggerListener.log Argument de la ligne de commande : --add-opens=java.base/java.io=ALL-UNNAMED
24-Aug-2026 13:59:33.158 INFOS [main] org.apache.catalina.startup.VersionLoggerListener.log Argument de la ligne de commande : --add-opens=java.base/java.util=ALL-UNNAMED
24-Aug-2026 13:59:33.158 INFOS [main] org.apache.catalina.startup.VersionLoggerListener.log Argument de la ligne de commande : --add-opens=java.base/java.util.concurrent=ALL-UNNAMED
24-Aug-2026 13:59:33.158 INFOS [main] org.apache.catalina.startup.VersionLoggerListener.log Argument de la ligne de commande : --add-opens=java.rmi/sun.rmi.transport=ALL-UNNAMED
24-Aug-2026 13:59:33.158 INFOS [main] org.apache.catalina.startup.VersionLoggerListener.log Argument de la ligne de commande : -Dcatalina.home=C:\Users\HP\Desktop\apache-tomcat-10.1.42
24-Aug-2026 13:59:33.158 INFOS [main] org.apache.catalina.startup.VersionLoggerListener.log Argument de la ligne de commande : -Dcatalina.base=C:\Users\HP\Desktop\samasuker\.smarttomcat
24-Aug-2026 13:59:33.159 INFOS [main] org.apache.catalina.startup.VersionLoggerListener.log Argument de la ligne de commande : -Djava.io.tmpdir=C:\Users\HP\Desktop\samasuker\.smarttomcat\temp
24-Aug-2026 13:59:33.159 INFOS [main] org.apache.catalina.startup.VersionLoggerListener.log Argument de la ligne de commande : -Djava.util.logging.config.file=C:\Users\HP\Desktop\samasuker\.smarttomcat\conf\logging.properties
24-Aug-2026 13:59:33.159 INFOS [main] org.apache.catalina.startup.VersionLoggerListener.log Argument de la ligne de commande : -Djava.util.logging.manager=org.apache.juli.ClassLoaderLogManager
24-Aug-2026 13:59:33.159 INFOS [main] org.apache.catalina.startup.VersionLoggerListener.log Argument de la ligne de commande : -javaagent:C:\Program Files\JetBrains\IntelliJ IDEA 2025.2.2\lib\idea_rt.jar=58278
24-Aug-2026 13:59:33.159 INFOS [main] org.apache.catalina.startup.VersionLoggerListener.log Argument de la ligne de commande : -Dfile.encoding=UTF-8
24-Aug-2026 13:59:33.159 INFOS [main] org.apache.catalina.startup.VersionLoggerListener.log Argument de la ligne de commande : -Dsun.stdout.encoding=UTF-8
24-Aug-2026 13:59:33.159 INFOS [main] org.apache.catalina.startup.VersionLoggerListener.log Argument de la ligne de commande : -Dsun.stderr.encoding=UTF-8
24-Aug-2026 13:59:33.166 INFOS [main] org.apache.catalina.core.AprLifecycleListener.lifecycleEvent Chargement de la librairie Apache Tomcat Native [2.0.9] en utilisant APR version [1.7.6]
24-Aug-2026 13:59:33.179 INFOS [main] org.apache.catalina.core.AprLifecycleListener.initializeSSL OpenSSL a été initialisé avec succès [OpenSSL 3.5.0 8 Apr 2025]
24-Aug-2026 13:59:33.734 INFOS [main] org.apache.coyote.AbstractProtocol.init Initialisation du gestionnaire de protocole ["http-nio-8080"]
24-Aug-2026 13:59:33.769 INFOS [main] org.apache.catalina.startup.Catalina.load L'initialisation du serveur a pris [1176] millisecondes
24-Aug-2026 13:59:33.863 INFOS [main] org.apache.catalina.core.StandardService.startInternal Démarrage du service [Catalina]
24-Aug-2026 13:59:33.863 INFOS [main] org.apache.catalina.core.StandardEngine.startInternal Démarrage du moteur de Servlets : [Apache Tomcat/10.1.42]
24-Aug-2026 13:59:33.888 INFOS [main] org.apache.catalina.startup.HostConfig.deployDescriptor Déploiement du descripteur de configuration [C:\Users\HP\Desktop\samasuker\.smarttomcat\conf\Catalina\localhost\MDD.xml]
24-Aug-2026 13:59:37.838 INFOS [main] org.apache.jasper.servlet.TldScanner.scanJars Au moins un fichier JAR a été analysé pour trouver des TLDs mais il n'en contenait pas, le mode "debug" du journal peut être activé pour obtenir une liste complète de JAR scannés sans succès ; éviter d'analyser des JARs inutilement peut améliorer sensiblement le temps de démarrage et le temps de compilation des JSPs
24-Aug-2026 13:59:37.957 INFOS [main] org.apache.catalina.startup.HostConfig.deployDescriptor Le traitement du descripteur de déploiement [C:\Users\HP\Desktop\samasuker\.smarttomcat\conf\Catalina\localhost\MDD.xml] a pris [4 065] ms
24-Aug-2026 13:59:37.957 INFOS [main] org.apache.catalina.startup.HostConfig.deployDescriptor Déploiement du descripteur de configuration [C:\Users\HP\Desktop\samasuker\.smarttomcat\conf\Catalina\localhost\ROOT.xml]
24-Aug-2026 13:59:40.712 INFOS [main] org.apache.jasper.servlet.TldScanner.scanJars Au moins un fichier JAR a été analysé pour trouver des TLDs mais il n'en contenait pas, le mode "debug" du journal peut être activé pour obtenir une liste complète de JAR scannés sans succès ; éviter d'analyser des JARs inutilement peut améliorer sensiblement le temps de démarrage et le temps de compilation des JSPs
24-Aug-2026 13:59:40.763 INFOS [main] org.apache.catalina.startup.HostConfig.deployDescriptor Le traitement du descripteur de déploiement [C:\Users\HP\Desktop\samasuker\.smarttomcat\conf\Catalina\localhost\ROOT.xml] a pris [2 806] ms
24-Aug-2026 13:59:40.772 INFOS [main] org.apache.coyote.AbstractProtocol.start Démarrage du gestionnaire de protocole ["http-nio-8080"]
24-Aug-2026 13:59:40.814 INFOS [main] org.apache.catalina.startup.Catalina.start Le démarrage du serveur a pris [7043] millisecondes
24-Aug-2026 14:00:11.865 INFO [http-nio-8080-exec-1] org.hibernate.jpa.internal.util.LogHelper.logPersistenceUnitInformation HHH000204: Processing PersistenceUnitInfo [name: glycemiePU]
24-Aug-2026 14:00:12.191 INFO [http-nio-8080-exec-1] org.hibernate.Version.logVersion HHH000412: Hibernate ORM core version 6.2.7.Final
24-Aug-2026 14:00:12.201 INFO [http-nio-8080-exec-1] org.hibernate.cfg.Environment.<clinit> HHH000406: Using bytecode reflection optimizer
24-Aug-2026 14:00:13.258 WARN [http-nio-8080-exec-1] org.hibernate.engine.jdbc.connections.internal.DriverManagerConnectionProviderImpl.configure HHH10001002: Using built-in connection pool (not intended for production use)
24-Aug-2026 14:00:13.268 INFO [http-nio-8080-exec-1] org.hibernate.engine.jdbc.connections.internal.DriverManagerConnectionProviderImpl.buildCreator HHH10001005: Loaded JDBC driver class: com.mysql.cj.jdbc.Driver
24-Aug-2026 14:00:13.268 INFO [http-nio-8080-exec-1] org.hibernate.engine.jdbc.connections.internal.DriverManagerConnectionProviderImpl.buildCreator HHH10001012: Connecting with JDBC URL [jdbc:mysql://localhost:3306/suivi_glycemie_db?useSSL=false&serverTimezone=UTC]
24-Aug-2026 14:00:13.268 INFO [http-nio-8080-exec-1] org.hibernate.engine.jdbc.connections.internal.DriverManagerConnectionProviderImpl.buildCreator HHH10001001: Connection properties: {password=****, user=root}
24-Aug-2026 14:00:13.268 INFO [http-nio-8080-exec-1] org.hibernate.engine.jdbc.connections.internal.DriverManagerConnectionProviderImpl.buildCreator HHH10001003: Autocommit mode: false
24-Aug-2026 14:00:13.286 INFO [http-nio-8080-exec-1] org.hibernate.engine.jdbc.connections.internal.DriverManagerConnectionProviderImpl$PooledConnections.<init> HHH10001115: Connection pool size: 20 (min=1)
24-Aug-2026 14:00:14.066 WARN [http-nio-8080-exec-1] org.hibernate.dialect.Dialect.checkVersion HHH000511: The 5.6.17 version for [org.hibernate.dialect.MySQLDialect] is no longer supported, hence certain features may not work properly. The minimum supported version is 5.7.0. Check the community dialects project for available legacy versions.
24-Aug-2026 14:00:15.393 INFO [http-nio-8080-exec-1] org.hibernate.bytecode.internal.BytecodeProviderInitiator.buildBytecodeProvider HHH000021: Bytecode provider name : bytebuddy
24-Aug-2026 14:00:19.192 INFO [http-nio-8080-exec-1] org.hibernate.engine.transaction.jta.platform.internal.JtaPlatformInitiator.initiateService HHH000490: Using JtaPlatform implementation: [org.hibernate.engine.transaction.jta.platform.internal.NoJtaPlatform]
24-Aug-2026 14:00:19.320 INFO [http-nio-8080-exec-1] org.hibernate.resource.transaction.backend.jdbc.internal.DdlTransactionIsolatorNonJtaImpl.getIsolatedConnection HHH10001501: Connection obtained from JdbcConnectionAccess [org.hibernate.engine.jdbc.env.internal.JdbcEnvironmentInitiator$ConnectionProviderJdbcConnectionAccess@334aa4b8] for (non-JTA) DDL execution was not in auto-commit mode; the Connection 'local transaction' will be committed and the Connection will be set into auto-commit mode.
24-Aug-2026 14:01:34.104 INFO [http-nio-8080-exec-10] org.hibernate.jpa.internal.util.LogHelper.logPersistenceUnitInformation HHH000204: Processing PersistenceUnitInfo [name: glycemiePU]
24-Aug-2026 14:01:34.173 WARN [http-nio-8080-exec-10] org.hibernate.engine.jdbc.connections.internal.DriverManagerConnectionProviderImpl.configure HHH10001002: Using built-in connection pool (not intended for production use)
24-Aug-2026 14:01:34.174 INFO [http-nio-8080-exec-10] org.hibernate.engine.jdbc.connections.internal.DriverManagerConnectionProviderImpl.buildCreator HHH10001005: Loaded JDBC driver class: com.mysql.cj.jdbc.Driver
24-Aug-2026 14:01:34.174 INFO [http-nio-8080-exec-10] org.hibernate.engine.jdbc.connections.internal.DriverManagerConnectionProviderImpl.buildCreator HHH10001012: Connecting with JDBC URL [jdbc:mysql://localhost:3306/suivi_glycemie_db?useSSL=false&serverTimezone=UTC]
24-Aug-2026 14:01:34.174 INFO [http-nio-8080-exec-10] org.hibernate.engine.jdbc.connections.internal.DriverManagerConnectionProviderImpl.buildCreator HHH10001001: Connection properties: {password=****, user=root}
24-Aug-2026 14:01:34.174 INFO [http-nio-8080-exec-10] org.hibernate.engine.jdbc.connections.internal.DriverManagerConnectionProviderImpl.buildCreator HHH10001003: Autocommit mode: false
24-Aug-2026 14:01:34.174 INFO [http-nio-8080-exec-10] org.hibernate.engine.jdbc.connections.internal.DriverManagerConnectionProviderImpl$PooledConnections.<init> HHH10001115: Connection pool size: 20 (min=1)
24-Aug-2026 14:01:34.183 WARN [http-nio-8080-exec-10] org.hibernate.dialect.Dialect.checkVersion HHH000511: The 5.6.17 version for [org.hibernate.dialect.MySQLDialect] is no longer supported, hence certain features may not work properly. The minimum supported version is 5.7.0. Check the community dialects project for available legacy versions.
24-Aug-2026 14:01:34.220 INFO [http-nio-8080-exec-10] org.hibernate.bytecode.internal.BytecodeProviderInitiator.buildBytecodeProvider HHH000021: Bytecode provider name : bytebuddy
24-Aug-2026 14:01:34.339 INFO [http-nio-8080-exec-10] org.hibernate.engine.transaction.jta.platform.internal.JtaPlatformInitiator.initiateService HHH000490: Using JtaPlatform implementation: [org.hibernate.engine.transaction.jta.platform.internal.NoJtaPlatform]
24-Aug-2026 14:01:34.339 INFO [http-nio-8080-exec-10] org.hibernate.resource.transaction.backend.jdbc.internal.DdlTransactionIsolatorNonJtaImpl.getIsolatedConnection HHH10001501: Connection obtained from JdbcConnectionAccess [org.hibernate.engine.jdbc.env.internal.JdbcEnvironmentInitiator$ConnectionProviderJdbcConnectionAccess@25dbb260] for (non-JTA) DDL execution was not in auto-commit mode; the Connection 'local transaction' will be committed and the Connection will be set into auto-commit mode.
24-Aug-2026 14:01:34.809 INFO [http-nio-8080-exec-3] org.hibernate.jpa.internal.util.LogHelper.logPersistenceUnitInformation HHH000204: Processing PersistenceUnitInfo [name: glycemiePU]
24-Aug-2026 14:01:34.843 WARN [http-nio-8080-exec-3] org.hibernate.engine.jdbc.connections.internal.DriverManagerConnectionProviderImpl.configure HHH10001002: Using built-in connection pool (not intended for production use)
24-Aug-2026 14:01:34.843 INFO [http-nio-8080-exec-3] org.hibernate.engine.jdbc.connections.internal.DriverManagerConnectionProviderImpl.buildCreator HHH10001005: Loaded JDBC driver class: com.mysql.cj.jdbc.Driver
24-Aug-2026 14:01:34.843 INFO [http-nio-8080-exec-3] org.hibernate.engine.jdbc.connections.internal.DriverManagerConnectionProviderImpl.buildCreator HHH10001012: Connecting with JDBC URL [jdbc:mysql://localhost:3306/suivi_glycemie_db?useSSL=false&serverTimezone=UTC]
24-Aug-2026 14:01:34.844 INFO [http-nio-8080-exec-3] org.hibernate.engine.jdbc.connections.internal.DriverManagerConnectionProviderImpl.buildCreator HHH10001001: Connection properties: {password=****, user=root}
24-Aug-2026 14:01:34.844 INFO [http-nio-8080-exec-3] org.hibernate.engine.jdbc.connections.internal.DriverManagerConnectionProviderImpl.buildCreator HHH10001003: Autocommit mode: false
24-Aug-2026 14:01:34.844 INFO [http-nio-8080-exec-3] org.hibernate.engine.jdbc.connections.internal.DriverManagerConnectionProviderImpl$PooledConnections.<init> HHH10001115: Connection pool size: 20 (min=1)
24-Aug-2026 14:01:34.851 WARN [http-nio-8080-exec-3] org.hibernate.dialect.Dialect.checkVersion HHH000511: The 5.6.17 version for [org.hibernate.dialect.MySQLDialect] is no longer supported, hence certain features may not work properly. The minimum supported version is 5.7.0. Check the community dialects project for available legacy versions.
24-Aug-2026 14:01:34.881 INFO [http-nio-8080-exec-3] org.hibernate.bytecode.internal.BytecodeProviderInitiator.buildBytecodeProvider HHH000021: Bytecode provider name : bytebuddy
24-Aug-2026 14:01:34.974 INFO [http-nio-8080-exec-3] org.hibernate.engine.transaction.jta.platform.internal.JtaPlatformInitiator.initiateService HHH000490: Using JtaPlatform implementation: [org.hibernate.engine.transaction.jta.platform.internal.NoJtaPlatform]
24-Aug-2026 14:01:34.975 INFO [http-nio-8080-exec-3] org.hibernate.resource.transaction.backend.jdbc.internal.DdlTransactionIsolatorNonJtaImpl.getIsolatedConnection HHH10001501: Connection obtained from JdbcConnectionAccess [org.hibernate.engine.jdbc.env.internal.JdbcEnvironmentInitiator$ConnectionProviderJdbcConnectionAccess@765084dd] for (non-JTA) DDL execution was not in auto-commit mode; the Connection 'local transaction' will be committed and the Connection will be set into auto-commit mode.
24-Aug-2026 14:01:58.054 INFO [http-nio-8080-exec-7] org.hibernate.jpa.internal.util.LogHelper.logPersistenceUnitInformation HHH000204: Processing PersistenceUnitInfo [name: glycemiePU]
24-Aug-2026 14:01:58.126 WARN [http-nio-8080-exec-7] org.hibernate.engine.jdbc.connections.internal.DriverManagerConnectionProviderImpl.configure HHH10001002: Using built-in connection pool (not intended for production use)
24-Aug-2026 14:01:58.126 INFO [http-nio-8080-exec-7] org.hibernate.engine.jdbc.connections.internal.DriverManagerConnectionProviderImpl.buildCreator HHH10001005: Loaded JDBC driver class: com.mysql.cj.jdbc.Driver
24-Aug-2026 14:01:58.134 INFO [http-nio-8080-exec-7] org.hibernate.engine.jdbc.connections.internal.DriverManagerConnectionProviderImpl.buildCreator HHH10001012: Connecting with JDBC URL [jdbc:mysql://localhost:3306/suivi_glycemie_db?useSSL=false&serverTimezone=UTC]
24-Aug-2026 14:01:58.135 INFO [http-nio-8080-exec-7] org.hibernate.engine.jdbc.connections.internal.DriverManagerConnectionProviderImpl.buildCreator HHH10001001: Connection properties: {password=****, user=root}
24-Aug-2026 14:01:58.136 INFO [http-nio-8080-exec-7] org.hibernate.engine.jdbc.connections.internal.DriverManagerConnectionProviderImpl.buildCreator HHH10001003: Autocommit mode: false
24-Aug-2026 14:01:58.136 INFO [http-nio-8080-exec-7] org.hibernate.engine.jdbc.connections.internal.DriverManagerConnectionProviderImpl$PooledConnections.<init> HHH10001115: Connection pool size: 20 (min=1)
24-Aug-2026 14:01:58.142 WARN [http-nio-8080-exec-7] org.hibernate.dialect.Dialect.checkVersion HHH000511: The 5.6.17 version for [org.hibernate.dialect.MySQLDialect] is no longer supported, hence certain features may not work properly. The minimum supported version is 5.7.0. Check the community dialects project for available legacy versions.
24-Aug-2026 14:01:58.169 INFO [http-nio-8080-exec-7] org.hibernate.bytecode.internal.BytecodeProviderInitiator.buildBytecodeProvider HHH000021: Bytecode provider name : bytebuddy
24-Aug-2026 14:01:58.319 INFO [http-nio-8080-exec-7] org.hibernate.engine.transaction.jta.platform.internal.JtaPlatformInitiator.initiateService HHH000490: Using JtaPlatform implementation: [org.hibernate.engine.transaction.jta.platform.internal.NoJtaPlatform]
24-Aug-2026 14:01:58.319 INFO [http-nio-8080-exec-7] org.hibernate.resource.transaction.backend.jdbc.internal.DdlTransactionIsolatorNonJtaImpl.getIsolatedConnection HHH10001501: Connection obtained from JdbcConnectionAccess [org.hibernate.engine.jdbc.env.internal.JdbcEnvironmentInitiator$ConnectionProviderJdbcConnectionAccess@6b6463c1] for (non-JTA) DDL execution was not in auto-commit mode; the Connection 'local transaction' will be committed and the Connection will be set into auto-commit mode.
24-Aug-2026 14:03:09.837 INFO [http-nio-8080-exec-8] org.hibernate.jpa.internal.util.LogHelper.logPersistenceUnitInformation HHH000204: Processing PersistenceUnitInfo [name: glycemiePU]
24-Aug-2026 14:03:09.915 WARN [http-nio-8080-exec-8] org.hibernate.engine.jdbc.connections.internal.DriverManagerConnectionProviderImpl.configure HHH10001002: Using built-in connection pool (not intended for production use)
24-Aug-2026 14:03:09.915 INFO [http-nio-8080-exec-8] org.hibernate.engine.jdbc.connections.internal.DriverManagerConnectionProviderImpl.buildCreator HHH10001005: Loaded JDBC driver class: com.mysql.cj.jdbc.Driver
24-Aug-2026 14:03:09.915 INFO [http-nio-8080-exec-8] org.hibernate.engine.jdbc.connections.internal.DriverManagerConnectionProviderImpl.buildCreator HHH10001012: Connecting with JDBC URL [jdbc:mysql://localhost:3306/suivi_glycemie_db?useSSL=false&serverTimezone=UTC]
24-Aug-2026 14:03:09.915 INFO [http-nio-8080-exec-8] org.hibernate.engine.jdbc.connections.internal.DriverManagerConnectionProviderImpl.buildCreator HHH10001001: Connection properties: {password=****, user=root}
24-Aug-2026 14:03:09.915 INFO [http-nio-8080-exec-8] org.hibernate.engine.jdbc.connections.internal.DriverManagerConnectionProviderImpl.buildCreator HHH10001003: Autocommit mode: false
24-Aug-2026 14:03:09.915 INFO [http-nio-8080-exec-8] org.hibernate.engine.jdbc.connections.internal.DriverManagerConnectionProviderImpl$PooledConnections.<init> HHH10001115: Connection pool size: 20 (min=1)
24-Aug-2026 14:03:09.915 WARN [http-nio-8080-exec-8] org.hibernate.dialect.Dialect.checkVersion HHH000511: The 5.6.17 version for [org.hibernate.dialect.MySQLDialect] is no longer supported, hence certain features may not work properly. The minimum supported version is 5.7.0. Check the community dialects project for available legacy versions.
24-Aug-2026 14:03:09.948 INFO [http-nio-8080-exec-8] org.hibernate.bytecode.internal.BytecodeProviderInitiator.buildBytecodeProvider HHH000021: Bytecode provider name : bytebuddy
24-Aug-2026 14:03:10.048 INFO [http-nio-8080-exec-8] org.hibernate.engine.transaction.jta.platform.internal.JtaPlatformInitiator.initiateService HHH000490: Using JtaPlatform implementation: [org.hibernate.engine.transaction.jta.platform.internal.NoJtaPlatform]
24-Aug-2026 14:03:10.048 INFO [http-nio-8080-exec-8] org.hibernate.resource.transaction.backend.jdbc.internal.DdlTransactionIsolatorNonJtaImpl.getIsolatedConnection HHH10001501: Connection obtained from JdbcConnectionAccess [org.hibernate.engine.jdbc.env.internal.JdbcEnvironmentInitiator$ConnectionProviderJdbcConnectionAccess@1147797b] for (non-JTA) DDL execution was not in auto-commit mode; the Connection 'local transaction' will be committed and the Connection will be set into auto-commit mode.
24-Aug-2026 14:03:46.160 INFO [http-nio-8080-exec-1] org.hibernate.jpa.internal.util.LogHelper.logPersistenceUnitInformation HHH000204: Processing PersistenceUnitInfo [name: glycemiePU]
24-Aug-2026 14:03:46.230 WARN [http-nio-8080-exec-1] org.hibernate.engine.jdbc.connections.internal.DriverManagerConnectionProviderImpl.configure HHH10001002: Using built-in connection pool (not intended for production use)
24-Aug-2026 14:03:46.230 INFO [http-nio-8080-exec-1] org.hibernate.engine.jdbc.connections.internal.DriverManagerConnectionProviderImpl.buildCreator HHH10001005: Loaded JDBC driver class: com.mysql.cj.jdbc.Driver
24-Aug-2026 14:03:46.230 INFO [http-nio-8080-exec-1] org.hibernate.engine.jdbc.connections.internal.DriverManagerConnectionProviderImpl.buildCreator HHH10001012: Connecting with JDBC URL [jdbc:mysql://localhost:3306/suivi_glycemie_db?useSSL=false&serverTimezone=UTC]
24-Aug-2026 14:03:46.231 INFO [http-nio-8080-exec-1] org.hibernate.engine.jdbc.connections.internal.DriverManagerConnectionProviderImpl.buildCreator HHH10001001: Connection properties: {password=****, user=root}
24-Aug-2026 14:03:46.231 INFO [http-nio-8080-exec-1] org.hibernate.engine.jdbc.connections.internal.DriverManagerConnectionProviderImpl.buildCreator HHH10001003: Autocommit mode: false
24-Aug-2026 14:03:46.231 INFO [http-nio-8080-exec-1] org.hibernate.engine.jdbc.connections.internal.DriverManagerConnectionProviderImpl$PooledConnections.<init> HHH10001115: Connection pool size: 20 (min=1)
24-Aug-2026 14:03:46.238 WARN [http-nio-8080-exec-1] org.hibernate.dialect.Dialect.checkVersion HHH000511: The 5.6.17 version for [org.hibernate.dialect.MySQLDialect] is no longer supported, hence certain features may not work properly. The minimum supported version is 5.7.0. Check the community dialects project for available legacy versions.
24-Aug-2026 14:03:46.267 INFO [http-nio-8080-exec-1] org.hibernate.bytecode.internal.BytecodeProviderInitiator.buildBytecodeProvider HHH000021: Bytecode provider name : bytebuddy
24-Aug-2026 14:03:46.352 INFO [http-nio-8080-exec-1] org.hibernate.engine.transaction.jta.platform.internal.JtaPlatformInitiator.initiateService HHH000490: Using JtaPlatform implementation: [org.hibernate.engine.transaction.jta.platform.internal.NoJtaPlatform]
24-Aug-2026 14:03:46.353 INFO [http-nio-8080-exec-1] org.hibernate.resource.transaction.backend.jdbc.internal.DdlTransactionIsolatorNonJtaImpl.getIsolatedConnection HHH10001501: Connection obtained from JdbcConnectionAccess [org.hibernate.engine.jdbc.env.internal.JdbcEnvironmentInitiator$ConnectionProviderJdbcConnectionAccess@7e32843f] for (non-JTA) DDL execution was not in auto-commit mode; the Connection 'local transaction' will be committed and the Connection will be set into auto-commit mode.
24-Aug-2026 14:10:21.179 INFOS [Thread-1] org.apache.coyote.AbstractProtocol.pause Le gestionnaire de protocole ["http-nio-8080"] est mis en pause
24-Aug-2026 14:10:21.194 INFOS [Thread-1] org.apache.catalina.core.StandardService.stopInternal Arrêt du service [Catalina]
24-Aug-2026 14:10:21.205 AVERTISSEMENT [Thread-1] org.apache.catalina.loader.WebappClassLoaderBase.clearReferencesJdbc L'application web [ROOT] a enregistré un pilote JDBC [com.mysql.cj.jdbc.Driver], mais ne l'a pas désenregistré avant l'arrêt de l'application.  Pour éviter une fuite de mémoire, le pilote JDBC a été désenregistré de force.
24-Aug-2026 14:10:21.206 AVERTISSEMENT [Thread-1] org.apache.catalina.loader.WebappClassLoaderBase.clearReferencesThreads L'application web [ROOT] semble avoir démarré un thread nommé [mysql-cj-abandoned-connection-cleanup] mais ne l'a pas arrêté, ce qui va probablement créer une fuite de mémoire ; la trace du thread est : 
 java.base/jdk.internal.misc.Unsafe.park(Native Method)
 java.base/java.util.concurrent.locks.LockSupport.parkNanos(LockSupport.java:269)
 java.base/java.util.concurrent.locks.AbstractQueuedSynchronizer$ConditionObject.await(AbstractQueuedSynchronizer.java:1886)
 java.base/java.lang.ref.ReferenceQueue.await(ReferenceQueue.java:71)
 java.base/java.lang.ref.ReferenceQueue.remove0(ReferenceQueue.java:143)
 java.base/java.lang.ref.ReferenceQueue.remove(ReferenceQueue.java:218)
 com.mysql.cj.jdbc.AbandonedConnectionCleanupThread.run(AbandonedConnectionCleanupThread.java:93)
 java.base/java.util.concurrent.ThreadPoolExecutor.runWorker(ThreadPoolExecutor.java:1144)
 java.base/java.util.concurrent.ThreadPoolExecutor$Worker.run(ThreadPoolExecutor.java:642)
 java.base/java.lang.Thread.run(Thread.java:1583)
24-Aug-2026 14:10:21.206 AVERTISSEMENT [Thread-1] org.apache.catalina.loader.WebappClassLoaderBase.clearReferencesThreads L'application web [ROOT] semble avoir démarré un thread nommé [Hibernate Connection Pool Validation Thread] mais ne l'a pas arrêté, ce qui va probablement créer une fuite de mémoire ; la trace du thread est : 
 java.base/jdk.internal.misc.Unsafe.park(Native Method)
 java.base/java.util.concurrent.locks.LockSupport.parkNanos(LockSupport.java:269)
 java.base/java.util.concurrent.locks.AbstractQueuedSynchronizer$ConditionObject.awaitNanos(AbstractQueuedSynchronizer.java:1797)
 java.base/java.util.concurrent.ScheduledThreadPoolExecutor$DelayedWorkQueue.take(ScheduledThreadPoolExecutor.java:1182)
 java.base/java.util.concurrent.ScheduledThreadPoolExecutor$DelayedWorkQueue.take(ScheduledThreadPoolExecutor.java:899)
 java.base/java.util.concurrent.ThreadPoolExecutor.getTask(ThreadPoolExecutor.java:1070)
 java.base/java.util.concurrent.ThreadPoolExecutor.runWorker(ThreadPoolExecutor.java:1130)
 java.base/java.util.concurrent.ThreadPoolExecutor$Worker.run(ThreadPoolExecutor.java:642)
 java.base/java.lang.Thread.run(Thread.java:1583)
24-Aug-2026 14:10:21.206 AVERTISSEMENT [Thread-1] org.apache.catalina.loader.WebappClassLoaderBase.clearReferencesThreads L'application web [ROOT] semble avoir démarré un thread nommé [Hibernate Connection Pool Validation Thread] mais ne l'a pas arrêté, ce qui va probablement créer une fuite de mémoire ; la trace du thread est : 
 java.base/jdk.internal.misc.Unsafe.park(Native Method)
 java.base/java.util.concurrent.locks.LockSupport.parkNanos(LockSupport.java:269)
 java.base/java.util.concurrent.locks.AbstractQueuedSynchronizer$ConditionObject.awaitNanos(AbstractQueuedSynchronizer.java:1797)
 java.base/java.util.concurrent.ScheduledThreadPoolExecutor$DelayedWorkQueue.take(ScheduledThreadPoolExecutor.java:1182)
 java.base/java.util.concurrent.ScheduledThreadPoolExecutor$DelayedWorkQueue.take(ScheduledThreadPoolExecutor.java:899)
 java.base/java.util.concurrent.ThreadPoolExecutor.getTask(ThreadPoolExecutor.java:1070)
 java.base/java.util.concurrent.ThreadPoolExecutor.runWorker(ThreadPoolExecutor.java:1130)
 java.base/java.util.concurrent.ThreadPoolExecutor$Worker.run(ThreadPoolExecutor.java:642)
 java.base/java.lang.Thread.run(Thread.java:1583)
24-Aug-2026 14:10:21.207 AVERTISSEMENT [Thread-1] org.apache.catalina.loader.WebappClassLoaderBase.clearReferencesThreads L'application web [ROOT] semble avoir démarré un thread nommé [Hibernate Connection Pool Validation Thread] mais ne l'a pas arrêté, ce qui va probablement créer une fuite de mémoire ; la trace du thread est : 
 java.base/jdk.internal.misc.Unsafe.park(Native Method)
 java.base/java.util.concurrent.locks.LockSupport.parkNanos(LockSupport.java:269)
 java.base/java.util.concurrent.locks.AbstractQueuedSynchronizer$ConditionObject.awaitNanos(AbstractQueuedSynchronizer.java:1797)
 java.base/java.util.concurrent.ScheduledThreadPoolExecutor$DelayedWorkQueue.take(ScheduledThreadPoolExecutor.java:1182)
 java.base/java.util.concurrent.ScheduledThreadPoolExecutor$DelayedWorkQueue.take(ScheduledThreadPoolExecutor.java:899)
 java.base/java.util.concurrent.ThreadPoolExecutor.getTask(ThreadPoolExecutor.java:1070)
 java.base/java.util.concurrent.ThreadPoolExecutor.runWorker(ThreadPoolExecutor.java:1130)
 java.base/java.util.concurrent.ThreadPoolExecutor$Worker.run(ThreadPoolExecutor.java:642)
 java.base/java.lang.Thread.run(Thread.java:1583)
24-Aug-2026 14:10:21.208 AVERTISSEMENT [Thread-1] org.apache.catalina.loader.WebappClassLoaderBase.clearReferencesThreads L'application web [ROOT] semble avoir démarré un thread nommé [Hibernate Connection Pool Validation Thread] mais ne l'a pas arrêté, ce qui va probablement créer une fuite de mémoire ; la trace du thread est : 
 java.base/jdk.internal.misc.Unsafe.park(Native Method)
 java.base/java.util.concurrent.locks.LockSupport.parkNanos(LockSupport.java:269)
 java.base/java.util.concurrent.locks.AbstractQueuedSynchronizer$ConditionObject.awaitNanos(AbstractQueuedSynchronizer.java:1797)
 java.base/java.util.concurrent.ScheduledThreadPoolExecutor$DelayedWorkQueue.take(ScheduledThreadPoolExecutor.java:1182)
 java.base/java.util.concurrent.ScheduledThreadPoolExecutor$DelayedWorkQueue.take(ScheduledThreadPoolExecutor.java:899)
 java.base/java.util.concurrent.ThreadPoolExecutor.getTask(ThreadPoolExecutor.java:1070)
 java.base/java.util.concurrent.ThreadPoolExecutor.runWorker(ThreadPoolExecutor.java:1130)
 java.base/java.util.concurrent.ThreadPoolExecutor$Worker.run(ThreadPoolExecutor.java:642)
 java.base/java.lang.Thread.run(Thread.java:1583)
24-Aug-2026 14:10:21.208 AVERTISSEMENT [Thread-1] org.apache.catalina.loader.WebappClassLoaderBase.clearReferencesThreads L'application web [ROOT] semble avoir démarré un thread nommé [Hibernate Connection Pool Validation Thread] mais ne l'a pas arrêté, ce qui va probablement créer une fuite de mémoire ; la trace du thread est : 
 java.base/jdk.internal.misc.Unsafe.park(Native Method)
 java.base/java.util.concurrent.locks.LockSupport.parkNanos(LockSupport.java:269)
 java.base/java.util.concurrent.locks.AbstractQueuedSynchronizer$ConditionObject.awaitNanos(AbstractQueuedSynchronizer.java:1797)
 java.base/java.util.concurrent.ScheduledThreadPoolExecutor$DelayedWorkQueue.take(ScheduledThreadPoolExecutor.java:1182)
 java.base/java.util.concurrent.ScheduledThreadPoolExecutor$DelayedWorkQueue.take(ScheduledThreadPoolExecutor.java:899)
 java.base/java.util.concurrent.ThreadPoolExecutor.getTask(ThreadPoolExecutor.java:1070)
 java.base/java.util.concurrent.ThreadPoolExecutor.runWorker(ThreadPoolExecutor.java:1130)
 java.base/java.util.concurrent.ThreadPoolExecutor$Worker.run(ThreadPoolExecutor.java:642)
 java.base/java.lang.Thread.run(Thread.java:1583)
24-Aug-2026 14:10:21.208 AVERTISSEMENT [Thread-1] org.apache.catalina.loader.WebappClassLoaderBase.clearReferencesThreads L'application web [ROOT] semble avoir démarré un thread nommé [Hibernate Connection Pool Validation Thread] mais ne l'a pas arrêté, ce qui va probablement créer une fuite de mémoire ; la trace du thread est : 
 java.base/jdk.internal.misc.Unsafe.park(Native Method)
 java.base/java.util.concurrent.locks.LockSupport.parkNanos(LockSupport.java:269)
 java.base/java.util.concurrent.locks.AbstractQueuedSynchronizer$ConditionObject.awaitNanos(AbstractQueuedSynchronizer.java:1797)
 java.base/java.util.concurrent.ScheduledThreadPoolExecutor$DelayedWorkQueue.take(ScheduledThreadPoolExecutor.java:1182)
 java.base/java.util.concurrent.ScheduledThreadPoolExecutor$DelayedWorkQueue.take(ScheduledThreadPoolExecutor.java:899)
 java.base/java.util.concurrent.ThreadPoolExecutor.getTask(ThreadPoolExecutor.java:1070)
 java.base/java.util.concurrent.ThreadPoolExecutor.runWorker(ThreadPoolExecutor.java:1130)
 java.base/java.util.concurrent.ThreadPoolExecutor$Worker.run(ThreadPoolExecutor.java:642)
 java.base/java.lang.Thread.run(Thread.java:1583)
24-Aug-2026 14:10:21.223 INFOS [Thread-1] org.apache.coyote.AbstractProtocol.stop Arrêt du gestionnaire de protocole ["http-nio-8080"]
24-Aug-2026 14:10:21.227 INFOS [Thread-1] org.apache.coyote.AbstractProtocol.destroy Destruction du gestionnaire de protocole ["http-nio-8080"]
